congress,chamber,bioguide_id,committee_code,rank,role
118,H,P000619,II,11,
118,H,P000619,PW,24,
118,H,P000619,II10,7,
118,H,P000619,II13,4,
118,H,P000619,PW05,11,
118,H,P000619,PW07,5,
118,H,C001054,AP,29,
118,H,C001054,II,15,
118,H,C001054,AP01,8,
118,H,C001054,AP04,5,
118,H,C001054,AP23,7,
118,H,C001054,II13,9,
118,H,C001054,II24,5,
118,H,M001212,AG,16,
118,H,M001212,JU,16,
118,H,M001212,AG15,3,
118,H,M001212,AG16,7,
118,H,M001212,AG29,7,
118,H,M001212,JU01,8,
118,H,M001212,JU08,4,
118,H,R000575,AS,1,Chair
118,H,A000055,AP,4,
118,H,A000055,AP02,4,
118,H,A000055,AP07,1,Chair
118,H,A000055,AP19,2,
118,H,S001220,AS,21,
118,H,S001220,HM,16,
118,H,S001220,SY,15,
118,H,S001220,AS03,6,
118,H,S001220,AS29,9,
118,H,S001220,AS35,4,
118,H,S001220,HM09,4,
118,H,S001220,HM12,3,
118,H,S001220,SY16,6,
118,H,P000609,GO,8,
118,H,P000609,IF,12,
118,H,P000609,GO24,2,
118,H,P000609,IF02,5,
118,H,P000609,IF03,8,
118,H,P000609,IF18,2,
118,H,S001185,AS,24,
118,H,S001185,HA,2,
118,H,S001185,JL,5,
118,H,S001185,WM,8,
118,H,S001185,AS02,7,
118,H,S001185,HA08,1,
118,H,S001185,WM02,4,
118,H,S001185,WM04,7,
118,H,S001185,WM06,4,
118,H,C001087,AG,4,
118,H,C001087,IG,3,
118,H,C001087,PW,2,
118,H,C001087,SY,12,
118,H,C001087,AG16,2,
118,H,C001087,IG01,1,Chairman
118,H,C001087,IG04,3,
118,H,C001087,PW05,2,
118,H,C001087,PW12,1,Chairman
118,H,C001087,SY15,4,
118,H,C001087,SY18,3,
118,H,H001072,BA,10,
118,H,H001072,FA,16,
118,H,H001072,IG,9,
118,H,H001072,BA16,5,
118,H,H001072,BA21,1,Chairman
118,H,H001072,FA06,4,
118,H,H001072,FA17,5,
118,H,H001072,IG02,3,
118,H,H001072,IG06,3,
118,H,W000809,AP,9,
118,H,W000809,AP02,3,
118,H,W000809,AP20,1,Chair
118,H,W000809,AP23,2,
118,H,W000821,II,1,Chair
118,H,W000821,PW,11,
118,H,W000821,PW02,7,
118,H,W000821,PW05,5,
118,H,W000821,PW14,6,
118,H,R000600,FA,15,
118,H,R000600,II,7,
118,H,R000600,VR,2,Vice Chair
118,H,R000600,FA05,5,
118,H,R000600,FA06,3,
118,H,R000600,II13,5,
118,H,R000600,II24,2,
118,H,R000600,VR03,2,
118,H,R000600,VR08,2,
118,H,S001183,EC,1,Vice Chair
118,H,S001183,WM,5,
118,H,S001183,WM01,3,
118,H,S001183,WM05,2,
118,H,S001183,WM06,1,Chairman
118,H,C001132,HM,18,
118,H,C001132,SM,11,
118,H,C001132,VR,12,
118,H,C001132,HM05,5,
118,H,C001132,HM09,5,
118,H,C001132,SM22,5,
118,H,C001132,SM24,3,
118,H,C001132,VR09,4,
118,H,C001132,VR10,5,
118,H,G000574,AS,5,
118,H,G000574,II,5,
118,H,G000574,AS25,3,
118,H,G000574,AS26,1,
118,H,G000574,II13,9,
118,H,G000574,II15,3,
118,H,G000574,II24,3,
118,H,S001211,FA,15,
118,H,S001211,PW,14,
118,H,S001211,FA07,2,
118,H,S001211,PW02,11,
118,H,S001211,PW05,6,
118,H,S001211,PW12,13,
118,H,B001302,GO,11,
118,H,B001302,JU,3,
118,H,B001302,GO06,6,
118,H,B001302,GO24,4,
118,H,B001302,JU01,2,
118,H,B001302,JU08,1,Chairman
118,H,C001133,AP,33,
118,H,C001133,VR,11,
118,H,C001133,AP04,6,
118,H,C001133,AP07,9,
118,H,C001133,AP20,8,
118,H,C001133,VR09,3,
118,H,C001133,VR10,4,
118,H,G000551,ED,2,
118,H,G000551,II,1,
118,H,G000551,ED13,7,
118,H,G000551,ED14,2,
118,H,G000551,II06,8,
118,H,L000589,IF,15,
118,H,L000589,VC,4,
118,H,L000589,IF02,6,Vice Chair
118,H,L000589,IF03,10,
118,H,L000589,IF17,6,
118,H,G000565,GO,4,
118,H,G000565,II,5,
118,H,G000565,GO06,2,
118,H,G000565,GO27,2,
118,H,G000565,II06,4,
118,H,G000565,II15,1,Chairman
118,H,L000578,AG,6,
118,H,L000578,II,8,
118,H,L000578,PW,10,
118,H,L000578,AG15,1,Chairman
118,H,L000578,AG16,3,
118,H,L000578,II13,6,
118,H,L000578,II24,3,
118,H,L000578,PW02,6,
118,H,L000578,PW12,5,
118,H,L000578,PW14,5,
118,H,H001068,II,4,
118,H,H001068,PW,9,
118,H,H001068,II06,2,
118,H,H001068,II13,1,
118,H,H001068,PW02,4,
118,H,H001068,PW12,2,
118,H,H001068,PW13,7,
118,H,H001068,PW14,11,
118,H,K000401,ED,18,
118,H,K000401,JU,17,
118,H,K000401,PW,34,
118,H,K000401,ED10,1,Chair
118,H,K000401,ED14,7,
118,H,K000401,JU03,7,
118,H,K000401,JU08,5,
118,H,K000401,JU10,4,
118,H,K000401,PW02,18,
118,H,K000401,PW05,20,
118,H,K000401,PW12,25,
118,H,T000460,WM,3,
118,H,T000460,WM02,2,
118,H,T000460,WM05,1,
118,H,M001177,BU,3,
118,H,M001177,II,4,
118,H,M001177,JU,4,
118,H,M001177,II10,3,
118,H,M001177,II13,3,
118,H,M001177,JU01,1,Chairman
118,H,M001177,JU10,2,
118,H,B001287,FA,5,
118,H,B001287,IG,6,
118,H,B001287,VC,6,
118,H,B001287,FA05,1,
118,H,B001287,FA06,2,
118,H,B001287,IG02,3,
118,H,B001287,IG06,2,
118,H,M001163,IF,5,
118,H,M001163,IF03,4,
118,H,M001163,IF16,1,
118,H,G000559,AS,3,
118,H,G000559,FD,6,
118,H,G000559,PW,5,
118,H,G000559,AS03,1,
118,H,G000559,AS28,2,
118,H,G000559,AS29,2,
118,H,G000559,PW02,2,
118,H,G000559,PW07,2,
118,H,G000559,PW12,18,
118,H,G000559,PW13,6,
118,H,H001090,AP,22,
118,H,H001090,AP06,4,
118,H,H001090,AP07,7,
118,H,D000623,ED,9,
118,H,D000623,PW,12,
118,H,D000623,SO,3,
118,H,D000623,ED02,1,
118,H,D000623,ED14,7,
118,H,D000623,PW02,10,
118,H,D000623,PW05,5,
118,H,D000623,PW12,22,
118,H,D000623,PW14,5,
118,H,P000197,,,
118,H,L000551,AP,5,
118,H,L000551,BU,6,
118,H,L000551,AP01,5,
118,H,L000551,AP04,1,
118,H,L000551,AP07,3,
118,H,D000633,AG,24,
118,H,D000633,II,24,
118,H,D000633,PW,31,
118,H,D000633,AG14,7,
118,H,D000633,AG15,4,
118,H,D000633,AG16,12,
118,H,D000633,II06,14,
118,H,D000633,II13,13,
118,H,D000633,PW02,16,
118,H,D000633,PW12,22,
118,H,D000633,PW14,16,
118,H,S001193,HM,2,
118,H,S001193,JU,5,
118,H,S001193,HM08,1,
118,H,S001193,JU01,6,
118,H,S001193,JU05,3,
118,H,S001193,JU13,1,
118,H,M001225,II,13,
118,H,M001225,SY,9,
118,H,M001225,II06,3,
118,H,M001225,II13,5,
118,H,M001225,SY15,3,
118,H,M001225,SY21,2,
118,H,E000215,IF,2,
118,H,E000215,IF14,1,
118,H,E000215,IF16,5,
118,H,K000389,AS,8,
118,H,K000389,GO,6,
118,H,K000389,ZS,5,
118,H,K000389,AS29,5,
118,H,K000389,AS35,1,
118,H,K000389,GO05,6,
118,H,K000389,GO12,2,
118,H,L000397,JU,2,
118,H,L000397,SY,1,
118,H,L000397,JU01,2,
118,H,L000397,JU03,5,
118,H,L000397,JU05,9,
118,H,P000613,AS,26,
118,H,P000613,BU,8,
118,H,P000613,WM,16,
118,H,P000613,AS26,7,
118,H,P000613,AS28,8,
118,H,P000613,WM04,3,
118,H,F000480,PW,35,
118,H,F000480,SY,21,
118,H,F000480,PW05,21,
118,H,F000480,PW14,17,
118,H,F000480,SY18,5,
118,H,F000480,SY21,5,
118,H,C001059,AG,2,
118,H,C001059,FA,20,
118,H,C001059,AG22,3,
118,H,C001059,AG29,1,
118,H,C001059,FA14,4,
118,H,V000129,AP,14,
118,H,V000129,BU,14,
118,H,V000129,JL,2,
118,H,V000129,AP01,2,
118,H,V000129,AP18,2,
118,H,V000129,AP20,5,
118,H,V000129,AP24,1,Chair
118,H,O000019,IF,27,
118,H,O000019,SY,9,
118,H,O000019,IF14,16,
118,H,O000019,IF16,15,
118,H,O000019,IF17,10,
118,H,O000019,SY21,1,Chairman
118,H,C001112,AG,22,
118,H,C001112,AS,7,
118,H,C001112,PW,13,
118,H,C001112,AG16,7,
118,H,C001112,AS25,4,
118,H,C001112,AS29,4,
118,H,C001112,PW05,14,
118,H,C001112,PW07,1,
118,H,C001112,PW12,20,
118,H,R000599,IF,11,
118,H,R000599,VC,1,
118,H,R000599,IF02,5,
118,H,R000599,IF14,4,
118,H,R000599,IF18,6,
118,H,B001285,PW,10,
118,H,B001285,VR,2,
118,H,B001285,PW02,9,
118,H,B001285,PW05,4,
118,H,B001285,PW12,12,
118,H,B001285,VR03,1,
118,H,G000061,AP,20,
118,H,G000061,IG,12,
118,H,G000061,SY,7,
118,H,G000061,AP02,8,
118,H,G000061,AP10,6,
118,H,G000061,AP19,5,
118,H,G000061,IG02,5,
118,H,G000061,IG04,5,
118,H,G000061,SY16,4,
118,H,C001080,SM,9,
118,H,C001080,WM,10,
118,H,C001080,SM22,5,
118,H,C001080,SM23,3,
118,H,C001080,SM27,3,
118,H,C001080,WM02,5,
118,H,C001080,WM03,2,
118,H,C001080,WM06,2,
118,H,C001097,IF,10,
118,H,C001097,IF03,11,
118,H,C001097,IF14,3,
118,H,C001097,IF16,6,
118,H,N000179,II,2,
118,H,N000179,PW,3,
118,H,N000179,II06,9,
118,H,N000179,II13,2,
118,H,N000179,PW02,1,
118,H,N000179,PW12,9,
118,H,N000179,PW13,5,
118,H,N000179,PW14,8,
118,H,S000344,BA,3,
118,H,S000344,FA,2,
118,H,S000344,BA16,1,
118,H,S000344,BA20,3,
118,H,S000344,BA21,5,
118,H,S000344,FA05,2,
118,H,S000344,FA13,2,
118,H,A000371,AP,16,
118,H,A000371,AP02,6,
118,H,A000371,AP20,4,
118,H,G000585,IG,9,
118,H,G000585,WM,17,
118,H,G000585,IG02,4,
118,H,G000585,IG09,1,
118,H,G000585,WM03,5,
118,H,G000585,WM05,7,
118,H,T000474,AP,19,
118,H,T000474,HA,4,
118,H,T000474,AP04,4,
118,H,T000474,AP20,3,
118,H,T000474,AP23,5,
118,H,T000474,HA06,1,
118,H,T000474,HA08,2,
118,H,L000582,FA,8,
118,H,L000582,JU,6,
118,H,L000582,JU03,2,
118,H,L000582,JU05,4,
118,H,K000400,FA,19,
118,H,K000400,II,15,
118,H,K000400,FA07,4,
118,H,K000400,II06,4,
118,H,K000400,II10,3,
118,H,S001156,FD,3,
118,H,S001156,WM,7,
118,H,S001156,WM04,6,
118,H,S001156,WM06,1,
118,H,T000472,ED,7,
118,H,T000472,VR,1,
118,H,T000472,ED10,4,
118,H,T000472,ED13,2,
118,H,K000397,BA,20,
118,H,K000397,FA,12,
118,H,K000397,BA10,6,Vice Chairman
118,H,K000397,BA20,10,
118,H,K000397,FA05,1,Chair
118,H,K000397,FA16,3,
118,H,C000059,AP,7,
118,H,C000059,AP02,1,Chair
118,H,C000059,AP10,3,
118,H,G000598,GO,13,
118,H,G000598,HM,9,
118,H,G000598,VC,5,
118,H,G000598,GO06,1,
118,H,G000598,GO24,7,
118,H,G000598,HM07,2,
118,H,G000598,HM11,2,
118,H,W000187,BA,1,
118,H,B001300,IF,17,
118,H,B001300,IF14,8,
118,H,B001300,IF18,8,
118,H,S001135,ED,15,
118,H,S001135,WM,21,
118,H,S001135,ZS,10,
118,H,S001135,ED02,8,
118,H,S001135,ED14,6,
118,H,S001135,WM02,11,
118,H,S001135,WM03,5,
118,H,C001110,HM,3,
118,H,C001110,JU,8,
118,H,C001110,ZT,2,
118,H,C001110,HM05,2,
118,H,C001110,HM11,1,
118,H,C001110,JU01,3,
118,H,C001110,JU05,1,
118,H,P000618,EC,10,
118,H,P000618,GO,9,
118,H,P000618,II,8,
118,H,P000618,GO06,5,
118,H,P000618,GO27,1,
118,H,P000618,II10,2,
118,H,P000618,II13,11,
118,H,I000056,FA,5,
118,H,I000056,FD,2,
118,H,I000056,JU,2,
118,H,I000056,SY,11,
118,H,I000056,FA14,3,
118,H,I000056,FA17,3,
118,H,I000056,JU03,1,Chairman
118,H,I000056,JU05,2,
118,H,I000056,SY15,3,
118,H,I000056,SY16,5,
118,H,L000593,II,7,
118,H,L000593,VR,3,
118,H,L000593,II10,5,
118,H,L000593,II13,3,
118,H,L000593,VR03,2,
118,H,L000593,VR10,1,
118,H,P000608,BU,5,
118,H,P000608,IF,12,
118,H,P000608,IF02,6,
118,H,P000608,IF03,2,
118,H,P000608,IF18,7,
118,H,J000305,AS,15,
118,H,J000305,FA,12,
118,H,J000305,AS26,4,
118,H,J000305,AS28,5,
118,H,J000305,FA06,3,
118,H,J000305,FA16,1,
118,H,V000130,BA,12,
118,H,V000130,BA10,6,
118,H,V000130,BA16,4,
118,H,V000130,BA20,8,
118,H,D000197,IF,3,
118,H,D000197,IF02,2,
118,H,D000197,IF03,1,
118,H,D000197,IF18,2,
118,H,N000191,II,6,
118,H,N000191,JU,10,
118,H,N000191,RU,3,
118,H,N000191,II10,1,
118,H,N000191,II13,10,
118,H,N000191,JU03,3,
118,H,N000191,JU05,7,
118,H,N000191,RU02,2,
118,H,B000825,GO,21,
118,H,B000825,II,17,
118,H,B000825,GO05,5,
118,H,B000825,GO24,9,
118,H,B000825,II06,11,
118,H,B000825,II13,10,
118,H,L000604,BU,21,
118,H,L000604,SY,22,
118,H,L000564,AS,4,
118,H,L000564,II,2,
118,H,L000564,AS25,3,
118,H,L000564,AS29,1,Chairman
118,H,L000564,II06,2,
118,H,L000564,II10,2,
118,H,C001121,FA,21,
118,H,C001121,IG,5,
118,H,C001121,ZT,1,
118,H,C001121,FA17,1,
118,H,C001121,IG01,4,
118,H,C001121,IG04,2,
118,H,P000620,BA,22,
118,H,P000620,BA04,9,
118,H,P000620,BA10,4,
118,H,C001134,AG,10,
118,H,C001134,SY,13,
118,H,C001134,AG03,10,
118,H,C001134,AG22,1,
118,H,C001134,AG29,4,
118,H,C001134,SY16,3,
118,H,L000557,WM,4,
118,H,L000557,WM01,1,
118,H,L000557,WM05,3,
118,H,C001069,AS,2,
118,H,C001069,ED,3,
118,H,C001069,AS25,2,
118,H,C001069,AS28,1,
118,H,C001069,ED02,2,
118,H,C001069,ED13,8,
118,H,D000216,AP,1,
118,H,D000216,AP07,1,
118,H,H001047,BA,9,
118,H,H001047,IG,1,
118,H,H001081,AG,6,
118,H,H001081,ED,14,
118,H,H001081,AG03,1,
118,H,H001081,AG29,3,
118,H,H001081,ED02,8,
118,H,H001081,ED14,4,
118,H,N000147,GO,2,
118,H,N000147,PW,2,
118,H,N000147,GO05,4,
118,H,N000147,GO24,2,
118,H,N000147,GO27,6,
118,H,N000147,PW02,15,
118,H,N000147,PW05,16,
118,H,N000147,PW12,1,
118,H,N000147,PW13,2,
118,H,B001303,IF,18,
118,H,B001303,IF03,12,
118,H,B001303,IF14,9,
118,H,B001303,IF17,5,
118,H,D000628,IF,13,
118,H,D000628,ZS,7,
118,H,D000628,IF14,9,
118,H,D000628,IF16,5,
118,H,D000628,IF17,5,
118,H,C001039,AG,17,
118,H,C001039,FD,7,
118,H,C001039,IF,26,
118,H,C001039,AG14,5,
118,H,C001039,IF02,8,
118,H,C001039,IF16,14,
118,H,C001039,IF17,9,
118,H,B001314,ED,19,
118,H,B001314,PW,32,
118,H,B001314,SM,12,
118,H,B001314,ED02,9,
118,H,B001314,ED14,1,Chair
118,H,B001314,PW05,19,
118,H,B001314,PW07,7,
118,H,B001314,PW12,23,
118,H,B001314,SM23,5,
118,H,B001314,SM24,4,
118,H,R000609,AP,17,
118,H,R000609,SO,3,
118,H,R000609,AP15,2,
118,H,R000609,AP18,3,
118,H,R000609,AP20,3,
118,H,W000823,AS,14,
118,H,W000823,FA,19,
118,H,W000823,GO,26,
118,H,W000823,IG,11,
118,H,W000823,ZT,5,
118,H,W000823,AS02,4,
118,H,W000823,AS03,1,Chairman
118,H,W000823,AS29,8,
118,H,W000823,FA05,7,
118,H,W000823,FA17,6,
118,H,W000823,GO05,9,
118,H,W000823,IG01,6,
118,H,W000823,IG02,4,
118,H,M001216,AS,27,
118,H,M001216,FA,22,
118,H,M001216,AS02,8,
118,H,M001216,AS26,8,
118,H,M001216,FA16,6,
118,H,M001216,FA17,7,
118,H,P000599,BA,4,
118,H,P000599,SY,2,
118,H,P000599,BA04,2,
118,H,P000599,BA20,2,
118,H,P000599,SY16,2,
118,H,P000599,SY18,2,
118,H,S001200,AG,24,
118,H,S001200,IF,19,
118,H,S001200,AG29,7,
118,H,S001200,IF16,4,
118,H,S001200,IF17,6,
118,H,F000476,GO,14,
118,H,F000476,SY,12,
118,H,F000476,GO06,7,
118,H,F000476,GO24,3,
118,H,F000476,SY18,3,
118,H,W000806,II,9,
118,H,W000806,PW,3,
118,H,W000806,SY,6,
118,H,W000806,II06,6,
118,H,W000806,II13,7,
118,H,W000806,PW02,2,
118,H,W000806,PW07,1,Chairman
118,H,W000806,PW12,2,
118,H,W000806,SY16,3,
118,H,B001257,IF,6,
118,H,B001257,IF14,5,
118,H,B001257,IF16,2,
118,H,B001257,IF17,1,Chairman
118,H,L000596,GO,23,
118,H,L000596,II,23,
118,H,L000596,GO05,7,
118,H,L000596,GO12,5,
118,H,L000596,GO27,6,
118,H,L000596,II13,12,
118,H,L000596,II15,5,
118,H,C001066,IF,6,
118,H,C001066,ZS,2,
118,H,C001066,IF02,1,
118,H,C001066,IF03,9,
118,H,C001066,IF17,2,
118,H,L000597,HA,7,
118,H,L000597,HM,14,
118,H,L000597,JU,20,
118,H,L000597,ZT,7,
118,H,L000597,HA08,1,Chair
118,H,L000597,HM07,4,
118,H,L000597,HM08,4,
118,H,L000597,JU03,9,
118,H,L000597,JU08,6,
118,H,L000597,JU13,4,
118,H,B001260,IT,2,
118,H,B001260,WM,2,
118,H,B001260,WM02,1,Chairman
118,H,B001260,WM04,2,
118,H,S001214,FD,5,
118,H,S001214,WM,17,
118,H,S001214,WM01,7,
118,H,S001214,WM04,9,
118,H,S001214,WM06,3,
118,H,F000472,AP,31,
118,H,F000472,SY,14,
118,H,F000472,VR,8,
118,H,F000472,AP01,9,
118,H,F000472,AP18,8,
118,H,F000472,AP24,5,
118,H,F000472,SY15,5,
118,H,F000472,VR09,2,
118,H,F000472,VR10,3,
118,H,D000032,BA,21,
118,H,D000032,GO,15,
118,H,D000032,BA20,11,
118,H,D000032,BA21,8,
118,H,D000032,GO05,2,
118,H,D000032,GO24,5,
118,H,C001127,FA,14,
118,H,C001127,VR,6,
118,H,C001127,FA16,2,
118,H,C001127,FA17,4,
118,H,C001127,VR03,5,
118,H,C001127,VR11,1,
118,H,M001199,FA,7,
118,H,M001199,PW,12,
118,H,M001199,FA13,2,
118,H,M001199,FA17,1,Chair
118,H,M001199,PW02,8,
118,H,M001199,PW05,6,
118,H,M001199,PW07,3,
118,H,F000462,AP,17,
118,H,F000462,AP04,3,
118,H,F000462,AP07,5,
118,H,M001217,FA,17,
118,H,M001217,GO,19,
118,H,M001217,ZT,6,
118,H,M001217,FA07,3,
118,H,M001217,GO06,4,
118,H,M001217,GO12,5,
118,H,W000808,ED,5,
118,H,W000808,PW,11,
118,H,W000808,ED13,1,
118,H,W000808,ED14,6,
118,H,W000808,PW02,5,
118,H,W000808,PW05,17,
118,H,W000808,PW14,1,
118,H,W000797,AP,8,
118,H,W000797,FD,4,
118,H,W000797,AP01,6,
118,H,W000797,AP10,2,
118,H,W000797,AP18,1,
118,H,D000600,AP,8,
118,H,D000600,AP02,6,
118,H,D000600,AP04,1,Chair
118,H,D000600,AP20,2,
118,H,S000168,FA,13,
118,H,S000168,SM,6,
118,H,S000168,FA06,2,
118,H,S000168,FA07,1,Chair
118,H,S000168,SM22,3,
118,H,S000168,SM23,2,
118,H,G000593,AS,18,
118,H,G000593,HM,6,
118,H,G000593,ZS,12,
118,H,G000593,AS03,4,
118,H,G000593,AS25,8,
118,H,G000593,HM07,1,Chairman
118,H,G000593,HM08,2,
118,H,C001103,BU,7,
118,H,C001103,IF,10,
118,H,C001103,IF14,8,
118,H,C001103,IF16,4,
118,H,C001103,IF18,1,Chairman
118,H,B000490,AG,25,
118,H,B000490,AP,4,
118,H,B000490,AG16,10,
118,H,B000490,AP01,1,
118,H,B000490,AP18,2,
118,H,B000490,AP23,4,
118,H,F000465,BU,11,
118,H,F000465,EC,4,
118,H,F000465,WM,9,
118,H,F000465,WM01,1,Chairman
118,H,F000465,WM05,4,
118,H,J000288,JU,4,
118,H,J000288,PW,6,
118,H,J000288,JU03,1,
118,H,J000288,JU05,2,
118,H,J000288,JU08,5,
118,H,J000288,PW05,2,
118,H,J000288,PW12,11,
118,H,J000288,PW14,10,
118,H,W000788,BA,20,
118,H,W000788,BA04,7,
118,H,W000788,BA09,5,
118,H,M001218,AS,28,
118,H,M001218,FA,23,
118,H,M001218,SY,17,
118,H,M001218,VC,9,
118,H,M001218,AS25,9,
118,H,M001218,AS35,8,
118,H,M001218,FA06,5,
118,H,M001218,FA13,7,
118,H,M001218,SY16,7,
118,H,M001218,SY21,4,
118,H,M001208,ED,13,
118,H,M001208,JU,11,
118,H,M001208,ED02,7,
118,H,M001208,ED13,6,
118,H,M001208,JU05,8,
118,H,M001208,JU08,1,
118,H,S001189,AG,3,Vice Chairman
118,H,S001189,AS,6,
118,H,S001189,IG,8,
118,H,S001189,RU,9,
118,H,S001189,AG03,2,
118,H,S001189,AG16,1,Chairman
118,H,S001189,AG22,3,
118,H,S001189,AS03,3,
118,H,S001189,AS26,2,
118,H,S001189,IG01,4,
118,H,S001189,IG02,2,
118,H,S001189,RU04,5,
118,H,C001116,AP,27,
118,H,C001116,AP07,7,
118,H,C001116,AP19,7,
118,H,C001116,AP24,2,
118,H,C001129,II,22,
118,H,C001129,PW,29,
118,H,C001129,SY,18,
118,H,C001129,II06,13,
118,H,C001129,II15,4,Vice Chair
118,H,C001129,PW02,14,
118,H,C001129,PW05,18,
118,H,C001129,PW12,21,
118,H,C001129,SY15,1,Chairman
118,H,C001129,SY18,4,
118,H,L000583,BA,12,
118,H,L000583,HA,2,
118,H,L000583,BA10,4,
118,H,L000583,BA20,5,Vice Chairman
118,H,L000583,HA06,1,Chairman
118,H,L000583,HA08,2,
118,H,A000372,ED,7,
118,H,A000372,IF,20,
118,H,A000372,ED02,4,
118,H,A000372,IF03,13,
118,H,A000372,IF16,9,
118,H,A000372,IF18,7,
118,H,S001157,AG,1,
118,H,S001157,BA,5,
118,H,S001157,BA16,3,
118,H,S001157,BA20,5,
118,H,G000596,GO,19,
118,H,G000596,HM,9,
118,H,G000596,VC,7,
118,H,G000596,GO12,4,
118,H,G000596,GO24,8,
118,H,G000596,HM09,2,
118,H,G000596,HM11,3,
118,H,M001219,AS,25,
118,H,M001219,FA,28,
118,H,M001219,II,20,
118,H,M001219,AS02,6,
118,H,M001219,AS03,8,
118,H,M001219,FA05,8,
118,H,M001219,II10,9,
118,H,M001219,II24,6,
118,H,C001055,AP,20,
118,H,C001055,II,18,
118,H,C001055,AP02,7,
118,H,C001055,AP15,3,
118,H,C001055,II13,12,
118,H,C001055,II15,2,
118,H,C001055,II24,5,
118,H,T000487,AG,14,
118,H,T000487,AS,21,
118,H,T000487,VC,7,
118,H,T000487,AG03,4,
118,H,T000487,AG14,6,
118,H,T000487,AG29,5,
118,H,T000487,AS02,5,
118,H,T000487,AS03,6,
118,H,M001215,IF,25,
118,H,M001215,VC,3,
118,H,M001215,VR,6,
118,H,M001215,IF14,15,
118,H,M001215,IF16,13,
118,H,M001215,IF18,11,
118,H,M001215,VR03,1,Chairwoman
118,H,H001091,AP,21,
118,H,H001091,ZS,11,
118,H,H001091,AP01,7,
118,H,H001091,AP15,5,
118,H,H001091,AP23,5,
118,H,N000193,AG,25,
118,H,N000193,BA,29,
118,H,N000193,AG16,13,
118,H,N000193,AG22,10,
118,H,N000193,BA10,7,
118,H,N000193,BA16,12,
118,H,F000446,AG,14,
118,H,F000446,WM,23,
118,H,F000446,AG29,6,
118,H,F000446,WM01,6,
118,H,F000446,WM05,10,
118,H,F000446,WM06,7,
118,H,F000469,IF,22,
118,H,F000469,II,11,
118,H,F000469,IF16,10,
118,H,F000469,IF17,7,
118,H,F000469,IF18,9,
118,H,F000469,II06,7,
118,H,F000469,II10,4,
118,H,S001148,AP,5,
118,H,S001148,AP06,1,Chairman
118,H,S001148,AP07,2,
118,H,S001148,AP10,2,
118,H,J000309,AG,19,
118,H,J000309,FA,18,
118,H,J000309,AG03,6,
118,H,J000309,AG22,7,
118,H,J000309,FA16,4,
118,H,K000385,IF,16,
118,H,K000385,IF14,7,
118,H,K000385,IF16,11,
118,H,K000385,IF17,4,
118,H,R000617,HM,10,
118,H,R000617,VR,8,
118,H,R000617,HM09,3,
118,H,R000617,HM11,3,
118,H,R000617,VR09,3,
118,H,R000617,VR10,4,
118,H,G000586,JU,18,
118,H,G000586,PW,17,
118,H,G000586,JU01,7,
118,H,G000586,JU08,6,
118,H,G000586,PW05,9,
118,H,G000586,PW12,15,
118,H,G000586,PW14,12,
118,H,Q000023,AP,11,
118,H,Q000023,AP10,4,
118,H,Q000023,AP20,1,
118,H,Q000023,AP24,3,
118,H,C001117,BA,15,
118,H,C001117,SY,17,
118,H,C001117,BA16,7,
118,H,C001117,BA20,9,
118,H,C001117,BA21,7,
118,H,D000096,WM,6,
118,H,D000096,WM02,7,
118,H,D000096,WM03,1,
118,H,K000391,GO,5,
118,H,K000391,IG,4,
118,H,K000391,ZS,1,
118,H,K000391,GO05,5,
118,H,K000391,IG01,3,
118,H,S001145,BU,2,
118,H,S001145,IF,4,
118,H,S001145,IF02,3,
118,H,S001145,IF17,1,
118,H,S001145,IF18,3,
118,H,S001190,FA,24,
118,H,S001190,WM,15,
118,H,S001190,WM04,8,
118,H,S001190,WM05,6,
118,H,F000454,BA,10,
118,H,F000454,BA10,5,
118,H,F000454,BA20,1,
118,H,F000454,BA21,2,
118,H,B001295,AG,10,
118,H,B001295,PW,9,
118,H,B001295,VR,1,Chair
118,H,B001295,AG14,3,
118,H,B001295,PW02,5,
118,H,B001295,PW12,4,
118,H,B001295,PW14,4,
118,H,B001315,AG,15,
118,H,B001315,VR,10,
118,H,B001315,AG14,4,
118,H,B001315,AG16,6,
118,H,B001315,AG22,6,
118,H,B001315,VR03,4,
118,H,U000040,AP,25,
118,H,U000040,AP01,3,
118,H,U000040,AP15,2,
118,H,M001211,AG,15,
118,H,M001211,ED,14,
118,H,M001211,AG14,4,
118,H,M001211,AG16,6,
118,H,M001211,ED10,5,
118,H,M001211,ED14,5,
118,H,L000585,IG,6,
118,H,L000585,WM,6,
118,H,L000585,ZS,6,
118,H,L000585,IG02,1,Chairman
118,H,L000585,IG06,2,
118,H,L000585,WM03,1,Chairman
118,H,L000585,WM04,3,
118,H,S001225,AG,16,
118,H,S001225,SY,6,
118,H,S001225,AG14,5,
118,H,S001225,AG16,4,
118,H,S001225,SY16,1,
118,H,S001225,SY20,4,
118,H,M001214,ED,19,
118,H,M001214,VR,5,
118,H,M001214,ED02,5,
118,H,M001214,VR08,1,
118,H,M001214,VR10,2,
118,H,Y000067,BU,18,
118,H,Y000067,PW,21,
118,H,Y000067,PW05,13,
118,H,Y000067,PW12,13,
118,H,Y000067,PW14,11,
118,H,B001299,AS,12,
118,H,B001299,ED,8,
118,H,B001299,ZS,8,
118,H,B001299,AS02,1,Chairman
118,H,B001299,AS29,7,
118,H,B001299,ED02,5,
118,H,B001299,ED13,5,
118,H,B001307,AG,12,
118,H,B001307,FA,18,
118,H,B001307,SY,5,
118,H,B001307,AG03,4,
118,H,B001307,AG14,1,Chairman
118,H,B001307,AG29,5,
118,H,B001307,FA13,5,
118,H,B001307,FA16,4,
118,H,B001307,SY15,2,
118,H,B001307,SY20,3,
118,H,S000929,JU,9,
118,H,S000929,JU01,5,
118,H,S000929,JU05,4,
118,H,P000615,IF,16,
118,H,P000615,IF03,11,
118,H,P000615,IF14,10,
118,H,P000615,IF18,3,
118,H,C001072,IG,2,
118,H,C001072,PW,7,
118,H,C001072,ZS,3,
118,H,C001072,IG01,1,
118,H,C001072,PW05,3,
118,H,C001072,PW14,4,
118,H,B001275,IF,7,
118,H,B001275,IF03,6,
118,H,B001275,IF14,6,Vice Chair
118,H,B001275,IF17,2,
118,H,H001093,BA,28,
118,H,H001093,ED,24,
118,H,H001093,RU,7,
118,H,H001093,BA04,10,
118,H,H001093,BA16,13,
118,H,H001093,BA21,10,
118,H,H001093,ED02,12,
118,H,H001093,ED13,11,
118,H,H001093,RU04,2,Vice Chair
118,H,M000871,AG,13,
118,H,M000871,PW,19,
118,H,M000871,SM,7,
118,H,M000871,AG03,5,
118,H,M000871,AG22,6,
118,H,M000871,AG29,1,Chairman
118,H,M000871,PW05,11,
118,H,M000871,PW12,11,
118,H,M000871,PW14,10,
118,H,M000871,SM21,5,
118,H,M000871,SM22,2,
118,H,L000266,AP,28,
118,H,L000266,GO,13,
118,H,L000266,AP04,4,
118,H,L000266,AP07,8,
118,H,L000266,AP24,3,
118,H,L000266,GO06,8,
118,H,D000629,AG,8,
118,H,D000629,PW,16,
118,H,D000629,SM,10,
118,H,D000629,AG14,2,
118,H,D000629,AG16,2,
118,H,D000629,PW05,8,
118,H,D000629,PW13,3,
118,H,D000629,SM27,4,
118,H,E000298,BU,15,
118,H,E000298,EC,3,
118,H,E000298,ED,16,
118,H,E000298,WM,10,
118,H,E000298,WM01,4,
118,H,E000298,WM04,5,
118,H,E000298,WM05,6,
118,H,C001108,ED,9,
118,H,C001108,GO,1,Chair
118,H,C001108,ED02,6,
118,H,C001108,ED10,4,
118,H,G000558,IF,4,
118,H,G000558,IF02,3,
118,H,G000558,IF03,4,
118,H,G000558,IF14,1,Chairman
118,H,M001220,SM,7,
118,H,M001220,VR,7,
118,H,M001220,SM22,1,
118,H,M001220,SM23,2,
118,H,M001220,VR09,2,
118,H,M001220,VR10,3,
118,H,M001184,FD,3,
118,H,M001184,JU,6,
118,H,M001184,PW,4,
118,H,M001184,RU,4,
118,H,M001184,JU03,2,
118,H,M001184,JU05,1,Chairman
118,H,M001184,PW02,3,
118,H,M001184,PW05,3,
118,H,M001184,PW12,3,
118,H,M001184,RU04,4,
118,H,R000395,AP,2,
118,H,R000395,AP02,2,
118,H,R000395,AP04,2,
118,H,R000395,AP19,1,Chair
118,H,B001282,BA,8,
118,H,B001282,FA,10,
118,H,B001282,ZS,4,
118,H,B001282,BA10,2,
118,H,B001282,BA20,1,Chairman
118,H,B001282,FA05,4,
118,H,S001176,,,
118,H,C001125,HM,4,
118,H,C001125,PW,22,
118,H,C001125,HM08,2,
118,H,C001125,HM12,1,
118,H,C001125,PW02,14,
118,H,C001125,PW13,4,
118,H,C001125,PW14,3,
118,H,H001077,AS,30,
118,H,H001077,GO,9,
118,H,H001077,HM,3,
118,H,H001077,ZT,3,
118,H,H001077,AS28,10,
118,H,H001077,GO06,4,
118,H,H001077,GO24,3,
118,H,H001077,HM07,2,
118,H,H001077,HM11,1,Chairman
118,H,J000299,,,
118,H,L000595,AP,23,
118,H,L000595,ED,17,
118,H,L000595,AP01,5,
118,H,L000595,AP07,6,
118,H,L000595,AP10,7,
118,H,G000577,II,6,
118,H,G000577,PW,7,
118,H,G000577,II06,5,
118,H,G000577,II13,4,
118,H,G000577,PW05,1,Chairman
118,H,G000577,PW13,2,
118,H,N000015,IT,4,
118,H,N000015,WM,1,
118,H,M000312,AG,3,
118,H,M000312,RU,1,
118,H,M000312,AG03,2,
118,H,M000312,RU04,2,
118,H,T000482,IF,22,
118,H,T000482,IF14,12,
118,H,T000482,IF17,7,
118,H,A000148,PW,20,
118,H,A000148,ZS,8,
118,H,A000148,PW05,10,
118,H,A000148,PW07,4,
118,H,A000148,PW12,21,
118,H,C001101,,,
118,H,M001196,AS,6,
118,H,M001196,PW,19,
118,H,M001196,ZS,4,
118,H,M001196,AS29,1,
118,H,M001196,AS35,2,
118,H,M001196,PW02,13,
118,H,M001196,PW12,16,
118,H,M001196,PW14,2,
118,H,P000617,BA,16,
118,H,P000617,GO,21,
118,H,P000617,BA04,5,
118,H,P000617,BA20,10,
118,H,P000617,GO12,6,
118,H,P000617,GO27,7,
118,H,L000562,BA,6,
118,H,L000562,FD,2,
118,H,L000562,GO,3,
118,H,L000562,BA16,9,
118,H,L000562,BA21,1,
118,H,L000562,GO06,2,
118,H,L000562,GO12,3,
118,H,K000375,AS,9,
118,H,K000375,FA,4,
118,H,K000375,AS26,2,
118,H,K000375,AS35,3,
118,H,K000375,FA05,4,
118,H,K000375,FA14,1,
118,H,H001052,AP,12,
118,H,H001052,AP01,1,Chair
118,H,H001052,AP07,3,
118,H,H001052,AP15,3,
118,H,R000576,AP,7,
118,H,R000576,AP02,2,
118,H,R000576,AP19,3,
118,H,S001168,IF,7,
118,H,S001168,IF03,10,
118,H,S001168,IF14,2,
118,H,S001168,IF18,4,
118,H,I000058,HM,7,
118,H,I000058,JU,16,
118,H,I000058,SO,5,
118,H,I000058,ZT,5,
118,H,I000058,HM09,1,
118,H,I000058,JU03,7,
118,H,I000058,JU05,11,
118,H,I000058,JU13,2,
118,H,H000874,AP,2,
118,H,H000874,AP07,2,
118,H,H000874,AP23,1,
118,H,T000483,AP,24,
118,H,T000483,BU,11,
118,H,T000483,EC,8,
118,H,T000483,AP15,4,
118,H,T000483,AP19,4,
118,H,M000687,FA,23,
118,H,M000687,GO,7,
118,H,M000687,VC,3,
118,H,M000687,FA13,6,
118,H,M000687,GO12,4,
118,H,M000687,GO24,1,
118,H,R000606,GO,1,
118,H,P000597,AG,21,
118,H,P000597,AP,10,
118,H,P000597,AG15,4,
118,H,P000597,AG29,6,
118,H,P000597,AP01,2,
118,H,P000597,AP06,1,
118,H,P000597,AP18,5,
118,H,G000592,AS,14,
118,H,G000592,SM,2,
118,H,G000592,AS28,4,
118,H,G000592,AS35,5,
118,H,G000592,SM21,2,
118,H,G000592,SM24,3,
118,H,G000592,SM27,5,
118,H,B001301,AS,13,
118,H,B001301,BU,10,
118,H,B001301,VR,3,
118,H,B001301,AS02,3,
118,H,B001301,AS26,1,Chairman
118,H,B001301,AS28,4,
118,H,B001301,VR03,3,
118,H,B001301,VR08,3,
118,H,M001194,AP,16,
118,H,M001194,ZS,1,Chair
118,H,M001194,AP01,3,
118,H,M001194,AP07,5,
118,H,M001194,AP23,4,
118,H,S001221,PW,28,
118,H,S001221,SM,8,
118,H,S001221,PW02,8,
118,H,S001221,PW05,12,
118,H,S001221,PW07,6,
118,H,S001221,SM21,3,
118,H,S001221,SM23,1,
118,H,H001058,BA,6,
118,H,H001058,FA,14,
118,H,H001058,BA09,1,Chairman
118,H,H001058,BA16,4,
118,H,H001058,FA07,3,
118,H,H001058,FA14,5,
118,H,W000798,ED,4,
118,H,W000798,IF,9,
118,H,W000798,ED02,3,
118,H,W000798,IF03,7,
118,H,W000798,IF16,3,
118,H,W000798,IF17,3,Vice Chair
118,H,D000624,IF,13,
118,H,D000624,II,19,
118,H,D000624,VC,2,
118,H,D000624,IF14,5,
118,H,D000624,IF16,9,
118,H,D000624,IF17,3,
118,H,D000624,II06,7,
118,H,D000624,II13,8,
118,H,S001208,AG,9,
118,H,S001208,AS,11,
118,H,S001208,AG14,3,
118,H,S001208,AS26,3,
118,H,S001208,AS35,4,
118,H,K000380,BU,4,
118,H,K000380,WM,12,
118,H,K000380,WM01,2,
118,H,K000380,WM04,2,
118,H,M001136,AS,15,
118,H,M001136,BU,16,
118,H,M001136,ED,13,
118,H,M001136,GO,20,
118,H,M001136,AS25,6,
118,H,M001136,AS35,2,
118,H,M001136,ED14,4,
118,H,M001136,GO05,4,
118,H,M001136,GO27,1,Chairwoman
118,H,J000307,FA,25,
118,H,J000307,IF,28,
118,H,J000307,FA06,6,
118,H,J000307,FA07,6,
118,H,J000307,FA16,1,Chair
118,H,J000307,IF17,11,
118,H,J000307,IF18,12,
118,H,S001215,ED,16,
118,H,S001215,SY,3,
118,H,S001215,ZS,7,
118,H,S001215,ED10,3,
118,H,S001215,SY15,1,
118,H,T000481,BA,17,
118,H,T000481,GO,20,
118,H,T000481,BA04,3,
118,H,T000481,BA09,3,
118,H,T000481,GO24,10,
118,H,T000488,HM,5,
118,H,T000488,SM,6,
118,H,T000488,HM07,1,
118,H,T000488,HM09,2,
118,H,T000488,SM22,2,
118,H,T000488,SM23,4,
118,H,T000488,SM24,1,
118,H,F000475,AG,18,
118,H,F000475,AS,20,
118,H,F000475,AG03,1,Chairman
118,H,F000475,AG14,6,
118,H,F000475,AG16,8,
118,H,F000475,AS02,5,
118,H,F000475,AS03,5,
118,H,C001119,AG,23,
118,H,C001119,IF,20,
118,H,C001119,AG16,8,
118,H,C001119,AG22,9,
118,H,C001119,IF14,10,
118,H,C001119,IF16,7,
118,H,P000616,FA,10,
118,H,P000616,SM,3,
118,H,P000616,FA13,1,
118,H,P000616,SM22,4,
118,H,P000616,SM27,2,
118,H,M001143,AP,6,
118,H,M001143,AP02,1,
118,H,M001143,AP06,2,
118,H,O000173,BU,10,
118,H,O000173,ED,15,
118,H,O000173,ED02,9,
118,H,O000173,ED10,2,
118,H,E000294,BA,11,
118,H,E000294,BA16,6,
118,H,E000294,BA21,3,
118,H,F000470,BU,17,
118,H,F000470,RU,3,
118,H,F000470,SO,5,
118,H,F000470,WM,19,
118,H,F000470,RU02,1,Chair
118,H,F000470,WM04,10,
118,H,F000470,WM06,5,
118,H,S001212,II,12,
118,H,S001212,PW,14,
118,H,S001212,SM,3,
118,H,S001212,II06,1,Chairman
118,H,S001212,II10,5,
118,H,S001212,PW05,7,
118,H,S001212,PW12,6,
118,H,S001212,PW14,7,
118,H,S001212,SM21,3,
118,H,B001224,GO,10,
118,H,B001224,JU,15,
118,H,B001224,GO05,1,
118,H,B001224,GO06,6,
118,H,B001224,JU08,3,
118,H,B001224,JU10,4,
118,H,W000812,BA,7,
118,H,W000812,FA,6,
118,H,W000812,BA09,3,
118,H,W000812,BA16,1,Chairman
118,H,W000812,FA05,2,
118,H,W000812,FA14,4,
118,H,L000569,BA,5,
118,H,L000569,SM,2,
118,H,L000569,ZS,3,
118,H,L000569,BA04,3,
118,H,L000569,BA10,1,Chairman
118,H,L000569,BA20,3,
118,H,L000569,SM21,2,
118,H,L000569,SM27,2,
118,H,A000379,AG,26,
118,H,A000379,AS,26,
118,H,A000379,SM,10,
118,H,A000379,AG14,8,
118,H,A000379,AG16,14,
118,H,A000379,AG29,10,
118,H,A000379,AS02,7,
118,H,A000379,AS28,8,
118,H,A000379,SM24,2,
118,H,A000379,SM27,4,
118,H,C001061,BA,8,
118,H,C001061,BA04,1,
118,H,C001061,BA16,10,
118,H,G000546,AS,7,
118,H,G000546,PW,1,Chair
118,H,G000546,AS25,4,
118,H,B001316,ED,20,
118,H,B001316,GO,25,
118,H,B001316,PW,25,
118,H,B001316,ED02,10,
118,H,B001316,ED10,6,
118,H,B001316,GO12,7,
118,H,B001316,GO24,11,
118,H,B001316,GO27,8,
118,H,B001316,PW02,11,
118,H,B001316,PW12,17,
118,H,B001316,PW14,13,
118,H,S001195,IT,1,Vice Chair
118,H,S001195,WM,1,Chair
118,H,S001177,ED,4,
118,H,S001177,II,3,
118,H,S001177,ED13,9,
118,H,S001177,ED14,3,
118,H,S001177,II10,4,
118,H,S001177,II24,2,
118,H,K000388,AG,8,
118,H,K000388,AS,10,
118,H,K000388,IG,5,
118,H,K000388,AG15,2,
118,H,K000388,AG29,3,
118,H,K000388,AS26,4,
118,H,K000388,AS28,1,Chairman
118,H,K000388,IG01,3,
118,H,K000388,IG04,1,Chairman
118,H,T000193,HM,1,
118,H,G000591,AP,25,
118,H,G000591,HM,4,
118,H,G000591,SO,1,Chair
118,H,G000591,AP10,8,
118,H,G000591,AP15,7,
118,H,G000591,AP18,5,
118,H,G000591,HM11,2,
118,H,E000235,HM,12,
118,H,E000235,PW,30,
118,H,E000235,HM08,3,
118,H,E000235,HM09,3,
118,H,E000235,PW02,15,
118,H,E000235,PW07,6,
118,H,E000235,PW13,7,
118,H,Z000018,AP,26,
118,H,Z000018,FA,27,
118,H,Z000018,AP06,5,
118,H,Z000018,AP18,6,
118,H,Z000018,AP20,7,
118,H,Z000018,FA13,8,
118,H,R000103,II,16,
118,H,R000103,VR,5,
118,H,R000103,II06,10,
118,H,R000103,II15,2,
118,H,R000103,VR08,4,
118,H,R000103,VR11,1,Chairman
118,H,D000230,AG,13,
118,H,D000230,AS,22,
118,H,D000230,AG16,3,
118,H,D000230,AG22,2,
118,H,D000230,AG29,8,
118,H,D000230,AS02,6,
118,H,D000230,AS03,7,
118,H,R000305,JU,14,
118,H,R000305,SO,4,
118,H,R000305,SY,5,
118,H,R000305,VC,4,
118,H,R000305,JU01,5,
118,H,R000305,JU03,4,
118,H,R000305,SY18,1,
118,H,R000305,SY20,3,
118,H,M001210,HA,4,
118,H,M001210,JP,3,
118,H,M001210,VR,7,
118,H,M001210,WM,14,
118,H,M001210,HA06,3,
118,H,M001210,VR03,4,
118,H,M001210,WM02,5,
118,H,M001210,WM04,8,
118,H,F000477,PW,29,
118,H,F000477,SY,8,
118,H,F000477,PW12,8,
118,H,F000477,PW14,7,
118,H,F000477,SY20,6,
118,H,F000477,SY21,1,
118,H,F000450,ED,1,Chair
118,H,F000450,GO,5,
118,H,F000450,ED13,13,
118,H,F000450,GO06,3,
118,H,F000450,GO27,3,
118,H,M001135,ED,18,
118,H,M001135,FA,13,
118,H,M001135,ED02,10,
118,H,M001135,ED13,5,
118,H,M001135,FA06,4,
118,H,M001135,FA13,4,
118,H,R000603,AG,7,
118,H,R000603,PW,8,
118,H,R000603,AG16,4,
118,H,R000603,AG22,4,
118,H,R000603,PW02,1,Chairman
118,H,R000603,PW14,3,
118,H,B001311,FD,6,
118,H,B001311,HM,5,
118,H,B001311,JU,8,
118,H,B001311,HM05,2,
118,H,B001311,HM09,1,Chairman
118,H,B001311,JU05,3,
118,H,B001311,JU10,3,
118,H,H001067,IF,8,
118,H,H001067,IF14,7,
118,H,M001156,BA,1,Chair
118,H,E000246,AP,34,
118,H,E000246,BU,20,
118,H,E000246,AP04,7,
118,H,E000246,AP06,7,
118,H,E000246,AP07,10,
118,H,E000246,AP23,8,
118,H,A000370,AG,4,
118,H,A000370,ED,8,
118,H,A000370,AG03,3,
118,H,A000370,AG16,9,
118,H,A000370,ED10,1,
118,H,A000370,ED13,11,
118,H,N000194,BA,21,
118,H,N000194,BA10,3,
118,H,N000194,BA16,8,
118,H,N000194,BA21,8,
118,H,J000308,AS,18,
118,H,J000308,SY,10,
118,H,J000308,AS25,7,
118,H,J000308,AS26,5,
118,H,J000308,SY16,2,
118,H,J000308,SY21,3,
118,H,F000474,BA,24,
118,H,F000474,BA04,7,
118,H,F000474,BA21,9,
118,H,B001298,AG,9,
118,H,B001298,AS,11,
118,H,B001298,AG22,5,
118,H,B001298,AG29,4,
118,H,B001298,AS25,5,
118,H,B001298,AS29,6,
118,H,B001298,AS35,1,Chairman
118,H,S001172,IT,3,
118,H,S001172,WM,3,
118,H,S001172,WM02,2,
118,H,S001172,WM03,7,
118,H,S001172,WM04,1,Chairman
118,H,P000614,PW,18,
118,H,P000614,SM,11,
118,H,P000614,VR,4,
118,H,P000614,PW02,12,
118,H,P000614,PW07,3,
118,H,P000614,PW12,3,
118,H,P000614,SM22,3,
118,H,P000614,VR08,2,
118,H,P000614,VR09,1,
118,H,K000382,IF,15,
118,H,K000382,IF03,7,
118,H,K000382,IF14,6,
118,H,K000382,IF16,10,
118,H,N000188,AS,4,
118,H,N000188,ED,10,
118,H,N000188,AS25,1,
118,H,N000188,AS28,3,
118,H,N000188,AS29,3,
118,H,N000188,ED02,3,
118,H,N000188,ED14,8,
118,H,V000133,JU,14,
118,H,V000133,PW,17,
118,H,V000133,JU01,6,
118,H,V000133,JU05,9,
118,H,V000133,JU13,2,
118,H,V000133,PW05,10,
118,H,V000133,PW07,5,
118,H,V000133,PW12,9,
118,H,S000522,FA,2,
118,H,S000522,FA06,1,Chair
118,H,S000522,FA16,2,
118,H,G000583,BA,13,
118,H,G000583,IG,8,
118,H,G000583,BA10,7,
118,H,G000583,BA16,5,
118,H,G000583,BA21,3,
118,H,G000583,IG02,1,
118,H,G000583,IG06,3,
118,H,P000034,IF,1,
118,H,K000398,FA,20,
118,H,K000398,PW,23,
118,H,K000398,SY,20,
118,H,K000398,FA14,1,Chair
118,H,K000398,FA16,5,
118,H,K000398,PW05,15,
118,H,K000398,PW12,15,
118,H,K000398,PW14,12,
118,H,K000398,SY15,7,
118,H,K000398,SY20,8,
118,H,M001226,HM,11,
118,H,M001226,PW,25,
118,H,M001226,HM08,3,
118,H,M001226,PW05,15,
118,H,M001226,PW12,6,
118,H,M001226,PW14,13,
118,H,M001229,HM,14,
118,H,M001229,SM,12,
118,H,M001229,HM08,4,
118,H,M001229,HM11,5,
118,H,M001229,SM23,5,
118,H,M001229,SM24,4,
118,H,S001207,AS,12,
118,H,S001207,ZS,6,
118,H,S001207,AS03,2,
118,H,S001207,AS25,5,
118,H,W000822,AP,18,
118,H,W000822,AP07,6,
118,H,W000822,AP20,2,
118,H,S001218,GO,12,
118,H,S001218,II,10,
118,H,S001218,GO05,3,
118,H,S001218,GO24,6,
118,H,S001218,II15,1,
118,H,V000136,AG,17,
118,H,V000136,AS,19,
118,H,V000136,AG14,7,
118,H,V000136,AG15,3,
118,H,V000136,AS03,5,
118,H,V000136,AS29,7,
118,H,L000273,ED,17,
118,H,L000273,II,9,
118,H,L000273,RU,4,
118,H,L000273,ED13,4,
118,H,L000273,II10,6,
118,H,L000273,II24,1,
118,H,L000273,RU02,1,
118,H,T000468,FA,7,
118,H,T000468,PW,8,
118,H,T000468,FA14,2,
118,H,T000468,FA17,2,
118,H,T000468,PW05,13,
118,H,T000468,PW12,19,
118,H,T000468,PW13,1,
118,H,A000369,AP,13,
118,H,A000369,AP06,2,
118,H,A000369,AP15,1,Chair
118,H,A000369,AP23,3,
118,H,L000590,AP,26,
118,H,L000590,II,20,
118,H,L000590,AP10,3,
118,H,L000590,AP18,3,
118,H,L000590,II06,10,
118,H,L000590,II15,4,
118,H,H001066,AS,25,
118,H,H001066,WM,18,
118,H,H001066,AS02,8,
118,H,H001066,AS25,8,
118,H,H001066,WM01,5,
118,H,H001066,WM02,8,
118,H,L000598,AS,24,
118,H,L000598,HM,11,
118,H,L000598,SM,14,
118,H,L000598,AS28,9,
118,H,L000598,AS35,7,
118,H,L000598,HM07,3,
118,H,L000598,HM12,2,
118,H,L000598,SM23,1,Chairman
118,H,L000598,SM27,5,
118,H,G000597,BA,22,
118,H,G000597,HM,8,
118,H,G000597,SO,4,
118,H,G000597,BA04,6,
118,H,G000597,BA16,10,Vice Chairman
118,H,G000597,HM08,1,Chairman
118,H,S001201,BU,15,
118,H,S001201,HM,12,
118,H,S001201,HM05,4,
118,H,S001201,HM11,4,
118,H,D000632,HA,8,
118,H,D000632,HM,13,
118,H,D000632,PW,24,
118,H,D000632,HA06,4,
118,H,D000632,HA08,4,
118,H,D000632,HM05,4,
118,H,D000632,HM12,1,Chairman
118,H,D000632,PW05,16,
118,H,D000632,PW12,16,
118,H,D000632,PW13,5,
118,H,M001137,BA,4,
118,H,M001137,FA,1,
118,H,M001137,BA16,2,
118,H,M001137,BA20,4,
118,H,M001188,AP,14,
118,H,M001188,AP04,2,
118,H,M001188,AP19,2,
118,H,V000081,BA,2,
118,H,V000081,II,17,
118,H,V000081,SM,1,
118,H,V000081,BA04,2,
118,H,V000081,BA20,2,
118,H,V000081,II06,6,
118,H,V000081,II24,4,
118,H,J000294,,,
118,H,C001067,HM,15,
118,H,C001067,IF,9,
118,H,C001067,HM09,4,
118,H,C001067,IF16,2,
118,H,C001067,IF17,8,
118,H,C001067,IF18,5,
118,H,G000599,FD,8,
118,H,G000599,GO,18,
118,H,G000599,HM,8,
118,H,G000599,GO06,3,
118,H,G000599,HM05,3,
118,H,G000599,HM12,2,
118,H,M000317,EC,6,
118,H,M000317,VC,2,
118,H,M000317,WM,24,
118,H,M000317,WM05,11,
118,H,M000317,WM06,8,
118,H,N000002,JU,1,
118,H,E000297,AP,21,
118,H,E000297,BU,14,
118,H,E000297,AP20,5,
118,H,E000297,AP24,1,
118,H,O000172,GO,8,
118,H,O000172,II,12,
118,H,O000172,GO27,2,
118,H,O000172,II06,1,
118,H,T000486,BA,18,
118,H,T000486,ZS,9,
118,H,T000486,BA04,4,
118,H,T000486,BA21,4,
118,H,B001223,ED,20,
118,H,B001223,SY,4,
118,H,B001223,ED14,5,
118,H,B001223,SY16,4,
118,H,B001223,SY20,1,
118,H,L000599,BA,25,
118,H,L000599,FA,21,
118,H,L000599,BA04,8,
118,H,L000599,BA16,11,
118,H,L000599,FA13,6,
118,H,L000599,FA14,6,
118,H,R000579,AS,17,
118,H,R000579,PW,23,
118,H,R000579,AS25,6,
118,H,R000579,AS35,6,
118,H,R000579,PW02,6,
118,H,R000579,PW12,5,
118,H,M001221,AG,21,
118,H,M001221,PW,28,
118,H,M001221,SM,9,
118,H,M001221,AG03,7,
118,H,M001221,AG22,8,
118,H,M001221,AG29,9,
118,H,M001221,PW05,17,
118,H,M001221,PW12,20,
118,H,M001221,PW14,15,
118,H,M001221,SM22,1,Chairman
118,H,M001221,SM23,4,
118,H,T000469,IF,8,
118,H,T000469,SY,18,
118,H,T000469,IF02,4,
118,H,T000469,IF03,5,
118,H,T000469,IF18,1,
118,H,S001196,AS,8,
118,H,S001196,ED,6,
118,H,S001196,FD,4,
118,H,S001196,IG,4,
118,H,S001196,AS02,2,
118,H,S001196,AS26,3,
118,H,S001196,AS29,4,
118,H,S001196,ED10,3,
118,H,S001196,ED13,4,
118,H,S001196,IG01,2,
118,H,W000828,ED,23,
118,H,W000828,PW,27,
118,H,W000828,SY,19,
118,H,W000828,ED13,10,
118,H,W000828,ED14,9,
118,H,W000828,PW02,13,
118,H,W000828,PW12,19,
118,H,W000828,PW14,14,
118,H,W000828,SY15,6,
118,H,W000828,SY20,1,Chairman
118,H,L000600,AG,23,
118,H,L000600,GO,24,
118,H,L000600,RU,8,
118,H,L000600,AG03,9,
118,H,L000600,AG22,9,
118,H,L000600,GO05,8,
118,H,L000600,GO12,6,
118,H,L000600,GO27,7,
118,H,L000600,RU02,5,
118,H,T000478,SY,13,
118,H,T000478,WM,18,
118,H,T000478,SY20,6,
118,H,T000478,WM02,9,
118,H,T000478,WM03,8,
118,H,T000478,WM06,4,
118,H,M001206,AP,27,
118,H,M001206,HA,1,
118,H,M001206,JL,4,
118,H,M001206,JP,4,
118,H,M001206,AP10,5,
118,H,M001206,AP19,5,
118,H,M001206,HA27,2,
118,H,K000402,HM,13,
118,H,K000402,VR,11,
118,H,K000402,HM07,3,
118,H,K000402,HM12,3,
118,H,K000402,VR08,3,
118,H,K000402,VR11,2,
118,H,L000601,SM,4,
118,H,L000601,VR,9,
118,H,L000601,SM21,4,
118,H,L000601,SM27,1,
118,H,L000601,VR03,3,
118,H,L000601,VR09,4,
118,H,W000815,IG,2,
118,H,W000815,VC,1,Chair
118,H,W000815,WM,7,
118,H,W000815,IG04,2,
118,H,W000815,IG09,1,Chairman
118,H,W000815,WM02,4,
118,H,W000815,WM03,2,
118,H,B001281,BA,11,
118,H,B001281,BA10,1,
118,H,B001281,BA20,7,
118,H,J000289,FD,1,Chair
118,H,J000289,GO,2,
118,H,J000289,JU,1,Chair
118,H,L000566,IF,3,
118,H,L000566,IF03,3,
118,H,L000566,IF14,3,
118,H,L000566,IF16,1,Chairman
118,H,R000619,ED,25,
118,H,R000619,JU,23,
118,H,R000619,ED13,12,
118,H,R000619,ED14,10,
118,H,M001222,AG,29,
118,H,M001222,SY,16,
118,H,M001222,AG03,11,
118,H,M001222,AG22,12,
118,H,M001222,SY18,1,Chairman
118,H,M001222,SY20,7,
118,H,M001222,SY21,3,
118,H,D000626,BA,14,
118,H,D000626,FA,17,
118,H,D000626,FD,9,
118,H,D000626,BA04,1,Chairman
118,H,D000626,BA21,4,Vice Chairman
118,H,D000626,FA05,6,
118,H,D000626,FA07,4,
118,H,K000009,AP,3,
118,H,K000009,AP01,4,
118,H,K000009,AP02,3,
118,H,K000009,AP10,1,
118,H,T000463,AS,3,
118,H,T000463,GO,3,
118,H,T000463,IG,1,Chair
118,H,T000463,AS25,2,
118,H,T000463,AS29,3,
118,H,B001313,AG,7,
118,H,B001313,GO,11,
118,H,B001313,ZS,10,
118,H,B001313,AG03,8,
118,H,B001313,AG16,1,
118,H,B001313,GO05,2,
118,H,B001306,IF,21,
118,H,B001306,IF03,14,
118,H,B001306,IF14,13,
118,H,B001306,IF18,8,
118,H,S001223,PW,27,
118,H,S001223,SY,11,
118,H,S001223,PW02,3,
118,H,S001223,PW12,17,
118,H,S001223,SY15,4,
118,H,J000295,AP,11,
118,H,J000295,SO,2,
118,H,J000295,ZT,2,
118,H,J000295,AP02,7,
118,H,J000295,AP20,9,
118,H,J000295,AP23,1,Chair
118,H,C001126,HA,6,
118,H,C001126,JL,3,
118,H,C001126,WM,25,
118,H,C001126,HA27,2,
118,H,C001126,WM01,2,
118,H,C001126,WM03,3,
118,H,H001082,WM,12,
118,H,H001082,WM02,6,
118,H,H001082,WM05,5,
118,H,B001317,BU,19,
118,H,B001317,HM,17,
118,H,B001317,HM11,6,
118,H,B001317,HM12,4,
118,H,L000491,AG,2,
118,H,L000491,BA,2,
118,H,L000491,SY,1,Chair
118,H,L000491,AG14,2,
118,H,L000491,AG22,2,
118,H,L000491,BA16,2,
118,H,L000491,BA21,2,
118,H,C001053,AP,1,Chair
118,H,B000740,AP,30,
118,H,B000740,HA,5,
118,H,B000740,SY,8,
118,H,B000740,AP10,9,
118,H,B000740,AP18,7,
118,H,B000740,AP24,4,
118,H,B000740,HA08,3,
118,H,B000740,HA27,1,Chairwoman
118,H,B000740,SY20,4,
118,H,B001278,ED,6,
118,H,B001278,SY,2,
118,H,B001278,ED13,10,
118,H,B001278,ED14,1,
118,H,B001278,SY15,5,
118,H,B001278,SY18,2,
118,H,B000668,II,18,
118,H,B000668,JU,11,
118,H,B000668,II10,7,
118,H,B000668,II13,1,Chairman
118,H,B000668,JU03,4,
118,H,B000668,JU05,6,
118,H,B000574,BU,3,
118,H,B000574,WM,5,
118,H,B000574,WM02,3,
118,H,B000574,WM04,1,
118,H,H001094,II,14,
118,H,H001094,PW,26,
118,H,H001094,II13,6,
118,H,H001094,PW02,7,
118,H,H001094,PW12,7,
118,H,C001135,AG,28,
118,H,C001135,ED,22,
118,H,C001135,PW,22,
118,H,C001135,AG15,5,
118,H,C001135,AG22,11,
118,H,C001135,ED02,11,
118,H,C001135,ED13,9,
118,H,C001135,PW05,14,
118,H,C001135,PW12,14,
118,H,C001135,PW13,4,
118,H,S001226,AG,11,
118,H,S001226,SY,7,
118,H,S001226,AG03,9,
118,H,S001226,AG15,1,
118,H,S001226,AG22,4,
118,H,S001226,SY15,2,
118,H,S001226,SY20,5,
118,H,F000466,IG,7,
118,H,F000466,WM,16,
118,H,F000466,IG04,4,
118,H,F000466,IG06,1,Chairman
118,H,F000466,WM02,8,
118,H,F000466,WM06,2,
118,H,B001296,BU,1,
118,H,E000296,WM,14,
118,H,E000296,WM02,6,
118,H,E000296,WM03,4,
118,H,E000296,WM06,5,
118,H,D000631,FA,16,
118,H,D000631,JU,12,
118,H,D000631,ZT,3,
118,H,D000631,FA14,3,
118,H,D000631,FA17,5,
118,H,D000631,JU03,6,
118,H,D000631,JU08,2,
118,H,S001205,JU,9,
118,H,S001205,RU,2,
118,H,S001205,JU05,6,
118,H,S001205,JU10,1,
118,H,S001205,RU04,1,
118,H,H001085,AS,10,
118,H,H001085,IG,10,
118,H,H001085,ZT,4,
118,H,H001085,AS02,2,
118,H,H001085,AS29,6,
118,H,H001085,IG04,1,
118,H,W000826,ED,12,
118,H,W000826,FA,9,
118,H,W000826,SO,1,
118,H,W000826,ED02,4,
118,H,W000826,FA06,1,
118,H,W000826,FA14,5,
118,H,C001090,AP,13,
118,H,C001090,AP19,1,
118,H,C001090,AP23,2,
118,H,M001204,BA,19,
118,H,M001204,SM,4,
118,H,M001204,BA09,6,
118,H,M001204,BA10,5,
118,H,M001204,BA16,9,
118,H,M001204,SM21,4,
118,H,M001204,SM27,1,Chairman
118,H,P000605,FA,4,
118,H,P000605,GO,16,
118,H,P000605,IG,14,
118,H,P000605,PW,5,
118,H,P000605,FA17,2,
118,H,P000605,GO05,3,
118,H,P000605,GO06,10,
118,H,P000605,IG04,6,
118,H,P000605,IG06,5,
118,H,P000605,PW05,4,
118,H,P000605,PW13,1,Chairman
118,H,S001199,BU,5,
118,H,S001199,EC,5,
118,H,S001199,ED,10,
118,H,S001199,WM,11,
118,H,S001199,ED02,7,
118,H,S001199,ED13,6,
118,H,S001199,WM03,6,
118,H,S001199,WM04,7,
118,H,S001199,WM05,7,
118,H,L000602,GO,15,
118,H,L000602,SY,14,
118,H,L000602,GO24,8,
118,H,L000602,GO27,4,
118,H,L000602,SY20,2,
118,H,J000302,IF,18,
118,H,J000302,VC,6,
118,H,J000302,IF14,12,
118,H,J000302,IF16,7,
118,H,J000302,IF18,5,Vice Chair
118,H,R000610,AP,19,
118,H,R000610,RU,2,Vice Chair
118,H,R000610,AP04,3,
118,H,R000610,AP06,3,
118,H,R000610,AP10,5,
118,H,R000610,RU04,1,Chair
118,H,T000467,AG,1,Chair
118,H,T000467,ED,3,
118,H,T000467,ED13,2,
118,H,T000467,ED14,2,
118,H,K000376,WM,4,
118,H,K000376,ZT,1,Chair
118,H,K000376,WM02,3,
118,H,K000376,WM05,1,Chairman
118,H,D000530,AS,20,
118,H,D000530,PW,30,
118,H,D000530,AS28,6,
118,H,D000530,AS35,7,
118,H,D000530,PW05,18,
118,H,D000530,PW14,14,
118,H,G000582,II,10,
118,H,G000582,PW,13,
118,H,G000582,II13,8,
118,H,G000582,II24,4,Vice Chair
118,H,G000582,PW02,9,
118,H,G000582,PW07,4,
118,H,G000582,PW13,3,
118,H,A000380,FA,22,
118,H,A000380,SY,16,
118,H,A000380,FA13,5,
118,H,A000380,FA14,6,
118,H,M001223,HM,6,
118,H,M001223,II,16,
118,H,M001223,HM05,1,
118,H,M001223,II06,5,
118,H,M001223,II13,7,
118,H,M000194,AS,19,
118,H,M000194,GO,12,
118,H,M000194,VR,4,
118,H,M000194,AS26,6,
118,H,M000194,AS28,6,
118,H,M000194,GO06,7,
118,H,M000194,GO12,1,Chairwoman
118,H,M000194,VR10,2,
118,H,M000194,VR11,2,
118,H,W000795,AS,2,
118,H,W000795,ED,2,
118,H,W000795,FA,3,
118,H,W000795,AS03,2,
118,H,W000795,AS29,2,
118,H,W000795,ED02,2,
118,H,W000795,FA13,1,Chair
118,H,W000795,FA14,2,
118,H,D000615,IF,11,
118,H,D000615,IF02,4,
118,H,D000615,IF03,1,Chairman
118,H,D000615,IF17,4,
118,H,T000480,BA,17,
118,H,T000480,GO,17,
118,H,T000480,BA20,7,
118,H,T000480,BA21,7,
118,H,T000480,GO12,2,
118,H,T000480,GO24,6,
118,H,N000190,BA,18,
118,H,N000190,BU,2,
118,H,N000190,RU,5,
118,H,N000190,BA04,4,
118,H,N000190,BA20,8,
118,H,N000190,RU02,2,Vice Chair
118,H,C000537,,,
118,H,F000478,FD,10,
118,H,F000478,GO,22,
118,H,F000478,JU,22,
118,H,F000478,GO05,6,
118,H,F000478,GO24,10,
118,H,F000478,GO27,5,
118,H,F000478,JU03,10,
118,H,F000478,JU08,7,
118,H,F000478,JU10,7,
118,H,J000301,AG,11,
118,H,J000301,PW,16,
118,H,J000301,ZS,9,
118,H,J000301,AG16,5,
118,H,J000301,AG22,1,Chairman
118,H,J000301,PW05,9,
118,H,J000301,PW12,8,
118,H,J000301,PW14,9,
118,H,H001086,IF,24,
118,H,H001086,IF14,14,
118,H,H001086,IF16,12,
118,H,H001086,IF17,8,
118,H,B001309,FA,8,
118,H,B001309,GO,18,
118,H,B001309,PW,15,
118,H,B001309,FA13,3,
118,H,B001309,FA17,4,
118,H,B001309,GO12,3,
118,H,B001309,GO24,7,
118,H,B001309,PW05,8,
118,H,B001309,PW12,7,
118,H,B001309,PW14,8,
118,H,F000459,AP,10,
118,H,F000459,SY,10,
118,H,F000459,AP02,10,
118,H,F000459,AP07,4,
118,H,F000459,AP10,1,Chair
118,H,F000459,SY20,5,
118,H,D000616,AG,5,
118,H,D000616,AS,9,
118,H,D000616,AG03,3,
118,H,D000616,AG29,2,
118,H,D000616,AS28,3,
118,H,D000616,AS29,5,
118,H,O000175,BA,27,
118,H,O000175,BA09,7,
118,H,O000175,BA10,9,
118,H,O000175,BA20,13,
118,H,R000612,AG,19,
118,H,R000612,BA,15,
118,H,R000612,AG03,6,
118,H,R000612,AG16,9,
118,H,R000612,AG22,7,
118,H,R000612,BA09,5,Vice Chairman
118,H,R000612,BA20,6,
118,H,R000612,BA21,5,
118,H,G000590,FA,9,
118,H,G000590,HM,1,Chair
118,H,G000590,ZT,4,
118,H,G000590,FA05,3,
118,H,G000590,FA07,2,
118,H,K000392,WM,15,
118,H,K000392,WM01,8,
118,H,K000392,WM04,11,
118,H,K000392,WM05,8,
118,H,C001068,JU,3,
118,H,C001068,PW,4,
118,H,C001068,JU05,10,
118,H,C001068,JU08,4,
118,H,C001068,JU10,2,
118,H,C001068,PW05,1,
118,H,C001068,PW12,10,
118,H,C001068,PW14,9,
118,H,M001224,ED,21,
118,H,M001224,FA,24,
118,H,M001224,JU,19,
118,H,M001224,ED13,8,
118,H,M001224,ED14,8,
118,H,M001224,FA14,7,
118,H,M001224,FA17,8,
118,H,M001224,JU03,8,
118,H,M001224,JU05,11,
118,H,M001224,JU13,3,
118,H,C001120,IF,17,
118,H,C001120,IG,10,
118,H,C001120,IF02,7,
118,H,C001120,IF14,11,
118,H,C001120,IF18,4,
118,H,C001120,IG01,5,
118,H,C001120,IG06,4,
118,H,S001224,FA,26,
118,H,S001224,VR,13,
118,H,S001224,FA07,5,
118,H,S001224,FA14,8,
118,H,S001224,VR09,5,
118,H,S001224,VR11,3,
118,H,F000246,AS,17,
118,H,F000246,GO,14,
118,H,F000246,ZT,6,
118,H,F000246,AS25,7,
118,H,F000246,AS35,3,
118,H,F000246,GO05,1,Chairman
118,H,F000246,GO06,9,
118,H,G000589,AS,29,
118,H,G000589,JU,13,
118,H,G000589,AS03,9,
118,H,G000589,AS25,10,
118,H,G000589,JU03,6,
118,H,G000589,JU05,8,
118,H,E000071,AP,32,
118,H,E000071,SM,8,
118,H,E000071,AP02,9,
118,H,E000071,AP06,6,
118,H,E000071,AP19,8,
118,H,E000071,SM22,4,
118,H,E000071,SM23,3,
118,H,F000468,IF,23,
118,H,F000468,IF03,3,
118,H,F000468,IF16,8,
118,H,L000603,AS,22,
118,H,L000603,HM,15,
118,H,L000603,VR,10,
118,H,L000603,AS26,7,
118,H,L000603,AS35,5,
118,H,L000603,HM08,5,
118,H,L000603,HM11,5,
118,H,L000603,VR03,6,
118,H,L000603,VR09,1,Chairman
118,H,G000553,BA,7,
118,H,G000553,BA09,1,
118,H,G000553,BA20,6,
118,H,G000553,BA21,6,
118,H,M001157,FA,1,Chair
118,H,M001157,HM,2,
118,H,P000048,HM,7,
118,H,P000048,IF,23,
118,H,P000048,HM05,1,Chairman
118,H,P000048,IF03,15,
118,H,P000048,IF16,11,
118,H,P000048,IF18,10,
118,H,G000377,AP,3,
118,H,J000304,AG,20,
118,H,J000304,AS,16,
118,H,J000304,FA,11,
118,H,J000304,IG,13,
118,H,J000304,VC,8,
118,H,J000304,AG16,10,
118,H,J000304,AG29,8,
118,H,J000304,AS26,5,
118,H,J000304,AS28,5,
118,H,J000304,FA13,4,
118,H,J000304,IG02,6,
118,H,J000304,IG06,6,
118,H,W000814,IF,19,
118,H,W000814,SY,3,
118,H,W000814,IF03,12,
118,H,W000814,IF16,8,Vice Chair
118,H,W000814,IF18,6,
118,H,W000814,SY20,2,
118,H,D000594,AG,22,
118,H,D000594,BA,26,
118,H,D000594,AG03,8,
118,H,D000594,AG16,11,
118,H,D000594,BA04,9,Vice Chairman
118,H,D000594,BA10,8,
118,H,D000594,BA20,12,
118,H,E000299,AS,13,
118,H,E000299,JU,13,
118,H,E000299,SO,2,
118,H,E000299,AS02,3,
118,H,E000299,AS03,3,
118,H,E000299,JU01,4,
118,H,E000299,JU10,3,
118,H,S000250,BA,3,
118,H,S000250,GO,10,
118,H,S000250,BA09,2,
118,H,S000250,BA16,3,
118,H,S000250,GO06,5,
118,H,S000250,GO24,1,Chairman
118,H,L000605,JU,19,
118,H,A000375,BU,1,Chair
118,H,A000375,EC,2,
118,H,A000375,WM,8,
118,H,A000375,WM04,4,
118,H,A000375,WM05,3,
118,H,C001091,FA,6,
118,H,C001091,IG,3,
118,H,C001091,FA05,5,
118,H,C001091,FA07,1,
118,H,C001091,IG01,2,
118,H,C001091,IG02,2,
118,H,R000614,BU,12,
118,H,R000614,JU,7,
118,H,R000614,RU,6,
118,H,R000614,JU01,4,
118,H,R000614,JU10,1,Chairman
118,H,R000614,RU02,4,
118,H,N000026,JU,15,
118,H,N000026,PW,18,
118,H,N000026,JU01,7,
118,H,N000026,JU08,3,
118,H,N000026,PW12,10,
118,H,N000026,PW14,1,Chairman
118,H,G000594,AP,22,
118,H,G000594,HM,10,
118,H,G000594,AP18,4,
118,H,G000594,AP19,6,
118,H,G000594,AP20,4,
118,H,G000594,HM05,3,
118,H,G000594,HM11,4,
118,H,V000134,SM,5,
118,H,V000134,WM,22,
118,H,V000134,SM24,1,Chairman
118,H,V000134,SM27,3,
118,H,V000134,WM05,9,
118,H,V000134,WM06,6,
118,H,W000816,BA,9,
118,H,W000816,SM,1,Chair
118,H,W000816,BA10,3,
118,H,W000816,BA20,4,
118,H,B001248,BU,6,
118,H,B001248,IF,2,
118,H,B001248,RU,1,Chair
118,H,B001248,IF02,2,
118,H,B001248,IF03,2,
118,H,B001248,IF14,2,
118,H,B001248,RU02,3,
118,H,B001248,RU04,3,
118,H,C001115,AP,24,
118,H,C001115,GO,7,
118,H,C001115,VC,5,
118,H,C001115,AP06,4,
118,H,C001115,AP15,6,
118,H,C001115,AP23,6,
118,H,C001063,AP,9,
118,H,C001063,AP02,4,
118,H,C001063,AP15,1,
118,H,C001063,AP18,4,
118,H,G000587,BA,19,
118,H,G000587,FD,7,
118,H,G000587,BA04,6,
118,H,G000587,BA09,4,
118,H,C001130,AG,18,
118,H,C001130,FD,9,
118,H,C001130,GO,17,
118,H,C001130,AG03,5,
118,H,C001130,AG16,5,
118,H,C001130,AG22,10,
118,H,C001130,GO24,9,
118,H,C001130,GO27,5,
118,H,C001051,AP,6,
118,H,C001051,AP02,5,
118,H,C001051,AP18,1,Chair
118,H,C001051,AP19,3,
118,H,A000376,FA,11,
118,H,A000376,PW,15,
118,H,A000376,FA16,3,
118,H,A000376,FA17,3,
118,H,A000376,PW05,7,
118,H,A000376,PW12,14,
118,H,V000131,AS,27,
118,H,V000131,IF,14,
118,H,V000131,AS03,8,
118,H,V000131,AS29,8,
118,H,V000131,IF03,6,
118,H,V000131,IF16,3,
118,H,G000581,BA,14,
118,H,G000581,BA10,2,
118,H,G000581,BA16,6,
118,H,C001131,AG,20,
118,H,C001131,GO,16,
118,H,C001131,AG03,7,
118,H,C001131,AG22,8,
118,H,C001131,GO24,4,
118,H,C001131,GO27,3,
118,H,B001291,PW,6,
118,H,B001291,SY,4,
118,H,B001291,PW02,4,
118,H,B001291,PW07,2,
118,H,B001291,PW14,2,
118,H,B001291,SY16,1,Chairman
118,H,B001291,SY21,2,
118,H,D000399,BU,7,
118,H,D000399,IT,5,
118,H,D000399,WM,2,
118,H,D000399,WM02,1,
118,H,D000399,WM05,2,
118,H,H001095,II,21,
118,H,H001095,JU,21,
118,H,H001095,SM,13,
118,H,H001095,II06,12,Vice Chair
118,H,H001095,II15,3,
118,H,H001095,JU01,9,
118,H,H001095,JU10,6,
118,H,H001095,SM21,1,Chairman
118,H,H001095,SM24,5,
118,H,M001213,BU,13,
118,H,M001213,WM,20,
118,H,M001213,WM01,5,
118,H,M001213,WM02,10,
118,H,M001213,WM03,4,
118,H,M001228,PW,33,
118,H,M001228,SM,15,
118,H,M001228,PW02,17,
118,H,M001228,PW12,24,
118,H,M001228,PW13,8,
118,H,M001228,SM21,6,
118,H,M001228,SM23,6,
118,H,C001114,IF,14,
118,H,C001114,II,13,
118,H,C001114,IF03,9,Vice Chair
118,H,C001114,IF16,6,
118,H,C001114,II06,8,
118,H,C001114,II10,6,Vice Chair
118,H,O000086,ED,11,
118,H,O000086,PW,20,
118,H,O000086,ED13,1,Chair
118,H,O000086,ED14,3,
118,H,O000086,PW02,10,
118,H,O000086,PW05,12,
118,H,O000086,PW12,12,
118,H,W000804,AS,5,
118,H,W000804,II,3,
118,H,W000804,ZS,2,
118,H,W000804,AS25,1,Chairman
118,H,W000804,AS28,2,
118,H,W000804,II06,3,
118,H,W000804,II13,2,
118,H,K000399,AS,23,
118,H,K000399,II,19,
118,H,K000399,VR,14,
118,H,K000399,AS03,7,
118,H,K000399,AS28,7,
118,H,K000399,AS35,6,
118,H,K000399,II10,8,
118,H,K000399,II13,11,Vice Chair
118,H,K000399,VR03,7,
118,H,K000399,VR08,1,Chairwoman
118,H,S000185,BU,13,
118,H,S000185,ED,1,
118,H,M001227,AS,23,
118,H,M001227,SY,15,
118,H,M001227,AS26,6,
118,H,M001227,AS28,7,
118,H,M001227,SY16,5,
118,H,G000595,BU,9,
118,H,G000595,ED,12,
118,H,G000595,ED02,1,Chair
118,H,G000595,ED13,7,
118,H,C001118,AP,18,
118,H,C001118,BU,8,
118,H,C001118,JU,12,
118,H,C001118,ZS,13,
118,H,C001118,AP01,6,
118,H,C001118,AP19,4,
118,H,C001118,AP20,6,
118,H,C001118,JU03,5,
118,H,C001118,JU05,7,
118,H,C001118,JU13,1,Chairman
118,H,S001209,AG,5,
118,H,S001209,IG,11,
118,H,S001209,AG14,1,
118,H,S001209,AG29,2,
118,H,S001209,IG04,4,
118,H,S001209,IG06,4,
118,H,B001292,EC,7,
118,H,B001292,WM,13,
118,H,B001292,WM01,4,
118,H,B001292,WM04,5,
118,H,B001292,WM05,8,
118,H,G000568,HA,3,
118,H,G000568,IF,5,
118,H,G000568,JP,2,
118,H,G000568,HA06,2,
118,H,G000568,IF02,1,Chairman
118,H,G000568,IF03,5,
118,H,G000568,IF14,4,
118,H,W000825,AP,23,
118,H,W000825,BU,9,
118,H,W000825,AP20,6,
118,H,W000825,AP24,2,
118,H,C001078,FA,3,
118,H,C001078,FD,5,
118,H,C001078,GO,4,
118,H,C001078,FA05,3,
118,H,C001078,FA13,3,
118,H,C001078,GO12,1,
118,H,C001078,GO24,5,
118,H,P000610,FD,1,
118,H,P000610,IG,7,
118,H,P000610,IG04,3,
118,H,P000610,IG06,1,
118,H,B001318,BU,12,
118,H,B001318,JU,17,
118,H,B001318,JU05,12,
118,H,B001318,JU10,5,
118,H,D000617,WM,9,
118,H,D000617,WM04,4,
118,H,D000617,WM05,4,
118,H,D000617,WM06,3,
118,H,L000560,PW,1,
118,H,G000600,AG,12,
118,H,G000600,SM,5,
118,H,G000600,AG15,2,
118,H,G000600,AG22,5,
118,H,G000600,SM21,1,
118,H,G000600,SM24,2,
118,H,N000189,AP,15,
118,H,N000189,ZS,5,
118,H,N000189,AP01,4,
118,H,N000189,AP10,4,
118,H,N000189,AP15,4,
118,H,M001159,IF,1,Chair
118,H,K000381,AP,12,
118,H,K000381,HA,3,
118,H,K000381,JP,5,
118,H,K000381,AP02,5,
118,H,K000381,AP06,3,
118,H,K000381,AP10,6,
118,H,K000381,HA06,2,
118,H,K000381,HA27,1,
118,H,J000298,ED,11,
118,H,J000298,JU,7,
118,H,J000298,ED02,6,
118,H,J000298,ED13,3,
118,H,J000298,JU01,1,
118,H,J000298,JU05,5,
118,H,S001216,IF,21,
118,H,S001216,IF03,8,
118,H,S001216,IF14,11,
118,H,S000510,AS,1,
118,H,S001159,AS,16,
118,H,S001159,PW,21,
118,H,S001159,AS02,4,
118,H,S001159,AS03,4,
118,H,S001159,PW12,4,
118,H,S001159,PW14,6,
118,H,S001213,BA,16,
118,H,S001213,HA,1,Chair
118,H,S001213,JL,1,Vice Chair
118,H,S001213,JP,1,Chair
118,H,S001213,BA16,8,
118,H,S001213,BA21,6,
118,H,P000607,AP,15,
118,H,P000607,AP07,4,
118,H,P000607,AP23,3,
118,H,V000135,AG,27,
118,H,V000135,PW,26,
118,H,V000135,VR,9,
118,H,V000135,AG03,10,
118,H,V000135,AG29,11,
118,H,V000135,PW02,12,
118,H,V000135,PW12,18,
118,H,V000135,PW13,6,
118,H,V000135,VR03,5,
118,H,V000135,VR10,1,Chairman
118,H,M001160,EC,9,
118,H,M001160,WM,11,
118,H,M001160,WM01,3,
118,H,M001160,WM03,3,
118,H,M001160,WM05,5,
118,H,F000471,BA,23,
118,H,F000471,JU,10,
118,H,F000471,BA04,5,
118,H,F000471,BA20,9,
118,H,F000471,JU03,3,
118,H,F000471,JU05,5,
118,H,G000576,BU,4,
118,H,G000576,ED,5,
118,H,G000576,GO,6,
118,H,G000576,ED10,2,
118,H,G000576,ED13,3,
118,H,G000576,GO06,1,Chairman
118,H,G000576,GO27,4,
118,H,T000165,II,14,
118,H,T000165,JU,5,
118,H,T000165,II06,9,
118,H,T000165,II10,1,Chairman
118,H,T000165,JU01,3,
118,H,T000165,JU08,2,
118,H,W000829,,,
118,H,M001205,WM,13,
118,H,M001205,WM02,7,
118,H,M001205,WM04,6,
118,H,M001195,BA,13,
118,H,M001195,BA09,4,
118,H,M001195,BA16,7,
118,H,H001096,FD,8,
118,H,H001096,II,25,
118,H,H001096,JU,18,
118,H,H001096,II13,14,
118,H,H001096,II24,1,Chair
118,H,H001096,JU05,10,
118,H,H001096,JU10,5,
119,H,B001323,II,22,
119,H,B001323,PW,24,
119,H,B001323,SY,21,
119,H,B001323,II06,13,Vice Chair
119,H,B001323,II15,5,
119,H,B001323,PW05,13,
119,H,B001323,PW07,5,
119,H,B001323,PW14,13,
119,H,B001323,SY18,5,
119,H,B001323,SY20,8,
119,H,B001323,SY21,5,
119,H,M001212,AG,15,
119,H,M001212,JU,13,
119,H,M001212,AG15,2,Vice Chair
119,H,M001212,AG16,7,
119,H,M001212,AG29,9,
119,H,M001212,JU01,7,
119,H,M001212,JU08,4,
119,H,M001212,JU13,2,
119,H,F000481,AG,19,
119,H,F000481,PW,30,
119,H,F000481,AG03,8,
119,H,F000481,AG22,8,
119,H,F000481,PW02,8,
119,H,F000481,PW12,18,
119,H,F000481,PW13,4,
119,H,R000575,AS,1,Chair
119,H,A000055,AP,3,
119,H,A000055,AP01,2,
119,H,A000055,AP02,4,
119,H,A000055,AP07,1,Chair
119,H,S001220,AP,33,
119,H,S001220,HM,8,
119,H,S001220,AP19,7,Vice Chair
119,H,S001220,AP20,9,
119,H,S001220,AP24,3,
119,H,S001220,HM09,2,
119,H,S001220,HM12,1,Chairman
119,H,P000609,GO,8,
119,H,P000609,IF,7,
119,H,P000609,GO05,2,
119,H,P000609,GO24,3,
119,H,P000609,IF02,3,
119,H,P000609,IF03,3,
119,H,P000609,IF18,1,Chair
119,H,S001185,HA,2,
119,H,S001185,JP,5,
119,H,S001185,WM,7,
119,H,S001185,HA08,1,
119,H,S001185,WM01,4,
119,H,S001185,WM04,5,
119,H,S001185,WM06,1,
119,H,C001087,AG,4,
119,H,C001087,IG,1,Chairman
119,H,C001087,PW,2,Vice Chair
119,H,C001087,AG16,3,
119,H,C001087,PW02,2,
119,H,C001087,PW12,2,
119,H,H001072,BA,1,Chair
119,H,H001072,IG,7,
119,H,H001072,IG02,4,
119,H,H001072,IG06,3,
119,H,W000809,AP,8,
119,H,W000809,AP02,3,
119,H,W000809,AP20,1,Chair
119,H,W000809,AP23,2,
119,H,W000821,II,1,Chair
119,H,W000821,PW,9,
119,H,W000821,II24,2,
119,H,W000821,PW02,6,
119,H,W000821,PW12,7,
119,H,W000821,PW14,4,
119,H,R000600,FA,13,
119,H,R000600,II,5,
119,H,R000600,VR,2,
119,H,R000600,FA05,4,
119,H,R000600,FA16,5,
119,H,R000600,II13,4,
119,H,R000600,II24,3,
119,H,R000600,VR08,2,
119,H,R000600,VR09,2,
119,H,S001183,EC,1,Chairman
119,H,S001183,WM,5,
119,H,S001183,WM05,2,
119,H,S001183,WM06,1,Chair
119,H,C001132,GO,22,
119,H,C001132,HM,10,
119,H,C001132,GO06,7,
119,H,C001132,GO12,4,
119,H,C001132,HM07,2,
119,H,C001132,HM11,3,
119,H,A000381,GO,15,
119,H,A000381,II,12,
119,H,A000381,GO05,2,
119,H,A000381,GO12,4,
119,H,A000381,II06,1,
119,H,A000381,II15,2,
119,H,S001211,FA,10,
119,H,S001211,PW,13,
119,H,S001211,ZS,9,
119,H,S001211,FA07,4,
119,H,S001211,PW05,16,
119,H,S001211,PW12,21,
119,H,S001211,PW13,1,
119,H,B001302,GO,11,
119,H,B001302,JU,3,
119,H,B001302,GO06,4,
119,H,B001302,GO33,3,
119,H,B001302,JU01,2,
119,H,B001302,JU08,1,Chair
119,H,C001133,AP,29,
119,H,C001133,VR,9,
119,H,C001133,AP04,4,
119,H,C001133,AP15,7,Vice Chair
119,H,C001133,AP20,6,
119,H,C001133,VR08,3,
119,H,C001133,VR10,2,
119,H,G000606,ED,16,
119,H,G000606,II,16,
119,H,G000606,ED13,10,
119,H,G000606,ED14,7,
119,H,G000606,II06,10,
119,H,G000606,II24,5,
119,H,H001098,AS,30,
119,H,H001098,VR,12,
119,H,H001098,AS25,10,
119,H,H001098,AS26,9,
119,H,H001098,AS29,9,
119,H,H001098,VR03,6,
119,H,H001098,VR10,3,
119,H,G000565,GO,4,
119,H,G000565,II,4,
119,H,G000565,GO27,2,
119,H,G000565,GO33,2,
119,H,G000565,II06,3,
119,H,G000565,II15,1,Chair
119,H,H001068,II,1,
119,H,H001068,PW,8,
119,H,H001068,II06,7,
119,H,H001068,PW02,3,
119,H,H001068,PW12,4,
119,H,K000401,,,
119,H,T000460,WM,3,
119,H,T000460,WM02,2,
119,H,T000460,WM05,1,
119,H,M001177,BU,3,
119,H,M001177,II,3,
119,H,M001177,JU,4,
119,H,M001177,II10,2,
119,H,M001177,II13,3,
119,H,M001177,JU01,1,Chair
119,H,M001177,JU10,2,
119,H,B001287,FA,4,
119,H,B001287,IG,6,
119,H,B001287,FA05,1,
119,H,B001287,FA19,2,
119,H,B001287,IG02,3,
119,H,B001287,IG06,2,
119,H,M001163,IF,4,
119,H,M001163,IF03,7,
119,H,M001163,IF16,1,
119,H,G000559,AS,3,
119,H,G000559,PW,4,
119,H,G000559,AS03,1,
119,H,G000559,AS29,2,
119,H,G000559,PW02,2,
119,H,G000559,PW07,5,
119,H,G000559,PW12,2,
119,H,G000559,PW13,5,
119,H,H001090,AP,19,
119,H,H001090,AP06,3,
119,H,H001090,AP07,6,
119,H,D000623,ED,7,
119,H,D000623,PW,11,
119,H,D000623,SO,1,
119,H,D000623,ED02,1,
119,H,D000623,ED13,8,
119,H,D000623,PW02,10,
119,H,D000623,PW05,8,
119,H,D000623,PW12,6,
119,H,D000623,PW14,13,
119,H,P000197,,,
119,H,S001231,GO,17,
119,H,S001231,SM,9,
119,H,S001231,GO27,4,
119,H,S001231,GO33,3,
119,H,S001231,SM22,2,
119,H,S001231,SM24,4,
119,H,G000605,AG,17,
119,H,G000605,II,14,
119,H,G000605,AG15,4,
119,H,G000605,AG22,6,
119,H,G000605,AG29,4,
119,H,G000605,II13,8,
119,H,S001193,HM,2,
119,H,S001193,JU,6,
119,H,S001193,QJ,1,
119,H,S001193,HM08,1,
119,H,S001193,JU03,6,
119,H,S001193,JU08,5,
119,H,M001225,IF,22,
119,H,M001225,IF02,7,
119,H,M001225,IF03,4,
119,H,M001225,IF17,5,
119,H,L000607,BA,24,
119,H,L000607,BA09,5,
119,H,L000607,BA10,8,
119,H,L000607,BA21,9,
119,H,K000389,AS,7,
119,H,K000389,GO,5,
119,H,K000389,ZS,1,
119,H,K000389,AS28,3,
119,H,K000389,AS35,1,
119,H,K000389,GO05,4,
119,H,K000389,GO12,2,
119,H,L000397,JU,3,
119,H,L000397,SY,1,
119,H,L000397,JU01,8,
119,H,L000397,JU03,2,
119,H,L000397,JU05,5,
119,H,P000613,BU,5,
119,H,P000613,WM,15,
119,H,P000613,WM04,2,
119,H,F000480,HM,16,
119,H,F000480,PW,21,
119,H,F000480,SY,13,
119,H,F000480,HM08,5,
119,H,F000480,PW02,10,
119,H,F000480,PW12,16,
119,H,F000480,PW14,12,
119,H,F000480,SY15,4,
119,H,F000480,SY16,5,
119,H,C001059,AG,3,
119,H,C001059,FA,14,
119,H,C001059,AG15,2,
119,H,C001059,AG29,1,
119,H,C001059,FA14,3,
119,H,V000129,AP,13,
119,H,V000129,JL,2,
119,H,V000129,AP01,3,
119,H,V000129,AP02,10,
119,H,V000129,AP24,1,Chair
119,H,O000019,BU,14,
119,H,O000019,IF,19,
119,H,O000019,SY,5,
119,H,O000019,IF14,11,
119,H,O000019,IF16,11,
119,H,O000019,IF17,5,
119,H,O000019,SY15,1,Chair
119,H,C001112,AG,25,
119,H,C001112,AS,6,
119,H,C001112,PW,12,
119,H,C001112,AS25,3,
119,H,C001112,AS29,4,
119,H,C001112,PW05,15,
119,H,C001112,PW07,1,
119,H,C001112,PW12,20,
119,H,R000599,IF,8,
119,H,R000599,IF14,2,
119,H,R000599,IF16,4,
119,H,R000599,IF18,3,
119,H,B001285,II,19,
119,H,B001285,PW,9,
119,H,B001285,VR,2,
119,H,B001285,II13,11,
119,H,B001285,PW02,9,
119,H,B001285,PW05,6,
119,H,B001285,PW12,5,
119,H,B001285,VR03,1,
119,H,W000830,AS,23,
119,H,W000830,SY,13,
119,H,W000830,AS28,7,
119,H,W000830,AS29,6,
119,H,W000830,AS35,7,
119,H,W000830,SY16,3,
119,H,C001080,BU,13,
119,H,C001080,WM,9,
119,H,C001080,WM02,3,
119,H,C001080,WM03,2,
119,H,C001080,WM06,2,
119,H,R000620,II,15,
119,H,R000620,SY,10,
119,H,R000620,II06,5,
119,H,R000620,II13,9,
119,H,R000620,SY15,3,
119,H,R000620,SY21,3,
119,H,F000483,PW,28,
119,H,F000483,SY,14,
119,H,F000483,PW02,7,
119,H,F000483,PW12,16,
119,H,F000483,PW13,7,
119,H,F000483,PW14,12,
119,H,F000483,SY20,3,
119,H,C001123,AS,19,
119,H,C001123,SM,5,
119,H,C001123,AS02,5,
119,H,C001123,AS26,6,
119,H,C001123,SM23,1,
119,H,C001123,SM24,2,
119,H,S000344,BA,3,
119,H,S000344,FA,2,
119,H,S000344,BA16,1,
119,H,S000344,BA20,5,
119,H,S000344,BA21,2,
119,H,S000344,FA05,2,
119,H,S000344,FA13,2,
119,H,A000371,AP,13,
119,H,A000371,AP02,4,
119,H,A000371,AP20,5,
119,H,G000585,IG,9,
119,H,G000585,WM,16,
119,H,G000585,IG01,1,
119,H,G000585,IG06,4,
119,H,G000585,WM03,5,
119,H,G000585,WM05,5,
119,H,T000474,AP,16,
119,H,T000474,HA,3,
119,H,T000474,AP04,3,
119,H,T000474,AP20,4,
119,H,T000474,HA27,1,
119,H,L000582,FA,7,
119,H,L000582,JU,7,
119,H,L000582,JU03,3,
119,H,K000400,FA,13,
119,H,K000400,JU,16,
119,H,K000400,FA07,6,
119,H,K000400,FA19,1,
119,H,K000400,JU03,7,
119,H,K000400,JU10,6,
119,H,S001156,WM,6,
119,H,S001156,WM02,8,
119,H,S001156,WM04,1,
119,H,T000472,ED,5,
119,H,T000472,VR,1,
119,H,T000472,ED02,9,
119,H,T000472,ED10,4,
119,H,T000472,ED13,3,
119,H,K000397,BA,17,
119,H,K000397,FA,10,
119,H,K000397,ZS,11,
119,H,K000397,BA10,7,
119,H,K000397,BA20,9,
119,H,K000397,FA05,1,Chair
119,H,K000397,FA14,4,
119,H,C000059,AP,6,
119,H,C000059,AP02,1,Chair
119,H,C000059,AP10,3,
119,H,G000598,GO,1,
119,H,G000598,PW,25,
119,H,G000598,PW05,4,
119,H,G000598,PW12,24,
119,H,W000187,BA,1,
119,H,B001300,IF,13,
119,H,B001300,IF14,5,
119,H,B001300,IF16,8,
119,H,B001300,IF18,5,
119,H,T000491,AS,24,
119,H,T000491,SM,8,
119,H,T000491,AS03,9,
119,H,T000491,AS26,7,
119,H,T000491,SM23,5,
119,H,T000491,SM24,1,
119,H,C001110,HM,3,
119,H,C001110,JU,9,
119,H,C001110,HM05,2,
119,H,C001110,HM11,1,
119,H,C001110,JU01,3,
119,H,C001110,JU05,2,
119,H,M001241,EC,10,
119,H,M001241,GO,18,
119,H,M001241,II,8,
119,H,M001241,GO05,3,
119,H,M001241,II06,3,
119,H,M001241,II13,6,
119,H,I000056,FA,6,
119,H,I000056,JU,2,
119,H,I000056,SY,7,
119,H,I000056,FA13,3,
119,H,I000056,FA17,3,
119,H,I000056,JU03,1,Chair
119,H,I000056,JU05,2,
119,H,I000056,SY15,3,
119,H,I000056,SY21,3,
119,H,L000593,AP,23,
119,H,L000593,AP10,4,
119,H,L000593,AP18,4,
119,H,P000608,BU,4,
119,H,P000608,IF,9,
119,H,P000608,IF03,2,
119,H,P000608,IF16,5,
119,H,P000608,IF18,4,
119,H,J000305,AS,12,
119,H,J000305,FA,8,
119,H,J000305,AS02,2,
119,H,J000305,AS26,4,
119,H,J000305,FA07,3,
119,H,J000305,FA16,1,
119,H,V000130,BA,12,
119,H,V000130,BA10,3,
119,H,V000130,BA16,4,
119,H,V000130,BA20,7,
119,H,D000197,IF,2,
119,H,D000197,IF02,2,
119,H,D000197,IF03,6,
119,H,D000197,IF14,1,
119,H,N000191,II,2,
119,H,N000191,JU,11,
119,H,N000191,RU,3,
119,H,N000191,II10,1,
119,H,N000191,II13,12,
119,H,N000191,JU03,4,
119,H,N000191,JU10,4,
119,H,N000191,RU02,2,
119,H,H001100,II,23,
119,H,H001100,PW,26,
119,H,H001100,SY,18,
119,H,H001100,II06,14,
119,H,H001100,II24,1,Chair
119,H,H001100,PW02,12,
119,H,H001100,PW05,15,
119,H,H001100,PW12,20,
119,H,H001100,SY18,4,
119,H,H001100,SY20,7,
119,H,B000825,GO,18,
119,H,B000825,II,10,
119,H,B000825,GO05,6,
119,H,B000825,GO16,6,
119,H,B000825,GO33,6,
119,H,B000825,II13,6,
119,H,B000825,II15,2,Vice Chair
119,H,C001137,AS,29,
119,H,C001137,II,21,
119,H,C001137,AS02,8,
119,H,C001137,AS29,8,
119,H,C001137,AS35,10,
119,H,C001137,II06,12,
119,H,C001137,II13,13,
119,H,C001121,AS,10,
119,H,C001121,IG,5,
119,H,C001121,AS26,1,
119,H,C001121,AS35,5,
119,H,C001121,IG01,4,
119,H,C001121,IG11,2,
119,H,P000620,BA,21,
119,H,P000620,BA04,8,
119,H,P000620,BA21,8,
119,H,E000300,HM,13,
119,H,E000300,IF,28,
119,H,E000300,HM05,4,
119,H,E000300,HM12,3,
119,H,E000300,IF03,15,
119,H,E000300,IF17,12,
119,H,E000300,IF18,12,
119,H,L000557,WM,4,
119,H,L000557,WM01,1,
119,H,L000557,WM04,8,
119,H,C001069,AS,2,
119,H,C001069,ED,2,
119,H,C001069,AS25,2,
119,H,C001069,AS28,1,
119,H,C001069,ED02,2,
119,H,C001069,ED13,6,
119,H,D000216,AP,1,
119,H,D000216,AP07,1,
119,H,H001047,BA,9,
119,H,H001047,IG,1,
119,H,H001081,AG,6,
119,H,H001081,ED,10,
119,H,H001081,AG03,1,
119,H,H001081,AG29,2,
119,H,H001081,ED02,5,
119,H,H001081,ED14,2,
119,H,N000147,GO,2,
119,H,N000147,PW,2,
119,H,N000147,GO16,2,
119,H,N000147,GO24,2,
119,H,N000147,PW02,15,
119,H,N000147,PW05,13,
119,H,N000147,PW12,1,
119,H,N000147,PW13,2,
119,H,M001238,FA,21,
119,H,M001238,SY,11,
119,H,M001238,FA14,6,
119,H,M001238,FA17,2,
119,H,M001238,SY15,4,
119,H,P000622,PW,34,
119,H,P000622,SM,15,
119,H,P000622,PW02,16,
119,H,P000622,PW05,21,
119,H,P000622,PW07,7,
119,H,P000622,SM21,6,
119,H,P000622,SM22,6,
119,H,P000622,SM24,5,
119,H,D000628,IF,8,Vice Chair
119,H,D000628,ZS,6,
119,H,D000628,IF14,5,
119,H,D000628,IF16,7,
119,H,D000628,IF17,3,
119,H,C001039,AG,16,
119,H,C001039,IF,18,
119,H,C001039,AG22,7,
119,H,C001039,IF14,10,
119,H,C001039,IF16,10,
119,H,C001039,IF17,4,
119,H,B001314,WM,25,
119,H,B001314,WM01,4,
119,H,B001314,WM03,5,
119,H,B001314,WM06,7,
119,H,R000609,AP,16,
119,H,R000609,AP15,2,
119,H,R000609,AP18,2,
119,H,R000609,AP20,3,
119,H,F000484,ED,20,
119,H,F000484,FA,28,
119,H,F000484,ED02,11,
119,H,F000484,ED10,6,
119,H,F000484,ED13,11,
119,H,F000484,FA07,8,
119,H,F000484,FA14,7,
119,H,M001216,AS,20,
119,H,M001216,FA,18,
119,H,M001216,AS02,5,
119,H,M001216,AS03,6,
119,H,M001216,AS26,6,
119,H,M001216,FA07,4,
119,H,M001216,FA17,1,Chair
119,H,H001099,BA,29,
119,H,H001099,SY,19,
119,H,H001099,BA09,7,
119,H,H001099,BA16,14,
119,H,H001099,BA21,11,
119,H,H001099,SY16,1,Chair
119,H,S001200,IF,14,
119,H,S001200,II,18,
119,H,S001200,IF16,2,
119,H,S001200,IF17,3,
119,H,S001200,IF18,6,
119,H,S001200,II13,10,
119,H,F000476,GO,9,
119,H,F000476,PW,31,
119,H,F000476,GO05,1,
119,H,F000476,GO24,3,
119,H,F000476,PW12,25,
119,H,F000476,PW14,14,
119,H,W000806,II,6,
119,H,W000806,PW,3,
119,H,W000806,SY,4,
119,H,W000806,II06,4,
119,H,W000806,II13,5,
119,H,W000806,PW07,2,
119,H,W000806,PW12,3,
119,H,W000806,PW14,1,Chairman
119,H,W000806,SY16,2,
119,H,W000806,SY21,2,
119,H,B001257,IF,4,
119,H,B001257,ZS,10,
119,H,B001257,IF14,3,
119,H,B001257,IF16,5,
119,H,B001257,IF17,1,Chair
119,H,L000596,FA,23,
119,H,L000596,GO,19,
119,H,L000596,FA14,6,
119,H,L000596,FA17,8,
119,H,L000596,GO06,6,
119,H,L000596,GO12,2,
119,H,L000596,GO16,7,
119,H,L000596,GO27,4,
119,H,C001066,IF,5,
119,H,C001066,ZS,3,
119,H,C001066,IF03,1,
119,H,C001066,IF16,13,
119,H,C001066,IF17,2,
119,H,L000597,HA,7,Vice Chair
119,H,L000597,IF,24,
119,H,L000597,JU,15,
119,H,L000597,HA08,1,Chair
119,H,L000597,IF03,12,
119,H,L000597,IF17,10,
119,H,L000597,IF18,10,
119,H,L000597,JU03,7,
119,H,L000597,JU08,5,
119,H,B001260,IT,2,
119,H,B001260,WM,2,
119,H,B001260,WM02,1,Chair
119,H,B001260,WM04,2,
119,H,S001214,IG,13,
119,H,S001214,WM,15,
119,H,S001214,IG02,5,
119,H,S001214,IG04,4,
119,H,S001214,IG11,5,
119,H,S001214,WM02,11,
119,H,S001214,WM04,8,
119,H,F000472,AP,27,
119,H,F000472,SY,9,
119,H,F000472,AP01,9,Vice Chair
119,H,F000472,AP10,8,
119,H,F000472,AP18,6,
119,H,F000472,SY18,1,Chair
119,H,D000032,BA,18,
119,H,D000032,GO,14,
119,H,D000032,BA20,10,
119,H,D000032,BA21,8,
119,H,D000032,GO05,4,
119,H,D000032,GO06,5,
119,H,C001127,FA,9,
119,H,C001127,VR,4,
119,H,C001127,FA13,1,
119,H,C001127,FA16,2,
119,H,C001127,VR03,2,
119,H,C001127,VR11,2,
119,H,M001199,FA,1,Chair
119,H,M001199,PW,10,
119,H,M001199,PW02,7,
119,H,M001199,PW05,4,
119,H,M001199,PW07,3,
119,H,F000462,AP,14,
119,H,F000462,AP04,1,
119,H,F000462,AP07,4,
119,H,M001217,FA,11,
119,H,M001217,JU,17,
119,H,M001217,QJ,3,
119,H,M001217,FA05,4,
119,H,M001217,FA17,1,
119,H,M001217,JU08,2,
119,H,M001217,JU13,2,
119,H,W000808,ED,3,
119,H,W000808,PW,10,
119,H,W000808,ED13,2,
119,H,W000808,ED14,5,
119,H,W000808,PW02,1,
119,H,W000808,PW05,7,
119,H,W000808,PW14,9,
119,H,W000797,AP,7,
119,H,W000797,AP01,6,
119,H,W000797,AP10,3,
119,H,W000797,AP18,1,
119,H,D000600,AP,7,Vice Chair
119,H,D000600,AP02,6,
119,H,D000600,AP04,1,Chair
119,H,S000168,BA,27,
119,H,S000168,FA,11,
119,H,S000168,BA04,9,
119,H,S000168,BA10,10,
119,H,S000168,BA16,12,
119,H,S000168,FA07,1,Chair
119,H,S000168,FA16,3,
119,H,G000593,AS,14,
119,H,G000593,HM,4,
119,H,G000593,ZS,9,
119,H,G000593,AS03,4,
119,H,G000593,AS25,4,
119,H,G000593,HM07,1,Chairman
119,H,G000593,HM08,2,
119,H,C001103,BU,6,
119,H,C001103,IF,6,
119,H,C001103,IF14,4,
119,H,C001103,IF16,6,
119,H,C001103,IF18,5,
119,H,B000490,AP,5,
119,H,B000490,AP01,1,
119,H,B000490,AP18,2,
119,H,B000490,AP23,5,
119,H,J000311,GO,23,
119,H,J000311,RU,9,
119,H,J000311,SM,11,
119,H,J000311,GO16,9,
119,H,J000311,GO24,5,
119,H,J000311,GO33,7,
119,H,J000311,RU04,4,
119,H,J000311,SM22,1,Chairman
119,H,J000311,SM23,3,
119,H,J000288,JU,5,
119,H,J000288,PW,5,
119,H,J000288,JU03,1,
119,H,J000288,JU05,6,
119,H,J000288,JU13,3,
119,H,J000288,PW05,5,
119,H,J000288,PW12,3,
119,H,J000288,PW14,8,
119,H,W000788,BA,20,
119,H,W000788,BA04,7,
119,H,W000788,BA09,3,
119,H,M001208,ED,9,
119,H,M001208,JU,12,
119,H,M001208,ED02,4,
119,H,M001208,ED13,4,
119,H,M001208,JU08,1,
119,H,M001218,AS,21,
119,H,M001218,FA,20,
119,H,M001218,SY,11,
119,H,M001218,AS25,6,
119,H,M001218,AS35,7,
119,H,M001218,FA16,7,
119,H,M001218,FA17,7,
119,H,M001218,SY16,3,
119,H,M001218,SY21,1,Chair
119,H,S001189,AG,3,Vice Chair
119,H,S001189,AS,5,
119,H,S001189,IG,6,
119,H,S001189,RU,7,
119,H,S001189,AG03,4,
119,H,S001189,AG16,1,Chair
119,H,S001189,AG22,4,
119,H,S001189,AS03,3,
119,H,S001189,AS26,2,
119,H,S001189,IG01,4,
119,H,S001189,IG02,3,
119,H,S001189,IG06,1,Chairman
119,H,S001189,RU04,2,
119,H,C001116,AP,25,
119,H,C001116,BU,17,
119,H,C001116,AP07,7,
119,H,C001116,AP19,5,
119,H,C001129,II,14,
119,H,C001129,PW,19,
119,H,C001129,SY,12,
119,H,C001129,II06,9,
119,H,C001129,II15,3,
119,H,C001129,PW02,1,Chairman
119,H,C001129,PW12,15,
119,H,C001129,SY16,4,
119,H,L000583,BA,9,
119,H,L000583,HA,2,
119,H,L000583,QJ,1,Chair
119,H,L000583,BA09,4,
119,H,L000583,BA20,2,Vice Chairman
119,H,L000583,HA08,2,
119,H,A000372,ED,7,
119,H,A000372,IF,12,
119,H,A000372,ED02,1,Chairman
119,H,A000372,IF02,6,
119,H,A000372,IF03,4,
119,H,A000372,IF16,2,Vice Chair
119,H,S001157,AG,2,
119,H,S001157,BA,5,
119,H,S001157,AG16,2,
119,H,S001157,AG22,2,
119,H,S001157,BA16,2,
119,H,S001157,BA20,4,
119,H,M001219,AS,19,
119,H,M001219,ED,14,
119,H,M001219,FA,22,
119,H,M001219,AS03,5,
119,H,M001219,AS28,8,
119,H,M001219,ED13,8,
119,H,M001219,ED14,6,
119,H,M001219,FA05,6,
119,H,M001219,FA19,6,
119,H,C001055,AP,17,
119,H,C001055,AP02,5,
119,H,C001055,AP15,3,
119,H,T000487,AG,11,
119,H,T000487,AS,17,
119,H,T000487,ZS,10,
119,H,T000487,AG03,6,
119,H,T000487,AG14,1,
119,H,T000487,AS02,4,
119,H,T000487,AS03,5,
119,H,M001215,IF,17,
119,H,M001215,VR,5,
119,H,M001215,IF03,8,
119,H,M001215,IF14,9,
119,H,M001215,IF18,9,
119,H,M001215,VR03,1,Chairwoman
119,H,H001091,AP,19,
119,H,H001091,SO,3,
119,H,H001091,ZS,8,
119,H,H001091,AP01,8,
119,H,H001091,AP15,4,
119,H,H001091,AP23,4,
119,H,N000193,AG,21,
119,H,N000193,BA,25,
119,H,N000193,ZS,13,
119,H,N000193,AG16,11,
119,H,N000193,AG22,9,
119,H,N000193,BA10,2,Vice Chairman
119,H,N000193,BA16,10,
119,H,N000193,BA21,9,
119,H,F000446,AG,13,
119,H,F000446,WM,20,
119,H,F000446,AG14,4,
119,H,F000446,AG29,7,
119,H,F000446,WM01,3,
119,H,F000446,WM03,8,
119,H,F000446,WM05,9,
119,H,F000469,IF,14,
119,H,F000469,II,7,
119,H,F000469,IF02,7,
119,H,F000469,IF16,8,
119,H,F000469,IF17,2,Vice Chair
119,H,F000469,II06,5,
119,H,F000469,II10,3,
119,H,S001148,AP,4,
119,H,S001148,AP06,1,Chair
119,H,S001148,AP07,2,
119,H,S001148,AP10,2,
119,H,J000309,AG,15,
119,H,J000309,FA,12,
119,H,J000309,AG03,7,
119,H,J000309,AG22,4,
119,H,J000309,FA07,5,
119,H,J000309,FA16,3,
119,H,K000385,IF,12,
119,H,K000385,IF14,4,
119,H,K000385,IF16,7,
119,H,K000385,IF17,9,
119,H,R000617,HM,7,
119,H,R000617,VR,6,
119,H,R000617,HM09,2,
119,H,R000617,HM11,2,
119,H,R000617,VR08,1,
119,H,R000617,VR10,3,
119,H,G000586,JU,15,
119,H,G000586,PW,15,
119,H,G000586,JU01,6,
119,H,G000586,JU05,4,
119,H,G000586,PW05,17,
119,H,G000586,PW12,7,
119,H,G000586,PW14,7,
119,H,Q000023,AP,10,
119,H,Q000023,IG,11,
119,H,Q000023,AP04,4,
119,H,Q000023,AP20,2,
119,H,Q000023,AP24,3,
119,H,Q000023,IG04,1,
119,H,Q000023,IG11,3,
119,H,C001117,BA,15,
119,H,C001117,EC,9,
119,H,C001117,BA10,7,
119,H,C001117,BA16,7,
119,H,C001117,BA20,8,
119,H,D000096,WM,5,
119,H,D000096,WM02,5,
119,H,D000096,WM03,1,
119,H,K000391,GO,4,
119,H,K000391,IG,4,
119,H,K000391,ZS,2,
119,H,K000391,GO27,1,
119,H,K000391,IG01,3,
119,H,S001145,IF,3,
119,H,S001145,IF17,1,
119,H,S001145,IF18,2,
119,H,S001190,FA,22,
119,H,S001190,WM,14,
119,H,S001190,FA17,3,
119,H,S001190,WM04,6,
119,H,S001190,WM05,4,
119,H,F000454,BA,10,
119,H,F000454,SY,18,
119,H,F000454,BA10,4,
119,H,F000454,BA20,1,
119,H,F000454,BA21,3,
119,H,B001295,AG,9,
119,H,B001295,PW,8,
119,H,B001295,VR,1,Chair
119,H,B001295,AG16,4,
119,H,B001295,PW02,5,
119,H,B001295,PW12,6,
119,H,B001295,PW14,3,
119,H,B001315,AG,12,
119,H,B001315,VR,7,
119,H,B001315,AG14,4,
119,H,B001315,AG16,5,
119,H,B001315,AG22,3,
119,H,B001315,VR11,1,
119,H,U000040,AP,20,
119,H,U000040,AP01,3,
119,H,U000040,AP15,2,
119,H,M001211,AG,14,
119,H,M001211,ED,11,
119,H,M001211,HA,8,
119,H,M001211,JP,3,
119,H,M001211,AG03,8,
119,H,M001211,AG14,5,
119,H,M001211,AG16,6,
119,H,M001211,AG29,8,
119,H,M001211,ED10,5,
119,H,M001211,ED14,2,
119,H,M001211,HA08,4,
119,H,L000585,IG,4,
119,H,L000585,WM,6,
119,H,L000585,ZS,5,
119,H,L000585,IG01,2,Vice Chairman
119,H,L000585,IG02,1,Chairman
119,H,L000585,IG06,2,
119,H,L000585,WM03,1,Chair
119,H,L000585,WM04,3,
119,H,S001225,AG,13,
119,H,S001225,AS,20,
119,H,S001225,AG14,5,
119,H,S001225,AG16,6,
119,H,S001225,AS03,7,
119,H,S001225,AS25,5,
119,H,M001214,AP,26,
119,H,M001214,AP10,5,
119,H,M001214,AP19,5,
119,H,Y000067,WM,23,
119,H,Y000067,WM01,8,
119,H,Y000067,WM03,3,
119,H,Y000067,WM06,5,
119,H,S001188,BA,14,
119,H,S001188,BU,10,
119,H,S001188,BA16,7,
119,H,S001188,BA21,7,
119,H,B001307,AG,11,
119,H,B001307,FA,15,
119,H,B001307,SY,3,
119,H,B001307,AG03,6,
119,H,B001307,AG14,2,Vice Chair
119,H,B001307,AG15,5,
119,H,B001307,AG29,6,
119,H,B001307,FA16,6,
119,H,B001307,FA17,6,
119,H,B001307,SY15,2,
119,H,B001307,SY20,2,
119,H,S000929,EC,6,
119,H,S001229,FA,24,
119,H,S001229,PW,27,
119,H,S001229,FA07,5,
119,H,S001229,FA19,8,
119,H,S001229,PW05,16,
119,H,S001229,PW12,21,
119,H,S001229,PW14,14,
119,H,C001072,IG,2,
119,H,C001072,PW,6,
119,H,C001072,ZS,4,
119,H,C001072,IG06,1,
119,H,C001072,PW05,1,
119,H,C001072,PW14,2,
119,H,M001233,AG,26,
119,H,M001233,AS,27,
119,H,M001233,ED,19,
119,H,M001233,AG14,10,
119,H,M001233,AG22,11,
119,H,M001233,AG29,13,
119,H,M001233,AS03,9,
119,H,M001233,AS29,7,
119,H,M001233,ED10,2,
119,H,M001233,ED14,9,
119,H,H001093,BU,18,
119,H,H001093,IF,22,
119,H,H001093,RU,5,
119,H,H001093,IF14,14,
119,H,H001093,IF16,12,
119,H,H001093,IF17,8,
119,H,H001093,RU02,3,
119,H,M000871,AG,12,
119,H,M000871,PW,16,
119,H,M000871,AG03,7,
119,H,M000871,AG22,6,
119,H,M000871,AG29,1,Chair
119,H,M000871,PW02,8,
119,H,M000871,PW05,9,
119,H,M000871,PW14,9,
119,H,S001228,AS,28,
119,H,S001228,JU,22,
119,H,S001228,SM,14,
119,H,S001228,AS02,7,
119,H,S001228,AS03,10,
119,H,S001228,AS25,9,
119,H,S001228,JU01,13,
119,H,S001228,JU05,7,
119,H,S001228,JU13,4,
119,H,S001228,SM21,5,
119,H,S001228,SM22,5,
119,H,D000629,AG,8,
119,H,D000629,PW,14,
119,H,D000629,AG14,3,
119,H,D000629,AG16,1,
119,H,D000629,PW05,2,
119,H,D000629,PW12,22,
119,H,E000298,BU,12,
119,H,E000298,EC,3,
119,H,E000298,WM,8,
119,H,E000298,WM01,1,Chair
119,H,E000298,WM05,5,
119,H,C001108,ED,8,
119,H,C001108,GO,1,Chair
119,H,C001108,ED02,5,
119,H,C001108,ED10,4,
119,H,G000558,IF,1,Chair
119,H,M001220,BU,15,
119,H,M001220,SM,2,
119,H,M001220,VR,5,
119,H,M001220,SM22,4,
119,H,M001220,SM27,2,
119,H,M001220,VR09,1,
119,H,M001220,VR10,2,
119,H,M001184,JU,6,
119,H,M001184,PW,4,
119,H,M001184,JU03,2,
119,H,M001184,JU10,3,
119,H,M001184,PW02,3,
119,H,M001184,PW05,2,
119,H,M001184,PW12,4,
119,H,R000395,AP,2,
119,H,R000395,AP02,2,
119,H,R000395,AP19,1,Chair
119,H,R000395,AP20,2,
119,H,B001282,BA,6,
119,H,B001282,FA,8,
119,H,B001282,ZS,3,
119,H,B001282,BA10,5,
119,H,B001282,BA20,1,Chairman
119,H,B001282,FA05,3,
119,H,S001176,,,
119,H,C001125,HM,14,
119,H,C001125,IF,20,
119,H,C001125,HM07,3,
119,H,C001125,HM09,3,
119,H,C001125,IF14,12,
119,H,C001125,IF16,9,
119,H,C001125,IF18,8,
119,H,H001077,AS,23,
119,H,H001077,GO,9,
119,H,H001077,QJ,3,
119,H,H001077,AS03,7,
119,H,H001077,AS28,10,
119,H,H001077,GO05,3,
119,H,H001077,GO33,1,Chairman
119,H,J000299,,,
119,H,L000595,AP,21,
119,H,L000595,ED,12,
119,H,L000595,AP01,6,
119,H,L000595,AP04,3,
119,H,L000595,AP07,6,Vice Chair
119,H,F000110,BA,22,
119,H,F000110,BA09,4,
119,H,F000110,BA16,10,
119,H,F000110,BA20,11,
119,H,N000015,IT,4,
119,H,N000015,WM,1,
119,H,M000312,AG,4,
119,H,M000312,RU,1,
119,H,M000312,AG03,2,
119,H,M000312,RU04,2,
119,H,T000482,IF,16,
119,H,T000482,IF02,4,
119,H,T000482,IF14,7,
119,H,T000482,IF17,4,
119,H,A000148,IF,19,
119,H,A000148,IF03,13,
119,H,A000148,IF14,11,
119,H,A000148,IF18,7,
119,H,C001101,,,
119,H,M001196,AS,5,
119,H,M001196,PW,17,
119,H,M001196,ZS,5,
119,H,M001196,AS29,1,
119,H,M001196,AS35,2,
119,H,M001196,PW12,23,
119,H,M001196,PW14,3,
119,H,P000617,BA,16,
119,H,P000617,GO,20,
119,H,P000617,BA04,4,
119,H,P000617,BA21,5,
119,H,P000617,GO33,4,
119,H,L000562,BA,6,
119,H,L000562,GO,3,
119,H,L000562,BA16,9,
119,H,L000562,BA20,9,
119,H,L000562,BA21,1,
119,H,L000562,GO06,2,
119,H,L000562,GO16,3,
119,H,K000375,AS,8,
119,H,K000375,FA,3,
119,H,K000375,AS26,2,
119,H,K000375,AS35,3,
119,H,K000375,FA13,3,
119,H,K000375,FA14,1,
119,H,H001052,AP,11,
119,H,H001052,AP01,1,Chair
119,H,H001052,AP07,3,
119,H,O000176,FA,19,
119,H,O000176,SM,10,
119,H,O000176,FA05,6,
119,H,O000176,FA16,5,
119,H,O000176,SM21,2,
119,H,O000176,SM22,3,
119,H,E000301,AS,22,
119,H,E000301,II,13,
119,H,E000301,AS03,8,
119,H,E000301,AS28,6,
119,H,E000301,II06,4,
119,H,E000301,II13,7,
119,H,I000058,AP,28,
119,H,I000058,SO,3,
119,H,I000058,AP19,2,
119,H,I000058,AP23,4,
119,H,H000874,AP,2,
119,H,H000874,AP07,2,
119,H,H000874,AP23,1,
119,H,H000874,AP24,2,
119,H,M001232,AG,23,
119,H,M001232,SY,15,
119,H,M001232,AG14,9,
119,H,M001232,AG22,11,
119,H,M001232,SY15,5,
119,H,M000687,FA,16,
119,H,M000687,GO,6,
119,H,M000687,FA13,4,
119,H,M000687,FA19,3,
119,H,M000687,GO06,3,
119,H,M000687,GO24,1,
119,H,R000606,JU,1,
119,H,P000597,AG,24,
119,H,P000597,AP,9,
119,H,P000597,AP01,2,
119,H,P000597,AP06,1,
119,H,G000592,AS,11,
119,H,G000592,II,7,
119,H,G000592,AS26,3,
119,H,G000592,AS28,4,
119,H,G000592,II06,8,
119,H,G000592,II10,4,
119,H,G000592,II13,5,
119,H,B001301,AS,11,
119,H,B001301,BU,8,
119,H,B001301,VR,3,
119,H,B001301,AS03,1,Chairman
119,H,B001301,AS28,4,
119,H,B001301,VR03,2,
119,H,B001301,VR09,3,
119,H,M001194,AP,15,
119,H,M001194,ZS,1,Chairman
119,H,M001194,AP01,4,
119,H,M001194,AP04,6,
119,H,M001194,AP07,5,
119,H,S001221,PW,22,
119,H,S001221,SM,3,
119,H,S001221,PW02,12,
119,H,S001221,PW05,3,
119,H,S001221,PW07,4,
119,H,S001221,SM21,4,
119,H,S001221,SM22,1,
119,H,S001221,SM23,2,
119,H,H001058,BA,4,
119,H,H001058,FA,12,
119,H,H001058,BA20,3,
119,H,H001058,BA21,3,
119,H,H001058,FA16,4,
119,H,H001058,FA19,1,Chair
119,H,W000798,ED,1,Chair
119,H,W000798,II,17,
119,H,W000798,II13,9,
119,H,W000798,II24,4,
119,H,D000624,IF,10,
119,H,D000624,II,17,
119,H,D000624,IF14,3,
119,H,D000624,IF16,6,
119,H,D000624,IF17,7,
119,H,D000624,II06,6,
119,H,D000624,II13,3,
119,H,B001321,PW,23,
119,H,B001321,VR,14,
119,H,B001321,PW05,12,
119,H,B001321,PW12,18,
119,H,B001321,PW13,3,
119,H,B001321,VR10,5,
119,H,B001321,VR11,1,Chairman
119,H,M001237,AG,18,
119,H,M001237,PW,27,
119,H,M001237,AG16,7,
119,H,M001237,AG22,7,
119,H,M001237,PW12,15,
119,H,M001237,PW13,3,
119,H,M001136,BA,26,
119,H,M001136,ED,10,
119,H,M001136,BA10,9,
119,H,M001136,BA16,11,
119,H,M001136,ED02,7,
119,H,M001136,ED13,7,
119,H,J000307,IF,20,
119,H,J000307,IF03,9,
119,H,J000307,IF14,12,
119,H,J000307,IF17,6,
119,H,S001215,ED,12,
119,H,S001215,SY,3,
119,H,S001215,ZS,6,
119,H,S001215,ED10,2,
119,H,S001215,SY15,1,
119,H,S001215,SY16,4,
119,H,T000481,BA,17,
119,H,T000481,GO,21,
119,H,T000481,BA04,3,
119,H,T000481,BA09,2,
119,H,T000488,AG,16,
119,H,T000488,HM,4,
119,H,T000488,AG22,5,
119,H,T000488,HM09,1,
119,H,F000475,AG,17,
119,H,F000475,AS,16,
119,H,F000475,SM,8,
119,H,F000475,AG03,1,Chair
119,H,F000475,AG16,8,
119,H,F000475,AG22,8,
119,H,F000475,AG29,10,
119,H,F000475,AS25,5,
119,H,F000475,AS35,4,
119,H,F000475,SM21,3,
119,H,F000475,SM24,3,
119,H,C001119,AG,1,
119,H,M001234,SM,6,
119,H,M001234,VR,11,
119,H,M001234,SM21,1,
119,H,M001234,SM23,3,
119,H,M001234,VR03,5,
119,H,M001234,VR09,4,
119,H,M001143,AP,6,
119,H,M001143,AP02,1,
119,H,M001143,AP06,2,
119,H,O000173,BU,9,
119,H,O000173,ED,11,
119,H,O000173,ED10,1,
119,H,O000173,ED13,9,
119,H,E000294,BA,8,
119,H,E000294,BA21,2,Vice Chairman
119,H,F000470,RU,2,
119,H,F000470,WM,17,
119,H,F000470,RU04,1,Chair
119,H,F000470,WM04,9,
119,H,F000470,WM06,2,
119,H,S001212,II,8,
119,H,S001212,PW,11,
119,H,S001212,SM,2,
119,H,S001212,II06,1,Chair
119,H,S001212,II10,4,
119,H,S001212,PW05,5,
119,H,S001212,PW12,8,
119,H,S001212,PW14,5,
119,H,S001212,SM21,2,
119,H,B001324,AS,26,
119,H,B001324,GO,16,
119,H,B001324,AS25,7,
119,H,B001324,AS29,7,
119,H,B001324,GO27,3,
119,H,B001324,GO33,2,
119,H,W000812,BA,5,
119,H,W000812,IG,11,
119,H,W000812,BA09,3,
119,H,W000812,BA16,1,Chairman
119,H,W000812,IG06,5,
119,H,W000812,IG11,1,Chairwoman
119,H,O000177,ED,15,
119,H,O000177,JU,21,
119,H,O000177,PW,33,
119,H,O000177,ED02,2,
119,H,O000177,ED13,9,
119,H,O000177,JU01,12,
119,H,O000177,JU10,8,
119,H,O000177,JU13,3,
119,H,O000177,PW02,15,
119,H,O000177,PW05,20,
119,H,O000177,PW13,7,
119,H,A000379,AP,31,
119,H,A000379,SM,6,
119,H,A000379,AP04,7,
119,H,A000379,AP18,7,Vice Chair
119,H,A000379,AP19,6,
119,H,A000379,AP23,7,
119,H,A000379,SM23,5,
119,H,A000379,SM24,1,Chairman
119,H,C001061,BA,8,
119,H,C001061,BA04,1,
119,H,C001061,BA16,8,
119,H,G000546,AS,6,
119,H,G000546,PW,1,Chair
119,H,G000546,AS25,3,
119,H,B001316,GO,21,
119,H,B001316,PW,18,
119,H,B001316,GO05,1,Chairman
119,H,B001316,GO12,3,
119,H,B001316,GO16,8,
119,H,B001316,PW02,9,
119,H,B001316,PW12,14,
119,H,B001316,PW14,11,
119,H,S001195,IT,1,Vice Chairman
119,H,S001195,WM,1,Chair
119,H,K000404,PW,31,
119,H,K000404,SM,13,
119,H,K000404,VR,13,
119,H,K000404,PW05,19,
119,H,K000404,PW12,25,
119,H,K000404,PW13,5,
119,H,K000404,SM23,4,
119,H,K000404,SM27,5,
119,H,K000404,VR03,7,
119,H,K000404,VR10,4,
119,H,K000388,AG,7,
119,H,K000388,AS,9,
119,H,K000388,IG,3,
119,H,K000388,AG15,4,
119,H,K000388,AG29,4,
119,H,K000388,AS26,3,
119,H,K000388,AS28,1,Chairman
119,H,K000388,IG01,3,
119,H,K000388,IG02,2,
119,H,T000193,HM,1,
119,H,G000591,AP,23,
119,H,G000591,HM,3,
119,H,G000591,SO,1,Chair
119,H,G000591,AP10,6,
119,H,G000591,AP15,5,
119,H,G000591,AP18,3,
119,H,G000591,HM11,1,Chairman
119,H,E000235,II,18,
119,H,E000235,PW,20,
119,H,E000235,II06,11,
119,H,E000235,II13,10,Vice Chair
119,H,E000235,PW07,1,Chairman
119,H,E000235,PW13,2,
119,H,Z000018,AP,24,
119,H,Z000018,FA,21,
119,H,Z000018,AP06,5,
119,H,Z000018,AP18,4,
119,H,Z000018,AP20,5,
119,H,Z000018,FA05,5,
119,H,Z000018,FA13,7,
119,H,D000634,BA,28,
119,H,D000634,SM,12,
119,H,D000634,BA04,10,
119,H,D000634,BA16,13,
119,H,D000634,BA21,10,
119,H,D000634,SM22,4,
119,H,D000634,SM24,4,
119,H,D000230,AG,10,
119,H,D000230,AS,18,
119,H,D000230,AG16,4,
119,H,D000230,AG22,1,
119,H,D000230,AG29,3,
119,H,D000230,AS03,6,
119,H,D000230,AS25,4,
119,H,R000305,JU,13,
119,H,R000305,SO,2,
119,H,R000305,SY,4,
119,H,R000305,JU01,5,
119,H,R000305,JU03,5,
119,H,R000305,SY18,3,
119,H,R000305,SY20,1,
119,H,M001210,HA,4,
119,H,M001210,JP,2,
119,H,M001210,VR,6,
119,H,M001210,WM,12,
119,H,M001210,HA08,3,
119,H,M001210,VR03,3,
119,H,M001210,WM02,4,
119,H,M001210,WM04,7,
119,H,F000477,PW,23,
119,H,F000477,SY,6,
119,H,F000477,PW05,9,
119,H,F000477,PW14,4,
119,H,F000477,SY16,1,
119,H,F000477,SY20,5,
119,H,F000450,ED,3,
119,H,F000450,GO,5,
119,H,F000450,RU,1,Chair
119,H,F000450,ED02,4,
119,H,F000450,GO24,2,
119,H,M001240,BU,19,
119,H,M001240,II,20,
119,H,M001240,PW,28,
119,H,M001240,II13,12,
119,H,M001240,II24,5,
119,H,M001240,PW05,17,
119,H,M001240,PW07,6,
119,H,M001240,PW12,22,
119,H,R000603,AG,6,
119,H,R000603,PW,7,
119,H,R000603,SY,14,
119,H,R000603,AG15,3,
119,H,R000603,AG16,2,Vice Chair
119,H,R000603,AG22,5,
119,H,R000603,PW12,1,Chairman
119,H,R000603,PW14,2,
119,H,R000603,SY15,5,
119,H,R000603,SY18,3,
119,H,H001102,AG,27,
119,H,H001102,ED,18,
119,H,H001102,JU,20,
119,H,H001102,AG03,11,
119,H,H001102,AG16,12,
119,H,H001102,AG29,14,
119,H,H001102,ED13,10,
119,H,H001102,ED14,8,
119,H,H001102,JU05,6,
119,H,H001102,JU10,7,
119,H,H001067,IF,5,
119,H,H001067,IF16,1,Chair
119,H,H001101,AS,26,
119,H,H001101,SY,16,
119,H,H001101,AS02,6,
119,H,H001101,AS03,8,
119,H,H001101,AS26,8,
119,H,H001101,SY20,5,
119,H,H001101,SY21,4,
119,H,E000246,AP,30,
119,H,E000246,BU,16,
119,H,E000246,AP04,5,Vice Chair
119,H,E000246,AP23,6,
119,H,A000370,AG,5,
119,H,A000370,ED,6,
119,H,A000370,AG03,3,
119,H,A000370,AG14,2,
119,H,A000370,ED13,1,
119,H,A000370,ED14,6,
119,H,K000405,HM,15,
119,H,K000405,JU,19,
119,H,K000405,PW,30,
119,H,K000405,SO,5,
119,H,K000405,HM09,4,
119,H,K000405,HM11,6,
119,H,K000405,JU01,11,
119,H,K000405,JU08,6,
119,H,K000405,PW02,14,
119,H,K000405,PW05,18,
119,H,K000405,PW12,24,
119,H,M001236,BA,30,
119,H,M001236,BU,21,
119,H,M001236,BA09,2,Vice Chairman
119,H,M001236,BA20,14,
119,H,M001236,BA21,12,
119,H,F000482,IF,30,
119,H,F000482,IF03,17,
119,H,F000482,IF16,16,
119,H,F000482,IF18,13,
119,H,F000474,BA,21,
119,H,F000474,BA04,1,Chairman
119,H,F000474,BA20,12,
119,H,B001298,AG,8,
119,H,B001298,AS,10,
119,H,B001298,AG14,3,
119,H,B001298,AG29,5,
119,H,B001298,AS29,5,
119,H,B001298,AS35,1,Chairman
119,H,S001172,IT,3,
119,H,S001172,WM,3,
119,H,S001172,WM02,2,
119,H,S001172,WM04,1,Chair
119,H,P000614,PW,16,
119,H,P000614,VR,3,
119,H,P000614,PW02,11,
119,H,P000614,PW07,2,
119,H,P000614,PW12,8,
119,H,P000614,VR09,2,
119,H,P000614,VR10,1,
119,H,G000604,AS,21,
119,H,G000604,SM,11,
119,H,G000604,AS02,6,
119,H,G000604,AS25,6,
119,H,G000604,SM21,3,
119,H,G000604,SM24,5,
119,H,G000604,SM27,4,
119,H,N000188,AS,4,
119,H,N000188,ED,8,
119,H,N000188,AS25,1,
119,H,N000188,AS28,2,
119,H,N000188,AS29,3,
119,H,N000188,ED02,3,
119,H,N000188,ED13,5,
119,H,V000133,JU,11,
119,H,V000133,PW,14,
119,H,V000133,JU01,5,
119,H,V000133,JU13,1,Chair
119,H,V000133,PW05,8,
119,H,V000133,PW07,4,
119,H,V000133,PW12,11,
119,H,C001136,AS,27,
119,H,C001136,VR,10,
119,H,C001136,AS25,8,
119,H,C001136,AS35,9,
119,H,C001136,VR03,4,
119,H,C001136,VR08,3,
119,H,S000522,FA,2,
119,H,S000522,FA07,2,
119,H,S000522,FA16,1,Chair
119,H,G000583,BA,13,
119,H,G000583,IG,8,
119,H,G000583,BA10,2,
119,H,G000583,BA16,5,
119,H,G000583,BA21,4,
119,H,G000583,IG02,1,
119,H,G000583,IG04,4,
119,H,P000034,IF,1,
119,H,K000398,FA,16,
119,H,K000398,IF,26,
119,H,K000398,FA13,6,
119,H,K000398,FA19,4,
119,H,K000398,IF14,16,
119,H,K000398,IF16,14,
119,H,K000398,IF17,11,
119,H,M001226,IF,21,
119,H,M001226,IF03,3,
119,H,M001226,IF16,10,
119,H,M001226,IF18,9,
119,H,P000621,HM,12,
119,H,P000621,PW,26,
119,H,P000621,HM05,5,
119,H,P000621,PW02,13,
119,H,P000621,PW05,11,
119,H,P000621,PW12,14,
119,H,M001229,HM,9,
119,H,M001229,SM,4,
119,H,M001229,HM07,1,
119,H,M001229,HM08,3,
119,H,M001229,SM22,5,
119,H,M001229,SM24,3,
119,H,M001229,SM27,1,
119,H,W000822,AP,15,
119,H,W000822,BU,6,
119,H,W000822,AP07,5,
119,H,W000822,AP20,3,
119,H,S001218,GO,8,
119,H,S001218,II,4,
119,H,S001218,GO16,1,
119,H,S001218,II10,3,
119,H,S001218,II13,4,
119,H,V000136,AG,14,
119,H,V000136,AS,15,
119,H,V000136,AG14,6,
119,H,V000136,AG15,3,
119,H,V000136,AS03,3,
119,H,V000136,AS29,5,
119,H,L000273,II,3,
119,H,L000273,RU,4,
119,H,L000273,II10,2,
119,H,L000273,II24,1,
119,H,L000273,RU02,1,
119,H,T000468,FA,6,
119,H,T000468,PW,7,
119,H,T000468,FA07,2,
119,H,T000468,FA14,2,
119,H,T000468,PW05,14,
119,H,T000468,PW12,19,
119,H,T000468,PW13,6,
119,H,T000468,PW14,1,
119,H,A000369,AP,12,
119,H,A000369,II,16,
119,H,A000369,AP06,2,
119,H,A000369,AP15,1,Chair
119,H,A000369,AP23,3,
119,H,A000369,II10,7,
119,H,A000369,II15,4,
119,H,L000590,AP,21,
119,H,L000590,II,20,
119,H,L000590,AP02,6,
119,H,L000590,AP10,6,
119,H,L000590,II06,9,
119,H,L000590,II10,7,
119,H,H001066,WM,17,
119,H,H001066,WM01,3,
119,H,H001066,WM02,6,
119,H,L000598,AP,32,
119,H,L000598,SM,7,
119,H,L000598,AP18,8,
119,H,L000598,AP23,8,Vice Chair
119,H,L000598,AP24,2,
119,H,L000598,SM23,1,Chairman
119,H,L000598,SM27,3,
119,H,G000597,BA,19,
119,H,G000597,HM,1,Chair
119,H,G000597,SO,2,
119,H,G000597,BA04,6,
119,H,G000597,BA09,5,
119,H,G000597,BA16,2,Vice Chairman
119,H,S001201,WM,19,
119,H,S001201,WM05,8,
119,H,S001201,WM06,4,
119,H,G000602,PW,29,
119,H,G000602,SY,12,
119,H,G000602,PW02,14,
119,H,G000602,PW05,12,
119,H,G000602,PW07,6,
119,H,G000602,PW12,17,
119,H,G000602,SY16,2,
119,H,M001137,BA,4,
119,H,M001137,FA,1,
119,H,M001137,BA16,3,
119,H,M001137,BA20,3,
119,H,M001188,AP,11,
119,H,M001188,AP04,2,
119,H,M001188,AP19,1,
119,H,V000081,BA,2,
119,H,V000081,SM,1,
119,H,V000081,BA04,2,
119,H,V000081,BA20,2,
119,H,J000294,,,
119,H,C001067,IF,7,
119,H,C001067,IF02,1,
119,H,C001067,IF16,3,
119,H,C001067,IF17,6,
119,H,G000599,HM,6,
119,H,G000599,JU,18,
119,H,G000599,HM05,3,
119,H,G000599,JU08,3,
119,H,G000599,JU10,7,
119,H,M000317,EC,5,
119,H,M000317,WM,21,
119,H,M000317,WM05,10,
119,H,M000317,WM06,4,
119,H,N000002,JU,2,
119,H,N000002,PW,3,
119,H,N000002,JU01,2,
119,H,N000002,JU05,1,
119,H,N000002,PW12,13,
119,H,N000002,PW14,6,
119,H,E000297,AP,18,
119,H,E000297,AP20,6,
119,H,E000297,AP24,1,
119,H,O000172,IF,18,
119,H,O000172,IF02,6,
119,H,O000172,IF03,12,
119,H,O000172,IF14,10,
119,H,T000486,BA,18,
119,H,T000486,ZS,7,
119,H,T000486,BA04,5,
119,H,T000486,BA10,6,
119,H,T000486,BA21,6,
119,H,L000606,FA,18,
119,H,L000606,SM,7,
119,H,L000606,FA13,5,
119,H,L000606,FA19,5,
119,H,L000606,SM23,4,
119,H,L000606,SM27,3,
119,H,L000599,BA,22,
119,H,L000599,FA,17,
119,H,L000599,BA04,8,
119,H,L000599,BA16,8,
119,H,L000599,FA07,3,
119,H,L000599,FA13,1,Chair
119,H,R000579,AS,14,
119,H,R000579,PW,19,
119,H,R000579,AS26,5,
119,H,R000579,AS35,6,
119,H,R000579,PW02,4,
119,H,R000579,PW12,10,
119,H,R000579,PW14,10,
119,H,R000622,AG,21,
119,H,R000622,SY,16,
119,H,R000622,AG15,5,
119,H,R000622,AG29,5,
119,H,R000622,SY20,4,
119,H,T000469,BU,14,
119,H,T000469,IF,6,
119,H,T000469,IF02,3,
119,H,T000469,IF03,8,
119,H,T000469,IF18,1,
119,H,S001196,AS,7,
119,H,S001196,ED,6,
119,H,S001196,IG,2,
119,H,S001196,AS02,2,
119,H,S001196,AS29,4,
119,H,S001196,AS35,2,
119,H,S001196,ED13,6,
119,H,S001196,IG04,2,
119,H,S001196,IG11,2,
119,H,M001231,AG,22,
119,H,M001231,ED,15,
119,H,M001231,AG14,8,
119,H,M001231,AG22,10,
119,H,M001231,ED02,8,
119,H,M001231,ED14,4,
119,H,L000600,GO,20,
119,H,L000600,IF,25,
119,H,L000600,RU,6,
119,H,L000600,IF03,13,
119,H,L000600,IF14,15,
119,H,L000600,IF18,11,
119,H,L000600,RU02,1,Chair
119,H,T000478,IG,14,
119,H,T000478,SY,8,
119,H,T000478,WM,16,
119,H,T000478,IG04,5,
119,H,T000478,IG06,6,
119,H,T000478,SY20,4,
119,H,T000478,WM02,8,
119,H,T000478,WM04,10,
119,H,M001206,AP,22,
119,H,M001206,HA,1,
119,H,M001206,JL,4,
119,H,M001206,JP,4,
119,H,M001206,AP02,7,
119,H,M001206,AP19,3,
119,H,M001206,HA27,2,
119,H,K000402,HM,8,
119,H,K000402,VR,8,
119,H,K000402,HM07,2,
119,H,K000402,HM12,1,
119,H,K000402,VR08,2,
119,H,K000402,VR10,4,
119,H,L000601,IF,23,
119,H,L000601,IF14,13,
119,H,L000601,IF16,11,
119,H,L000601,IF18,10,
119,H,T000490,AG,28,
119,H,T000490,PW,29,
119,H,T000490,AG16,13,
119,H,T000490,AG22,12,
119,H,T000490,PW02,13,
119,H,T000490,PW12,23,
119,H,T000490,PW14,15,
119,H,B001281,BA,11,
119,H,B001281,BA10,1,
119,H,B001281,BA20,10,
119,H,J000289,GO,2,
119,H,J000289,JU,1,Chair
119,H,L000566,IF,2,
119,H,L000566,IF03,1,Chair
119,H,L000566,IF16,3,
119,H,L000566,IF18,3,
119,H,R000619,ED,13,
119,H,R000619,IF,27,
119,H,R000619,ED02,8,
119,H,R000619,ED14,5,
119,H,R000619,IF02,9,
119,H,R000619,IF03,14,
119,H,R000619,IF14,17,
119,H,M001222,SY,10,
119,H,M001222,WM,24,
119,H,M001222,SY18,2,
119,H,M001222,WM03,4,
119,H,M001222,WM06,6,
119,H,D000626,BA,10,
119,H,D000626,FA,14,
119,H,D000626,BA10,1,Chairman
119,H,D000626,BA16,5,
119,H,D000626,BA21,4,
119,H,D000626,FA14,5,
119,H,D000626,FA17,5,
119,H,K000009,AP,3,
119,H,K000009,BU,11,
119,H,K000009,AP01,5,
119,H,K000009,AP02,2,
119,H,K000009,AP10,1,
119,H,T000463,AS,3,
119,H,T000463,GO,3,
119,H,T000463,AS25,2,
119,H,T000463,AS29,3,
119,H,T000463,GO06,2,
119,H,B001313,AG,7,
119,H,B001313,GO,7,
119,H,B001313,ZS,8,
119,H,B001313,AG03,4,
119,H,B001313,AG16,3,
119,H,B001313,GO12,1,
119,H,B001306,IF,13,
119,H,B001306,IF02,2,Vice Chair
119,H,B001306,IF03,5,
119,H,B001306,IF14,8,
119,H,S001223,PW,21,
119,H,S001223,SY,7,
119,H,S001223,PW02,6,
119,H,S001223,PW12,12,
119,H,S001223,PW14,11,
119,H,S001223,SY21,1,
119,H,J000295,AP,10,
119,H,J000295,AP02,7,
119,H,J000295,AP20,7,
119,H,J000295,AP23,1,Chair
119,H,C001126,BU,15,
119,H,C001126,HA,6,
119,H,C001126,JL,3,
119,H,C001126,WM,22,
119,H,C001126,HA27,2,
119,H,C001126,WM01,2,
119,H,C001126,WM03,2,
119,H,H001082,WM,10,
119,H,H001082,WM02,5,
119,H,H001082,WM05,4,
119,H,B001317,BU,13,
119,H,B001317,HM,9,
119,H,B001317,HM09,1,Chairman
119,H,B001317,HM12,2,
119,H,L000491,AG,2,
119,H,L000491,BA,2,
119,H,L000491,AG03,3,
119,H,L000491,AG14,1,Chair
119,H,L000491,AG22,3,
119,H,L000491,BA10,3,
119,H,L000491,BA16,3,
119,H,C001053,AP,1,Chair
119,H,B000740,AP,26,
119,H,B000740,HA,5,
119,H,B000740,AP07,9,
119,H,B000740,AP18,5,
119,H,B000740,AP20,8,Vice Chair
119,H,B000740,HA27,1,Chair
119,H,B001278,ED,4,
119,H,B001278,SY,2,
119,H,B001278,ED13,7,
119,H,B001278,ED14,1,
119,H,B001278,SY18,2,
119,H,B001278,SY21,2,
119,H,B000668,IF,21,
119,H,B000668,II,11,
119,H,B000668,IF03,10,
119,H,B000668,IF14,13,
119,H,B000668,IF17,7,
119,H,B000668,II10,5,
119,H,B000668,II13,7,
119,H,D000635,II,9,
119,H,D000635,VR,9,
119,H,D000635,II10,5,
119,H,D000635,II15,1,
119,H,D000635,VR03,3,
119,H,D000635,VR09,3,
119,H,H001094,II,5,
119,H,H001094,PW,20,
119,H,H001094,II13,1,
119,H,H001094,II24,2,
119,H,H001094,PW02,5,
119,H,H001094,PW05,18,
119,H,H001094,PW12,11,
119,H,B001326,BA,23,
119,H,B001326,BA04,9,
119,H,B001326,BA16,11,
119,H,S001226,AG,9,
119,H,S001226,SY,5,
119,H,S001226,AG03,5,
119,H,S001226,AG15,1,
119,H,S001226,SY16,5,
119,H,S001226,SY20,2,
119,H,F000466,IG,5,
119,H,F000466,WM,14,
119,H,F000466,IG01,1,Chairman
119,H,F000466,IG11,3,
119,H,F000466,WM02,7,
119,H,F000466,WM05,11,
119,H,B001296,BU,1,
119,H,B001296,WM,11,
119,H,B001296,WM02,7,
119,H,B001296,WM04,9,
119,H,E000296,WM,13,
119,H,E000296,WM02,4,
119,H,E000296,WM03,4,
119,H,D000631,AP,24,
119,H,D000631,FA,23,
119,H,D000631,AP07,7,
119,H,D000631,AP19,4,
119,H,D000631,FA17,4,
119,H,S001205,JU,10,
119,H,S001205,RU,2,
119,H,S001205,JU01,4,
119,H,S001205,JU10,1,
119,H,S001205,RU04,1,
119,H,H001085,AS,9,
119,H,H001085,IG,10,
119,H,H001085,AS02,1,
119,H,H001085,AS35,4,
119,H,H001085,IG04,2,
119,H,H001085,IG11,1,
119,H,M001230,ED,16,
119,H,M001230,FA,27,
119,H,M001230,HM,14,
119,H,M001230,ED02,9,
119,H,M001230,ED10,1,Chairman
119,H,M001230,ED14,7,
119,H,M001230,FA05,7,
119,H,M001230,FA07,6,
119,H,M001230,HM05,5,
119,H,M001230,HM08,4,
119,H,M001230,HM12,4,
119,H,B001327,AG,25,
119,H,B001327,PW,25,
119,H,B001327,SM,10,
119,H,B001327,AG14,9,
119,H,B001327,AG22,10,
119,H,B001327,PW05,14,
119,H,B001327,PW12,19,
119,H,B001327,PW13,4,
119,H,B001327,SM22,3,
119,H,B001327,SM27,4,
119,H,M001204,BA,16,
119,H,M001204,SM,3,
119,H,M001204,BA09,1,Chairman
119,H,M001204,BA20,8,
119,H,M001204,SM23,2,
119,H,M001204,SM27,2,
119,H,P000605,FA,5,
119,H,P000605,GO,15,
119,H,P000605,IG,9,
119,H,P000605,PW,5,
119,H,P000605,FA17,2,
119,H,P000605,FA19,2,
119,H,P000605,GO05,5,
119,H,P000605,GO33,5,
119,H,P000605,IG06,4,
119,H,P000605,IG11,4,
119,H,P000605,PW05,3,
119,H,P000605,PW13,1,Chairman
119,H,S001199,BU,5,
119,H,S001199,EC,4,
119,H,S001199,WM,9,
119,H,S001199,WM01,6,
119,H,S001199,WM04,6,
119,H,S001199,WM05,6,
119,H,L000602,ED,14,
119,H,L000602,GO,10,
119,H,L000602,ED02,7,
119,H,L000602,ED14,3,
119,H,L000602,GO33,1,
119,H,J000302,IF,10,
119,H,J000302,IF02,1,Chair
119,H,J000302,IF14,7,
119,H,J000302,IF18,6,
119,H,R000610,AP,18,
119,H,R000610,AP04,2,
119,H,R000610,AP06,3,
119,H,R000610,AP10,5,
119,H,T000467,AG,1,Chair
119,H,T000467,ED,4,
119,H,T000467,ED13,4,
119,H,T000467,ED14,3,
119,H,K000376,WM,4,
119,H,K000376,WM02,3,
119,H,K000376,WM05,1,Chair
119,H,D000530,AS,16,
119,H,D000530,PW,24,
119,H,D000530,AS03,4,
119,H,D000530,AS28,5,
119,H,D000530,PW05,10,
119,H,D000530,PW14,5,
119,H,H001103,HM,11,
119,H,H001103,II,10,
119,H,H001103,HM05,4,
119,H,H001103,HM12,3,
119,H,H001103,II15,3,
119,H,H001103,II24,3,
119,H,A000380,BU,16,
119,H,A000380,FA,15,
119,H,A000380,SY,8,
119,H,A000380,FA05,5,
119,H,A000380,FA14,4,
119,H,A000380,SY18,1,
119,H,M001223,HM,5,
119,H,M001223,II,6,
119,H,M001223,HM05,1,
119,H,M001223,HM08,2,
119,H,M001223,II06,2,
119,H,M001223,II13,2,
119,H,M000194,AS,15,
119,H,M000194,GO,12,
119,H,M000194,VR,4,
119,H,M000194,AS02,3,
119,H,M000194,AS26,4,
119,H,M000194,AS28,6,
119,H,M000194,GO12,1,Chairwoman
119,H,M000194,GO16,3,
119,H,M000194,GO33,4,
119,H,M000194,VR09,4,
119,H,M000194,VR11,2,
119,H,W000795,AS,2,
119,H,W000795,ED,2,
119,H,W000795,FA,3,
119,H,W000795,AS03,2,
119,H,W000795,AS29,2,
119,H,W000795,ED02,3,
119,H,W000795,ED13,3,
119,H,W000795,FA13,2,
119,H,W000795,FA14,3,
119,H,B001325,FA,25,
119,H,B001325,HM,12,
119,H,B001325,SY,17,
119,H,B001325,FA05,8,
119,H,B001325,FA07,7,
119,H,B001325,HM07,3,
119,H,B001325,HM11,5,
119,H,B001325,SY15,6,
119,H,B001325,SY20,6,
119,H,T000480,BA,13,
119,H,T000480,GO,16,
119,H,T000480,BA04,4,
119,H,T000480,BA20,6,
119,H,T000480,BA21,6,
119,H,T000480,GO06,1,Chairman
119,H,T000480,GO16,5,
119,H,N000190,BA,15,
119,H,N000190,BU,2,
119,H,N000190,RU,3,
119,H,N000190,BA04,5,
119,H,N000190,BA20,7,
119,H,N000190,RU02,4,
119,H,C000537,AP,4,
119,H,C000537,AP06,4,
119,H,C000537,AP10,2,
119,H,C000537,AP20,1,
119,H,F000478,IF,23,
119,H,F000478,JU,17,
119,H,F000478,IF03,11,
119,H,F000478,IF16,13,
119,H,F000478,IF17,9,
119,H,F000478,JU01,9,
119,H,F000478,JU03,6,
119,H,J000301,AG,10,
119,H,J000301,PW,13,
119,H,J000301,ZS,7,
119,H,J000301,AG16,5,
119,H,J000301,AG22,1,Chair
119,H,J000301,PW05,7,
119,H,J000301,PW12,10,
119,H,J000301,PW14,7,
119,H,H001086,IF,16,
119,H,H001086,IF02,8,
119,H,H001086,IF03,7,
119,H,H001086,IF14,2,Vice Chair
119,H,B001309,FA,7,
119,H,B001309,GO,17,
119,H,B001309,PW,12,
119,H,B001309,FA13,4,
119,H,B001309,FA19,3,
119,H,B001309,GO16,1,Chairman
119,H,B001309,GO24,4,
119,H,B001309,PW05,6,
119,H,B001309,PW12,9,
119,H,B001309,PW14,6,
119,H,F000459,AP,9,
119,H,F000459,SY,6,
119,H,F000459,AP02,9,
119,H,F000459,AP07,4,
119,H,F000459,AP10,1,Chair
119,H,F000459,SY20,3,
119,H,D000616,AG,5,
119,H,D000616,AS,8,
119,H,D000616,AG03,5,
119,H,D000616,AG29,3,
119,H,D000616,AS28,3,
119,H,D000616,AS29,1,Chairman
119,H,O000175,BA,24,
119,H,O000175,HM,11,
119,H,O000175,BA09,6,
119,H,O000175,BA10,8,
119,H,O000175,BA16,9,
119,H,O000175,HM08,1,Chairman
119,H,O000175,HM09,3,
119,H,O000175,HM11,4,
119,H,R000612,AG,18,
119,H,R000612,BA,11,
119,H,R000612,AG14,6,
119,H,R000612,AG16,9,
119,H,R000612,AG22,2,Vice Chair
119,H,R000612,BA04,3,
119,H,R000612,BA20,5,
119,H,R000612,BA21,5,
119,H,V000139,HM,17,
119,H,V000139,SY,22,
119,H,V000139,HM05,6,
119,H,V000139,HM07,4,
119,H,V000139,HM09,5,
119,H,K000392,WM,13,
119,H,K000392,WM02,10,
119,H,K000392,WM05,7,
119,H,C001068,IG,12,
119,H,C001068,JU,4,
119,H,C001068,IG02,4,
119,H,C001068,IG11,4,
119,H,C001068,JU01,9,
119,H,C001068,JU08,4,
119,H,C001068,JU10,2,
119,H,M001224,SO,4,
119,H,M001224,WM,26,
119,H,M001224,ZS,12,
119,H,M001224,WM01,5,
119,H,M001224,WM03,6,
119,H,M001224,WM06,8,
119,H,C001120,IF,9,
119,H,C001120,IG,8,
119,H,C001120,IF02,4,
119,H,C001120,IF14,6,
119,H,C001120,IF18,2,Vice Chair
119,H,C001120,IG01,5,
119,H,C001120,IG04,1,Chairman
119,H,S001224,FA,19,
119,H,S001224,SY,15,
119,H,S001224,VR,10,
119,H,S001224,FA14,1,Chair
119,H,S001224,FA19,5,
119,H,S001224,SY16,6,
119,H,S001224,VR08,4,
119,H,S001224,VR09,5,
119,H,F000246,AS,13,
119,H,F000246,GO,13,
119,H,F000246,IG,15,
119,H,F000246,AS02,1,Chairman
119,H,F000246,AS35,3,
119,H,F000246,GO16,4,
119,H,F000246,IG04,6,
119,H,F000246,IG11,6,
119,H,G000589,AS,22,
119,H,G000589,JU,10,
119,H,G000589,AS25,7,
119,H,G000589,AS28,9,
119,H,G000589,AS35,8,
119,H,G000589,JU03,5,
119,H,G000589,JU05,4,
119,H,E000071,AP,28,
119,H,E000071,SM,5,
119,H,E000071,AP02,8,Vice Chair
119,H,E000071,AP06,6,
119,H,E000071,AP07,8,
119,H,E000071,SM21,1,Chairman
119,H,E000071,SM23,6,
119,H,F000468,IF,17,
119,H,F000468,IF02,5,
119,H,F000468,IF03,11,
119,H,F000468,IF14,9,
119,H,L000603,AS,17,
119,H,L000603,HM,7,
119,H,L000603,VR,8,
119,H,L000603,AS26,5,
119,H,L000603,AS35,5,
119,H,L000603,HM05,3,
119,H,L000603,HM08,3,
119,H,L000603,VR09,1,Chairman
119,H,L000603,VR11,3,
119,H,G000553,BA,7,
119,H,G000553,HM,15,
119,H,G000553,BA09,1,
119,H,G000553,BA20,6,
119,H,G000553,HM09,4,
119,H,G000553,HM11,5,
119,H,M001157,FA,4,
119,H,M001157,HM,2,Vice Chair
119,H,M001157,FA05,2,
119,H,M001157,FA14,2,
119,H,P000048,HM,5,
119,H,P000048,IF,15,
119,H,P000048,HM05,1,Chairman
119,H,P000048,IF03,6,
119,H,P000048,IF16,9,
119,H,P000048,IF18,8,
119,H,G000601,IF,29,
119,H,G000601,IF03,16,
119,H,G000601,IF16,15,
119,H,G000601,IF17,13,
119,H,J000304,AG,19,
119,H,J000304,AS,12,
119,H,J000304,FA,9,
119,H,J000304,IG,10,
119,H,J000304,AG14,7,
119,H,J000304,AG29,11,
119,H,J000304,AS26,1,Chairman
119,H,J000304,AS28,5,
119,H,J000304,FA13,5,
119,H,J000304,FA16,2,
119,H,J000304,FA17,4,
119,H,J000304,IG01,6,
119,H,J000304,IG09,1,Chairman
119,H,W000814,IF,11,
119,H,W000814,SY,2,
119,H,W000814,IF02,5,
119,H,W000814,IF03,2,Vice Chair
119,H,W000814,IF18,7,
119,H,W000814,SY20,1,Chair
119,H,D000594,AG,20,
119,H,D000594,BA,23,
119,H,D000594,AG03,2,Vice Chair
119,H,D000594,AG16,10,
119,H,D000594,BA04,2,Vice Chairwoman
119,H,D000594,BA20,13,
119,H,E000299,AP,25,
119,H,E000299,BU,8,
119,H,E000299,AP15,4,
119,H,E000299,AP18,3,
119,H,S000250,BA,3,
119,H,S000250,GO,10,
119,H,S000250,BA10,4,
119,H,S000250,BA16,4,
119,H,S000250,GO24,1,Chairman
119,H,S000250,GO27,3,
119,H,M001245,SY,17,
119,H,A000375,BU,1,Chair
119,H,A000375,EC,2,
119,H,A000375,WM,7,
119,H,A000375,WM04,4,
119,H,A000375,WM05,3,
119,H,C001091,FA,5,
119,H,C001091,IG,3,
119,H,C001091,FA05,3,
119,H,C001091,FA07,1,
119,H,C001091,IG01,2,
119,H,C001091,IG02,2,
119,H,C001091,IG09,1,
119,H,R000614,BU,9,
119,H,R000614,JU,7,
119,H,R000614,RU,4,
119,H,R000614,JU01,4,
119,H,R000614,JU10,1,Chair
119,H,R000614,RU02,2,
119,H,N000026,JU,12,
119,H,N000026,PW,15,
119,H,N000026,QJ,4,
119,H,N000026,JU01,6,
119,H,N000026,JU08,3,
119,H,N000026,PW05,1,Chairman
119,H,N000026,PW12,12,
119,H,N000026,PW14,8,
119,H,G000594,AP,20,
119,H,G000594,HM,6,
119,H,G000594,AP15,6,
119,H,G000594,AP19,4,
119,H,G000594,AP20,4,
119,H,G000594,HM05,2,
119,H,G000594,HM11,2,
119,H,V000134,SM,4,
119,H,V000134,WM,19,
119,H,V000134,SM24,2,
119,H,V000134,SM27,1,Chairman
119,H,V000134,WM03,7,
119,H,V000134,WM04,12,
119,H,V000134,WM05,8,
119,H,V000134,WM06,3,
119,H,W000816,BA,7,
119,H,W000816,SM,1,Chair
119,H,W000816,BA10,6,
119,H,W000816,BA20,4,
119,H,G000603,BU,20,
119,H,G000603,GO,25,
119,H,G000603,JU,23,
119,H,G000603,GO16,10,
119,H,G000603,GO24,6,
119,H,G000603,GO27,6,
119,H,G000603,JU01,14,
119,H,G000603,JU10,9,
119,H,G000603,JU13,5,
119,H,C001115,AP,22,
119,H,C001115,GO,7,
119,H,C001115,AP06,4,
119,H,C001115,AP10,7,Vice Chair
119,H,C001115,AP23,5,
119,H,C001115,GO06,3,
119,H,C001115,GO16,2,
119,H,C001063,AP,8,
119,H,C001063,AP02,3,
119,H,C001063,AP15,1,
119,H,C001063,AP18,5,
119,H,G000587,BA,19,
119,H,G000587,SO,4,
119,H,G000587,BA04,6,
119,H,G000587,BA21,7,
119,H,C001130,GO,12,
119,H,C001130,JU,19,
119,H,C001130,QJ,2,
119,H,C001130,GO16,5,
119,H,C001130,JU01,7,
119,H,C001130,JU13,1,
119,H,C001051,AP,5,
119,H,C001051,AP02,5,
119,H,C001051,AP18,1,Chair
119,H,C001051,AP19,2,
119,H,J000310,FA,20,
119,H,J000310,HA,4,
119,H,J000310,HM,10,
119,H,J000310,JL,5,
119,H,J000310,FA14,5,
119,H,J000310,FA19,6,
119,H,J000310,HA08,2,
119,H,J000310,HM11,3,
119,H,J000310,HM12,2,
119,H,V000131,IF,11,
119,H,V000131,IF03,9,
119,H,V000131,IF14,8,
119,H,V000131,IF17,8,
119,H,G000581,BA,14,
119,H,G000581,BA10,5,
119,H,G000581,BA16,6,
119,H,C001131,ED,13,
119,H,C001131,GO,11,
119,H,C001131,ED02,6,
119,H,C001131,ED10,3,
119,H,C001131,GO06,4,
119,H,C001131,GO16,4,
119,H,B001291,PW,6,
119,H,B001291,SY,1,Chair
119,H,B001291,PW02,4,
119,H,B001291,PW12,5,
119,H,D000399,BU,2,
119,H,D000399,IT,5,
119,H,D000399,WM,2,
119,H,D000399,WM02,1,
119,H,D000399,WM04,7,
119,H,D000399,WM06,5,
119,H,H001095,II,13,
119,H,H001095,JU,16,
119,H,H001095,II06,8,
119,H,H001095,II10,6,
119,H,H001095,JU01,8,
119,H,H001095,JU10,5,
119,H,M001213,BU,11,
119,H,M001213,WM,18,
119,H,M001213,WM01,7,
119,H,M001213,WM02,9,
119,H,M001213,WM04,11,
119,H,M001228,AP,34,
119,H,M001228,II,19,
119,H,M001228,AP06,7,Vice Chair
119,H,M001228,AP10,9,
119,H,M001228,AP24,4,
119,H,M001228,II10,8,
119,H,M001228,II13,11,
119,H,K000403,II,24,
119,H,K000403,PW,32,
119,H,K000403,SY,20,
119,H,K000403,II10,9,Vice Chair
119,H,K000403,II24,6,
119,H,K000403,PW12,26,
119,H,K000403,PW13,6,
119,H,K000403,PW14,16,
119,H,K000403,SY15,7,
119,H,K000403,SY16,7,
119,H,O000086,ED,9,
119,H,O000086,PW,17,
119,H,O000086,ED02,6,
119,H,O000086,ED13,1,Chairman
119,H,O000086,ED14,4,
119,H,O000086,PW05,10,
119,H,O000086,PW12,13,
119,H,O000086,PW14,10,
119,H,W000804,AS,4,
119,H,W000804,II,2,Vice Chair
119,H,W000804,ZS,2,
119,H,W000804,AS25,1,Chairman
119,H,W000804,AS28,2,
119,H,W000804,II06,2,
119,H,W000804,II13,2,
119,H,K000399,AS,18,
119,H,K000399,II,12,
119,H,K000399,VR,11,
119,H,K000399,AS02,4,
119,H,K000399,AS28,7,
119,H,K000399,AS35,6,
119,H,K000399,II06,7,
119,H,K000399,II13,8,
119,H,K000399,VR03,5,
119,H,K000399,VR08,1,Chairwoman
119,H,S000185,BU,3,
119,H,S000185,ED,1,
119,H,M001227,IF,24,
119,H,M001227,IF03,5,
119,H,M001227,IF16,12,
119,H,M001239,AS,25,
119,H,M001239,GO,24,
119,H,M001239,AS25,8,
119,H,M001239,AS35,9,
119,H,M001239,GO06,8,
119,H,M001239,GO12,5,
119,H,M001239,GO27,5,
119,H,C001118,AP,17,
119,H,C001118,BU,7,
119,H,C001118,IG,12,
119,H,C001118,JU,9,
119,H,C001118,AP01,7,
119,H,C001118,AP19,3,
119,H,C001118,IG02,6,
119,H,C001118,IG04,3,
119,H,C001118,JU03,4,
119,H,C001118,JU05,3,
119,H,V000138,AG,20,
119,H,V000138,AS,25,
119,H,V000138,AG14,7,
119,H,V000138,AG22,9,
119,H,V000138,AS28,8,
119,H,V000138,AS35,8,
119,H,B001292,EC,7,
119,H,B001292,WM,12,
119,H,B001292,WM04,4,
119,H,B001292,WM05,6,
119,H,G000568,HA,3,
119,H,G000568,IF,3,
119,H,G000568,QJ,2,
119,H,G000568,RU,8,
119,H,G000568,IF14,1,Chair
119,H,G000568,IF16,4,
119,H,G000568,IF18,4,
119,H,G000568,RU04,3,
119,H,S001230,GO,14,
119,H,S001230,SO,5,
119,H,S001230,SY,9,
119,H,S001230,GO06,1,
119,H,S001230,GO12,3,
119,H,S001230,GO16,6,
119,H,S001230,SY15,2,
119,H,S001230,SY20,6,
119,H,W000831,GO,19,
119,H,W000831,HM,13,
119,H,W000831,GO06,5,
119,H,W000831,GO16,7,
119,H,W000831,HM08,4,
119,H,W000831,HM11,4,
119,H,P000610,BU,7,
119,H,P000610,IG,7,
119,H,P000610,WM,18,
119,H,P000610,IG04,3,
119,H,P000610,IG06,3,
119,H,P000610,WM01,5,
119,H,P000610,WM05,7,
119,H,B001318,BU,10,
119,H,B001318,JU,14,
119,H,B001318,JU05,3,
119,H,B001318,JU10,5,
119,H,D000617,WM,8,
119,H,D000617,WM04,3,
119,H,D000617,WM05,2,
119,H,D000617,WM06,3,
119,H,L000560,PW,1,
119,H,G000600,AP,27,
119,H,G000600,AP01,4,
119,H,G000600,AP23,3,
119,H,N000189,AG,23,
119,H,N000189,AP,14,
119,H,N000189,ZS,4,
119,H,N000189,AG14,8,
119,H,N000189,AG15,1,Chair
119,H,N000189,AP01,5,
119,H,N000189,AP10,4,
119,H,N000189,AP15,3,
119,H,B001322,ED,17,
119,H,B001322,FA,26,
119,H,B001322,JU,24,
119,H,B001322,ED02,10,
119,H,B001322,ED13,2,
119,H,B001322,FA13,8,
119,H,B001322,FA19,7,
119,H,B001322,JU03,8,
119,H,B001322,JU05,8,
119,H,R000621,GO,13,
119,H,R000621,II,11,
119,H,R000621,GO24,4,
119,H,R000621,GO27,2,
119,H,R000621,II10,6,
119,H,R000621,II24,4,
119,H,J000298,BU,12,
119,H,J000298,FA,17,
119,H,J000298,JU,8,
119,H,J000298,FA16,4,
119,H,J000298,FA19,4,
119,H,J000298,JU01,1,
119,H,J000298,JU10,3,
119,H,S001216,IF,15,
119,H,S001216,IF03,10,
119,H,S001216,IF14,6,
119,H,S001216,IF17,10,
119,H,S000510,AS,1,
119,H,S001159,AS,13,
119,H,S001159,PW,18,
119,H,S001159,AS02,3,
119,H,S001159,AS03,2,
119,H,S001159,PW07,3,
119,H,S001159,PW12,9,
119,H,S001213,BA,12,
119,H,S001213,HA,1,Chair
119,H,S001213,JL,1,Chair
119,H,S001213,JP,1,Vice Chair
119,H,S001213,BA16,6,
119,H,S001213,BA21,1,Chairman
119,H,P000607,AP,12,
119,H,P000607,AP07,3,
119,H,P000607,AP23,2,
119,H,V000135,AG,22,
119,H,V000135,AS,24,
119,H,V000135,VR,7,
119,H,V000135,AG03,9,
119,H,V000135,AG29,2,Vice Chair
119,H,V000135,AS26,7,
119,H,V000135,AS29,6,
119,H,V000135,VR03,4,
119,H,V000135,VR10,1,Chairman
119,H,M001160,EC,8,
119,H,M001160,WM,10,
119,H,M001160,WM01,2,
119,H,M001160,WM03,3,
119,H,M001160,WM05,3,
119,H,F000471,BA,20,
119,H,F000471,JU,8,
119,H,F000471,BA04,7,
119,H,F000471,BA20,11,
119,H,F000471,JU03,3,
119,H,F000471,JU05,1,Chair
119,H,G000576,BU,4,
119,H,G000576,ED,5,
119,H,G000576,GO,6,
119,H,G000576,JU,18,
119,H,G000576,ED10,3,
119,H,G000576,ED13,5,
119,H,G000576,GO27,1,Chairman
119,H,G000576,JU01,10,
119,H,G000576,JU10,6,
119,H,T000165,II,9,
119,H,T000165,JU,5,
119,H,T000165,II06,6,
119,H,T000165,II10,1,Chair
119,H,T000165,JU01,3,
119,H,T000165,JU08,2,
119,H,W000829,AG,24,
119,H,W000829,PW,22,
119,H,W000829,SM,9,
119,H,W000829,AG03,10,
119,H,W000829,AG15,6,
119,H,W000829,AG29,12,
119,H,W000829,PW02,11,
119,H,W000829,PW05,11,
119,H,W000829,PW12,17,
119,H,W000829,SM21,4,
119,H,W000829,SM22,2,
119,H,M001205,WM,11,
119,H,M001205,WM02,6,
119,H,M001205,WM04,5,
119,H,M001235,AP,35,
119,H,M001235,AP07,10,
119,H,M001235,AP19,8,
119,H,M001235,AP24,5,Vice Chair
119,H,H001096,II,15,
119,H,H001096,JU,14,
119,H,H001096,QJ,5,
119,H,H001096,II06,10,
119,H,H001096,II13,1,Chair
119,H,H001096,JU05,5,
119,H,H001096,JU10,4,
