Congress,Committee code,ID #,Name,Maj/Min,Rank Within Party Status,Party,Date of Assignment,Date of Termination,Senior Party Member,Committee Seniority,Committee Period of Service,Committee status at end of this Congress,Committee continuity of assignment in next Congress,Appointment Citation,Committee Name,State,CD,State Name,Notes,,,,,,,,,
112,102,29393,"Lucas, Frank D.",1,1,200,1/4/11,1/3/13,11,10,2,1,1,HRES6,Agriculture,53,3,OK,,,,,,,,,,
112,102,39308,"Goodlatte, Robert W.",1,2,200,1/11/11,1/3/13,0,10,2,1,1,HRES33,Agriculture,40,6,VA,,,,,,,,,,
112,102,20116,"Johnson, Timothy V.",1,3,200,1/11/11,1/3/13,0,6,2,1,0,HRES33,Agriculture,21,15,IL,Did not seek reelection,,,,,,,,,
112,102,20325,"King, Steve",1,4,200,1/11/11,1/3/13,0,5,2,1,1,HRES33,Agriculture,31,5,IA,,,,,,,,,,
112,102,20353,"Neugebauer, Randy",1,5,200,1/11/11,1/3/13,0,5,2,1,1,HRES33,Agriculture,49,19,TX,,,,,,,,,,
112,102,20531,"Conaway, K. Michael",1,6,200,1/11/11,1/3/13,0,4,2,1,1,HRES33,Agriculture,49,11,TX,,,,,,,,,,
112,102,20518,"Fortenberry, Jeff",1,7,200,1/11/11,1/3/13,0,4,2,1,2,HRES33,Agriculture,35,1,NE,Transferred to Appropriations,,,,,,,,,
112,102,20540,"Schmidt, Jean",1,8,200,1/11/11,1/3/13,0,4,2,1,0,HRES33,Agriculture,24,2,OH,Defeated for renomination,,,,,,,,,
112,102,20946,"Thompson, Glenn",1,9,200,1/11/11,1/3/13,0,2,2,1,1,HRES33,Agriculture,14,5,PA,,,,,,,,,,
112,102,20910,"Rooney, Thomas J.",1,10,200,1/11/11,1/3/13,0,1,2,1,2,HRES33,Agriculture,43,16,FL,Transferred to Appropriations,,,,,,,,,
112,102,21100,"Stutzman, Marlin",1,11,200,1/11/11,1/3/13,0,1,2,1,2,HRES33,Agriculture,22,3,IN,Transferred to Financial Services,,,,,,,,,
112,102,21165,"Gibbs, Bob",1,12,200,1/11/11,1/3/13,0,1,2,1,1,HRES33,Agriculture,24,18,OH,,,,,,,,,,
112,102,21123,"Scott, Austin",1,13,200,1/11/11,1/3/13,0,1,2,1,1,HRES33,Agriculture,44,8,GA,,,,,,,,,,
112,102,21181,"Fincher, Stephen",1,14,200,1/11/11,5/11/11,0,1,2,2,1,HRES33,Agriculture,54,8,TN,Transferred to Financial Services,,,,,,,,,
112,102,21111,"Tipton, Scott",1,15,200,1/11/11,1/3/13,0,1,2,1,1,HRES33,Agriculture,62,3,CO,,,,,,,,,,
112,102,21114,"Southerland, Steve",1,16,200,1/11/11,1/3/13,0,1,2,1,1,HRES33,Agriculture,43,2,FL,,,,,,,,,,
112,102,21106,"Crawford, Rick",1,17,200,1/11/11,1/3/13,0,1,2,1,1,HRES33,Agriculture,42,1,AR,,,,,,,,,,
112,102,21192,"Roby, Martha",1,18,200,1/11/11,1/3/13,0,1,2,1,1,HRES33,Agriculture,41,2,AL,,,,,,,,,,
112,102,21134,"Huelskamp, Tim",1,19,200,1/11/11,1/3/13,0,1,2,1,2,HRES33,Agriculture,32,1,KS,Transferred to Small Business,,,,,,,,,
112,102,21179,"DesJarlais, Scott",1,20,200,1/11/11,1/3/13,0,1,2,1,1,HRES33,Agriculture,54,4,TN,,,,,,,,,,
112,102,21159,"Ellmers, Renee",1,21,200,1/11/11,1/3/13,0,1,2,1,2,HRES33,Agriculture,47,2,NC,Transferred to Energy and Commerce,,,,,,,,,
112,102,21156,"Gibson, Chris",1,22,200,1/11/11,1/3/13,0,1,2,1,1,HRES33,Agriculture,13,20,NY,,,,,,,,,,
112,102,21129,"Hultgren, Randy",1,23,200,1/11/11,1/3/13,0,1,2,1,2,HRES33,Agriculture,21,14,IL,Transferred to Financial Services,,,,,,,,,
112,102,21149,"Hartzler, Vicky",1,24,200,1/11/11,1/3/13,0,1,2,1,1,HRES33,Agriculture,34,4,MO,,,,,,,,,,
112,102,21130,"Schilling, Bobby",1,25,200,1/11/11,1/3/13,0,1,2,1,0,HRES33,Agriculture,21,17,IL,Defeated for reelection,,,,,,,,,
112,102,21190,"Ribble, Reid",1,26,200,1/11/11,1/3/13,0,1,2,1,1,HRES33,Agriculture,25,8,WI,,,,,,,,,,
112,102,29127,"Peterson, Collin C.",2,1,100,1/4/11,1/3/13,21,11,2,1,1,HRES7,Agriculture,33,7,MN,,,,,,,,,,
112,102,29396,"Holden, Tim",2,2,100,1/18/11,1/3/13,0,10,2,1,0,HRES39,Agriculture,14,17,PA,Defeated for renomination,,,,,,,,,
112,102,29746,"McIntyre, Mike",2,3,100,1/18/11,1/3/13,0,8,2,1,1,HRES39,Agriculture,47,7,NC,,,,,,,,,,
112,102,29721,"Boswell, Leonard L.",2,4,100,1/18/11,1/3/13,0,5,4,1,0,HRES39,Agriculture,31,3,IA,Defeated for reelection,,,,,,,,,
112,102,29942,"Baca, Joe",2,5,100,1/18/11,1/3/13,0,7,2,1,0,HRES39,Agriculture,71,43,CA,Defeated for reelection,,,,,,,,,
112,102,20306,"Cardoza, Dennis",2,6,100,1/18/11,8/14/12,0,5,2,8,0,HRES39,Agriculture,71,18,CA,"Resigned due to family concerns, 8/14/12",,,,,,,,,
112,102,20321,"Scott, David",2,7,100,1/18/11,1/3/13,0,5,2,1,1,HRES39,Agriculture,44,13,GA,,,,,,,,,,
112,102,20533,"Cuellar, Henry",2,8,100,1/18/11,1/3/13,0,4,2,1,2,HRES39,Agriculture,49,28,TX,Transferred to Appropriations,,,,,,,,,
112,102,20501,"Costa, Jim",2,9,100,1/18/11,1/3/13,0,4,2,1,1,HRES39,Agriculture,71,20,CA,,,,,,,,,,
112,102,20726,"Walz, Timothy J.",2,10,100,1/18/11,1/3/13,0,3,2,1,1,HRES39,Agriculture,33,1,MN,,,,,,,,,,
112,102,20944,"Schrader, Kurt",2,11,100,1/18/11,1/3/13,0,2,2,1,1,HRES39,Agriculture,72,5,OR,,,,,,,,,,
112,102,20938,"Kissell, Larry",2,12,100,1/18/11,1/3/13,0,2,2,1,0,HRES39,Agriculture,47,8,NC,Defeated for reelection,,,,,,,,,
112,102,20957,"Owens, Bill",2,13,100,1/18/11,1/3/13,0,2,2,1,1,HRES39,Agriculture,13,23,NY,,,,,,,,,,
112,102,20920,"Pingree, Chellie",2,14,100,1/18/11,1/3/13,0,1,2,1,2,HRES39,Agriculture,2,1,ME,Transferred to Appropriations,,,,,,,,,
112,102,20706,"Courtney, Joe",2,15,100,1/18/11,1/3/13,0,1,2,1,1,HRES39,Agriculture,1,2,CT,,,,,,,,,,
112,102,20750,"Welch, Peter",2,16,100,1/18/11,1/3/13,0,1,2,1,2,HRES39,Agriculture,6,1,VT,Transferred to Energy and Commerce,,,,,,,,,
112,102,20941,"Fudge, Marcia",2,17,100,1/18/11,1/3/13,0,1,2,1,1,HRES39,Agriculture,24,11,OH,,,,,,,,,,
112,102,70810,"Sablan, Gregorio",2,18,100,1/18/11,1/3/13,0,1,2,1,2,HRES39,Agriculture,95,1,MP,Transferred to Education and the Workforce,,,,,,,,,
112,102,21102,"Sewell, Terri A.",2,19,100,1/18/11,1/3/13,0,1,2,1,2,HRES39,Agriculture,41,7,AL,Transferred to Financial Services,,,,,,,,,
112,102,29729,"McGovern, Jim",2,20,100,1/18/11,1/3/13,0,1,2,1,1,HRES39,Agriculture,3,3,MA,,,,,,,,,,
112,102,21177,"Noem, Kristi",6,1,200,6/14/11,1/3/13,0,1,2,1,1,HRES303,Agriculture,37,1,SD,Replaced Fincher,,,,,,,,,
112,102,20958,"Garamendi, John J.",7,1,100,11/29/12,1/3/13,0,1,2,1,1,HRES822,Agriculture,71,10,CA,"Transferred from Committee on Natural Resources, H6474",,,,,,,,,
112,104,14854,"Rogers, Harold",1,1,200,1/4/11,1/3/13,11,15,2,1,1,HRES6,Appropriations,51,5,KY,,,,,,,,,,
112,104,13047,"Young, C.W. Bill",1,2,200,1/4/11,1/3/13,0,20,2,1,1,HRES6,Appropriations,43,10,FL,,,,,,,,,,
112,104,14644,"Lewis, Jerry",1,3,200,1/4/11,1/3/13,0,16,2,1,0,HRES6,Appropriations,71,41,CA,Did not seek reelection,,,,,,,,,
112,104,14869,"Wolf, Frank R.",1,4,200,1/4/11,1/3/13,0,14,2,1,1,HRES6,Appropriations,40,10,VA,,,,,,,,,,
112,104,29338,"Kingston, Jack",1,5,200,1/4/11,1/3/13,0,9,2,1,1,HRES6,Appropriations,44,1,GA,,,,,,,,,,
112,104,29541,"Frelinghuysen, Rodney P.",1,6,200,1/4/11,1/3/13,0,9,2,1,1,HRES6,Appropriations,12,11,NJ,,,,,,,,,,
112,104,29522,"Latham, Tom",1,7,200,1/4/11,1/3/13,0,8,2,1,1,HRES6,Appropriations,31,4,IA,,,,,,,,,,
112,104,29701,"Aderholt, Robert",1,8,200,1/4/11,1/3/13,0,8,2,1,1,HRES6,Appropriations,41,4,AL,,,,,,,,,,
112,104,29736,"Emerson, Jo Ann",1,9,200,1/4/11,1/3/13,0,7,2,1,1,HRES6,Appropriations,34,8,MO,,,,,,,,,,
112,104,29762,"Granger, Kay",1,10,200,1/4/11,1/3/13,0,7,2,1,1,HRES6,Appropriations,49,12,TX,,,,,,,,,,
112,104,29910,"Simpson, Michael K.",1,11,200,1/4/11,1/3/13,0,5,2,1,1,HRES6,Appropriations,63,2,ID,,,,,,,,,,
112,104,20139,"Culberson, John",1,12,200,1/4/11,1/3/13,0,5,2,1,1,HRES6,Appropriations,49,7,TX,,,,,,,,,,
112,104,20111,"Crenshaw, Ander",1,13,200,1/4/11,1/3/13,0,5,2,1,1,HRES6,Appropriations,43,4,FL,,,,,,,,,,
112,104,20125,"Rehberg, Dennis",1,14,200,1/4/11,1/3/13,0,4,2,1,0,HRES6,Appropriations,64,1,MT,Unsuccessful candidate for U.S. Senate,,,,,,,,,
112,104,20356,"Carter, John R",1,15,200,1/4/11,1/3/13,0,4,2,1,1,HRES6,Appropriations,49,31,TX,,,,,,,,,,
112,104,90327,"Alexander, Rodney",1,16,200,1/4/11,1/3/13,0,4,2,1,1,HRES6,Appropriations,45,5,LA,,,,,,,,,,
112,104,29323,"Calvert, Ken",1,17,200,1/4/11,1/3/13,0,3,2,1,1,HRES6,Appropriations,71,44,CA,,,,,,,,,,
112,104,20300,"Bonner, Jo",1,18,200,1/4/11,1/3/13,0,3,2,1,1,HRES6,Appropriations,41,1,AL,,,,,,,,,,
112,104,29553,"LaTourette, Steven C.",1,19,200,1/4/11,1/3/13,0,2,2,1,0,HRES6,Appropriations,24,14,OH,Did not seek reelection,,,,,,,,,
112,104,20344,"Cole, Tom",1,20,200,1/4/11,1/3/13,0,2,2,1,1,HRES6,Appropriations,53,4,OK,,,,,,,,,,
112,104,20100,"Flake, Jeff",1,21,200,1/4/11,1/3/13,0,1,2,1,0,HRES6,Appropriations,61,6,AZ,Elected to U.S. Senate,,,,,,,,,
112,104,20316,"Diaz-Balart, Mario",1,22,200,1/4/11,1/3/13,0,1,2,1,1,HRES6,Appropriations,25,43,FL,,,,,,,,,,
112,104,20526,"Dent, Charles W.",1,23,200,1/4/11,1/3/13,0,1,2,1,1,HRES6,Appropriations,14,15,PA,,,,,,,,,,
112,104,20940,"Austria, Steve",1,24,200,1/4/11,1/3/13,0,1,2,1,0,HRES6,Appropriations,24,7,OH,Did not seek reelection,,,,,,,,,
112,104,20953,"Lummis, Cynthia M.",1,25,200,1/4/11,1/3/13,0,1,2,1,2,HRES6,Appropriations,68,1,WY,"Transferred to Oversight and Government Reform, Natural Resources, and Science, Space, and Technology",,,,,,,,,
112,104,20962,"Graves, Tom",1,26,200,1/4/11,1/3/13,0,1,2,1,1,HRES6,Appropriations,44,9,GA,,,,,,,,,,
112,104,21135,"Yoder, Kevin",1,27,200,1/4/11,1/3/13,0,1,2,1,1,HRES6,Appropriations,32,3,KS,,,,,,,,,,
112,104,21108,"Womack, Steve",1,28,200,1/4/11,1/3/13,0,1,2,1,1,HRES6,Appropriations,3,42,AR,,,,,,,,,,
112,104,21147,"Nunnelee, Alan",1,29,200,1/4/11,1/3/13,0,1,2,1,1,HRES6,Appropriations,1,46,MS,,,,,,,,,,
112,104,14413,"Dicks, Norman D.",2,1,100,1/4/11,1/3/13,21,18,2,1,0,HRES7,Appropriations,73,6,WA,Did not seek reelection,,,,,,,,,
112,104,15029,"Kaptur, Marcy",2,2,100,1/10/11,1/3/13,0,12,2,1,1,HRES31,Appropriations,24,9,OH,,,,,,,,,,
112,104,15124,"Visclosky, Peter J.",2,3,100,1/10/11,1/3/13,0,11,2,1,1,HRES31,Appropriations,22,1,IN,,,,,,,,,,
112,104,15612,"Lowey, Nita M.",2,4,100,1/10/11,1/3/13,0,10,2,1,1,HRES31,Appropriations,13,18,NY,,,,,,,,,,
112,104,29134,"Serrano, Jose E.",2,5,100,1/10/11,1/3/13,0,9,4,1,1,HRES31,Appropriations,13,16,NY,,,,,,,,,,
112,104,29109,"DeLauro, Rosa",2,6,100,1/10/11,1/3/13,0,8,4,1,1,HRES31,Appropriations,1,3,CT,,,,,,,,,,
112,104,29149,"Moran, James P., Jr.",2,7,100,1/10/11,1/3/13,0,8,4,1,1,HRES31,Appropriations,40,8,VA,,,,,,,,,,
112,104,29123,"Olver, John W.",2,8,100,1/10/11,1/3/13,0,8,4,1,0,HRES31,Appropriations,3,1,MA,Did not seek reelection,,,,,,,,,
112,104,29101,"Pastor, Ed",2,9,100,1/10/11,1/3/13,0,8,4,1,1,HRES31,Appropriations,61,4,AZ,,,,,,,,,,
112,104,15438,"Price, David E.",2,10,100,1/10/11,1/3/13,0,8,4,1,1,HRES31,Appropriations,47,4,NC,,,,,,,,,,
112,104,29380,"Hinchey, Maurice D.",2,11,100,1/10/11,1/3/13,0,7,2,1,0,HRES31,Appropriations,13,22,NY,Did not seek reelection,,,,,,,,,
112,104,29317,"Roybal-Allard, Lucille",2,12,100,1/10/11,1/3/13,0,7,2,1,1,HRES31,Appropriations,71,34,CA,,,,,,,,,,
112,104,29313,"Farr, Sam",2,13,100,1/10/11,1/3/13,0,7,2,1,1,HRES31,Appropriations,71,17,CA,,,,,,,,,,
112,104,29585,"Jackson, Jesse L., Jr.",2,14,100,1/10/11,11/21/12,0,7,2,8,0,HRES31,Appropriations,21,2,IL,"Resigned amidst federal investigation but citing person health problems, 11/21/12",,,,,,,,,
112,104,29559,"Fattah, Chaka",2,15,100,1/10/11,1/3/13,0,6,2,1,1,HRES31,Appropriations,14,2,PA,,,,,,,,,,
112,104,29742,"Rothman, Steven R.",2,16,100,1/10/11,1/3/13,0,6,2,1,0,HRES31,Appropriations,12,9,NJ,Defeated for renomination,,,,,,,,,
112,104,29339,"Bishop, Sanford D., Jr.",2,17,100,1/10/11,1/3/13,0,5,2,1,1,HRES31,Appropriations,44,2,GA,,,,,,,,,,
112,104,29778,"Lee, Barbara",2,18,100,1/10/11,1/3/13,0,3,2,1,1,HRES31,Appropriations,71,9,CA,,,,,,,,,,
112,104,20104,"Schiff, Adam",2,19,100,1/10/11,1/3/13,0,3,2,1,1,HRES31,Appropriations,71,29,CA,,,,,,,,,,
112,104,20103,"Honda, Mike",2,20,100,1/10/11,1/3/13,0,3,2,1,1,HRES31,Appropriations,71,15,CA,,,,,,,,,,
112,104,20122,"McCollum, Betty",2,21,100,1/10/11,1/3/13,0,3,2,1,1,HRES31,Appropriations,33,4,MN,,,,,,,,,,
112,106,29315,"McKeon, Howard P. (Buck)",1,1,200,1/4/11,1/3/13,11,3,4,1,1,HRES6,Armed Services,71,25,CA,,,,,,,,,,
112,106,29356,"Bartlett, Roscoe G.",1,2,200,1/11/11,1/3/13,0,10,2,1,0,HRES33,Armed Services,52,6,MD,Defeated for reelection,,,,,,,,,
112,106,29572,"Thornberry, William M. (Mac)",1,3,200,1/11/11,1/3/13,0,9,2,1,1,HRES33,Armed Services,49,13,TX,,,,,,,,,,
112,106,29546,"Jones, Walter B., Jr.",1,4,200,1/11/11,1/3/13,0,9,2,1,1,HRES33,Armed Services,47,3,NC,,,,,,,,,,
112,106,20123,"Akin, W. Todd",1,5,200,1/11/11,1/3/13,0,6,2,1,0,HRES33,Armed Services,34,2,MO,Unsuccessful candidate for U.S. Senate,,,,,,,,,
112,106,20143,"Forbes, J. Randy",1,6,200,1/11/11,1/3/13,0,6,2,1,1,HRES33,Armed Services,40,4,VA,,,,,,,,,,
112,106,20110,"Miller, Jeff",1,7,200,1/11/11,1/3/13,0,6,2,1,1,HRES33,Armed Services,43,1,FL,,,,,,,,,,
112,106,20138,"Wilson, Addison G. (Joe)",1,8,200,1/11/11,1/3/13,0,6,2,1,1,HRES33,Armed Services,48,2,SC,,,,,,,,,,
112,106,29539,"Lobiondo, Frank A.",1,9,200,1/11/11,1/3/13,0,5,2,1,1,HRES33,Armed Services,12,2,NJ,,,,,,,,,,
112,106,20342,"Turner, Mike",1,10,200,1/11/11,1/3/13,0,5,2,1,1,HRES33,Armed Services,24,3,OH,,,,,,,,,,
112,106,20333,"Kline, John",1,11,200,1/11/11,1/3/13,0,5,2,1,1,HRES33,Armed Services,33,2,MN,,,,,,,,,,
112,106,20301,"Rogers, Mike Dennis",1,12,200,1/11/11,1/3/13,0,5,2,1,1,HRES33,Armed Services,41,3,AL,,,,,,,,,,
112,106,20304,"Franks, Trent",1,13,200,1/11/11,1/3/13,0,5,2,1,1,HRES33,Armed Services,61,2,AZ,,,,,,,,,,
112,106,20134,"Shuster, Bill",1,14,200,1/11/11,1/3/13,0,3,4,1,1,HRES33,Armed Services,14,9,PA,,,,,,,,,,
112,106,20531,"Conaway, K. Michael",1,15,200,1/11/11,1/3/13,0,4,2,1,1,HRES33,Armed Services,49,11,TX,,,,,,,,,,
112,106,20704,"Lamborn, Doug",1,16,200,1/11/11,1/3/13,0,3,2,1,1,HRES33,Armed Services,62,5,CO,,,,,,,,,,
112,106,20756,"Wittman, Robert J.",1,17,200,1/11/11,1/3/13,0,3,2,1,1,HRES33,Armed Services,40,1,VA,,,,,,,,,,
112,106,20963,"Hunter, Duncan",1,18,200,1/11/11,1/3/13,0,2,2,1,1,HRES33,Armed Services,71,52,CA,,,,,,,,,,
112,106,20918,"Fleming, John",1,19,200,1/11/11,1/3/13,0,2,2,1,1,HRES33,Armed Services,45,4,LA,,,,,,,,,,
112,106,20906,"Coffman, Mike",1,20,200,1/11/11,1/3/13,0,2,2,1,1,HRES33,Armed Services,62,6,CO,,,,,,,,,,
112,106,20910,"Rooney, Thomas J.",1,21,200,1/11/11,1/3/13,0,2,2,1,2,HRES33,Armed Services,43,16,FL,Transferred to Appropriations,,,,,,,,,
112,106,20135,"Platts, Todd Russell",1,22,200,1/11/11,1/3/13,0,2,2,1,0,HRES33,Armed Services,14,19,PA,Did not seek reelection,,,,,,,,,
112,106,21185,"Rigell, Scott",1,23,200,1/11/11,1/3/13,0,1,2,1,1,HRES33,Armed Services,40,2,VA,,,,,,,,,,
112,106,21156,"Gibson, Chris",1,24,200,1/11/11,1/3/13,0,1,2,1,1,HRES33,Armed Services,13,20,NY,,,,,,,,,,
112,106,21149,"Hartzler, Vicky",1,25,200,1/11/11,1/3/13,0,1,2,1,1,HRES33,Armed Services,34,4,MO,,,,,,,,,,
112,106,21151,"Heck, Joe",1,26,200,1/11/11,1/3/13,0,1,2,1,1,HRES33,Armed Services,65,3,NV,,,,,,,,,,
112,106,21130,"Schilling, Bobby",1,27,200,1/11/11,1/3/13,0,1,2,1,0,HRES33,Armed Services,21,17,IL,Defeated for reelection,,,,,,,,,
112,106,21153,"Runyan, Jon",1,28,200,1/11/11,1/3/13,0,1,2,1,1,HRES33,Armed Services,12,3,NJ,,,,,,,,,,
112,106,21123,"Scott, Austin",1,29,200,1/11/11,1/3/13,0,1,2,1,1,HRES33,Armed Services,44,8,GA,,,,,,,,,,
112,106,21107,"Griffin, Tim",1,30,200,1/11/11,1/3/13,0,1,2,1,2,HRES33,Armed Services,42,2,AR,Transferred to Ways and Means,,,,,,,,,
112,106,21148,"Palazzo, Steven",1,31,200,1/11/11,1/3/13,0,1,2,1,1,HRES33,Armed Services,46,4,MS,,,,,,,,,,
112,106,21119,"West, Allen",1,32,200,1/11/11,1/3/13,0,1,2,1,0,HRES33,Armed Services,43,22,FL,Defeated for reelection,,,,,,,,,
112,106,21192,"Roby, Martha",1,33,200,1/11/11,1/3/13,0,1,2,1,1,HRES33,Armed Services,41,2,AL,,,,,,,,,,
112,106,21193,"Brooks, Mo",1,34,200,1/11/11,1/3/13,0,1,2,1,1,HRES33,Armed Services,41,5,AL,,,,,,,,,,
112,106,21133,"Young, Todd",1,35,200,1/11/11,1/3/13,0,1,2,1,2,HRES33,Armed Services,22,9,IN,Transferred to Ways and Means,,,,,,,,,
112,106,29768,"Smith, Adam",2,1,100,1/4/11,1/3/13,21,8,2,1,1,HRES7,Armed Services,73,9,WA,,,,,,,,,,
112,106,29764,"Reyes, Silvestre",2,2,100,1/18/11,1/3/13,0,8,2,1,0,HRES39,Armed Services,49,16,TX,Defeated for renomination,,,,,,,,,
112,106,29709,"Sanchez, Loretta",2,3,100,1/18/11,1/3/13,0,8,2,1,1,HRES39,Armed Services,71,47,CA,,,,,,,,,,
112,106,29746,"McIntyre, Mike",2,4,100,1/18/11,1/3/13,0,8,2,1,1,HRES39,Armed Services,47,7,NC,,,,,,,,,,
112,106,29777,"Brady, Robert A.",2,5,100,1/18/11,1/3/13,0,8,2,1,1,HRES39,Armed Services,14,1,PA,,,,,,,,,,
112,106,29132,"Andrews, Robert E.",2,6,100,1/18/11,1/3/13,0,4,4,1,1,HRES39,Armed Services,12,1,NJ,,,,,,,,,,
112,106,20108,"Davis, Susan",2,7,100,1/18/11,1/3/13,0,6,2,1,1,HRES39,Armed Services,71,53,CA,,,,,,,,,,
112,106,20136,"Langevin, James",2,8,100,1/18/11,1/3/13,0,3,4,1,1,HRES39,Armed Services,5,2,RI,,,,,,,,,,
112,106,20145,"Larsen, Rick",2,9,100,1/18/11,1/3/13,0,6,2,1,1,HRES39,Armed Services,73,2,WA,,,,,,,,,,
112,106,15019,"Cooper, Jim",2,10,100,1/18/11,1/3/13,0,5,2,1,1,HRES39,Armed Services,54,5,TN,,,,,,,,,,
112,106,70701,"Bordallo, Madeleine Z. .",2,11,100,1/18/11,1/3/13,0,5,2,1,1,HRES39,Armed Services,91,79,GU,,,,,,,,,,
112,106,20706,"Courtney, Joe",2,12,100,1/18/11,1/3/13,0,3,2,1,1,HRES39,Armed Services,1,2,CT,,,,,,,,,,
112,106,20720,"Loebsack, David",2,13,100,1/18/11,1/3/13,0,3,2,1,1,HRES39,Armed Services,31,2,IA,,,,,,,,,,
112,106,20701,"Giffords, Gabrielle",2,14,100,1/18/11,1/25/12,0,3,2,8,0,HRES39,Armed Services,61,8,AZ,"Resigned for personal health concerns, 1/25/12",,,,,,,,,
112,106,20754,"Tsongas, Nicola S. (Niki)",2,15,100,1/18/11,1/3/13,0,3,2,1,1,HRES39,Armed Services,3,5,MA,,,,,,,,,,
112,106,20920,"Pingree, Chellie",2,16,100,1/18/11,1/3/13,0,2,2,1,2,HRES39,Armed Services,2,1,ME,Transferred to Appropriations,,,,,,,,,
112,106,20938,"Kissell, Larry",2,17,100,1/18/11,1/3/13,0,2,2,1,0,HRES39,Armed Services,47,8,NC,Defeated for reelection,,,,,,,,,
112,106,20930,"Heinrich, Martin",2,18,100,1/18/11,1/3/13,0,2,2,1,0,HRES39,Armed Services,66,1,NM,Elected to U.S. Senate,,,,,,,,,
112,106,20957,"Owens, Bill",2,19,100,1/18/11,1/3/13,0,2,2,1,1,HRES39,Armed Services,13,23,NY,,,,,,,,,,
112,106,20958,"Garamendi, John J.",2,20,100,1/18/11,1/3/13,0,2,2,1,1,HRES39,Armed Services,71,10,CA,,,,,,,,,,
112,106,20960,"Critz, Mark S.",2,21,100,1/18/11,1/3/13,0,1,2,1,0,HRES39,Armed Services,14,12,PA,Defeated for reelection,,,,,,,,,
112,106,20343,"Ryan, Timothy J.",2,22,100,1/18/11,1/3/13,0,1,4,1,2,HRES39,Armed Services,24,17,OH,Transferred to Appropriations,,,,,,,,,
112,106,20329,"Ruppersberger, C.A. Dutch",2,23,100,1/18/11,6/25/12,0,1,4,3,2,HRES39,Armed Services,52,2,MD,"Left committee for no other reason, H3978",,,,,,,,,
112,106,20712,"Johnson, Henry C. ""Hank"", Jr.",2,24,100,1/18/11,1/3/13,0,4,2,1,1,HRES39,Armed Services,44,4,GA,,,,,,,,,,
112,106,20708,"Castor, Kathy",2,25,100,1/18/11,1/3/13,0,1,4,1,2,HRES39,Armed Services,43,11,FL,,,,,,,,,,
112,106,20740,"Sutton, Betty",2,26,100,1/18/11,1/3/13,0,1,2,1,0,HRES39,Armed Services,24,13,OH,Defeated for reelection,,,,,,,,,
112,106,21124,"Hanabusa, Colleen",2,27,100,1/18/11,1/3/13,0,1,4,1,1,HRES39,Armed Services,82,1,HI,,,,,,,,,,
112,106,21194,"Hochul, Kathleen C.",5,28,100,7/28/11,1/3/13,0,1,2,1,0,HRES377,Armed Services,13,26,NY,"Replaced Harman; elected in special election, to replace Chris Lee, 5/24/11; defeated for reelection",,,,,,,,,
112,106,20762,"Speier, Karen Lorraine Jacqueline (Jackie)",7,1,100,2/16/12,1/3/13,0,1,2,1,1,HRES553,Armed Services,71,12,CA,"Transferred from Committee on Homeland Security, H886",,,,,,,,,
112,106,21199,"Barber, Ron",7,2,100,6/26/12,1/3/13,0,1,2,1,1,HRES707,Armed Services,61,8,AZ,Replaced Ruppersberger; late appointment,,,,,,,,,
112,113,29301,"Bachus, Spencer",1,1,200,1/4/11,1/3/13,11,10,2,1,1,HRES6,Financial Services,41,6,AL,,,,,,,,,,
112,113,29375,"King, Peter T.",1,2,200,1/11/11,1/3/13,0,3,4,1,1,HRES33,Financial Services,13,3,NY,,,,,,,,,,
112,113,29321,"Royce, Ed",1,3,200,1/11/11,1/3/13,0,9,2,1,1,HRES33,Financial Services,71,40,CA,,,,,,,,,,
112,113,29393,"Lucas, Frank D.",1,4,200,1/11/11,1/3/13,0,9,2,1,1,HRES33,Financial Services,53,3,OK,,,,,,,,,,
112,113,14290,"Paul, Ron",1,5,200,1/11/11,1/3/13,0,8,5,1,0,HRES33,Financial Services,49,14,TX,Did not seek reelection,,,,,,,,,
112,113,29349,"Manzullo, Donald",1,6,200,1/11/11,1/3/13,0,8,2,1,0,HRES33,Financial Services,21,16,IL,Defeated for renomination,,,,,,,,,
112,113,29546,"Jones, Walter B., Jr.",1,7,200,1/11/11,1/3/13,0,8,2,1,2,HRES33,Financial Services,47,3,NC,Left for no other,,,,,,,,,
112,113,29912,"Biggert, Judy.",1,8,200,1/11/11,1/3/13,0,7,2,1,0,HRES33,Financial Services,21,13,IL,Did not seek reelection,,,,,,,,,
112,113,29905,"Miller, Gary G.",1,9,200,1/11/11,1/3/13,0,6,2,1,1,HRES33,Financial Services,71,42,CA,,,,,,,,,,
112,113,20146,"Capito, Shelley Moore",1,10,200,1/11/11,1/3/13,0,5,2,1,1,HRES33,Financial Services,56,2,WV,,,,,,,,,,
112,113,20352,"Hensarling, Jeb",1,11,200,1/11/11,1/3/13,0,5,2,1,1,HRES33,Financial Services,49,5,TX,,,,,,,,,,
112,113,20336,"Garrett, Scott",1,12,200,1/11/11,1/3/13,0,5,2,1,1,HRES33,Financial Services,12,5,NJ,,,,,,,,,,
112,113,20353,"Neugebauer, Randy",1,13,200,1/11/11,1/3/13,0,4,2,1,1,HRES33,Financial Services,49,19,TX,,,,,,,,,,
112,113,20522,"McHenry, Patrick T.",1,14,200,1/11/11,1/3/13,0,4,2,1,1,HRES33,Financial Services,47,10,NC,,,,,,,,,,
112,113,20539,"Campbell, John",1,15,200,1/11/11,1/3/13,0,4,2,1,1,HRES33,Financial Services,71,48,CA,,,,,,,,,,
112,113,20728,"Bachmann, Michele",1,16,200,1/11/11,1/3/13,0,3,2,1,1,HRES33,Financial Services,33,6,MN,,,,,,,,,,
112,113,20532,"Marchant, Kenny",1,17,200,1/11/11,3/15/11,0,3,2,2,2,HRES33,Financial Services,49,24,TX,"Resigned from committee for no other appointment, H1826; transferred to Education and the Workforce",,,,,,,,,
112,113,20332,"McCotter, Thaddeus G.",1,18,200,1/11/11,7/6/12,0,3,2,8,0,HRES33,Financial Services,23,11,MI,"Resigned due to staff fraud in campaign signatures, 7/6/12",,,,,,,,,
112,113,20703,"McCarthy, Kevin",1,19,200,1/11/11,1/3/13,0,3,2,1,1,HRES33,Financial Services,71,22,CA,,,,,,,,,,
112,113,20337,"Pearce, Stevan",1,20,200,1/11/11,1/3/13,0,1,4,1,1,HRES33,Financial Services,66,2,NM,,,,,,,,,,
112,113,20909,"Posey, Bill",1,21,200,1/11/11,1/3/13,0,2,2,1,1,HRES33,Financial Services,43,15,FL,,,,,,,,,,
112,113,21169,"Fitzpatrick, Michael G.",1,22,200,1/11/11,1/3/13,0,1,2,1,1,HRES33,Financial Services,14,8,PA,,,,,,,,,,
112,113,20506,"Westmoreland, Lynn A.",1,23,200,1/11/11,1/3/13,0,1,2,1,1,HRES33,Financial Services,44,3,GA,,,,,,,,,,
112,113,20926,"Luetkemeyer, Blaine",1,24,200,1/11/11,1/3/13,0,1,2,1,1,HRES33,Financial Services,34,9,MO,,,,,,,,,,
112,113,21142,"Huizenga, Bill",1,25,200,1/11/11,1/3/13,0,1,2,1,1,HRES33,Financial Services,23,2,MI,,,,,,,,,,
112,113,21189,"Duffy, Sean P.",1,26,200,1/11/11,1/3/13,0,1,2,1,1,HRES33,Financial Services,25,7,WI,,,,,,,,,,
112,113,21155,"Hayworth, Nan",1,27,200,1/11/11,1/3/13,0,1,2,1,0,HRES33,Financial Services,13,19,NY,Defeated for reelection,,,,,,,,,
112,113,21164,"Renacci, Jim",1,28,200,1/11/11,1/3/13,0,1,2,1,1,HRES33,Financial Services,24,16,OH,,,,,,,,,,
112,113,21186,"Hurt, Robert",1,29,200,1/11/11,1/3/13,0,1,2,1,1,HRES33,Financial Services,40,5,VA,,,,,,,,,,
112,113,21127,"Dold, Robert",1,30,200,1/11/11,1/3/13,0,1,2,1,0,HRES33,Financial Services,21,10,IL,Defeated for reelection,,,,,,,,,
112,113,21105,"Schweikert, David",1,31,200,1/11/11,1/3/13,0,1,2,1,2,HRES33,Financial Services,61,5,AZ,"Transferred to Science, Space, and Technology and Small Business",,,,,,,,,
112,113,21154,"Grimm, Michael",1,32,200,1/11/11,1/3/13,0,1,2,1,1,HRES33,Financial Services,13,13,NY,,,,,,,,,,
112,113,21183,"Canseco, Francisco",1,33,200,1/11/11,1/3/13,0,1,2,1,0,HRES33,Financial Services,49,23,TX,Defeated for reelection,,,,,,,,,
112,113,21163,"Stivers, Steve",1,34,200,1/11/11,1/3/13,0,1,2,1,1,HRES33,Financial Services,24,15,OH,,,,,,,,,,
112,113,14824,"Frank, Barney",2,1,100,1/4/11,1/3/13,21,16,2,1,0,HRES7,Financial Services,3,4,MA,Did not seek reelection,,,,,,,,,
112,113,29106,"Waters, Maxine",2,2,100,1/18/11,1/3/13,0,11,2,1,1,HRES39,Financial Services,71,35,CA,,,,,,,,,,
112,113,29379,"Maloney, Carolyn B.",2,3,100,1/18/11,1/3/13,0,10,2,1,1,HRES39,Financial Services,13,14,NY,,,,,,,,,,
112,113,29348,"Gutierrez, Luis V.",2,4,100,1/18/11,1/3/13,0,10,2,1,1,HRES39,Financial Services,21,4,IL,,,,,,,,,,
112,113,29378,"Velazquez, Nydia M.",2,5,100,1/18/11,1/3/13,0,10,2,1,1,HRES39,Financial Services,13,12,NY,,,,,,,,,,
112,113,29383,"Watt, Melvin",2,6,100,1/18/11,1/3/13,0,10,2,1,1,HRES39,Financial Services,47,12,NC,,,,,,,,,,
112,113,15000,"Ackerman, Gary L.",2,7,100,1/18/11,1/3/13,0,7,5,1,0,HRES39,Financial Services,13,5,NY,Did not seek reelection,,,,,,,,,
112,113,29707,"Sherman, Brad",2,8,100,1/18/11,1/3/13,0,8,2,1,1,HRES39,Financial Services,71,27,CA,,,,,,,,,,
112,113,29776,"Meeks, Gregory W.",2,9,100,1/18/11,1/3/13,0,8,2,1,1,HRES39,Financial Services,13,6,NY,,,,,,,,,,
112,113,29919,"Capuano, Michael E.",2,10,100,1/18/11,1/3/13,0,7,2,1,1,HRES39,Financial Services,3,8,MA,,,,,,,,,,
112,113,29763,"Hinojosa, Ruben",2,11,100,1/18/11,1/3/13,0,6,2,1,1,HRES39,Financial Services,49,15,TX,,,,,,,,,,
112,113,20147,"Clay, William L., Jr.",2,12,100,1/18/11,1/3/13,0,6,4,1,1,HRES39,Financial Services,34,1,MO,,,,,,,,,,
112,113,29744,"McCarthy, Carolyn",2,13,100,1/18/11,1/3/13,0,5,2,1,1,HRES39,Financial Services,13,4,NY,,,,,,,,,,
112,113,29942,"Baca, Joe",2,14,100,1/18/11,1/3/13,0,5,2,1,0,HRES39,Financial Services,71,43,CA,Defeated for reelection,,,,,,,,,
112,113,20119,"Lynch, Stephen F.",2,15,100,1/18/11,1/3/13,0,5,2,1,1,HRES39,Financial Services,3,9,MA,,,,,,,,,,
112,113,20341,"Miller, Brad",2,16,100,1/18/11,1/3/13,0,5,2,1,0,HRES39,Financial Services,47,13,NC,Did not seek reelection,,,,,,,,,
112,113,20321,"Scott, David",2,17,100,1/18/11,1/3/13,0,5,2,1,1,HRES39,Financial Services,44,13,GA,,,,,,,,,,
112,113,20529,"Green, Al",2,18,100,1/18/11,1/3/13,0,4,2,1,1,HRES39,Financial Services,49,9,TX,,,,,,,,,,
112,113,20517,"Cleaver, Emanuel",2,19,100,1/18/11,1/3/13,0,4,2,1,1,HRES39,Financial Services,34,5,MO,,,,,,,,,,
112,113,20537,"Moore, Gwen",2,20,100,1/18/11,1/3/13,0,4,2,1,1,HRES39,Financial Services,25,4,WI,,,,,,,,,,
112,113,20727,"Ellison, Keith",2,21,100,1/18/11,1/3/13,0,3,2,1,1,HRES39,Financial Services,33,5,MN,,,,,,,,,,
112,113,20705,"Perlmutter, Ed",2,22,100,1/18/11,1/3/13,0,3,2,1,1,HRES39,Financial Services,62,7,CO,,,,,,,,,,
112,113,20717,"Donnelly, Joe",2,23,100,1/18/11,1/3/13,0,3,2,1,0,HRES39,Financial Services,22,2,IN,Elected to U.S. Senate,,,,,,,,,
112,113,20757,"Carson, Andre",2,24,100,1/18/11,1/3/13,0,3,2,1,2,HRES39,Financial Services,22,7,IN,Transferred to Armed Services and Transportation and Infrastructure,,,,,,,,,
112,113,20907,"Himes, James A.",2,25,100,1/18/11,1/3/13,0,2,2,1,1,HRES39,Financial Services,1,4,CT,,,,,,,,,,
112,113,20923,"Peters, Gary C.",2,26,100,1/18/11,1/3/13,0,2,2,1,1,HRES39,Financial Services,23,9,MI,,,,,,,,,,
112,113,21113,"Carney, John",2,27,100,1/18/11,1/3/13,0,1,2,1,1,HRES39,Financial Services,11,1,DE,,,,,,,,,,
112,113,21181,"Fincher, Stephen",6,1,200,5/11/11,1/3/13,0,1,2,1,1,HRES263,Financial Services,54,8,TN,Replaced Marchant,,,,,,,,,
112,113,21152,"Guinta, Frank",6,2,200,8/1/12,1/3/13,0,1,2,1,0,HRES751,Financial Services,4,1,NH,Replaced McCotter; defeated for reelection,,,,,,,,,
112,115,29939,"Ryan, Paul",1,1,200,1/4/11,1/3/13,11,4,4,1,1,HRES6,Budget,25,1,WI,,,,,,,,,,
112,115,20336,"Garrett, Scott",1,2,200,1/17/11,1/3/13,0,5,2,1,1,HRES37,Budget,12,5,NJ,,,,,,,,,,
112,115,29910,"Simpson, Michael K.",1,3,200,1/17/11,1/3/13,0,4,2,1,2,HRES37,Budget,63,2,ID,Left for no other,,,,,,,,,
112,115,20539,"Campbell, John",1,4,200,1/17/11,1/3/13,0,3,2,1,1,HRES37,Budget,71,48,CA,,,,,,,,,,
112,115,29323,"Calvert, Ken",1,5,200,1/17/11,1/3/13,0,1,2,1,1,HRES37,Budget,71,44,CA,,,,,,,,,,
112,115,20123,"Akin, W. Todd",1,6,200,1/17/11,1/3/13,0,1,2,1,0,HRES37,Budget,34,2,MO,Unsuccessful candidate for U.S. Senate,,,,,,,,,
112,115,20344,"Cole, Tom",1,7,200,1/17/11,1/3/13,0,1,2,1,1,HRES37,Budget,53,4,OK,,,,,,,,,,
112,115,20505,"Price, Tom",1,8,200,1/17/11,1/3/13,0,1,2,1,1,HRES37,Budget,44,6,GA,,,,,,,,,,
112,115,20903,"McClintock, Tom",1,9,200,1/17/11,1/3/13,0,1,2,1,1,HRES37,Budget,71,4,CA,,,,,,,,,,
112,115,20949,"Chaffetz, Jason",1,10,200,1/24/11,1/3/13,0,1,2,1,2,HRES53,Budget,67,3,UT,Transferred to Homeland Security,,,,,,,,,
112,115,21100,"Stutzman, Marlin",1,11,200,1/17/11,1/3/13,0,1,2,1,2,HRES37,Budget,22,3,IN,Transferred to Financial Services,,,,,,,,,
112,115,21166,"Lankford, James",1,12,200,1/17/11,1/3/13,0,1,2,1,1,HRES37,Budget,53,5,OK,,,,,,,,,,
112,115,21180,"Black, Diane",1,13,200,1/17/11,1/3/13,0,1,2,1,1,HRES37,Budget,54,6,TN,,,,,,,,,,
112,115,21190,"Ribble, Reid",1,14,200,1/17/11,1/3/13,0,1,2,1,1,HRES37,Budget,25,8,WI,,,,,,,,,,
112,115,21182,"Flores, Bill",1,15,200,1/17/11,1/3/13,0,1,3,1,1,HRES37,Budget,49,17,TX,,,,,,,,,,
112,115,21176,"Mulvaney, Mick",1,16,200,1/17/11,1/3/13,0,1,2,1,2,HRES37,Budget,48,5,SC,Transferred to Financial Services,,,,,,,,,
112,115,21134,"Huelskamp, Tim",1,17,200,1/17/11,1/3/13,0,1,2,1,2,HRES37,Budget,32,1,KS,Transferred to Small Business,,,,,,,,,
112,115,21133,"Young, Todd",1,18,200,1/17/11,1/3/13,0,1,2,1,2,HRES37,Budget,22,9,IN,Transferred to Ways and Means,,,,,,,,,
112,115,21143,"Amash, Justin",1,19,200,1/17/11,1/3/13,0,1,2,1,2,HRES37,Budget,23,3,MI,Left for no other,,,,,,,,,
112,115,21131,"Rokita, Todd",1,20,200,1/17/11,1/3/13,0,1,2,1,1,HRES37,Budget,22,4,IN,,,,,,,,,,
112,115,21152,"Guinta, Frank",1,21,200,1/24/11,8/1/12,0,1,2,3,0,HRES53,Budget,4,1,NH,"Left committee for no other reason, H5538; defeated for reelection",,,,,,,,,
112,115,21122,"Woodall, Robert",1,22,200,2/8/11,1/3/13,0,1,2,1,1,HRES78,Budget,44,7,GA,,,,,,,,,,
112,115,20330,"Van Hollen, Chris",2,1,100,1/4/11,1/3/13,21,1,2,1,1,HRES7,Budget,52,8,MD,,,,,,,,,,
112,115,20525,"Schwartz, Allyson Y.",2,2,100,1/24/11,1/3/13,0,4,2,1,1,HRES52,Budget,14,13,PA,,,,,,,,,,
112,115,15029,"Kaptur, Marcy",2,3,100,1/24/11,1/3/13,0,3,4,1,2,HRES52,Budget,24,9,OH,Left for no other,,,,,,,,,
112,115,29571,"Doggett, Lloyd",2,4,100,1/24/11,1/3/13,0,3,4,1,2,HRES52,Budget,49,25,TX,Left for no other,,,,,,,,,
112,115,29588,"Blumenauer, Earl",2,5,100,1/24/11,1/3/13,0,3,2,1,1,HRES52,Budget,72,3,OR,,,,,,,,,,
112,115,20122,"McCollum, Betty",2,6,100,1/24/11,1/3/13,0,2,2,1,2,HRES52,Budget,33,4,MN,Left for no other,,,,,,,,,
112,115,20723,"Yarmuth, John A.",2,7,100,1/24/11,1/3/13,0,2,2,1,1,HRES52,Budget,51,3,KY,,,,,,,,,,
112,115,29741,"Pascrell, William J., Jr.",2,8,100,1/24/11,1/3/13,0,1,2,1,1,HRES52,Budget,12,8,NJ,,,,,,,,,,
112,115,20103,"Honda, Mike",2,9,100,1/24/11,1/3/13,0,1,4,1,2,HRES52,Budget,71,15,CA,Left for no other,,,,,,,,,
112,115,20343,"Ryan, Timothy J.",2,10,100,1/24/11,1/3/13,0,1,2,1,1,HRES52,Budget,24,17,OH,,,,,,,,,,
112,115,20504,"Wasserman Schultz, Debbie",2,11,100,1/24/11,1/3/13,0,1,4,1,1,HRES52,Budget,43,20,FL,,,,,,,,,,
112,115,20537,"Moore, Gwen",2,12,100,1/24/11,1/3/13,0,3,2,1,1,HRES52,Budget,25,4,WI,,,,,,,,,,
112,115,20708,"Castor, Kathy",2,13,100,1/24/11,1/3/13,0,1,2,1,1,HRES52,Budget,43,11,FL,,,,,,,,,,
112,115,20737,"Shuler, Heath",2,14,100,1/24/11,1/3/13,0,1,2,1,0,HRES52,Budget,47,11,NC,Did not seek reelection,,,,,,,,,
112,115,20934,"Tonko, Paul",2,15,100,1/24/11,2/16/12,0,1,2,3,2,HRES52,Budget,13,21,NY,"Resigned from committee for no other appointment, H887",,,,,,,,,
112,115,21110,"Bass, Karen",2,16,100,1/24/11,1/3/13,0,1,2,1,2,HRES52,Budget,71,33,CA,Transferred to no other,,,,,,,,,
112,115,21198,"Bonamici, Suzanne",7,1,100,2/16/12,1/3/13,0,1,2,1,2,HRES553,Budget,72,1,OR,To replace Tonko; transferred to Education and the Workforce,,,,,,,,,
112,124,20333,"Kline, John",1,1,200,1/4/11,1/3/13,11,5,2,1,1,HRES6,Education and the Workplace,33,2,MN,,,,,,,,,,
112,124,14675,"Petri, Thomas E.",1,2,200,1/17/11,1/3/13,0,17,2,1,1,HRES37,Education and the Workplace,25,6,WI,,,,,,,,,,
112,124,29315,"McKeon, Howard P. (Buck)",1,3,200,1/17/11,1/3/13,0,2,4,1,1,HRES37,Education and the Workplace,71,25,CA,,,,,,,,,,
112,124,29912,"Biggert, Judy.",1,4,200,1/17/11,1/3/13,0,6,2,1,0,HRES37,Education and the Workplace,21,13,IL,Defeated for reelection,,,,,,,,,
112,124,20135,"Platts, Todd Russell",1,5,200,1/17/11,1/3/13,0,6,2,1,0,HRES37,Education and the Workplace,14,19,PA,Did not seek reelection,,,,,,,,,
112,124,20138,"Wilson, Addison G. (Joe)",1,6,200,1/17/11,1/3/13,0,6,2,1,1,HRES37,Education and the Workplace,48,2,SC,,,,,,,,,,
112,124,20521,"Foxx, Virginia",1,7,200,1/17/11,1/3/13,0,4,2,1,1,HRES37,Education and the Workplace,47,5,NC,,,,,,,,,,
112,124,20963,"Hunter, Duncan",1,9,200,1/17/11,1/3/13,0,2,2,1,1,HRES37,Education and the Workplace,71,52,CA,,,,,,,,,,
112,124,20947,"Roe, David P.",1,10,200,1/17/11,1/3/13,0,2,2,1,1,HRES37,Education and the Workplace,54,1,TN,,,,,,,,,,
112,124,20946,"Thompson, Glenn",1,11,200,1/17/11,1/3/13,0,2,2,1,1,HRES37,Education and the Workplace,14,5,PA,,,,,,,,,,
112,124,20725,"Walberg, Tim",1,12,200,1/17/11,1/3/13,0,1,2,1,1,HRES37,Education and the Workplace,23,7,MI,,,,,,,,,,
112,124,21179,"DesJarlais, Scott",1,13,200,1/17/11,1/3/13,0,1,2,1,1,HRES37,Education and the Workplace,54,4,TN,,,,,,,,,,
112,124,21157,"Hanna, Richard",1,14,200,1/17/11,1/3/13,0,1,2,1,2,HRES37,Education and the Workplace,13,24,NY,Left for no other,,,,,,,,,
112,124,21131,"Rokita, Todd",1,15,200,1/17/11,1/3/13,0,1,2,1,1,HRES37,Education and the Workplace,22,4,IN,,,,,,,,,,
112,124,21132,"Bucshon, Larry",1,16,200,1/17/11,1/3/13,0,1,2,1,1,HRES37,Education and the Workplace,22,8,IN,,,,,,,,,,
112,124,21175,"Gowdy, Trey",1,17,200,1/17/11,1/3/13,0,1,2,1,1,HRES37,Education and the Workplace,48,4,SC,,,,,,,,,,
112,124,21171,"Barletta, Lou",1,18,200,1/17/11,1/3/13,0,1,2,1,1,HRES37,Education and the Workplace,14,11,PA,,,,,,,,,,
112,124,21177,"Noem, Kristi",1,19,200,1/17/11,1/3/13,0,1,2,1,2,HRES37,Education and the Workplace,37,1,SD,Transferred to Armed Services,,,,,,,,,
112,124,21192,"Roby, Martha",1,20,200,1/17/11,1/3/13,0,1,2,1,1,HRES37,Education and the Workplace,41,2,AL,,,,,,,,,,
112,124,21151,"Heck, Joe",1,21,200,1/17/11,1/3/13,0,1,2,1,1,HRES37,Education and the Workplace,65,3,NV,,,,,,,,,,
112,124,21117,"Ross, Dennis",1,22,200,1/17/11,1/3/13,0,1,2,1,2,HRES37,Education and the Workplace,43,12,FL,Transferred to Financial Services,,,,,,,,,
112,124,21167,"Kelly, Mike",1,23,200,1/17/11,1/3/13,0,1,2,1,2,HRES37,Education and the Workplace,14,3,PA,Transferred to Ways and Means,,,,,,,,,
112,124,14256,"Miller, George",2,1,100,1/4/11,1/3/13,21,12,3,1,1,HRES7,Education and the Workplace,71,7,CA,,,,,,,,,,
112,124,14430,"Kildee, Dale E.",2,2,100,1/18/11,1/3/13,0,18,2,1,0,HRES39,Education and the Workplace,23,5,MI,Did not seek reelection,,,,,,,,,
112,124,15619,"Payne, Donald M.",2,3,100,1/18/11,3/6/12,0,12,2,5,0,HRES39,Education and the Workplace,12,10,NJ,"Died, 3/6/12",,,,,,,,,
112,124,29132,"Andrews, Robert E.",2,4,100,1/18/11,1/3/13,0,11,2,1,1,HRES39,Education and the Workplace,12,1,NJ,,,,,,,,,,
112,124,39307,"Scott, Robert C.",2,5,100,1/18/11,1/3/13,0,4,4,1,1,HRES39,Education and the Workplace,40,3,VA,,,,,,,,,,
112,124,29309,"Woolsey, Lynn",2,6,100,1/18/11,1/3/13,0,10,2,1,0,HRES39,Education and the Workplace,71,6,CA,Did not seek reelection,,,,,,,,,
112,124,29763,"Hinojosa, Ruben",2,7,100,1/18/11,1/3/13,0,8,2,1,1,HRES39,Education and the Workplace,49,15,TX,,,,,,,,,,
112,124,29744,"McCarthy, Carolyn",2,8,100,1/18/11,1/3/13,0,8,2,1,1,HRES39,Education and the Workplace,13,4,NY,,,,,,,,,,
112,124,29730,"Tierney, John",2,9,100,1/18/11,1/3/13,0,8,2,1,1,HRES39,Education and the Workplace,3,6,MA,,,,,,,,,,
112,124,29748,"Kucinich, Dennis",2,10,100,1/18/11,1/3/13,0,8,2,1,0,HRES39,Education and the Workplace,24,10,OH,Defeated for renomination,,,,,,,,,
112,124,29931,"Wu, David",2,11,100,1/18/11,1/31/12,0,7,2,8,0,HRES39,Education and the Workplace,72,1,OR,"Resigned due to a sex scandal, 1/31/12",,,,,,,,,
112,124,29923,"Holt, Rush D.",2,12,100,1/18/11,1/3/13,0,7,2,1,1,HRES39,Education and the Workplace,12,12,NJ,,,,,,,,,,
112,124,20108,"Davis, Susan",2,13,100,1/18/11,1/3/13,0,6,2,1,1,HRES39,Education and the Workplace,71,53,CA,,,,,,,,,,
112,124,20305,"Grijalva, Raul M",2,14,100,1/18/11,1/3/13,0,5,2,1,1,HRES39,Education and the Workplace,61,7,AZ,,,,,,,,,,
112,124,20338,"Bishop, Timothy",2,15,100,1/18/11,1/3/13,0,5,2,1,1,HRES39,Education and the Workplace,13,1,NY,,,,,,,,,,
112,124,20720,"Loebsack, David",2,16,100,1/18/11,1/3/13,0,3,2,1,1,HRES39,Education and the Workplace,31,2,IA,,,,,,,,,,
112,124,20713,"Hirono, Mazie K.",2,17,100,1/18/11,1/3/13,0,3,2,1,0,HRES39,Education and the Workplace,82,2,HI,Elected to U.S. Senate,,,,,,,,,
112,124,39308,"Goodlatte, Robert W.",4,8,200,5/24/11,1/3/13,0,1,2,1,2,HRES274,Education and the Workplace,40,6,VA,To rank immediately after Ms Foxx; left for no other,,,,,,,,,
112,124,20743,"Altmire, Jason",5,18,100,9/13/11,1/3/13,0,1,2,1,0,HRES 398,Education and the Workplace,14,4,PA,"Transferred from Committee on Small Business, H6123; defeated for renomination",,,,,,,,,
112,124,20941,"Fudge, Marcia",7,1,100,3/20/12,1/3/13,0,1,2,1,1,HRES590,Education and the Workplace,24,11,OH,"Transferred from Committee on Science, Space, & Technology, H1411; replaced Payne",,,,,,,,,
112,128,15446,"Upton, Frederick S.",1,1,200,1/4/11,1/3/13,11,11,2,1,1,HRES6,Energy and Commerce,23,6,MI,,,,,,,,,,
112,128,15085,"Barton, Joe L.",1,2,200,1/11/11,1/3/13,0,13,2,1,1,HRES33,Energy and Commerce,49,6,TX,,,,,,,,,,
112,128,15627,"Stearns, Clifford B.",1,3,200,1/11/11,1/3/13,0,10,2,1,0,HRES33,Energy and Commerce,43,6,FL,Defeated for renomination,,,,,,,,,
112,128,29525,"Whitfield, Edward",1,4,200,1/11/11,1/3/13,0,9,2,1,1,HRES33,Energy and Commerce,51,1,KY,,,,,,,,,,
112,128,29718,"Shimkus, John M.",1,5,200,1/11/11,1/3/13,0,8,2,1,1,HRES33,Energy and Commerce,21,15,IL,,,,,,,,,,
112,128,29752,"Pitts, Joseph R.",1,6,200,1/11/11,1/3/13,0,6,2,1,1,HRES33,Energy and Commerce,14,16,PA,,,,,,,,,,
112,128,29775,"Bono, Mary",1,7,200,1/11/11,1/3/13,0,6,2,1,0,HRES33,Energy and Commerce,71,45,CA,Defeated for reelection,,,,,,,,,
112,128,29932,"Walden, Greg",1,8,200,1/11/11,1/3/13,0,6,2,1,1,HRES33,Energy and Commerce,72,2,OR,,,,,,,,,,
112,128,29921,"Terry, Lee",1,9,200,1/11/11,1/3/13,0,6,2,1,1,HRES33,Energy and Commerce,35,2,NE,,,,,,,,,,
112,128,20120,"Rogers, Mike",1,10,200,1/11/11,1/3/13,0,5,2,1,1,HRES33,Energy and Commerce,23,8,MI,,,,,,,,,,
112,128,29549,"Myrick, Sue",1,11,200,1/11/11,1/3/13,0,4,2,1,0,HRES33,Energy and Commerce,47,9,NC,Listed by the committee as the vice chairman; retired from Congress,,,,,,,,,
112,128,20131,"Sullivan, John",1,12,200,1/11/11,1/3/13,0,5,2,1,0,HRES33,Energy and Commerce,53,1,OK,Defeated for renomination,,,,,,,,,
112,128,20346,"Murphy, Tim",1,13,200,1/11/11,1/3/13,0,4,2,1,1,HRES33,Energy and Commerce,14,18,PA,,,,,,,,,,
112,128,20355,"Burgess, Michael",1,14,200,1/11/11,1/3/13,0,4,2,1,1,HRES33,Energy and Commerce,49,26,TX,,,,,,,,,,
112,128,20351,"Blackburn, Marsha",1,15,200,1/11/11,1/3/13,0,3,4,1,1,HRES42,Energy and Commerce,54,7,TN,To rank immediately after Mr. Burgess,,,,,,,,,
112,128,29508,"Bilbray, Brian P.",1,16,200,1/11/11,1/3/13,0,1,4,1,0,HRES33,Energy and Commerce,71,50,CA,Defeated for reelection,,,,,,,,,
112,128,29538,"Bass, Charles F.",1,17,200,1/11/11,1/3/13,0,1,4,1,0,HRES33,Energy and Commerce,4,2,NH,Defeated for reelection,,,,,,,,,
112,128,20319,"Gingrey, Phil",1,18,200,1/11/11,1/3/13,0,2,2,1,1,HRES33,Energy and Commerce,44,11,GA,,,,,,,,,,
112,128,20759,"Scalise, Steve",1,19,200,1/11/11,1/3/13,0,2,2,1,1,HRES33,Energy and Commerce,45,1,LA,,,,,,,,,,
112,128,20755,"Latta, Robert E.",1,20,200,1/11/11,1/3/13,0,2,2,1,1,HRES33,Energy and Commerce,24,5,OH,,,,,,,,,,
112,128,20535,"McMorris Rodgers, Cathy",1,21,200,1/11/11,1/3/13,0,1,2,1,1,HRES33,Energy and Commerce,73,5,WA,,,,,,,,,,
112,128,20925,"Harper, Gregg",1,22,200,1/11/11,1/3/13,0,1,2,1,1,HRES33,Energy and Commerce,46,3,MS,,,,,,,,,,
112,128,20929,"Lance, Leonard",1,23,200,1/11/11,1/3/13,0,1,2,1,1,HRES33,Energy and Commerce,12,7,NJ,,,,,,,,,,
112,128,20919,"Cassidy, Bill",1,24,200,1/11/11,1/3/13,0,1,2,1,1,HRES33,Energy and Commerce,45,6,LA,,,,,,,,,,
112,128,20916,"Guthrie, Brett",1,25,200,1/11/11,1/3/13,0,1,2,1,1,HRES33,Energy and Commerce,51,2,KY,,,,,,,,,,
112,128,20948,"Olson, Pete",1,26,200,1/11/11,1/3/13,0,1,2,1,1,HRES33,Energy and Commerce,49,22,TX,,,,,,,,,,
112,128,21188,"McKinley, David",1,27,200,1/11/11,1/3/13,0,1,2,1,1,HRES33,Energy and Commerce,56,1,WV,,,,,,,,,,
112,128,21112,"Gardner, Cory",1,28,200,1/11/11,1/3/13,0,1,2,1,1,HRES33,Energy and Commerce,62,4,CO,,,,,,,,,,
112,128,21136,"Pompeo, Mike",1,29,200,1/11/11,1/3/13,0,1,2,1,1,HRES33,Energy and Commerce,32,4,KS,,,,,,,,,,
112,128,21128,"Kinzinger, Adam",1,30,200,1/11/11,1/3/13,0,1,2,1,1,HRES33,Energy and Commerce,21,11,IL,,,,,,,,,,
112,128,21191,"Griffith, Morgan",1,31,200,1/11/11,1/3/13,0,1,2,1,1,HRES33,Energy and Commerce,40,9,VA,,,,,,,,,,
112,128,14280,"Waxman, Henry A.",2,1,100,1/4/11,1/3/13,21,19,2,1,1,HRES7,Energy and Commerce,71,30,CA,,,,,,,,,,
112,128,2605,"Dingell, John D., Jr.",2,2,100,1/10/11,1/3/13,0,28,2,1,1,HRES31,Energy and Commerce,23,15,MI,,,,,,,,,,
112,128,14435,"Markey, Edward J.",2,3,100,1/10/11,1/3/13,0,18,2,1,1,HRES31,Energy and Commerce,3,7,MA,,,,,,,,,,
112,128,15072,"Towns, Edolphus",2,4,100,1/10/11,1/3/13,0,1,4,1,0,HRES31,Energy and Commerce,13,10,NY,Did not seek reelection,,,,,,,,,
112,128,15454,"Pallone, Frank, Jr.",2,5,100,1/10/11,1/3/13,0,8,4,1,1,HRES31,Energy and Commerce,12,6,NJ,,,,,,,,,,
112,128,29346,"Rush, Bobby L.",2,6,100,1/10/11,1/3/13,0,9,2,1,1,HRES31,Energy and Commerce,21,1,IL,,,,,,,,,,
112,128,29312,"Eshoo, Anna G.",2,7,100,1/10/11,1/3/13,0,9,2,1,1,HRES31,Energy and Commerce,71,14,CA,,,,,,,,,,
112,128,15603,"Engel, Eliot L.",2,8,100,1/10/11,1/3/13,0,9,2,1,1,HRES31,Energy and Commerce,13,17,NY,,,,,,,,,,
112,128,39304,"Green, Gene",2,9,100,1/10/11,1/3/13,0,8,2,1,1,HRES31,Energy and Commerce,49,29,TX,,,,,,,,,,
112,128,29710,"DeGette, Diana",2,10,100,1/10/11,1/3/13,0,8,2,1,1,HRES31,Energy and Commerce,62,1,CO,,,,,,,,,,
112,128,29774,"Capps, Lois",2,11,100,1/10/11,1/3/13,0,7,2,1,1,HRES31,Energy and Commerce,71,23,CA,,,,,,,,,,
112,128,29561,"Doyle, Michael F.",2,12,100,1/10/11,1/3/13,0,6,2,1,1,HRES31,Energy and Commerce,14,14,PA,,,,,,,,,,
112,128,29318,"Harman, Jane",2,13,100,1/10/11,2/28/11,0,3,4,8,0,HRES31,Energy and Commerce,71,36,CA,"Became president, Woodrow Wilson Center for International Scholars",,,,,,,,,
112,128,29911,"Schakowsky, Janice D",2,14,100,1/10/11,1/3/13,0,5,2,1,1,HRES31,Energy and Commerce,21,9,IL,,,,,,,,,,
112,128,29943,"Gonzalez, Charles A.",2,15,100,1/10/11,1/3/13,0,5,2,1,0,HRES31,Energy and Commerce,49,20,TX,Did not seek reelection,,,,,,,,,
112,128,29937,"Inslee, Jay",2,16,100,1/10/11,3/10/12,0,4,2,6,0,HRES31,Energy and Commerce,73,1,WA,"Resigned to become Governor of Washington, 3/20/12",,,,,,,,,
112,128,29940,"Baldwin, Tammy",2,17,100,1/10/11,1/3/13,0,4,2,1,0,HRES31,Energy and Commerce,25,2,WI,Elected to U.S. Senate,,,,,,,,,
112,128,20102,"Ross, Mike",2,18,100,1/10/11,1/3/13,0,4,2,1,0,HRES31,Energy and Commerce,42,4,AR,Did not seek reelection,,,,,,,,,
112,128,29926,"Weiner, Anthony D.",2,19,100,1/10/11,6/6/11,0,3,2,8,0,HRES31,Energy and Commerce,13,9,NY,"Resigned due to a sex scandal, 6/16/11",,,,,,,,,
112,128,20140,"Matheson, Jim",2,20,100,1/10/11,1/3/13,0,3,2,1,1,HRES31,Energy and Commerce,67,2,UT,,,,,,,,,,
112,128,20340,"Butterfield, George Kenneth, Jr. (G.K.)",2,21,100,1/10/11,1/3/13,0,3,2,1,1,HRES31,Energy and Commerce,47,1,NC,,,,,,,,,,
112,128,20507,"Barrow, John",2,22,100,1/10/11,1/3/13,0,3,2,1,1,HRES31,Energy and Commerce,44,12,GA,,,,,,,,,,
112,128,20538,"Matsui, Doris O.",2,23,100,1/10/11,1/3/13,0,3,2,1,1,HRES31,Energy and Commerce,71,5,CA,,,,,,,,,,
112,128,70501,"Christensen, Donna Marie Christian",7,1,100,3/8/11,1/3/13,0,2,2,1,1,HRES149,Energy and Commerce,93,79,VI,Replaced Harman,,,,,,,,,
112,128,20708,"Castor, Kathy",7,2,100,6/22/11,1/3/13,0,1,2,1,1,HRES321,Energy and Commerce,43,11,FL,Late appointment; to replace Weiner,,,,,,,,,
112,128,20724,"Sarbanes, John P.",7,3,100,3/20/12,1/3/13,0,1,2,1,1,HRES590,Energy and Commerce,52,3,MD,"Transferred from Committee on Science, Space, & Technology, H1411; to replace Inslee",,,,,,,,,
112,134,15634,"Ros-Lehtinen, Ileana",1,1,200,1/4/11,1/3/13,11,12,2,1,1,HRES6,Foreign Affairs,43,18,FL,,,,,,,,,,
112,134,14863,"Smith, Christopher H.",1,2,200,1/17/11,1/3/13,0,14,2,1,1,HRES37,Foreign Affairs,12,4,NJ,,,,,,,,,,
112,134,15014,"Burton, Dan",1,3,200,1/17/11,1/3/13,0,14,2,1,0,HRES37,Foreign Affairs,22,5,IN,Did not seek reelection,,,,,,,,,
112,134,15413,"Gallegly, Elton",1,4,200,1/17/11,1/3/13,0,12,2,1,0,HRES37,Foreign Affairs,71,24,CA,Did not seek reelection,,,,,,,,,
112,134,15621,"Rohrabacher, Dana",1,5,200,1/17/11,1/3/13,0,10,2,1,1,HRES37,Foreign Affairs,71,46,CA,,,,,,,,,,
112,134,29349,"Manzullo, Donald",1,6,200,1/17/11,1/3/13,0,3,4,1,0,HRES37,Foreign Affairs,21,16,IL,Defeated for renomination,,,,,,,,,
112,134,29321,"Royce, Ed",1,7,200,1/17/11,1/3/13,0,10,2,1,1,HRES37,Foreign Affairs,71,40,CA,,,,,,,,,,
112,134,29550,"Chabot, Steven J.",1,8,200,1/17/11,1/3/13,0,1,2,1,1,HRES37,Foreign Affairs,24,1,OH,,,,,,,,,,
112,134,14290,"Paul, Ron",1,9,200,1/17/11,1/3/13,0,6,2,1,0,HRES37,Foreign Affairs,49,14,TX,Did not seek reelection,,,,,,,,,
112,134,20117,"Pence, Mike",1,10,200,1/17/11,1/3/13,0,5,2,1,0,HRES37,Foreign Affairs,22,6,IN,Elected Governor of Indiana,,,,,,,,,
112,134,20138,"Wilson, Addison G. (Joe)",1,11,200,1/17/11,1/3/13,0,4,2,1,1,HRES37,Foreign Affairs,48,2,SC,,,,,,,,,,
112,134,20503,"Mack, Connie",1,12,200,1/17/11,1/3/13,0,4,2,1,0,HRES37,Foreign Affairs,43,14,FL,Unsuccessful candidate for U.S. Senate,,,,,,,,,
112,134,20518,"Fortenberry, Jeff",1,13,200,1/17/11,1/3/13,0,4,2,1,2,HRES37,Foreign Affairs,35,1,NE,Transferred to Appropriations,,,,,,,,,
112,134,20530,"McCaul, Michael T.",1,14,200,1/17/11,1/3/13,0,4,2,1,1,HRES37,Foreign Affairs,49,10,TX,,,,,,,,,,
112,134,20528,"Poe, Ted",1,15,200,1/17/11,1/3/13,0,4,2,1,1,HRES37,Foreign Affairs,49,2,TX,,,,,,,,,,
112,134,20758,"Bilirakis, Gus",1,15,200,1/17/11,1/3/13,0,3,2,1,2,HRES37,Foreign Affairs,43,9,FL,Transferred to Energy and Commerce,,,,,,,,,
112,134,20540,"Schmidt, Jean",1,16,200,1/17/11,1/3/13,0,1,2,1,0,HRES37,Foreign Affairs,24,2,OH,Defeated for renomination,,,,,,,,,
112,134,21162,"Johnson, Bill",1,17,200,1/17/11,1/3/13,0,1,2,1,2,HRES37,Foreign Affairs,24,6,OH,Transferred to Energy and Commerce,,,,,,,,,
112,134,21121,"Rivera, David",1,18,200,1/17/11,1/3/13,0,1,2,1,0,HRES37,Foreign Affairs,43,25,FL,Defeated for reelection,,,,,,,,,
112,134,21167,"Kelly, Mike",1,19,200,1/17/11,1/3/13,0,1,2,1,2,HRES37,Foreign Affairs,14,3,PA,Transferred to Ways and Means,,,,,,,,,
112,134,21107,"Griffin, Tim",1,20,200,1/17/11,1/3/13,0,1,2,1,2,HRES37,Foreign Affairs,42,2,AR,Transferred to Ways and Means,,,,,,,,,
112,134,21170,"Marino, Tom",1,21,200,1/17/11,1/3/13,0,1,2,1,1,HRES37,Foreign Affairs,14,10,PA,,,,,,,,,,
112,134,21174,"Duncan, Jeff",1,22,200,1/17/11,1/3/13,0,1,2,1,1,HRES37,Foreign Affairs,48,3,SC,,,,,,,,,,
112,134,21158,"Buerkle, Ann Marie",1,23,200,1/17/11,1/3/13,0,1,2,1,0,HRES37,Foreign Affairs,13,25,NY,Defeated for reelection,,,,,,,,,
112,134,21159,"Ellmers, Renee",1,24,200,1/17/11,1/3/13,0,1,2,1,2,HRES37,Foreign Affairs,47,2,NC,Transferred to Energy and Commerce,,,,,,,,,
112,134,15005,"Berman, Howard L.",2,1,100,1/4/11,1/3/13,21,15,2,1,0,HRES7,Foreign Affairs,71,28,CA,Defeated for reelection,,,,,,,,,
112,134,15000,"Ackerman, Gary L.",2,2,100,1/18/11,1/3/13,0,15,2,1,0,HRES39,Foreign Affairs,13,5,NY,Did not seek reelection,,,,,,,,,
112,134,70302,"Faleomavaega, Eni F. H.",2,3,100,1/18/11,1/3/13,0,12,2,1,1,HRES39,Foreign Affairs,94,79,AS,,,,,,,,,,
112,134,15619,"Payne, Donald M.",2,4,100,1/18/11,3/6/12,0,12,2,5,0,HRES39,Foreign Affairs,12,10,NJ,"Died, 3/6/12",,,,,,,,,
112,134,29707,"Sherman, Brad",2,5,100,1/18/11,1/3/13,0,8,2,1,1,HRES39,Foreign Affairs,71,27,CA,,,,,,,,,,
112,134,15603,"Engel, Eliot L.",2,6,100,1/18/11,1/3/13,0,6,4,1,1,HRES39,Foreign Affairs,13,17,NY,,,,,,,,,,
112,134,29776,"Meeks, Gregory W.",2,7,100,1/18/11,1/3/13,0,7,2,1,1,HRES39,Foreign Affairs,13,6,NY,,,,,,,,,,
112,134,20516,"Carnahan, Russ",2,8,100,1/18/11,1/3/13,0,4,2,1,0,HRES39,Foreign Affairs,34,3,MO,Defeated for renomination,,,,,,,,,
112,134,20542,"Sires, Albio",2,9,100,1/18/11,1/3/13,0,3,2,1,1,HRES39,Foreign Affairs,12,13,NJ,,,,,,,,,,
112,134,20952,"Connolly, Gerald E.",2,10,100,1/18/11,1/3/13,0,2,2,1,1,HRES39,Foreign Affairs,40,11,VA,,,,,,,,,,
112,134,20959,"Deutch, Theodore E.",2,11,100,1/18/11,1/3/13,0,2,2,1,1,HRES39,Foreign Affairs,43,19,FL,,,,,,,,,,
112,134,20306,"Cardoza, Dennis",2,12,100,1/18/11,8/14/12,0,1,4,8,0,HRES39,Foreign Affairs,71,18,CA,"Resigned due to family concerns, 8/14/12",,,,,,,,,
112,134,20326,"Chandler, A.B.",2,13,100,1/18/11,1/3/13,0,1,4,1,0,HRES39,Foreign Affairs,51,6,KY,Defeated for reelection,,,,,,,,,
112,134,20519,"Higgins, Brian",2,14,100,1/18/11,1/3/13,0,1,2,1,1,HRES39,Foreign Affairs,13,27,NY,,,,,,,,,,
112,134,20525,"Schwartz, Allyson Y.",2,15,100,1/24/11,1/3/13,0,1,2,1,2,HRES52,Foreign Affairs,14,13,PA,Transferred to Ways and Means,,,,,,,,,
112,134,20707,"Murphy, Christopher S.",2,16,100,1/18/11,1/3/13,0,1,2,1,0,HRES39,Foreign Affairs,1,5,CT,Elected to U.S. Senate,,,,,,,,,
112,134,21118,"Wilson, Frederica",2,17,100,1/18/11,1/3/13,0,1,2,1,2,HRES39,Foreign Affairs,43,17,FL,Transferred to Education and the Workforce,,,,,,,,,
112,134,21110,"Bass, Karen",2,18,100,1/18/11,1/3/13,0,1,2,1,1,HRES39,Foreign Affairs,71,33,CA,,,,,,,,,,
112,134,21140,"Keating, William",2,19,100,1/18/11,1/3/13,0,1,2,1,1,HRES39,Foreign Affairs,3,10,MA,,,,,,,,,,
112,134,21172,"Cicilline, David",2,20,100,1/18/11,1/3/13,0,1,2,1,1,HRES39,Foreign Affairs,5,1,RI,,,,,,,,,,
112,134,21197,"Turner, Bob L.",5,21,100,10/4/11,1/3/13,0,1,2,1,0,HRES420,Foreign Affairs,13,9,NY,"Elected in special election, to replace Anthony Weiner, 9/13/11; unsuccessful candidate for U.S. Senate",,,,,,,,,
112,138,20107,"Issa, Darrell",1,1,200,1/4/11,1/3/13,11,4,2,1,1,HRES6,Oversight and Government Reform,71,49,CA,,,,,,,,,,
112,138,15014,"Burton, Dan",1,2,200,1/17/11,1/3/13,0,9,4,1,0,HRES37,Oversight and Government Reform,22,5,IN,Did not seek reelection,,,,,,,,,
112,138,29331,"Mica, John L.",1,3,200,1/17/11,1/3/13,0,10,2,1,1,HRES37,Oversight and Government Reform,43,7,FL,,,,,,,,,,
112,138,20135,"Platts, Todd Russell",1,4,200,1/17/11,1/3/13,0,6,2,1,0,HRES37,Oversight and Government Reform,14,19,PA,Did not seek reelection,,,,,,,,,
112,138,20342,"Turner, Mike",1,5,200,1/17/11,1/3/13,0,5,2,1,1,HRES37,Oversight and Government Reform,24,3,OH,,,,,,,,,,
112,138,20522,"McHenry, Patrick T.",1,6,200,1/17/11,1/3/13,0,4,2,1,1,HRES37,Oversight and Government Reform,47,10,NC,,,,,,,,,,
112,138,20738,"Jordan, Jim",1,7,200,1/17/11,1/3/13,0,3,2,1,1,HRES37,Oversight and Government Reform,24,4,OH,,,,,,,,,,
112,138,20949,"Chaffetz, Jason",1,8,200,1/17/11,1/3/13,0,2,2,1,1,HRES37,Oversight and Government Reform,67,3,UT,,,,,,,,,,
112,138,20503,"Mack, Connie",1,9,200,1/17/11,1/3/13,0,1,2,1,0,HRES37,Oversight and Government Reform,43,14,FL,Unsuccessful candidate for U.S. Senate,,,,,,,,,
112,138,20725,"Walberg, Tim",1,10,200,1/17/11,1/3/13,0,1,2,1,1,HRES37,Oversight and Government Reform,23,7,MI,,,,,,,,,,
112,138,21166,"Lankford, James",1,11,200,1/17/11,1/3/13,0,1,2,1,1,HRES37,Oversight and Government Reform,53,5,OK,,,,,,,,,,
112,138,21143,"Amash, Justin",1,12,200,1/17/11,1/3/13,0,1,2,1,1,HRES37,Oversight and Government Reform,23,3,MI,,,,,,,,,,
112,138,21158,"Buerkle, Ann Marie",1,13,200,1/17/11,1/3/13,0,1,2,1,0,HRES37,Oversight and Government Reform,13,25,NY,Defeated for reelection,,,,,,,,,
112,138,21103,"Gosar, Paul R.",1,14,200,1/17/11,1/3/13,0,1,2,1,1,HRES37,Oversight and Government Reform,61,1,AZ,,,,,,,,,,
112,138,21125,"Labrador, Raul R.",1,15,200,1/17/11,1/3/13,0,1,2,1,2,HRES37,Oversight and Government Reform,63,1,ID,Transferred to Judiciary,,,,,,,,,
112,138,21168,"Meehan, Pat",1,16,200,1/17/11,1/3/13,0,1,2,1,1,HRES37,Oversight and Government Reform,14,7,PA,,,,,,,,,,
112,138,21179,"DesJarlais, Scott",1,17,200,1/17/11,1/3/13,0,1,2,1,1,HRES37,Oversight and Government Reform,54,4,TN,,,,,,,,,,
112,138,21126,"Walsh, Joe",1,18,200,1/17/11,1/3/13,0,1,2,1,0,HRES37,Oversight and Government Reform,21,8,IL,Defeated for reelection,,,,,,,,,
112,138,21175,"Gowdy, Trey",1,19,200,1/17/11,1/3/13,0,1,2,1,1,HRES37,Oversight and Government Reform,48,4,SC,,,,,,,,,,
112,138,21117,"Ross, Dennis",1,20,200,1/17/11,1/3/13,0,1,4,1,2,HRES37,Oversight and Government Reform,43,12,FL,Transferred to Financial Services,,,,,,,,,
112,138,21152,"Guinta, Frank",1,21,200,1/17/11,8/1/12,0,1,2,3,0,HRES37,Oversight and Government Reform,4,1,NH,"Resigned from committee for no other reason, H5538; defeated for reelection",,,,,,,,,
112,138,21184,"Farenthold, Blake",1,22,200,1/17/11,1/3/13,0,1,2,1,1,HRES37,Oversight and Government Reform,49,27,TX,,,,,,,,,,
112,138,21167,"Kelly, Mike",1,23,200,1/17/11,1/3/13,0,1,2,1,2,HRES37,Oversight and Government Reform,14,3,PA,Transferred to Ways and Means,,,,,,,,,
112,138,29587,"Cummings, Elijah E.",2,1,100,1/4/11,1/3/13,21,9,2,1,1,HRES7,Oversight and Government Reform,52,7,MD,,,,,,,,,,
112,138,15072,"Towns, Edolphus",2,2,100,1/18/11,1/3/13,0,15,2,1,0,HRES39,Oversight and Government Reform,13,10,NY,Did not seek reelection,,,,,,,,,
112,138,29379,"Maloney, Carolyn B.",2,3,100,1/18/11,1/3/13,0,10,2,1,1,HRES39,Oversight and Government Reform,13,14,NY,,,,,,,,,,
112,138,70303,"Norton, Eleanor Holmes",2,4,100,1/18/11,1/3/13,0,4,5,1,1,HRES39,Oversight and Government Reform,55,79,DC,,,,,,,,,,
112,138,29748,"Kucinich, Dennis",2,5,100,1/18/11,1/3/13,0,8,2,1,0,HRES39,Oversight and Government Reform,24,10,OH,Defeated for renomination,,,,,,,,,
112,138,29730,"Tierney, John",2,6,100,1/18/11,1/3/13,0,3,4,1,1,HRES39,Oversight and Government Reform,3,6,MA,,,,,,,,,,
112,138,20147,"Clay, William L., Jr.",2,7,100,1/18/11,1/3/13,0,6,2,1,1,HRES39,Oversight and Government Reform,34,1,MO,,,,,,,,,,
112,138,20119,"Lynch, Stephen F.",2,8,100,1/18/11,1/3/13,0,6,2,1,1,HRES39,Oversight and Government Reform,3,9,MA,,,,,,,,,,
112,138,15019,"Cooper, Jim",2,9,100,1/18/11,1/3/13,0,3,4,1,1,HRES39,Oversight and Government Reform,54,5,TN,,,,,,,,,,
112,138,20952,"Connolly, Gerald E.",2,10,100,1/18/11,1/3/13,0,2,2,1,1,HRES39,Oversight and Government Reform,40,11,VA,,,,,,,,,,
112,138,20954,"Quigley, Mike",2,11,100,1/18/11,1/3/13,0,2,2,1,1,HRES39,Oversight and Government Reform,21,5,IL,,,,,,,,,,
112,138,29717,"Davis, Danny K.",2,12,100,1/18/11,1/3/13,0,8,2,1,1,HRES39,Oversight and Government Reform,21,7,IL,Transferred to Ways and Means,,,,,,,,,
112,138,20719,"Braley, Bruce L.",2,13,100,1/18/11,1/3/13,0,1,4,1,2,HRES39,Oversight and Government Reform,31,1,IA,Transferred to Energy and Commerce,,,,,,,,,
112,138,20750,"Welch, Peter",2,14,100,1/18/11,1/3/13,0,3,2,1,1,HRES39,Oversight and Government Reform,6,1,VT,,,,,,,,,,
112,138,20723,"Yarmuth, John A.",2,15,100,1/18/11,1/3/13,0,1,4,1,2,HRES39,Oversight and Government Reform,51,3,KY,Transferred to Education and the Workforce,,,,,,,,,
112,138,20707,"Murphy, Christopher S.",2,16,100,1/18/11,1/3/13,0,3,2,1,0,HRES39,Oversight and Government Reform,1,5,CT,Elected to U.S. Senate,,,,,,,,,
112,138,20762,"Speier, Karen Lorraine Jacqueline (Jackie)",2,17,100,1/18/11,1/3/13,0,1,4,1,1,HRES39,Oversight and Government Reform,71,12,CA,,,,,,,,,,
112,142,14647,"Lungren, Daniel E.",1,1,200,1/4/11,1/3/13,11,3,2,1,0,HRES6,House Administration,71,3,CA,Defeated for reelection,,,,,,,,,
112,142,20925,"Harper, Gregg",1,2,200,1/4/11,1/3/13,0,2,2,1,1,HRES6,House Administration,46,3,MS,,,,,,,,,,
112,142,20319,"Gingrey, Phil",1,3,200,1/4/11,1/3/13,0,1,2,1,1,HRES6,House Administration,44,11,GA,,,,,,,,,,
112,142,20914,"Schock, Aaron",1,4,200,1/4/11,1/3/13,0,1,2,1,1,HRES6,House Administration,21,18,IL,,,,,,,,,,
112,142,21131,"Rokita, Todd",1,5,200,1/4/11,1/3/13,0,1,2,1,1,HRES6,House Administration,22,4,IN,,,,,,,,,,
112,142,21115,"Nugent, Richard",1,6,200,1/4/11,1/3/13,0,1,2,1,1,HRES6,House Administration,43,5,FL,,,,,,,,,,
112,142,29777,"Brady, Robert A.",2,1,100,1/4/11,1/3/13,21,5,2,1,1,HRES7,House Administration,14,1,PA,,,,,,,,,,
112,142,29504,"Lofgren, Zoe",2,2,100,1/24/11,1/3/13,0,4,2,1,1,HRES52,House Administration,71,16,CA,,,,,,,,,,
112,142,29943,"Gonzalez, Charles A.",2,3,100,1/24/11,1/3/13,0,3,2,1,0,HRES52,House Administration,49,20,TX,Did not seek reelection,,,,,,,,,
112,156,15445,"Smith, Lamar S.",1,1,200,1/4/11,1/3/13,11,13,2,1,1,HRES6,Judiciary,49,21,TX,,,,,,,,,,
112,156,14657,"Sensenbrenner, F. James, Jr.",1,2,200,1/17/11,1/3/13,0,17,2,1,1,HRES37,Judiciary,25,5,WI,,,,,,,,,,
112,156,15092,"Coble, Howard",1,3,200,1/17/11,1/3/13,0,14,2,1,1,HRES37,Judiciary,47,6,NC,,,,,,,,,,
112,156,15413,"Gallegly, Elton",1,4,200,1/17/11,1/3/13,0,10,2,1,0,HRES37,Judiciary,71,24,CA,Did not seek reelection,,,,,,,,,
112,156,39308,"Goodlatte, Robert W.",1,5,200,1/17/11,1/3/13,0,10,2,1,1,HRES37,Judiciary,40,6,VA,,,,,,,,,,
112,156,14647,"Lungren, Daniel E.",1,6,200,1/17/11,1/3/13,0,4,4,1,0,HRES37,Judiciary,71,3,CA,Defeated for reelection,,,,,,,,,
112,156,29550,"Chabot, Steven J.",1,7,200,1/17/11,1/3/13,0,1,2,1,1,HRES37,Judiciary,24,1,OH,,,,,,,,,,
112,156,20107,"Issa, Darrell",1,8,200,1/17/11,1/3/13,0,4,4,1,1,HRES37,Judiciary,71,49,CA,,,,,,,,,,
112,156,20117,"Pence, Mike",1,9,200,1/17/11,1/3/13,0,1,4,1,0,HRES37,Judiciary,22,6,IN,Elected Governor of Indiana,,,,,,,,,
112,156,20143,"Forbes, J. Randy",1,10,200,1/17/11,1/3/13,0,6,2,1,1,HRES37,Judiciary,40,4,VA,,,,,,,,,,
112,156,20325,"King, Steve",1,11,200,1/17/11,1/3/13,0,5,2,1,1,HRES37,Judiciary,31,5,IA,,,,,,,,,,
112,156,20304,"Franks, Trent",1,12,200,1/17/11,1/3/13,0,4,2,1,1,HRES37,Judiciary,61,2,AZ,,,,,,,,,,
112,156,20527,"Gohmert, Louie",1,13,200,1/17/11,1/3/13,0,4,2,1,1,HRES37,Judiciary,49,1,TX,,,,,,,,,,
112,156,20738,"Jordan, Jim",1,14,200,1/17/11,1/3/13,0,3,2,1,1,HRES37,Judiciary,24,4,OH,,,,,,,,,,
112,156,20528,"Poe, Ted",1,15,200,1/17/11,1/3/13,0,2,2,1,1,HRES37,Judiciary,49,2,TX,,,,,,,,,,
112,156,20949,"Chaffetz, Jason",1,16,200,1/17/11,1/3/13,0,2,2,1,1,HRES37,Judiciary,67,3,UT,,,,,,,,,,
112,156,21101,"Reed, Thomas W., II",1,16,200,1/17/11,4/5/11,0,1,2,2,2,HRES37,Judiciary,13,29,NY,"Transferred to Rules, H2314",,,,,,,,,
112,156,21107,"Griffin, Tim",1,17,200,1/17/11,1/3/13,0,1,2,1,2,HRES37,Judiciary,42,2,AR,Transferred to Ways and Means,,,,,,,,,
112,156,21170,"Marino, Tom",1,18,200,1/17/11,1/3/13,0,1,2,1,1,HRES37,Judiciary,14,10,PA,,,,,,,,,,
112,156,21175,"Gowdy, Trey",1,19,200,1/17/11,1/3/13,0,1,2,1,1,HRES37,Judiciary,48,4,SC,,,,,,,,,,
112,156,21117,"Ross, Dennis",1,20,200,1/17/11,1/3/13,0,1,2,1,2,HRES37,Judiciary,43,12,FL,Transferred to Financial Services,,,,,,,,,
112,156,21120,"Adams, Sandy",1,21,200,1/17/11,1/3/13,0,1,2,1,0,HRES37,Judiciary,43,24,FL,Defeated for renomination,,,,,,,,,
112,156,21104,"Quayle, Ben",1,22,200,1/17/11,1/3/13,0,1,2,1,0,HRES37,Judiciary,61,3,AZ,Defeated for renomination,,,,,,,,,
112,156,10713,"Conyers, John, Jr.",2,1,100,1/4/11,1/3/13,21,24,2,1,1,HRES7,Judiciary,23,14,MI,,,,,,,,,,
112,156,15005,"Berman, Howard L.",2,2,100,1/18/11,1/3/13,0,15,2,1,0,HRES39,Judiciary,71,28,CA,Defeated for reelection,,,,,,,,,
112,156,29377,"Nadler, Jerrold",2,3,100,1/18/11,1/3/13,0,10,2,1,1,HRES39,Judiciary,13,8,NY,,,,,,,,,,
112,156,39307,"Scott, Robert C.",2,4,100,1/18/11,1/3/13,0,10,2,1,1,HRES39,Judiciary,40,3,VA,,,,,,,,,,
112,156,29383,"Watt, Melvin",2,5,100,1/18/11,1/3/13,0,10,2,1,1,HRES39,Judiciary,47,12,NC,,,,,,,,,,
112,156,29504,"Lofgren, Zoe",2,6,100,1/18/11,1/3/13,0,9,2,1,1,HRES39,Judiciary,71,16,CA,,,,,,,,,,
112,156,29573,"Jackson Lee, Sheila",2,7,100,1/18/11,1/3/13,0,9,2,1,1,HRES39,Judiciary,49,18,TX,,,,,,,,,,
112,156,29106,"Waters, Maxine",2,8,100,1/18/11,1/3/13,0,9,2,1,2,HRES39,Judiciary,71,35,CA,Left for no other,,,,,,,,,
112,156,20748,"Cohen, Steve",2,9,100,1/18/11,1/3/13,0,3,2,1,1,HRES39,Judiciary,54,9,TN,,,,,,,,,,
112,156,20712,"Johnson, Henry C. ""Hank"", Jr.",2,10,100,1/18/11,1/3/13,0,3,2,1,1,HRES39,Judiciary,44,4,GA,,,,,,,,,,
112,156,70805,"Pierluisi, Pedro R.",2,11,100,1/18/11,1/3/13,0,2,2,1,1,HRES39,Judiciary,92,80,PR,,,,,,,,,,
112,156,20954,"Quigley, Mike",2,12,100,1/18/11,1/3/13,0,2,2,1,1,HRES39,Judiciary,21,5,IL,,,,,,,,,,
112,156,20955,"Chu, Judy",2,13,100,1/18/11,1/3/13,0,2,2,1,1,HRES39,Judiciary,71,32,CA,,,,,,,,,,
112,156,20959,"Deutch, Theodore E.",2,14,100,1/18/11,1/3/13,0,2,2,1,1,HRES39,Judiciary,43,19,FL,,,,,,,,,,
112,156,20310,"Sanchez, Linda",2,15,100,1/18/11,1/3/13,0,5,2,1,2,HRES39,Judiciary,71,39,CA,Transferred to Ways and Means,,,,,,,,,
112,156,20504,"Wasserman Schultz, Debbie",2,16,100,1/18/11,9/20/11,0,4,2,3,2,HRES39,Judiciary,43,20,FL,"Left committee for ""leave of absence with retention of [her] seniority"", H6242; transferred to Appropriations",,,,,,,,,
112,156,21196,"Amodei, Mark E.",6,1,200,10/4/11,1/3/13,0,1,2,1,1,HRES420,Judiciary,2,65,NV,Replaced Reed,,,,,,,,,
112,156,20904,"Polis, Jared",7,1,100,12/7/11,1/3/13,0,1,2,1,2,HRES486,Judiciary,62,2,CO,Replaced Wasserman; transferred to Education and the Workforce,,,,,,,,,
112,164,29580,"Hastings, Richard (Doc)",1,1,200,1/4/11,1/3/13,11,2,4,1,1,HRES6,Natural Resources,73,4,WA,,,,,,,,,,
112,164,14066,"Young, Donald E.",1,2,200,1/17/11,1/3/13,0,20,2,1,1,HRES37,Natural Resources,81,1,AK,,,,,,,,,,
112,164,15455,"Duncan, John J., Jr.",1,3,200,1/17/11,1/3/13,0,12,2,1,2,HRES37,Natural Resources,54,2,TN,Transferred to Oversight and Government Reform,,,,,,,,,
112,164,20527,"Gohmert, Louie",1,4,200,1/17/11,1/3/13,0,4,2,1,1,HRES37,Natural Resources,49,1,TX,,,,,,,,,,
112,164,20357,"Bishop, Rob",1,5,200,1/17/11,1/3/13,0,3,2,1,1,HRES37,Natural Resources,67,1,UT,,,,,,,,,,
112,164,20704,"Lamborn, Doug",1,6,200,1/17/11,1/3/13,0,3,2,1,1,HRES37,Natural Resources,62,5,CO,,,,,,,,,,
112,164,20756,"Wittman, Robert J.",1,7,200,1/17/11,1/3/13,0,3,2,1,1,HRES37,Natural Resources,40,1,VA,,,,,,,,,,
112,164,20753,"Broun, Paul C., Jr.",1,8,200,1/17/11,1/3/13,0,2,2,1,1,HRES37,Natural Resources,44,10,GA,,,,,,,,,,
112,164,20918,"Fleming, John",1,9,200,1/17/11,1/3/13,0,2,2,1,1,HRES37,Natural Resources,45,4,LA,,,,,,,,,,
112,164,20906,"Coffman, Mike",1,10,200,1/17/11,1/3/13,0,2,2,1,2,HRES37,Natural Resources,62,6,CO,Transferred to Veterans Affairs,,,,,,,,,
112,164,20903,"McClintock, Tom",1,11,200,1/17/11,1/3/13,0,2,2,1,1,HRES37,Natural Resources,71,4,CA,,,,,,,,,,
112,164,20946,"Thompson, Glenn",1,12,200,1/17/11,1/3/13,0,1,2,1,1,HRES37,Natural Resources,14,5,PA,,,,,,,,,,
112,164,21109,"Denham, Jeff",1,13,200,1/17/11,1/3/13,0,1,2,1,2,HRES37,Natural Resources,71,19,CA,Transferred to Agriculture,,,,,,,,,
112,164,21141,"Benishek, Dan",1,14,200,1/17/11,1/3/13,0,1,2,1,1,HRES37,Natural Resources,23,1,MI,,,,,,,,,,
112,164,21121,"Rivera, David",1,15,200,1/17/11,1/3/13,0,1,2,1,0,HRES37,Natural Resources,43,25,FL,Defeated for reelection,,,,,,,,,
112,164,21174,"Duncan, Jeff",1,16,200,1/17/11,1/3/13,0,1,2,1,1,HRES37,Natural Resources,48,3,SC,,,,,,,,,,
112,164,21111,"Tipton, Scott",1,17,200,1/17/11,1/3/13,0,1,4,1,1,HRES37,Natural Resources,62,3,CO,,,,,,,,,,
112,164,21103,"Gosar, Paul R.",1,18,200,1/17/11,1/3/13,0,1,2,1,1,HRES37,Natural Resources,61,1,AZ,,,,,,,,,,
112,164,21125,"Labrador, Raul R.",1,19,200,1/17/11,1/3/13,0,1,2,1,1,HRES37,Natural Resources,63,1,ID,,,,,,,,,,
112,164,21177,"Noem, Kristi",1,20,200,1/17/11,1/3/13,0,1,2,1,2,HRES37,Natural Resources,37,1,SD,Transferred to Armed Services,,,,,,,,,
112,164,21114,"Southerland, Steve",1,21,200,1/17/11,1/3/13,0,1,2,1,1,HRES37,Natural Resources,43,2,FL,,,,,,,,,,
112,164,21182,"Flores, Bill",1,22,200,1/17/11,1/3/13,0,1,2,1,1,HRES37,Natural Resources,49,17,TX,,,,,,,,,,
112,164,21139,"Harris, Andy",1,23,200,1/17/11,1/3/13,0,1,2,1,1,HRES37,Natural Resources,52,1,MD,,,,,,,,,,
112,164,21138,"Landry, Jeffrey",1,24,200,1/17/11,1/3/13,0,1,2,1,0,HRES37,Natural Resources,45,3,LA,Defeated for reelection,,,,,,,,,
112,164,21178,"Fleischmann, Chuck",1,25,200,1/17/11,10/4/11,0,1,2,3,2,HRES37,Natural Resources,54,3,TN,"Left committee for no other reason, H7023",,,,,,,,,
112,164,21153,"Runyan, Jon",1,26,200,1/17/11,1/3/13,0,1,2,1,1,HRES37,Natural Resources,12,3,NJ,,,,,,,,,,
112,164,21162,"Johnson, Bill",1,27,200,1/17/11,1/3/13,0,1,2,1,2,HRES37,Natural Resources,24,6,OH,Transferred to Energy and Commerce,,,,,,,,,
112,164,14435,"Markey, Edward J.",2,1,100,1/4/11,1/3/13,21,5,6,1,1,HRES7,Natural Resources,3,7,MA,,,,,,,,,,
112,164,14430,"Kildee, Dale E.",2,2,100,1/18/11,1/3/13,0,9,4,1,0,HRES39,Natural Resources,23,5,MI,Did not seek reelection,,,,,,,,,
112,164,15410,"DeFazio, Peter A.",2,3,100,1/18/11,1/3/13,0,4,4,1,1,HRES39,Natural Resources,72,4,OR,,,,,,,,,,
112,164,70302,"Faleomavaega, Eni F. H.",2,4,100,1/18/11,1/3/13,0,12,2,1,1,HRES39,Natural Resources,94,79,AS,,,,,,,,,,
112,164,15454,"Pallone, Frank, Jr.",2,5,100,1/18/11,1/3/13,0,9,2,1,1,HRES39,Natural Resources,12,6,NJ,,,,,,,,,,
112,164,29903,"Napolitano, Grace F.",2,6,100,1/18/11,1/3/13,0,7,2,1,1,HRES39,Natural Resources,71,38,CA,,,,,,,,,,
112,164,29923,"Holt, Rush D.",2,7,100,1/18/11,1/3/13,0,3,4,1,1,HRES39,Natural Resources,12,12,NJ,,,,,,,,,,
112,164,20305,"Grijalva, Raul M",2,8,100,1/18/11,1/3/13,0,5,2,1,1,HRES39,Natural Resources,61,7,AZ,,,,,,,,,,
112,164,70701,"Bordallo, Madeleine Z. .",2,9,100,1/18/11,1/3/13,0,5,2,1,1,HRES39,Natural Resources,91,79,GU,,,,,,,,,,
112,164,20501,"Costa, Jim",2,10,100,1/18/11,1/3/13,0,4,2,1,1,HRES39,Natural Resources,71,20,CA,,,,,,,,,,
112,164,20523,"Boren, Dan",2,11,100,1/18/11,1/3/13,0,4,2,1,0,HRES39,Natural Resources,53,2,OK,Did not seek reelection,,,,,,,,,
112,164,70810,"Sablan, Gregorio",2,12,100,1/18/11,1/3/13,0,2,2,1,1,HRES39,Natural Resources,95,1,MP,,,,,,,,,,
112,164,20930,"Heinrich, Martin",2,13,100,1/18/11,1/3/13,0,2,2,1,0,HRES39,Natural Resources,66,1,NM,Elected to U.S. Senate,,,,,,,,,
112,164,20932,"Luján, Ben Ray",2,14,100,1/18/11,1/3/13,0,2,2,1,2,HRES39,Natural Resources,66,3,NM,Transferred to Energy and Commerce,,,,,,,,,
112,164,70501,"Christensen, Donna Marie Christian",2,15,100,1/18/11,3/2/11,0,8,2,2,2,HRES39,Natural Resources,93,79,VI,Transferred to Energy and Commerce,,,,,,,,,
112,164,20724,"Sarbanes, John P.",2,16,100,1/18/11,3/20/12,0,3,2,2,2,HRES39,Natural Resources,52,3,MD,"Transferred to Committee on Energy and Commerce, H1411",,,,,,,,,
112,164,20740,"Sutton, Betty",2,17,100,1/18/11,1/3/13,0,1,2,1,0,HRES39,Natural Resources,24,13,OH,Defeated for reelection,,,,,,,,,
112,164,20754,"Tsongas, Nicola S. (Niki)",2,18,100,1/18/11,1/3/13,0,2,2,1,1,HRES39,Natural Resources,3,5,MA,,,,,,,,,,
112,164,70805,"Pierluisi, Pedro R.",2,19,100,1/18/11,1/3/13,0,2,2,1,1,HRES39,Natural Resources,92,80,PR,,,,,,,,,,
112,164,20958,"Garamendi, John J.",2,20,100,1/18/11,11/28/12,0,1,2,2,2,HRES39,Natural Resources,71,10,CA,"Transferred to Committee on Agriculture, H6474",,,,,,,,,
112,164,21124,"Hanabusa, Colleen",2,21,100,1/18/11,1/3/13,0,1,2,1,1,HRES39,Natural Resources,82,1,HI,,,,,,,,,,
112,164,20934,"Tonko, Paul",5,22,100,2/16/12,1/3/13,0,1,2,1,2,HRES553,Natural Resources,13,21,NY,Late appointment; transferred to Energy and Commerce,,,,,,,,,
112,164,21196,"Amodei, Mark E.",6,1,200,10/25/11,1/3/13,0,1,2,1,1,HRES447,Natural Resources,2,65,NV,Late appointment; to replace Fleischmann,,,,,,,,,
112,173,29331,"Mica, John L.",1,1,200,1/4/11,1/3/13,11,10,2,1,1,HRES6,Transportation and Infrastructure,43,7,FL,,,,,,,,,,
112,173,14066,"Young, Donald E.",1,2,200,1/11/11,1/3/13,0,9,2,1,1,HRES33,Transportation and Infrastructure,81,1,AK,,,,,,,,,,
112,173,14675,"Petri, Thomas E.",1,3,200,1/11/11,1/3/13,0,15,2,1,1,HRES33,Transportation and Infrastructure,25,6,WI,,,,,,,,,,
112,173,15092,"Coble, Howard",1,4,200,1/11/11,1/3/13,0,9,2,1,1,HRES33,Transportation and Infrastructure,47,6,NC,,,,,,,,,,
112,173,15455,"Duncan, John J., Jr.",1,5,200,1/11/11,1/3/13,0,12,2,1,1,HRES33,Transportation and Infrastructure,54,2,TN,,,,,,,,,,
112,173,29539,"Lobiondo, Frank A.",1,6,200,1/11/11,1/3/13,0,8,2,1,1,HRES33,Transportation and Infrastructure,12,2,NJ,,,,,,,,,,
112,173,29905,"Miller, Gary G.",1,7,200,1/11/11,1/3/13,0,5,4,1,1,HRES33,Transportation and Infrastructure,71,31,CA,,,,,,,,,,
112,173,20116,"Johnson, Timothy V.",1,8,200,1/11/11,1/3/13,0,6,2,1,0,HRES33,Transportation and Infrastructure,21,15,IL,Did not seek reelection,,,,,,,,,
112,173,20124,"Graves, Samuel",1,9,200,1/11/11,1/3/13,0,6,2,1,1,HRES33,Transportation and Infrastructure,34,6,MO,,,,,,,,,,
112,173,20134,"Shuster, Bill",1,10,200,1/11/11,1/3/13,0,6,2,1,1,HRES33,Transportation and Infrastructure,14,9,PA,,,,,,,,,,
112,173,20146,"Capito, Shelley Moore",1,11,200,1/11/11,1/3/13,0,3,4,1,1,HRES33,Transportation and Infrastructure,56,2,WV,,,,,,,,,,
112,173,20540,"Schmidt, Jean",1,12,200,1/11/11,1/3/13,0,4,2,1,0,HRES33,Transportation and Infrastructure,24,2,OH,Defeated for renomination,,,,,,,,,
112,173,20331,"Miller, Candice S.",1,13,200,1/11/11,1/3/13,0,3,2,1,1,HRES33,Transportation and Infrastructure,23,10,MI,,,,,,,,,,
112,173,20963,"Hunter, Duncan",1,14,200,1/11/11,1/3/13,0,1,2,1,1,HRES33,Transportation and Infrastructure,71,52,CA,,,,,,,,,,
112,173,21101,"Reed, Thomas W., II",1,15,200,1/11/11,4/5/11,0,1,2,2,2,HRES33,Transportation and Infrastructure,13,29,NY,"Transferred to Rules (claimed a ""leave of absence""), H2314",,,,,,,,,
112,173,21139,"Harris, Andy",1,16,200,1/11/11,1/3/13,0,1,2,1,1,HRES33,Transportation and Infrastructure,52,1,MD,,,,,,,,,,
112,173,21106,"Crawford, Rick",1,17,200,1/11/11,1/3/13,0,1,2,1,1,HRES33,Transportation and Infrastructure,42,1,AR,,,,,,,,,,
112,173,21187,"Herrera Beutler, Jaime",1,18,200,1/11/11,1/3/13,0,1,2,1,2,HRES33,Transportation and Infrastructure,73,3,WA,Transferred to Appropriations,,,,,,,,,
112,173,21152,"Guinta, Frank",1,19,200,1/11/11,8/1/12,0,1,2,3,0,HRES33,Transportation and Infrastructure,4,1,NH,"Left committee for no other reason, H5538; defeated for reelection",,,,,,,,,
112,173,21129,"Hultgren, Randy",1,20,200,1/11/11,1/3/13,0,1,2,1,2,HRES33,Transportation and Infrastructure,21,14,IL,Transferred to Financial Services,,,,,,,,,
112,173,21171,"Barletta, Lou",1,21,200,1/11/11,1/3/13,0,1,2,1,1,HRES33,Transportation and Infrastructure,14,11,PA,,,,,,,,,,
112,173,21146,"Cravaack, Chip",1,22,200,1/11/11,1/3/13,0,1,2,1,0,HRES33,Transportation and Infrastructure,33,8,MN,Defeated for reelection,,,,,,,,,
112,173,21184,"Farenthold, Blake",1,23,200,1/11/11,1/3/13,0,1,2,1,1,HRES33,Transportation and Infrastructure,49,27,TX,,,,,,,,,,
112,173,21132,"Bucshon, Larry",1,24,200,1/11/11,1/3/13,0,1,2,1,1,HRES33,Transportation and Infrastructure,22,8,IN,,,,,,,,,,
112,173,21150,"Long, Billy",1,25,200,1/11/11,1/3/13,0,1,2,1,2,HRES33,Transportation and Infrastructure,34,7,MO,Transferred to Energy and Commerce,,,,,,,,,
112,173,21165,"Gibbs, Bob",1,26,200,1/11/11,1/3/13,0,1,2,1,1,HRES33,Transportation and Infrastructure,24,18,OH,,,,,,,,,,
112,173,21168,"Meehan, Pat",1,27,200,1/11/11,1/3/13,0,1,2,1,1,HRES33,Transportation and Infrastructure,14,7,PA,,,,,,,,,,
112,173,21157,"Hanna, Richard",1,28,200,1/11/11,1/3/13,0,1,2,1,1,HRES33,Transportation and Infrastructure,13,24,NY,,,,,,,,,,
112,173,21181,"Fincher, Stephen",1,29,200,1/11/11,5/11/11,0,1,2,2,2,HRES33,Transportation and Infrastructure,54,8,TN,Transferred to Financial Services,,,,,,,,,
112,173,21138,"Landry, Jeffrey",1,30,200,1/11/11,1/3/13,0,1,2,1,0,HRES33,Transportation and Infrastructure,45,3,LA,Defeated for reelection,,,,,,,,,
112,173,21114,"Southerland, Steve",1,31,200,1/11/11,1/3/13,0,1,2,1,1,HRES33,Transportation and Infrastructure,43,2,FL,,,,,,,,,,
112,173,21109,"Denham, Jeff",1,32,200,1/11/11,1/3/13,0,1,2,1,1,HRES33,Transportation and Infrastructure,71,19,CA,,,,,,,,,,
112,173,21166,"Lankford, James",1,33,200,1/11/11,1/3/13,0,1,2,1,2,HRES33,Transportation and Infrastructure,53,5,OK,Transferred to Ways and Means,,,,,,,,,
112,173,14448,"Rahall, Nick Joe, II",2,1,100,1/4/11,1/3/13,21,18,2,1,1,HRES7,Transportation and Infrastructure,56,3,WV,,,,,,,,,,
112,173,15410,"DeFazio, Peter A.",2,2,100,1/18/11,1/3/13,0,13,2,1,1,HRES39,Transportation and Infrastructure,72,4,OR,,,,,,,,,,
112,173,15453,"Costello, Jerry F.",2,3,100,1/18/11,1/3/13,0,13,2,1,0,HRES39,Transportation and Infrastructure,21,12,IL,Did not seek reelection,,,,,,,,,
112,173,70303,"Norton, Eleanor Holmes",2,4,100,1/18/11,1/3/13,0,11,2,1,1,HRES39,Transportation and Infrastructure,55,79,DC,,,,,,,,,,
112,173,29377,"Nadler, Jerrold",2,5,100,1/18/11,1/3/13,0,10,2,1,1,HRES39,Transportation and Infrastructure,13,8,NY,,,,,,,,,,
112,173,29328,"Brown, Corrine",2,6,100,1/18/11,1/3/13,0,10,2,1,1,HRES39,Transportation and Infrastructure,43,3,FL,,,,,,,,,,
112,173,29325,"Filner, Bob",2,7,100,1/18/11,12/3/12,0,10,2,6,0,HRES39,Transportation and Infrastructure,71,51,CA,"Resigned to become Mayor of San Diego, 12/3/12",,,,,,,,,
112,173,39305,"Johnson, Eddie Bernice",2,8,100,1/18/11,1/3/13,0,10,2,1,1,HRES39,Transportation and Infrastructure,49,30,TX,,,,,,,,,,
112,173,29587,"Cummings, Elijah E.",2,9,100,1/18/11,1/3/13,0,9,2,1,1,HRES39,Transportation and Infrastructure,52,7,MD,,,,,,,,,,
112,173,29721,"Boswell, Leonard L.",2,10,100,1/18/11,1/3/13,0,8,2,1,0,HRES39,Transportation and Infrastructure,31,3,IA,Defeated for reelection,,,,,,,,,
112,173,29396,"Holden, Tim",2,11,100,1/18/11,1/3/13,0,8,2,1,0,HRES39,Transportation and Infrastructure,14,17,PA,Defeated for renomination,,,,,,,,,
112,173,20145,"Larsen, Rick",2,12,100,1/18/11,1/3/13,0,6,2,1,1,HRES39,Transportation and Infrastructure,73,2,WA,,,,,,,,,,
112,173,29919,"Capuano, Michael E.",2,13,100,1/18/11,1/3/13,0,6,2,1,1,HRES39,Transportation and Infrastructure,3,8,MA,,,,,,,,,,
112,173,20338,"Bishop, Timothy",2,14,100,1/18/11,1/3/13,0,5,2,1,1,HRES39,Transportation and Infrastructure,13,1,NY,,,,,,,,,,
112,173,20328,"Michaud, Michael H.",2,15,100,1/18/11,1/3/13,0,5,2,1,1,HRES39,Transportation and Infrastructure,2,2,ME,,,,,,,,,,
112,173,20516,"Carnahan, Russ",2,16,100,1/18/11,1/3/13,0,4,2,1,0,HRES39,Transportation and Infrastructure,34,3,MO,Defeated for renomination,,,,,,,,,
112,173,29903,"Napolitano, Grace F.",2,17,100,1/18/11,1/3/13,0,3,2,1,1,HRES39,Transportation and Infrastructure,71,38,CA,,,,,,,,,,
112,173,20508,"Lipinski, Daniel",2,18,100,1/18/11,1/3/13,0,3,2,1,1,HRES39,Transportation and Infrastructure,21,3,IL,,,,,,,,,,
112,173,20713,"Hirono, Mazie K.",2,19,100,1/18/11,1/3/13,0,3,2,1,0,HRES39,Transportation and Infrastructure,82,2,HI,Elected to U.S. Senate,,,,,,,,,
112,173,20743,"Altmire, Jason",2,20,100,1/18/11,1/3/13,0,3,2,1,0,HRES39,Transportation and Infrastructure,14,4,PA,Defeated for renomination,,,,,,,,,
112,173,20726,"Walz, Timothy J.",2,21,100,1/18/11,1/3/13,0,3,2,1,1,HRES39,Transportation and Infrastructure,33,1,MN,,,,,,,,,,
112,173,20737,"Shuler, Heath",2,22,100,1/18/11,1/3/13,0,3,2,1,0,HRES39,Transportation and Infrastructure,47,11,NC,Did not seek reelection,,,,,,,,,
112,173,20748,"Cohen, Steve",2,23,100,1/18/11,1/3/13,0,3,2,1,1,HRES39,Transportation and Infrastructure,54,9,TN,,,,,,,,,,
112,173,20752,"Richardson, Laura",2,24,100,1/18/11,1/3/13,0,3,2,1,0,HRES39,Transportation and Infrastructure,71,37,CA,Defeated for reelection,,,,,,,,,
112,173,20542,"Sires, Albio",2,25,100,1/18/11,1/3/13,0,3,2,1,1,HRES39,Transportation and Infrastructure,12,13,NJ,,,,,,,,,,
112,173,20763,"Edwards, Donna F.",2,26,100,1/18/11,1/3/13,0,3,2,1,1,HRES39,Transportation and Infrastructure,52,4,MD,,,,,,,,,,
112,173,21190,"Ribble, Reid",6,1,200,5/11/11,1/3/13,0,1,2,1,1,HRES263,Transportation and Infrastructure,25,8,WI,Replaced Reed,,,,,,,,,
112,173,21178,"Fleischmann, Chuck",6,2,200,6/14/11,1/3/13,0,1,2,1,1,HRES303,Transportation and Infrastructure,54,3,TN,Replaced Fincher,,,,,,,,,
112,176,14813,"Dreier, David",1,1,200,1/4/11,1/3/13,11,11,2,1,0,HRES6,Rules,71,26,CA,Did not seek reelection,,,,,,,,,
112,176,29759,"Sessions, Pete",1,2,200,1/4/11,1/3/13,0,7,2,1,1,HRES6,Rules,49,32,TX,,,,,,,,,,
112,176,20521,"Foxx, Virginia",1,3,200,1/4/11,1/3/13,0,2,2,1,1,HRES6,Rules,47,5,NC,,,,,,,,,,
112,176,20357,"Bishop, Rob",1,4,200,1/11/11,1/3/13,0,1,4,1,1,HRES33,Rules,67,1,UT,Late appointment,,,,,,,,,
112,176,21122,"Woodall, Robert",1,5,200,1/4/11,1/3/13,0,1,2,1,1,HRES6,Rules,44,7,GA,,,,,,,,,,
112,176,21115,"Nugent, Richard",1,6,200,1/4/11,1/3/13,0,1,2,1,1,HRES6,Rules,43,5,FL,,,,,,,,,,
112,176,21173,"Scott, Tim",1,7,200,1/4/11,1/3/13,0,1,2,1,0,HRES6,Rules,48,1,SC,Appointed to U.S. Senate,,,,,,,,,
112,176,21116,"Webster, Daniel",1,8,200,1/4/11,1/3/13,0,1,2,1,1,HRES6,Rules,43,8,FL,,,,,,,,,,
112,176,15444,"Slaughter, Louise M.",2,1,100,1/4/11,1/3/13,21,8,4,1,1,HRES7,Rules,13,28,NY,,,,,,,,,,
112,176,29729,"McGovern, Jim",2,2,100,1/4/11,1/3/13,0,6,2,1,1,HRES7,Rules,3,3,MA,,,,,,,,,,
112,176,29337,"Hastings, Alcee L.",2,3,100,1/4/11,1/3/13,0,6,2,1,1,HRES7,Rules,43,23,FL,,,,,,,,,,
112,176,21101,"Reed, Thomas W., II",4,9,200,4/5/11,6/14/11,0,1,2,2,2,HRES202,Rules,13,29,NY,"Late appointment; transferred to Ways and Means, H4108",,,,,,,,,
112,176,20904,"Polis, Jared",2,4,100,1/4/11,1/3/13,0,2,2,1,1,HRES7,Rules,62,2,CO,,,,,,,,,,
112,182,94828,"Hall, Ralph M.",1,1,200,1/4/11,1/3/13,11,5,4,1,1,HRES6,"Science, Space, and Technology",49,4,TX,,,,,,,,,,
112,182,14657,"Sensenbrenner, F. James, Jr.",1,2,200,1/17/11,1/3/13,0,3,4,1,1,HRES37,"Science, Space, and Technology",25,5,WI,,,,,,,,,,
112,182,15445,"Smith, Lamar S.",1,3,200,1/17/11,1/3/13,0,7,4,1,1,HRES37,"Science, Space, and Technology",49,21,TX,,,,,,,,,,
112,182,15621,"Rohrabacher, Dana",1,4,200,1/17/11,1/3/13,0,12,2,1,1,HRES37,"Science, Space, and Technology",71,46,CA,,,,,,,,,,
112,182,29356,"Bartlett, Roscoe G.",1,5,200,1/17/11,1/3/13,0,10,2,1,0,HRES37,"Science, Space, and Technology",52,6,MD,Defeated for reelection,,,,,,,,,
112,182,29393,"Lucas, Frank D.",1,6,200,1/17/11,1/3/13,0,7,2,1,1,HRES37,"Science, Space, and Technology",53,3,OK,,,,,,,,,,
112,182,29912,"Biggert, Judy.",1,7,200,1/17/11,1/3/13,0,7,2,1,0,HRES37,"Science, Space, and Technology",21,13,IL,Defeated for reelection,,,,,,,,,
112,182,20123,"Akin, W. Todd",1,8,200,1/17/11,1/3/13,0,6,2,1,0,HRES37,"Science, Space, and Technology",34,2,MO,Unsuccessful candidate for U.S. Senate,,,,,,,,,
112,182,20353,"Neugebauer, Randy",1,9,200,1/17/11,1/3/13,0,4,4,1,1,HRES37,"Science, Space, and Technology",49,19,TX,,,,,,,,,,
112,182,20530,"McCaul, Michael T.",1,10,200,1/17/11,1/3/13,0,4,2,1,1,HRES37,"Science, Space, and Technology",49,10,TX,,,,,,,,,,
112,182,20753,"Broun, Paul C., Jr.",1,11,200,1/17/11,1/3/13,0,3,2,1,1,HRES37,"Science, Space, and Technology",44,10,GA,,,,,,,,,,
112,182,21120,"Adams, Sandy",1,12,200,1/17/11,1/3/13,0,1,2,1,0,HRES37,"Science, Space, and Technology",43,24,FL,Defeated for renomination,,,,,,,,,
112,182,21104,"Quayle, Ben",1,13,200,1/17/11,1/3/13,0,1,2,1,0,HRES37,"Science, Space, and Technology",61,3,AZ,Defeated for renomination,,,,,,,,,
112,182,21178,"Fleischmann, Chuck",1,14,200,1/17/11,1/3/13,0,1,2,1,2,HRES37,"Science, Space, and Technology",54,3,TN,Transferred to Appropriations,,,,,,,,,
112,182,21185,"Rigell, Scott",1,15,200,1/17/11,1/3/13,0,1,2,1,2,HRES37,"Science, Space, and Technology",40,2,VA,Transferred to Budget,,,,,,,,,
112,182,21148,"Palazzo, Steven",1,16,200,1/17/11,1/3/13,0,1,2,1,1,HRES37,"Science, Space, and Technology",46,4,MS,,,,,,,,,,
112,182,21193,"Brooks, Mo",1,17,200,1/17/11,1/3/13,0,1,2,1,1,HRES37,"Science, Space, and Technology",41,5,AL,,,,,,,,,,
112,182,21139,"Harris, Andy",1,18,200,1/17/11,1/3/13,0,1,2,1,1,HRES37,"Science, Space, and Technology",52,1,MD,,,,,,,,,,
112,182,,[Vacant],1,23,200,,,,,,,,,"Science, Space, and Technology",,,,,,,,,,,,,
112,182,39305,"Johnson, Eddie Bernice",2,1,100,1/4/11,1/3/13,21,10,2,1,1,HRES7,"Science, Space, and Technology",49,30,TX,,,,,,,,,,
112,182,15453,"Costello, Jerry F.",2,2,100,1/18/11,1/3/13,0,7,4,1,0,HRES39,"Science, Space, and Technology",21,12,IL,Did not seek reelection,,,,,,,,,
112,182,29309,"Woolsey, Lynn",2,3,100,1/18/11,1/3/13,0,7,4,1,0,HRES39,"Science, Space, and Technology",71,6,CA,Did not seek reelection,,,,,,,,,
112,182,29504,"Lofgren, Zoe",2,4,100,1/18/11,1/3/13,0,11,4,1,1,HRES39,"Science, Space, and Technology",71,16,CA,,,,,,,,,,
112,182,29931,"Wu, David",2,5,100,1/18/11,1/31/12,0,7,2,8,0,HRES39,"Science, Space, and Technology",72,1,OR,"Resigned due to a sex scandal, 1/31/12",,,,,,,,,
112,182,20341,"Miller, Brad",2,6,100,1/18/11,1/3/13,0,5,2,1,0,HRES39,"Science, Space, and Technology",47,13,NC,Did not seek reelection,,,,,,,,,
112,182,20508,"Lipinski, Daniel",2,7,100,1/18/11,1/3/13,0,4,2,1,1,HRES39,"Science, Space, and Technology",21,3,IL,,,,,,,,,,
112,182,20701,"Giffords, Gabrielle",2,8,100,1/18/11,1/25/12,0,3,2,8,0,HRES39,"Science, Space, and Technology",61,8,AZ,"Resigned for personal health concerns, 1/25/12",,,,,,,,,
112,182,20763,"Edwards, Donna F.",2,9,100,1/18/11,1/3/13,0,3,2,1,1,HRES39,"Science, Space, and Technology",52,4,MD,,,,,,,,,,
112,182,20941,"Fudge, Marcia",2,10,100,1/18/11,3/20/12,0,2,2,2,2,HRES39,"Science, Space, and Technology",24,11,OH,"Transferred to Committee on Education and the Workplace, H1411",,,,,,,,,
112,182,20932,"Luján, Ben Ray",2,11,100,1/18/11,1/3/13,0,2,2,1,2,HRES39,"Science, Space, and Technology",66,3,NM,Transferred to Energy and Commerce,,,,,,,,,
112,182,20934,"Tonko, Paul",2,12,100,1/18/11,1/3/13,0,2,2,1,2,HRES39,"Science, Space, and Technology",13,21,NY,Transferred to Energy and Commerce,,,,,,,,,
112,182,20702,"McNerney, Jerry",2,13,100,1/18/11,1/3/13,0,1,4,1,2,HRES39,"Science, Space, and Technology",71,11,CA,Transferred to Energy and Commerce,,,,,,,,,
112,182,20724,"Sarbanes, John P.",2,14,100,1/18/11,3/20/12,0,1,2,2,1,HRES39,"Science, Space, and Technology",52,3,MD,"Transferred to Committee on Energy and Commerce, H1411",,,,,,,,,
112,182,21102,"Sewell, Terri A.",2,15,100,1/18/11,1/3/13,0,1,2,1,2,HRES39,"Science, Space, and Technology",41,7,AL,Transferred to Financial Services,,,,,,,,,
112,182,21118,"Wilson, Frederica",2,16,100,1/18/11,1/3/13,0,1,2,1,1,HRES39,"Science, Space, and Technology",43,17,FL,,,,,,,,,,
112,182,21145,"Clarke, Hansen",2,17,100,1/18/11,1/3/13,0,1,2,1,0,HRES39,"Science, Space, and Technology",23,13,MI,Defeated for renomination,,,,,,,,,
112,182,21129,"Hultgren, Randy",4,19,200,2/8/11,1/3/13,0,1,2,1,1,HRES78,"Science, Space, and Technology",21,14,IL,Late appointment,,,,,,,,,
112,182,21146,"Cravaack, Chip",4,20,200,2/8/11,1/3/13,0,1,2,1,0,HRES78,"Science, Space, and Technology",33,8,MN,Defeated for reelection; late appointment,,,,,,,,,
112,182,21132,"Bucshon, Larry",4,21,200,2/8/11,1/3/13,0,1,2,1,1,HRES78,"Science, Space, and Technology",22,8,IN,Late appointment,,,,,,,,,
112,182,21141,"Benishek, Dan",4,22,200,2/8/11,1/3/13,0,1,2,1,2,HRES78,"Science, Space, and Technology",23,1,MI,Late appointment; transferred to Agriculture,,,,,,,,,
112,182,21198,"Bonamici, Suzanne",7,1,100,2/16/12,1/3/13,0,1,2,1,1,HRES553,"Science, Space, and Technology",72,1,OR,Late appointment; to replace Wu,,,,,,,,,
112,182,31100,"Curson, David",7,2,100,11/29/12,1/3/13,0,1,2,1,0,HRES882,"Science, Space, and Technology",23,11,MI,Late appointment; to replace Fudge or Sarbanes; did not seek reelection,,,,,,,,,
112,184,20124,"Graves, Samuel",1,1,200,1/4/11,1/3/13,11,6,2,1,1,HRES6,Small Business,34,6,MO,,,,,,,,,,
112,184,29356,"Bartlett, Roscoe G.",1,2,200,1/17/11,1/3/13,0,9,2,1,0,HRES37,Small Business,52,6,MD,Defeated for reelection,,,,,,,,,
112,184,29550,"Chabot, Steven J.",1,3,200,1/17/11,1/3/13,0,1,2,1,1,HRES37,Small Business,24,1,OH,,,,,,,,,,
112,184,20325,"King, Steve",1,4,200,1/17/11,1/3/13,0,5,2,1,1,HRES37,Small Business,31,5,IA,,,,,,,,,,
112,184,20906,"Coffman, Mike",1,5,200,1/17/11,1/3/13,0,2,2,1,1,HRES37,Small Business,62,6,CO,,,,,,,,,,
112,184,21176,"Mulvaney, Mick",1,6,200,1/17/11,1/3/13,0,1,2,1,1,HRES37,Small Business,48,5,SC,,,,,,,,,,
112,184,21111,"Tipton, Scott",1,7,200,1/17/11,1/3/13,0,1,2,1,1,HRES37,Small Business,62,3,CO,,,,,,,,,,
112,184,21178,"Fleischmann, Chuck",1,8,200,1/17/11,6/15/11,0,1,2,3,2,HRES37,Small Business,54,3,TN,"Transferred to Committee on Transportation and Infrastructure, H4239",,,,,,,,,
112,184,21187,"Herrera Beutler, Jaime",1,10,200,1/17/11,1/3/13,0,1,2,1,1,HRES37,Small Business,73,3,WA,,,,,,,,,,
112,184,21119,"West, Allen",1,11,200,1/17/11,1/3/13,0,1,2,1,0,HRES37,Small Business,43,22,FL,Defeated for reelection,,,,,,,,,
112,184,21159,"Ellmers, Renee",1,12,200,1/17/11,1/3/13,0,1,2,1,2,HRES37,Small Business,47,2,NC,Transferred to Energy and Commerce,,,,,,,,,
112,184,21126,"Walsh, Joe",1,13,200,1/17/11,1/3/13,0,1,2,1,0,HRES37,Small Business,21,8,IL,Defeated for reelection,,,,,,,,,
112,184,21171,"Barletta, Lou",1,14,200,3/9/11,1/3/13,0,1,2,1,1,HRES155,Small Business,14,11,PA,Late appointment,,,,,,,,,
112,184,21157,"Hanna, Richard",1,15,200,3/15/11,1/3/13,0,1,2,1,1,HRES168,Small Business,13,24,NY,Late appointment,,,,,,,,,
112,184,29378,"Velazquez, Nydia M.",2,1,100,1/4/11,1/3/13,21,10,2,1,1,HRES7,Small Business,13,12,NY,,,,,,,,,,
112,184,20737,"Shuler, Heath",2,2,100,1/18/11,1/26/11,0,3,2,2,1,HRES39,Small Business,47,11,NC,Resigned to complete tenure on Committee on the Buget (CR E130); did not seek reelection,,,,,,,,,
112,184,20944,"Schrader, Kurt",2,3,100,1/18/11,1/3/13,0,2,2,1,0,HRES39,Small Business,72,5,OR,,,,,,,,,,
112,184,20960,"Critz, Mark S.",2,4,100,1/18/11,1/3/13,0,1,2,1,0,HRES39,Small Business,14,12,PA,Defeated for reelection,,,,,,,,,
112,184,20743,"Altmire, Jason",2,5,100,1/18/11,9/13/11,0,3,2,2,0,HRES39,Small Business,14,4,PA,"Transferred to Committee on Educaton and the Workforce, H6123; defeated for renomination",,,,,,,,,
112,184,20733,"Clarke, Yvette D.",2,6,100,1/18/11,1/3/13,0,3,2,1,1,HRES39,Small Business,13,11,NY,,,,,,,,,,
112,184,20955,"Chu, Judy",2,7,100,1/18/11,1/3/13,0,1,2,1,1,HRES39,Small Business,71,32,CA,,,,,,,,,,
112,184,21172,"Cicilline, David",2,8,100,1/18/11,1/3/13,0,1,2,1,2,HRES39,Small Business,5,1,RI,Transferred to Budget,,,,,,,,,
112,184,21137,"Richmond, Cedric",2,9,100,1/18/11,1/3/13,0,1,2,1,2,HRES39,Small Business,45,2,LA,Transferred to Judiciary,,,,,,,,,
112,184,20923,"Peters, Gary C.",2,10,100,1/26/11,1/3/13,0,1,2,1,2,HRES62,Small Business,23,9,MI,Transferred to no other,,,,,,,,,
112,184,20957,"Owens, Bill",2,11,100,1/26/11,1/3/13,0,1,2,1,2,HRES62,Small Business,13,23,NY,Transferred to Appropriations,,,,,,,,,
112,184,21140,"Keating, William",2,12,100,1/26/11,1/3/13,0,1,2,1,2,HRES62,Small Business,3,10,MA,Left committee for no other,,,,,,,,,
112,184,21138,"Landry, Jeffrey",4,9,200,1/18/11,1/3/13,0,1,2,1,1,HRES42,Small Business,45,3,LA,Late appointment; defeated for reelection,,,,,,,,,
112,184,21130,"Schilling, Bobby",6,1,200,9/8/11,1/3/13,0,1,2,1,0,HRES395,Small Business,21,17,IL,Replaced Fleischmann; defeated for reelection,,,,,,,,,
112,184,21194,"Hochul, Kathleen C.",7,1,100,9/22/11,1/3/13,0,1,2,1,0,HRES411,Small Business,13,26,NY,"To be ranked immediately below Mr. Richmond; elected in special election, to replace Replaced Altmire; Chris Lee, 5/24/11; defeated for reelection",,,,,,,,,
112,186,20300,"Bonner, Jo",1,1,200,1/4/11,1/3/13,11,3,2,1,2,HRES6,Ethics,41,1,AL,Left for no other,,,,,,,,,
112,186,20530,"McCaul, Michael T.",1,2,200,1/4/11,1/3/13,0,2,2,1,2,HRES6,Ethics,49,10,TX,Left committee for no other,,,,,,,,,
112,186,20531,"Conaway, K. Michael",1,3,200,1/4/11,1/3/13,0,2,2,1,1,HRES6,Ethics,49,11,TX,,,,,,,,,,
112,186,20526,"Dent, Charles W.",1,4,200,1/4/11,1/3/13,0,2,2,1,1,HRES6,Ethics,14,15,PA,,,,,,,,,,
112,186,20925,"Harper, Gregg",1,5,200,1/4/11,1/3/13,0,2,2,1,2,HRES6,Ethics,46,3,MS,Transferred to no other,,,,,,,,,
112,186,20310,"Sanchez, Linda",2,1,100,1/25/11,1/3/13,22,1,2,1,1,HRES62,Ethics,71,39,CA,"Lofgren resigned before the remaining minority members were appointed, so they are all treated as original members of the committee",,,,,,,,,
112,186,29504,"Lofgren, Zoe",2,1,100,1/11/11,1/26/11,21,2,4,2,2,HRES31,Ethics,71,16,CA,"Resigned as the ranking member CR H499; Lofgren resigned before the remaining minority members were appointed, so they are all treated as original members of the committee",,,,,,,,,
112,186,20713,"Hirono, Mazie K.",2,2,100,1/25/11,7/14/11,0,1,2,6,2,HRES62,Ethics,82,2,HI,"Lofgren resigned before the remaining minority members were appointed, so they are all treated as original members of the committee; resigned to run for U.S. Senate, H5050; elected to U.S. Senate",,,,,,,,,
112,186,20723,"Yarmuth, John A.",2,3,100,1/25/11,1/3/13,0,1,2,1,2,HRES62,Ethics,51,3,KY,"Lofgren resigned before the remaining minority members were appointed, so they are all treated as original members of the committee; transferred to Education and the Workforce",,,,,,,,,
112,186,20763,"Edwards, Donna F.",2,4,100,1/25/11,1/3/13,0,1,2,1,2,HRES62,Ethics,52,4,MD,"Lofgren resigned before the remaining minority members were appointed, so they are all treated as original members of the committee; transferred to no other",,,,,,,,,
112,186,70805,"Pierluisi, Pedro R.",2,5,100,1/25/11,1/3/13,0,1,2,1,1,HRES62,Ethics,92,80,PR,"Lofgren resigned before the remaining minority members were appointed, so they are all treated as original members of the committee",,,,,,,,,
112,186,20706,"Courtney, Joe",7,6,100,7/14/11,1/3/13,0,1,2,1,2,HRES350,Ethics,1,2,CT,Replaced Hirono; transferred to Education and the Workforce,,,,,,,,,
112,192,20110,"Miller, Jeff",1,1,200,1/4/11,1/3/13,11,6,2,1,1,HRES6,Veterans Affairs,43,1,FL,,,,,,,,,,
112,192,15627,"Stearns, Clifford B.",1,2,200,1/17/11,1/3/13,0,10,4,1,0,HRES37,Veterans Affairs,43,6,FL,Defeated for renomination,,,,,,,,,
112,192,20704,"Lamborn, Doug",1,3,200,1/17/11,1/3/13,0,2,4,1,1,HRES37,Veterans Affairs,62,5,CO,,,,,,,,,,
112,192,20758,"Bilirakis, Gus",1,4,200,1/17/11,1/3/13,0,3,2,1,1,HRES37,Veterans Affairs,43,9,FL,Listed by the committee as the vice chairman,,,,,,,,,
112,192,20947,"Roe, David P.",1,5,200,1/17/11,1/3/13,0,2,2,1,1,HRES37,Veterans Affairs,54,1,TN,,,,,,,,,,
112,192,21100,"Stutzman, Marlin",1,6,200,1/17/11,1/3/13,0,1,2,1,2,HRES37,Veterans Affairs,22,3,IN,Transferred to Financial Services,,,,,,,,,
112,192,21182,"Flores, Bill",1,7,200,1/17/11,1/3/13,0,1,2,1,1,HRES37,Veterans Affairs,49,17,TX,,,,,,,,,,
112,192,21162,"Johnson, Bill",1,8,200,1/17/11,1/3/13,0,1,2,1,2,HRES37,Veterans Affairs,24,6,OH,Transferred to Energy and Commerce,,,,,,,,,
112,192,21109,"Denham, Jeff",1,9,200,1/17/11,1/3/13,0,1,2,1,1,HRES37,Veterans Affairs,71,19,CA,,,,,,,,,,
112,192,21153,"Runyan, Jon",1,10,200,1/17/11,1/3/13,0,1,2,1,1,HRES37,Veterans Affairs,12,3,NJ,,,,,,,,,,
112,192,21141,"Benishek, Dan",1,11,200,1/17/11,1/3/13,0,1,2,1,1,HRES37,Veterans Affairs,23,1,MI,,,,,,,,,,
112,192,21158,"Buerkle, Ann Marie",1,12,200,1/17/11,1/3/13,0,1,2,1,0,HRES37,Veterans Affairs,13,25,NY,Defeated for reelection,,,,,,,,,
112,192,21134,"Huelskamp, Tim",1,13,200,1/17/11,1/3/13,0,1,2,1,1,HRES37,Veterans Affairs,32,1,KS,,,,,,,,,,
112,192,,[Vacant],1,15,200,,,,,,,,,Veterans Affairs,,,,,,,,,,,,,
112,192,29325,"Filner, Bob",2,1,100,1/4/11,12/3/12,21,10,2,6,0,HRES7,Veterans Affairs,71,51,CA,"Resigned to become Mayor of San Diego, 12/3/12",,,,,,,,,
112,192,29328,"Brown, Corrine",2,2,100,1/18/11,1/3/13,0,10,2,1,1,HRES39,Veterans Affairs,43,3,FL,,,,,,,,,,
112,192,29764,"Reyes, Silvestre",2,3,100,1/18/11,1/3/13,0,1,5,1,0,HRES39,Veterans Affairs,49,16,TX,Defeated for renomination,,,,,,,,,
112,192,20328,"Michaud, Michael H.",2,4,100,1/18/11,1/3/13,0,5,2,1,1,HRES39,Veterans Affairs,2,2,ME,"Mr. Michaud is to rank above Ms. Brown of Florida, HRES830",,,,,,,,,
112,192,20310,"Sanchez, Linda",2,5,100,1/24/11,1/3/13,0,1,2,1,2,HRES52,Veterans Affairs,71,39,CA,Transferred to Ways and Means,,,,,,,,,
112,192,20719,"Braley, Bruce L.",2,6,100,1/18/11,1/3/13,0,1,2,1,2,HRES39,Veterans Affairs,31,1,IA,Transferred to Energy and Commerce,,,,,,,,,
112,192,20702,"McNerney, Jerry",2,7,100,1/18/11,1/3/13,0,3,2,1,2,HRES39,Veterans Affairs,71,11,CA,Transferred to Energy and Commerce,,,,,,,,,
112,192,20717,"Donnelly, Joe",2,8,100,1/25/11,1/3/13,0,3,2,1,0,HRES62,Veterans Affairs,22,2,IN,Elected to U.S. Senate,,,,,,,,,
112,192,20726,"Walz, Timothy J.",2,9,100,1/25/11,1/3/13,0,3,2,1,1,HRES62,Veterans Affairs,33,1,MN,,,,,,,,,,
112,192,20507,"Barrow, John",2,10,100,1/25/11,1/3/13,0,1,2,1,0,HRES62,Veterans Affairs,44,12,GA,Left for no other,,,,,,,,,
112,192,20516,"Carnahan, Russ",2,11,100,1/25/11,1/3/13,0,1,2,1,0,HRES62,Veterans Affairs,34,3,MO,Defeated for renomination,,,,,,,,,
112,192,21197,"Turner, Bob L.",4,12,100,10/4/11,1/3/13,0,1,2,1,0,HRES420,Veterans Affairs,13,9,NY,"Elected in special election, to replace Anthony Weiner, 9/13/11; unsuccessful candidate for U.S. Senate",,,,,,,,,
112,192,21196,"Amodei, Mark E.",4,14,200,10/4/11,1/3/13,0,1,2,1,1,HRES420,Veterans Affairs,2,65,NV,Replaced vacancy,,,,,,,,,
112,196,29124,"Camp, Dave",1,1,200,1/4/11,1/3/13,11,10,2,1,1,HRES6,Ways and Means,23,4,MI,,,,,,,,,,
112,196,15420,"Herger, Wally",1,2,200,1/4/11,1/3/13,0,10,2,1,0,HRES6,Ways and Means,71,2,CA,Did not seek reelection,,,,,,,,,
112,196,29143,"Johnson, Sam",1,3,200,1/4/11,1/3/13,0,9,2,1,1,HRES6,Ways and Means,49,3,TX,,,,,,,,,,
112,196,29760,"Brady, Kevin",1,4,200,1/4/11,1/3/13,0,6,2,1,1,HRES6,Ways and Means,49,8,TX,,,,,,,,,,
112,196,29939,"Ryan, Paul",1,5,200,1/4/11,1/3/13,0,6,2,1,1,HRES6,Ways and Means,25,1,WI,,,,,,,,,,
112,196,20307,"Nunes, Devin",1,6,200,1/4/11,1/3/13,0,4,2,1,1,HRES6,Ways and Means,71,21,CA,,,,,,,,,,
112,196,20130,"Tiberi, Patrick",1,7,200,1/4/11,1/3/13,0,3,2,1,1,HRES6,Ways and Means,24,12,OH,,,,,,,,,,
112,196,20511,"Davis, Geoff",1,8,200,1/4/11,7/31/12,0,2,2,8,0,HRES6,Ways and Means,51,4,KY,"Resigned due to family health issues, 7/31/12",,,,,,,,,
112,196,20536,"Reichert, David G.",1,9,200,1/4/11,1/3/13,0,2,2,1,1,HRES6,Ways and Means,73,8,WA,,,,,,,,,,
112,196,20514,"Boustany, Charles W. Jr.",1,10,200,1/4/11,1/3/13,0,2,2,1,1,HRES6,Ways and Means,45,7,LA,,,,,,,,,,
112,196,20730,"Heller, Dean",1,11,200,1/4/11,5/9/11,0,2,2,6,0,HRES6,Ways and Means,65,2,NV,Appointed to U.S. Senate,,,,,,,,,
112,196,20715,"Roskam, Peter J.",1,12,200,1/4/11,1/3/13,0,2,2,1,1,HRES6,Ways and Means,21,6,IL,,,,,,,,,,
112,196,20345,"Gerlach, Jim",1,13,200,1/4/11,1/3/13,0,1,2,1,1,HRES6,Ways and Means,14,6,PA,,,,,,,,,,
112,196,20505,"Price, Tom",1,14,200,1/4/11,1/3/13,0,1,2,1,1,HRES6,Ways and Means,44,6,GA,,,,,,,,,,
112,196,20709,"Buchanan, Vernon G.",1,15,200,1/4/11,1/3/13,0,1,2,1,1,HRES6,Ways and Means,43,13,FL,,,,,,,,,,
112,196,20729,"Smith, Adrian",1,16,200,1/4/11,1/3/13,0,1,2,1,1,HRES6,Ways and Means,35,3,NE,,,,,,,,,,
112,196,20914,"Schock, Aaron",1,17,200,1/4/11,1/3/13,0,1,2,1,1,HRES6,Ways and Means,21,18,IL,,,,,,,,,,
112,196,20936,"Lee, Christopher John",1,18,200,1/4/11,2/9/11,0,1,2,8,0,HRES6,Ways and Means,13,26,NY,"Resigned due to a sex scandal, 2/9/11",,,,,,,,,
112,196,20915,"Jenkins, Lynn",1,19,200,1/4/11,1/3/13,0,1,2,1,1,HRES6,Ways and Means,32,2,KS,,,,,,,,,,
112,196,20924,"Paulsen, Erik",1,20,200,1/4/11,1/3/13,0,1,2,1,1,HRES6,Ways and Means,33,3,MN,,,,,,,,,,
112,196,21160,"Berg, Rick",1,22,200,1/4/11,1/3/13,0,1,2,1,0,HRES6,Ways and Means,36,1,ND,Unsuccessful candidate for U.S. Senate,,,,,,,,,
112,196,21180,"Black, Diane",1,23,200,1/4/11,1/3/13,0,1,2,1,1,HRES6,Ways and Means,54,6,TN,,,,,,,,,,
112,196,15033,"Levin, Sander M.",2,1,100,1/4/11,1/3/13,21,13,2,1,1,HRES7,Ways and Means,23,12,MI,,,,,,,,,,
112,196,13035,"Rangel, Charles B.",2,2,100,1/10/11,1/3/13,0,19,2,1,1,HRES31,Ways and Means,13,15,NY,,,,,,,,,,
112,196,14053,"Stark, Fortney Pete",2,3,100,1/10/11,1/3/13,0,19,2,1,0,HRES31,Ways and Means,71,13,CA,Defeated for reelection by member of same party as result of California jungle primary system,,,,,,,,,
112,196,15613,"McDermott, James A.",2,4,100,1/10/11,1/3/13,0,11,2,1,1,HRES31,Ways and Means,73,7,WA,,,,,,,,,,
112,196,15431,"Lewis, John R.",2,5,100,1/10/11,1/3/13,0,10,2,1,1,HRES31,Ways and Means,44,5,GA,,,,,,,,,,
112,196,15616,"Neal, Richard E.",2,6,100,1/10/11,1/3/13,0,10,2,1,1,HRES31,Ways and Means,3,2,MA,,,,,,,,,,
112,196,29316,"Becerra, Xavier",2,7,100,1/10/11,1/3/13,0,8,2,1,1,HRES31,Ways and Means,71,31,CA,,,,,,,,,,
112,196,29571,"Doggett, Lloyd",2,8,100,1/10/11,1/3/13,0,7,2,1,1,HRES31,Ways and Means,49,25,TX,,,,,,,,,,
112,196,29901,"Thompson, Mike",2,9,100,1/10/11,1/3/13,0,4,2,1,1,HRES31,Ways and Means,71,1,CA,,,,,,,,,,
112,196,29908,"Larson, John B.",2,10,100,1/10/11,1/3/13,0,4,2,1,1,HRES31,Ways and Means,1,1,CT,,,,,,,,,,
112,196,29588,"Blumenauer, Earl",2,11,100,1/10/11,1/3/13,0,3,2,1,1,HRES31,Ways and Means,72,3,OR,,,,,,,,,,
112,196,29769,"Kind, Ron",2,12,100,1/10/11,1/3/13,0,3,2,1,1,HRES31,Ways and Means,25,3,WI,,,,,,,,,,
112,196,29741,"Pascrell, William J., Jr.",2,13,100,1/10/11,1/3/13,0,3,2,1,1,HRES31,Ways and Means,12,8,NJ,,,,,,,,,,
112,196,29922,"Berkley, Shelley",2,14,100,1/10/11,1/3/13,0,3,2,1,0,HRES31,Ways and Means,65,1,NV,Unsuccessful candidate for U.S. Senate,,,,,,,,,
112,196,29925,"Crowley, Joseph",2,15,100,1/10/11,1/3/13,0,3,2,1,1,HRES31,Ways and Means,13,7,NY,,,,,,,,,,
112,196,20532,"Marchant, Kenny",4,21,200,3/15/11,1/3/13,0,1,2,1,0,HRES168,Ways and Means,49,24,TX,Late appointment; to rank immediately after Mr. Paulsen,,,,,,,,,
112,196,21101,"Reed, Thomas W., II",6,1,200,6/14/11,1/3/13,0,1,2,1,1,HRES303,Ways and Means,13,29,NY,Replaced Heller,,,,,,,,,
112,242,29572,"Thornberry, William M. (Mac)",1,1,200,1/11/11,1/3/13,11,5,2,1,1,H200,Intelligence (Select),49,13,TX,,,,,,,,,,
112,242,29549,"Myrick, Sue",1,2,200,1/11/11,1/3/13,0,2,2,1,0,H200,Intelligence (Select),47,9,NC,Retired from Congress,,,,,,,,,
112,242,20110,"Miller, Jeff",1,3,200,1/11/11,1/3/13,0,2,2,1,1,H200,Intelligence (Select),43,1,FL,,,,,,,,,,
112,242,20531,"Conaway, K. Michael",1,4,200,1/11/11,1/3/13,0,2,2,1,1,H200,Intelligence (Select),49,11,TX,,,,,,,,,,
112,242,29375,"King, Peter T.",1,5,200,1/11/11,1/3/13,0,2,2,1,1,H200,Intelligence (Select),13,3,NY,,,,,,,,,,
112,242,29539,"Lobiondo, Frank A.",1,6,200,1/11/11,1/3/13,0,1,2,1,1,H200,Intelligence (Select),12,2,NJ,,,,,,,,,,
112,242,20307,"Nunes, Devin",1,7,200,1/11/11,1/3/13,0,1,2,1,1,H200,Intelligence (Select),71,21,CA,,,,,,,,,,
112,242,20506,"Westmoreland, Lynn A.",1,8,200,1/11/11,1/3/13,0,1,2,1,1,H200,Intelligence (Select),44,3,GA,,,,,,,,,,
112,242,20728,"Bachmann, Michele",1,9,200,1/11/11,1/3/13,0,1,2,1,1,H200,Intelligence (Select),33,6,MN,,,,,,,,,,
112,242,20910,"Rooney, Thomas J.",1,10,200,1/11/11,1/3/13,0,1,2,1,1,H200,Intelligence (Select),43,16,FL,,,,,,,,,,
112,242,21151,"Heck, Joe",1,11,200,1/11/11,1/3/13,0,1,2,1,1,H200,Intelligence (Select),65,3,NV,,,,,,,,,,
112,242,20329,"Ruppersberger, C.A. Dutch",2,1,100,1/25/11,1/3/13,21,5,2,1,1,H500,Intelligence (Select),52,2,MD,,,,,,,,,,
112,242,29901,"Thompson, Mike",2,2,100,1/25/11,1/3/13,0,3,2,1,1,H500,Intelligence (Select),71,1,CA,,,,,,,,,,
112,242,29911,"Schakowsky, Janice D",2,3,100,1/25/11,1/3/13,0,3,2,1,1,H500,Intelligence (Select),21,9,IL,,,,,,,,,,
112,242,20136,"Langevin, James",2,4,100,1/25/11,1/3/13,0,3,2,1,1,H500,Intelligence (Select),5,2,RI,,,,,,,,,,
112,242,20104,"Schiff, Adam",2,5,100,1/25/11,1/3/13,0,3,2,1,1,H500,Intelligence (Select),71,29,CA,,,,,,,,,,
112,242,20523,"Boren, Dan",2,6,100,1/25/11,1/3/13,0,3,2,1,0,H500,Intelligence (Select),53,2,OK,Did not seek reelection,,,,,,,,,
112,242,29348,"Gutierrez, Luis V.",2,7,100,1/25/11,1/3/13,0,1,2,1,1,H500,Intelligence (Select),21,4,IL,,,,,,,,,,
112,242,20326,"Chandler, A.B.",2,8,100,1/25/11,1/3/13,0,1,2,1,0,H500,Intelligence (Select),51,6,KY,Defeated for reelection,,,,,,,,,
112,251,29375,"King, Peter T.",1,1,200,1/4/11,1/3/13,11,5,2,1,1,HRES6,Homeland Security,13,3,NY,,,,,,,,,,
112,251,15445,"Smith, Lamar S.",1,2,200,1/17/11,1/3/13,0,5,2,1,1,HRES37,Homeland Security,49,21,TX,,,,,,,,,,
112,251,14647,"Lungren, Daniel E.",1,3,200,1/17/11,1/3/13,0,4,2,1,0,HRES37,Homeland Security,71,3,CA,Defeated for reelection,,,,,,,,,
112,251,20301,"Rogers, Mike Dennis",1,4,200,1/17/11,1/3/13,0,4,2,1,1,HRES37,Homeland Security,41,3,AL,,,,,,,,,,
112,251,20530,"McCaul, Michael T.",1,5,200,1/17/11,1/3/13,0,4,2,1,1,HRES37,Homeland Security,49,10,TX,,,,,,,,,,
112,251,20758,"Bilirakis, Gus",1,6,200,1/17/11,1/3/13,0,3,2,1,2,HRES37,Homeland Security,43,9,FL,Transferred to Energy and Commerce,,,,,,,,,
112,251,20753,"Broun, Paul C., Jr.",1,7,200,1/17/11,1/3/13,0,3,2,1,1,HRES37,Homeland Security,44,10,GA,,,,,,,,,,
112,251,20331,"Miller, Candice S.",1,8,200,1/17/11,1/3/13,0,3,2,1,1,HRES37,Homeland Security,23,10,MI,,,,,,,,,,
112,251,20725,"Walberg, Tim",1,9,200,1/17/11,1/3/13,0,1,2,1,2,HRES37,Homeland Security,23,7,MI,Left for no other,,,,,,,,,
112,251,21146,"Cravaack, Chip",1,10,200,1/17/11,1/3/13,0,1,2,1,0,HRES37,Homeland Security,33,8,MN,Defeated for reelection,,,,,,,,,
112,251,21126,"Walsh, Joe",1,11,200,1/17/11,1/3/13,0,1,2,1,0,HRES37,Homeland Security,21,8,IL,Defeated for reelection,,,,,,,,,
112,251,21168,"Meehan, Pat",1,12,200,1/17/11,1/3/13,0,1,2,1,1,HRES37,Homeland Security,14,7,PA,,,,,,,,,,
112,251,21104,"Quayle, Ben",1,13,200,1/17/11,1/3/13,0,1,2,1,0,HRES37,Homeland Security,61,3,AZ,Defeated for renomination,,,,,,,,,
112,251,21185,"Rigell, Scott",1,14,200,1/17/11,1/3/13,0,1,2,1,2,HRES37,Homeland Security,40,2,VA,Transferred to Budget,,,,,,,,,
112,251,21150,"Long, Billy",1,15,200,1/17/11,1/3/13,0,1,2,1,2,HRES37,Homeland Security,34,7,MO,Transferred to Energy and Commerce,,,,,,,,,
112,251,21174,"Duncan, Jeff",1,16,200,1/17/11,1/3/13,0,1,2,1,1,HRES37,Homeland Security,48,3,SC,,,,,,,,,,
112,251,21170,"Marino, Tom",1,17,200,1/17/11,1/3/13,0,1,2,1,1,HRES37,Homeland Security,14,10,PA,,,,,,,,,,
112,251,21184,"Farenthold, Blake",1,18,200,1/18/11,1/3/13,0,1,2,1,2,HRES42,Homeland Security,49,27,TX,Transferred to Judiciary,,,,,,,,,
112,251,21193,"Brooks, Mo",1,19,200,1/24/11,10/4/11,0,1,2,3,2,HRES53,Homeland Security,41,5,AL,"Left committee for Bob Turner, H6533",,,,,,,,,
112,251,29368,"Thompson, Bennie",2,1,100,1/4/11,1/3/13,21,5,2,1,1,HRES7,Homeland Security,46,2,MS,,,,,,,,,,
112,251,29709,"Sanchez, Loretta",2,2,100,1/18/11,1/3/13,0,5,2,1,1,HRES39,Homeland Security,71,47,CA,,,,,,,,,,
112,251,29318,"Harman, Jane",2,3,100,1/18/11,2/28/11,0,5,2,8,0,HRES39,Homeland Security,71,36,CA,"Became president, Woodrow Wilson Center for International Scholars",,,,,,,,,
112,251,29573,"Jackson Lee, Sheila",2,4,100,1/18/11,1/3/13,0,5,2,1,1,HRES39,Homeland Security,49,18,TX,,,,,,,,,,
112,251,20533,"Cuellar, Henry",2,5,100,1/18/11,1/3/13,0,3,2,1,2,HRES39,Homeland Security,49,28,TX,Transferred to Appropriations,,,,,,,,,
112,251,20733,"Clarke, Yvette D.",2,6,100,1/18/11,1/3/13,0,3,2,1,1,HRES39,Homeland Security,13,11,NY,,,,,,,,,,
112,251,20752,"Richardson, Laura",2,7,100,1/18/11,1/3/13,0,2,2,1,0,HRES39,Homeland Security,71,37,CA,Defeated for reelection,,,,,,,,,
112,251,70501,"Christensen, Donna",2,8,100,1/18/11,3/8/11,0,1,4,2,2,HRES39,Homeland Security,93,83,VI,Formerly Donna Christian-Green; transferred to Energy and Commerce,,,,,,,,,
112,251,29717,"Davis, Danny K.",2,9,100,1/18/11,1/3/13,0,1,2,1,2,HRES39,Homeland Security,21,7,IL,Transferred to Ways and Means,,,,,,,,,
112,251,20519,"Higgins, Brian",2,10,100,1/18/11,1/3/13,0,1,2,1,1,HRES39,Homeland Security,13,27,NY,,,,,,,,,,
112,251,20762,"Speier, Karen Lorraine Jacqueline (Jackie)",2,11,100,1/18/11,2/16/12,0,1,2,2,2,HRES39,Homeland Security,71,12,CA,"Transferred to Committee on Armed Services, H886",,,,,,,,,
112,251,21137,"Richmond, Cedric",2,12,100,1/18/11,1/3/13,0,1,2,1,1,HRES39,Homeland Security,45,2,LA,,,,,,,,,,
112,251,21145,"Clarke, Hansen",2,13,100,1/18/11,1/3/13,0,1,2,1,0,HRES39,Homeland Security,23,13,MI,Defeated for renomination,,,,,,,,,
112,251,21140,"Keating, William",2,14,100,1/18/11,1/3/13,0,1,2,1,1,HRES39,Homeland Security,3,10,MA,,,,,,,,,,
112,251,21197,"Turner, Bob L.",6,1,200,10/4/11,1/3/13,0,1,2,1,0,HRES420,Homeland Security,13,9,NY,"To replace Mo Brooks, H6533; elected in special election, to replace Anthony Weiner, 9/13/11; unsuccessful candidate for U.S. Senate",,,,,,,,,
112,251,21194,"Hochul, Kathleen C.",7,1,100,6/2/11,1/3/13,0,1,2,1,0,HRES293,Homeland Security,13,26,NY,"Replaced Harman; elected in special election, to replace Chris Lee, 5/24/11; defeated for reelection",,,,,,,,,
112,251,21195,"Hahn, Janice",7,2,100,7/28/11,1/3/13,0,1,2,1,1,HRES377,Homeland Security,71,36,CA,Replaced Christensen,,,,,,,,,
112,251,21199,"Barber, Ron",7,3,100,6/26/12,1/3/13,0,1,2,1,1,HRES707,Homeland Security,61,8,AZ,Replaced Speier,,,,,,,,,
112,500,20925,"Harper, Gregg",1,1,200,4/12/11,1/3/13,81,2,2,1,1,HRES197,Library (Joint),46,3,MS,,,,,,,,,,
112,500,14647,"Lungren, Daniel E.",1,2,200,4/12/11,1/3/13,0,3,2,1,0,HRES197,Library (Joint),71,3,CA,Ex-officio as chair of House Administration; defeated for reelection,,,,,,,,,
112,500,20111,"Crenshaw, Ander",1,3,200,4/12/11,1/3/13,0,1,2,1,2,HRES197,Library (Joint),43,4,FL,Ex-officio as chair of Leg. Branch Subcomm. of HAC,,,,,,,,,
112,500,29777,"Brady, Robert A.",2,1,100,4/12/11,1/3/13,0,2,2,1,1,HRES197,Library (Joint),14,1,PA,,,,,,,,,,
112,500,29504,"Lofgren, Zoe",2,2,100,4/12/11,1/3/13,0,4,2,1,1,HRES197,Library (Joint),71,16,CA,,,,,,,,,,
112,501,20925,"Harper, Gregg",1,1,200,4/12/11,1/3/13,11,1,2,1,1,HRES197,Printing (Joint),46,3,MS,,,,,,,,,,
112,501,14647,"Lungren, Daniel E.",1,2,200,4/12/11,1/3/13,0,2,2,1,0,HRES197,Printing (Joint),71,3,CA,Ex-officio as chair of House Administration; defeated for reelection,,,,,,,,,
112,501,20914,"Schock, Aaron",1,3,200,4/12/11,1/3/13,0,1,2,1,2,HRES197,Printing (Joint),21,18,IL,,,,,,,,,,
112,501,29777,"Brady, Robert A.",2,1,100,4/12/11,1/3/13,0,3,2,1,1,HRES197,Printing (Joint),14,1,PA,,,,,,,,,,
112,501,29943,"Gonzalez, Charles A.",2,2,100,4/12/11,1/3/13,0,1,2,1,0,HRES197,Printing (Joint),49,20,TX,Did not seek reelection,,,,,,,,,
112,503,29124,"Camp, Dave",1,1,200,Unknown,1/3/13,11,2,2,1,1,House Clerk,Taxation (Joint),23,4,MI,"Membership taken from ""List of Standing committees,"" prepared by House Clerk, dated 6/1/2011",,,,,,,,,
112,503,15420,"Herger, Wally",1,2,200,Unknown,1/3/13,0,3,2,1,0,House Clerk,Taxation (Joint),71,2,CA,"Membership taken from ""List of Standing committees,"" prepared by House Clerk, dated 6/1/2011; did not seek reelection",,,,,,,,,
112,503,29143,"Johnson, Sam",1,3,200,Unknown,1/3/13,0,1,2,1,1,House Clerk,Taxation (Joint),49,3,TX,"Membership taken from ""List of Standing committees,"" prepared by House Clerk, dated 6/1/2011",,,,,,,,,
112,503,15033,"Levin, Sander M.",2,1,100,Unknown,1/3/13,0,3,2,1,1,House Clerk,Taxation (Joint),23,12,MI,"Membership taken from ""List of Standing committees,"" prepared by House Clerk, dated 6/1/2011",,,,,,,,,
112,503,13035,"Rangel, Charles B.",2,2,100,Unknown,1/3/13,0,9,2,1,1,House Clerk,Taxation (Joint),13,15,NY,"Membership taken from ""List of Standing committees,"" prepared by House Clerk, dated 6/1/2011",,,,,,,,,
112,507,29760,"Brady, Kevin",1,1,200,1/26/11,1/3/13,81,4,2,1,1,H501,Economic (Joint),49,8,TX,,,,,,,,,,
112,507,20355,"Burgess, Michael",1,2,200,1/26/11,1/3/13,0,2,2,1,2,H501,Economic (Joint),49,26,TX,,,,,,,,,,
112,507,20539,"Campbell, John",1,3,200,1/26/11,1/3/13,0,2,2,1,1,H501,Economic (Joint),71,48,CA,,,,,,,,,,
112,507,21189,"Duffy, Sean P.",1,4,200,1/26/11,1/3/13,0,1,2,1,1,H501,Economic (Joint),25,7,WI,,,,,,,,,,
112,507,21143,"Amash, Justin",1,5,200,1/26/11,1/3/13,0,1,2,1,1,H501,Economic (Joint),23,3,MI,,,,,,,,,,
112,507,21176,"Mulvaney, Mick",1,6,200,1/26/11,1/3/13,0,1,2,1,2,H501,Economic (Joint),48,5,SC,,,,,,,,,,
112,507,29380,"Hinchey, Maurice D.",2,1,100,3/9/11,1/3/13,0,4,2,1,0,H1642,Economic (Joint),13,26,NY,Did not seek reelection,,,,,,,,,
112,507,29379,"Maloney, Carolyn B.",2,2,100,3/9/11,1/3/13,0,6,2,1,1,H1642,Economic (Joint),13,14,NY,,,,,,,,,,
112,507,29709,"Sanchez, Loretta",2,3,100,3/9/11,1/3/13,0,4,2,1,1,H1642,Economic (Joint),71,47,CA,,,,,,,,,,
112,507,29587,"Cummings, Elijah E.",2,4,100,3/9/11,1/3/13,0,4,2,1,1,H1642,Economic (Joint),52,7,MD,,,,,,,,,,
112,511,20352,"Hensarling, Jeb",1,1,200,8/12/11,1/3/13,11,1,2,1,4,CR H5903,"Deficit Reduction (Joint, Select)",49,5,TX,New committee,,,,,,,,,
112,511,15446,"Upton, Frederick S.",1,2,200,8/12/11,1/3/13,42,1,2,1,4,CR H5903,"Deficit Reduction (Joint, Select)",23,6,MI,New committee,,,,,,,,,
112,511,29124,"Camp, Dave",1,3,200,8/12/11,1/3/13,43,1,2,1,4,CR H5903,"Deficit Reduction (Joint, Select)",23,4,MI,New committee,,,,,,,,,
112,511,39301,"Clyburn, James E.",2,1,100,8/12/11,1/3/13,22,1,2,1,4,CR H5903,"Deficit Reduction (Joint, Select)",48,6,SC,New committee,,,,,,,,,
112,511,29316,"Becerra, Xavier",2,2,100,8/12/11,1/3/13,23,1,2,1,4,CR H5903,"Deficit Reduction (Joint, Select)",71,31,CA,New committee,,,,,,,,,
112,511,20330,"Van Hollen, Chris",2,3,100,8/12/11,1/3/13,24,1,2,1,4,CR H5903,"Deficit Reduction (Joint, Select)",52,8,MD,New committee,,,,,,,,,
112,661,29137,"Boehner, John A.",1,1,200,1/5/11,1/3/13,31,1,2,1,1,H3,Speaker,24,8,OH,,,,,,,,,,
112,661,20144,"Cantor, Eric",1,2,200,1/5/11,1/3/13,41,1,2,1,1,H6,Majority Leader,40,7,VA,,,,,,,,,,
112,661,20703,"McCarthy, Kevin",1,3,200,1/5/11,1/3/13,51,1,2,1,1,H6,Majority Whip,71,22,CA,,,,,,,,,,
112,661,15448,"Pelosi, Nancy",2,1,100,1/5/11,1/3/13,61,1,4,1,1,H6,Minority Leader,71,8,CA,,,,,,,,,,
112,661,14873,"Hoyer, Steny H.",2,2,100,1/5/11,1/3/13,64,1,2,1,1,H6,Minority Whip,52,5,MD,,,,,,,,,,
113,102,21141,"Benishek, Dan",1,19,200,1/4/13,1/3/15,0,2,2,1,2,HRES17,Agriculture,23,1,MI,,,,,,,,,,
113,102,21329,"Bustos, Cheri",2,19,100,1/14/13,1/3/15,0,1,2,1,1,HRES22,Agriculture,21,17,IL,,,,,,,,,,
113,102,21345,"Collins, Chris",1,25,200,1/4/13,1/3/15,0,2,2,1,2,HRES17,Agriculture,27,13,NY,,,,,,,,,,
113,102,20531,"Conaway, K. Michael",1,6,200,1/4/13,1/3/15,0,5,2,1,1,HRES17,Agriculture,49,11,TX,,,,,,,,,,
113,102,20501,"Costa, Jim",2,4,100,1/3/13,1/3/15,0,5,2,1,1,HRES7,Agriculture,71,16,CA,,,,,,,,,,
113,102,20706,"Courtney, Joe",2,21,100,1/23/13,1/3/15,0,2,2,1,2,HRES42,Agriculture,1,2,CT,,,,,,,,,,
113,102,21106,"Crawford, Rick",1,12,200,1/4/13,1/3/15,0,2,2,1,1,HRES17,Agriculture,42,1,AR,,,,,,,,,,
113,102,21328,"Davis, Rodney",1,24,200,1/4/13,1/3/15,0,2,2,1,1,HRES17,Agriculture,21,13,IL,,,,,,,,,,
113,102,31101,"DelBene, Suzan",2,10,100,1/14/13,1/3/15,0,1,2,1,1,HRES22,Agriculture,73,1,WA,To rank immediately after McGovern,,,,,,,,,
113,102,21109,"Denham, Jeff",1,20,200,1/4/13,1/3/15,0,2,2,1,1,HRES17,Agriculture,71,10,CA,,,,,,,,,,
113,102,21179,"DesJarlais, Scott",1,14,200,1/4/13,1/3/15,0,2,2,1,1,HRES17,Agriculture,54,4,TN,,,,,,,,,,
113,102,21327,"Enyart, William L.",2,17,100,1/14/13,1/3/15,0,1,2,1,0,HRES22,Agriculture,21,12,IL,,,,,,,,,,
113,102,21181,"Fincher, Stephen",6,1,200,2/26/13,1/3/15,0,2,2,1,2,HRES82,Agriculture,54,8,TN,To replace Southerland; to rank immediately after Denham,,,,,,,,,
113,102,20941,"Fudge, Marcia",2,8,100,1/3/13,1/3/15,0,2,2,1,1,HRES7,Agriculture,24,11,OH,,,,,,,,,,
113,102,21363,"Gallego, Pete P.",2,16,100,1/14/13,1/3/15,0,1,2,1,0,HRES22,Agriculture,49,23,TX,,,,,,,,,,
113,102,20958,"Garamendi, John J.",7,1,100,2/13/13,1/3/15,0,2,2,1,2,HRES64,Agriculture,71,3,CA,To replace Owens,,,,,,,,,
113,102,21165,"Gibbs, Bob",1,8,200,1/4/13,1/3/15,0,2,2,1,1,HRES17,Agriculture,24,7,OH,,,,,,,,,,
113,102,21156,"Gibson, Chris",1,15,200,1/4/13,1/3/15,0,2,2,1,0,HRES17,Agriculture,13,19,NY,,,,,,,,,,
113,102,39308,"Goodlatte, Robert W.",1,2,200,1/4/13,1/3/15,0,2,2,1,1,HRES17,Agriculture,40,6,VA,,,,,,,,,,
113,102,21341,"Grisham, Michelle Lujan",2,13,100,1/3/13,1/3/15,0,1,2,1,1,HRES7,Agriculture,66,1,NM,,,,,,,,,,
113,102,21149,"Hartzler, Vicky",1,16,200,1/4/13,1/3/15,0,2,2,1,1,HRES17,Agriculture,34,4,MO,,,,,,,,,,
113,102,21346,"Hudson, Richard",1,23,200,1/4/13,1/3/15,0,2,2,1,1,HRES17,Agriculture,47,8,NC,,,,,,,,,,
113,102,20325,"King, Steve",1,3,200,1/4/13,1/3/15,0,6,2,1,1,HRES17,Agriculture,31,4,IA,,,,,,,,,,
113,102,21340,"Kuster, Ann McLane",2,14,100,1/3/13,1/3/15,0,1,2,1,1,HRES7,Agriculture,4,2,NH,,,,,,,,,,
113,102,21302,"La Malfa, Doug",1,22,200,1/4/13,1/3/15,0,2,2,1,1,HRES17,Agriculture,71,1,CA,,,,,,,,,,
113,102,29393,"Lucas, Frank D.",1,1,200,1/3/13,1/3/15,11,11,2,1,1,HRES6,Agriculture,53,3,OK,,,,,,,,,,
113,102,21344,"Maloney, Sean Patrick",2,20,100,1/14/13,1/3/15,0,1,2,1,1,HRES22,Agriculture,13,18,NY,,,,,,,,,,
113,102,21374,"McAllister, Vance M.",6,2,200,12/11/13,1/3/15,0,1,2,1,0,HRES437,Agriculture,45,5,LA,Replaced Roby,,,,,,,,,
113,102,29729,"McGovern, Jim",2,9,100,1/3/13,1/3/15,0,2,2,1,1,HRES7,Agriculture,3,2,MA,,,,,,,,,,
113,102,29746,"McIntyre, Mike",2,2,100,1/3/13,1/3/15,0,9,2,1,0,HRES7,Agriculture,47,7,NC,,,,,,,,,,
113,102,21310,"Negrete McLeod, Gloria",2,11,100,1/3/13,1/3/15,0,1,2,1,0,HRES7,Agriculture,71,35,CA,,,,,,,,,,
113,102,20353,"Neugebauer, Randy",1,4,200,1/4/13,1/3/15,0,6,2,1,1,HRES17,Agriculture,49,19,TX,,,,,,,,,,
113,102,21177,"Noem, Kristi",1,18,200,1/4/13,1/3/15,0,2,2,1,1,HRES17,Agriculture,37,1,SD,,,,,,,,,,
113,102,14263,"Nolan, Richard",2,15,100,1/14/13,1/3/15,0,1,2,1,1,HRES22,Agriculture,33,8,MN,,,,,,,,,,
113,102,20957,"Owens, Bill",2,7,100,1/3/13,1/14/13,0,3,2,1,2,HRES8,Agriculture,13,21,NY,Transferred to Appropriations,,,,,,,,,
113,102,29127,"Peterson, Collin C.",2,1,100,1/3/13,1/3/15,21,12,2,1,1,HRES7,Agriculture,33,7,MN,,,,,,,,,,
113,102,21190,"Ribble, Reid",1,17,200,1/4/13,1/3/15,0,2,2,1,2,HRES17,Agriculture,25,8,WI,,,,,,,,,,
113,102,21192,"Roby, Martha",1,13,200,1/4/13,12/11/13,0,2,2,1,2,HRES17,Agriculture,41,2,AL,Transferred to Appropriations,,,,,,,,,
113,102,20301,"Rogers, Mike Dennis",1,5,200,1/4/13,1/3/15,0,1,2,1,1,HRES17,Agriculture,41,3,AL,,,,,,,,,,
113,102,20944,"Schrader, Kurt",2,6,100,1/3/13,1/3/15,0,3,2,1,2,HRES7,Agriculture,72,5,OR,,,,,,,,,,
113,102,21123,"Scott, Austin",1,9,200,1/4/13,1/3/15,0,2,2,1,1,HRES17,Agriculture,44,8,GA,,,,,,,,,,
113,102,20321,"Scott, David",2,3,100,1/3/13,1/3/15,0,6,2,1,1,HRES7,Agriculture,44,13,GA,,,,,,,,,,
113,102,21114,"Southerland, Steve",1,11,200,1/4/13,2/26/13,0,2,2,1,2,HRES17,Agriculture,43,2,FL,"Stepped down to ""dedicate additional focus to my other committee assignments and legislative responsibilities.""",,,,,,,,,
113,102,20946,"Thompson, Glenn",1,7,200,1/4/13,1/3/15,0,3,2,1,1,HRES17,Agriculture,14,5,PA,,,,,,,,,,
113,102,21111,"Tipton, Scott",1,10,200,1/4/13,1/3/15,0,2,2,1,2,HRES17,Agriculture,62,3,CO,,,,,,,,,,
113,102,21314,"Vargas, Juan",2,18,100,1/14/13,1/3/15,0,1,2,1,2,HRES22,Agriculture,71,51,CA,,,,,,,,,,
113,102,21366,"Vela, Filemon",2,12,100,1/3/13,1/3/15,0,1,2,1,1,HRES7,Agriculture,49,34,TX,,,,,,,,,,
113,102,20726,"Walz, Timothy J.",2,5,100,1/3/13,1/3/15,0,4,2,1,1,HRES7,Agriculture,33,1,MN,,,,,,,,,,
113,102,21317,"Yoho, Ted",1,26,200,1/4/13,1/3/15,0,2,2,1,1,HRES17,Agriculture,43,3,FL,,,,,,,,,,
113,104,29701,"Aderholt, Robert",1,7,200,1/4/13,1/3/15,0,9,2,1,1,HRES17,Appropriations,41,4,AL,,,,,,,,,,
113,104,90327,"Alexander, Rodney",1,14,200,1/4/13,9/27/13,0,5,2,1,0,HRES17,Appropriations,45,5,LA,Resigned,,,,,,,,,
113,104,21196,"Amodei, Mark E.",6,3,200,12/11/13,1/3/15,0,1,2,1,1,HRES437,Appropriations,65,2,NV,Replaced Alexander,,,,,,,,,
113,104,29339,"Bishop, Sanford D., Jr.",2,12,100,1/3/13,1/3/15,0,6,2,1,1,HRES7,Appropriations,44,2,GA,,,,,,,,,,
113,104,20300,"Bonner, Jo",1,16,200,1/4/13,8/2/13,0,4,2,1,0,HRES17,Appropriations,41,1,AL,Resigned to take positoin at the University of Alabama,,,,,,,,,
113,104,29323,"Calvert, Ken",1,15,200,1/4/13,1/3/15,0,4,2,1,1,HRES17,Appropriations,71,42,CA,,,,,,,,,,
113,104,20356,"Carter, John R",1,13,200,1/4/13,1/3/15,0,5,2,1,1,HRES17,Appropriations,49,31,TX,,,,,,,,,,
113,104,20344,"Cole, Tom",1,17,200,1/4/13,1/3/15,0,3,2,1,1,HRES17,Appropriations,53,4,OK,,,,,,,,,,
113,104,20111,"Crenshaw, Ander",1,12,200,1/4/13,1/3/15,0,6,2,1,1,HRES17,Appropriations,43,4,FL,,,,,,,,,,
113,104,20533,"Cuellar, Henry",2,21,100,1/3/13,1/3/15,0,1,2,1,1,HRES7,Appropriations,49,28,TX,,,,,,,,,,
113,104,20139,"Culberson, John",1,11,200,1/4/13,1/3/15,0,6,2,1,1,HRES17,Appropriations,49,7,TX,,,,,,,,,,
113,104,29109,"DeLauro, Rosa",2,5,100,1/3/13,1/3/15,0,9,4,1,1,HRES7,Appropriations,1,3,CT,,,,,,,,,,
113,104,20526,"Dent, Charles W.",1,19,200,1/4/13,1/3/15,0,2,2,1,1,HRES17,Appropriations,14,15,PA,,,,,,,,,,
113,104,20316,"Diaz-Balart, Mario",1,18,200,1/4/13,1/3/15,0,2,2,1,1,HRES17,Appropriations,25,43,FL,,,,,,,,,,
113,104,29736,"Emerson, Jo Ann",1,8,200,1/4/13,1/22/13,0,8,2,1,0,HRES17,Appropriations,34,8,MO,Resigned 1/22/13,,,,,,,,,
113,104,29313,"Farr, Sam",2,10,100,1/3/13,1/3/15,0,8,2,1,1,HRES7,Appropriations,71,20,CA,,,,,,,,,,
113,104,29559,"Fattah, Chaka",2,11,100,1/3/13,1/3/15,0,7,2,1,1,HRES7,Appropriations,14,2,PA,,,,,,,,,,
113,104,21178,"Fleischmann, Chuck",1,26,200,1/4/13,1/3/15,0,1,2,1,1,HRES17,Appropriations,54,3,TN,,,,,,,,,,
113,104,20518,"Fortenberry, Jeff",1,24,200,1/4/13,1/3/15,0,1,2,1,1,HRES17,Appropriations,35,1,NE,,,,,,,,,,
113,104,29541,"Frelinghuysen, Rodney P.",1,5,200,1/4/13,1/3/15,0,10,2,1,1,HRES17,Appropriations,12,11,NJ,,,,,,,,,,
113,104,29762,"Granger, Kay",1,9,200,1/4/13,1/3/15,0,8,2,1,1,HRES17,Appropriations,49,12,TX,,,,,,,,,,
113,104,20962,"Graves, Tom",1,20,200,1/4/13,1/3/15,0,2,2,1,1,HRES17,Appropriations,44,14,GA,,,,,,,,,,
113,104,21139,"Harris, Andy",6,1,200,2/26/13,1/3/15,0,1,2,1,1,HRES82,Appropriations,52,1,MD,Replaced Emerson,,,,,,,,,
113,104,21187,"Herrera Beutler, Jaime",1,27,200,1/4/13,1/3/15,0,1,2,1,1,HRES17,Appropriations,73,3,WA,,,,,,,,,,
113,104,20103,"Honda, Mike",2,15,100,1/3/13,1/3/15,0,4,2,1,1,HRES7,Appropriations,71,17,CA,,,,,,,,,,
113,104,20129,"Israel, Steve",2,17,100,1/3/13,1/14/13,0,1,2,1,1,HRES7,Appropriations,13,3,NY,"Leave of absence 1/14/13, H64",,,,,,,,,
113,104,21353,"Joyce, David P.",1,28,200,1/4/13,1/3/15,0,1,2,1,1,HRES17,Appropriations,24,14,OH,,,,,,,,,,
113,104,15029,"Kaptur, Marcy",2,2,100,1/3/13,1/3/15,0,13,2,1,1,HRES7,Appropriations,24,9,OH,,,,,,,,,,
113,104,29338,"Kingston, Jack",1,4,200,1/4/13,1/3/15,0,10,2,1,0,HRES17,Appropriations,44,1,GA,,,,,,,,,,
113,104,29522,"Latham, Tom",1,6,200,1/4/13,1/3/15,0,9,2,1,0,HRES17,Appropriations,31,3,IA,,,,,,,,,,
113,104,29778,"Lee, Barbara",2,13,100,1/3/13,1/3/15,0,4,2,1,1,HRES7,Appropriations,71,13,CA,,,,,,,,,,
113,104,15612,"Lowey, Nita M.",2,1,100,1/3/13,1/3/15,21,11,2,1,1,HRES7,Appropriations,13,17,NY,,,,,,,,,,
113,104,20122,"McCollum, Betty",2,16,100,1/3/13,1/3/15,0,4,2,1,1,HRES7,Appropriations,33,4,MN,,,,,,,,,,
113,104,29149,"Moran, James P., Jr.",2,6,100,1/3/13,1/3/15,0,9,4,1,0,HRES7,Appropriations,40,8,VA,,,,,,,,,,
113,104,21147,"Nunnelee, Alan",1,23,200,1/4/13,1/3/15,0,1,2,1,1,HRES17,Appropriations,1,46,MS,,,,,,,,,,
113,104,20957,"Owens, Bill",7,2,100,1/14/13,1/3/15,0,1,2,1,0,HRES22,Appropriations,13,21,NY,Replaced Ruppersberger,,,,,,,,,
113,104,29101,"Pastor, Ed",2,7,100,1/3/13,1/3/15,0,9,4,1,0,HRES7,Appropriations,61,7,AZ,,,,,,,,,,
113,104,20920,"Pingree, Chellie",2,22,100,1/3/13,1/3/15,0,1,2,1,1,HRES7,Appropriations,2,1,ME,,,,,,,,,,
113,104,15438,"Price, David E.",2,8,100,1/3/13,1/3/15,0,9,4,1,1,HRES7,Appropriations,47,4,NC,,,,,,,,,,
113,104,20954,"Quigley, Mike",7,1,100,1/14/13,1/3/15,0,1,2,1,1,HRES22,Appropriations,21,5,IL,Replaced Israel,,,,,,,,,
113,104,21192,"Roby, Martha",6,2,200,12/11/13,1/3/15,0,1,2,1,1,HRES437,Appropriations,41,2,AL,Replaced Bonner,,,,,,,,,
113,104,14854,"Rogers, Harold",1,1,200,1/3/13,1/3/15,11,16,2,1,1,HRES6,Appropriations,51,5,KY,,,,,,,,,,
113,104,20910,"Rooney, Thomas J.",1,25,200,1/4/13,1/3/15,0,1,2,1,1,HRES17,Appropriations,43,17,FL,,,,,,,,,,
113,104,29317,"Roybal-Allard, Lucille",2,9,100,1/3/13,1/3/15,0,8,2,1,1,HRES7,Appropriations,71,40,CA,,,,,,,,,,
113,104,20329,"Ruppersberger, C.A. Dutch",2,19,100,1/3/13,1/14/13,0,1,2,1,1,HRES7,Appropriations,52,2,MD,Elected to ranking member of the Perm. Select Committee on Intelligence,,,,,,,,,
113,104,20343,"Ryan, Timothy J.",2,18,100,1/3/13,1/3/15,0,1,2,1,1,HRES7,Appropriations,24,13,OH,,,,,,,,,,
113,104,20104,"Schiff, Adam",2,14,100,1/3/13,1/3/15,0,4,2,1,1,HRES7,Appropriations,71,28,CA,,,,,,,,,,
113,104,29134,"Serrano, Jose E.",2,4,100,1/3/13,1/3/15,0,10,4,1,1,HRES7,Appropriations,13,15,NY,,,,,,,,,,
113,104,29910,"Simpson, Michael K.",1,10,200,1/4/13,1/3/15,0,6,2,1,1,HRES17,Appropriations,63,2,ID,,,,,,,,,,
113,104,21367,"Stewart, Chris",6,4,200,12/11/13,1/3/15,0,1,2,1,1,HRES437,Appropriations,67,2,UT,Replaced Young,,,,,,,,,
113,104,21307,"Valadao, David G.",1,29,200,1/4/13,1/3/15,0,1,2,1,1,HRES17,Appropriations,71,21,CA,,,,,,,,,,
113,104,15124,"Visclosky, Peter J.",2,3,100,1/3/13,1/3/15,0,12,2,1,1,HRES7,Appropriations,22,1,IN,,,,,,,,,,
113,104,20504,"Wasserman Schultz, Debbie",2,20,100,1/3/13,1/3/15,0,1,2,1,1,HRES7,Appropriations,43,20,FL,,,,,,,,,,
113,104,14869,"Wolf, Frank R.",1,3,200,1/4/13,1/3/15,0,15,2,1,0,HRES17,Appropriations,40,10,VA,,,,,,,,,,
113,104,21108,"Womack, Steve",1,22,200,1/4/13,1/3/15,0,2,2,1,1,HRES17,Appropriations,3,42,AR,,,,,,,,,,
113,104,21135,"Yoder, Kevin",1,21,200,1/4/13,1/3/15,0,2,2,1,1,HRES17,Appropriations,32,3,KS,,,,,,,,,,
113,104,13047,"Young, C.W. Bill",1,2,200,1/4/13,10/18/13,0,21,2,1,1,HRES17,Appropriations,43,13,FL,Died,,,,,,,,,
113,106,29132,"Andrews, Robert E.",2,5,100,1/3/13,2/18/14,0,5,4,1,0,HRES7,Armed Services,12,1,NJ,Resigned,,,,,,,,,
113,106,21199,"Barber, Ron",2,19,100,1/3/13,1/3/15,0,2,2,1,0,HRES7,Armed Services,61,2,AZ,,,,,,,,,,
113,106,20357,"Bishop, Rob",1,8,200,1/4/13,1/3/15,0,1,2,1,1,HRES17,Armed Services,67,1,UT,,,,,,,,,,
113,106,70701,"Bordallo, Madeleine Z. .",2,10,100,1/3/13,1/3/15,0,6,2,1,1,HRES7,Armed Services,91,79,GU,,,,,,,,,,
113,106,29777,"Brady, Robert A.",2,4,100,1/3/13,1/3/15,0,9,2,1,1,HRES7,Armed Services,14,1,PA,,,,,,,,,,
113,106,21354,"Bridenstine, Jim",1,32,200,1/4/13,1/3/15,0,1,2,1,1,HRES17,Armed Services,53,1,OK,,,,,,,,,,
113,106,21193,"Brooks, Mo",1,28,200,1/4/13,1/3/15,0,2,2,1,1,HRES17,Armed Services,41,5,AL,,,,,,,,,,
113,106,21376,"Byrne, Bradley",6,1,200,1/8/14,1/3/15,0,1,2,1,1,HRES453,Armed Services,41,1,AL,Replaced Roby,,,,,,,,,
113,106,20757,"Carson, Andre",7,1,100,1/14/13,1/3/15,0,1,2,1,2,HRES22,Armed Services,22,7,IN,Replaced Owens; to rank immediately after Barber,,,,,,,,,
113,106,21362,"Castro, Joaquin",2,23,100,1/3/13,1/3/15,0,1,4,1,1,HRES7,Armed Services,49,20,TX,,,,,,,,,,
113,106,20906,"Coffman, Mike",1,19,200,1/4/13,1/3/15,0,3,2,1,1,HRES17,Armed Services,62,6,CO,,,,,,,,,,
113,106,20531,"Conaway, K. Michael",1,14,200,1/4/13,1/3/15,0,5,2,1,1,HRES17,Armed Services,49,11,TX,,,,,,,,,,
113,106,21305,"Cook, Paul",1,31,200,1/4/13,1/3/15,0,1,2,1,1,HRES17,Armed Services,71,8,CA,,,,,,,,,,
113,106,15019,"Cooper, Jim",2,9,100,1/3/13,1/3/15,0,6,2,1,1,HRES7,Armed Services,54,5,TN,,,,,,,,,,
113,106,20706,"Courtney, Joe",2,11,100,1/3/13,1/3/15,0,4,2,1,1,HRES7,Armed Services,1,2,CT,,,,,,,,,,
113,106,20108,"Davis, Susan",2,6,100,1/3/13,1/3/15,0,7,2,1,1,HRES7,Armed Services,71,53,CA,,,,,,,,,,
113,106,21325,"Duckworth, Tammy",2,24,100,1/3/13,1/3/15,0,1,2,1,1,HRES7,Armed Services,21,8,IL,,,,,,,,,,
113,106,21327,"Enyart, William L.",2,26,100,1/3/13,1/3/15,0,1,2,1,0,HRES7,Armed Services,21,12,IL,,,,,,,,,,
113,106,20918,"Fleming, John",1,18,200,1/4/13,1/3/15,0,3,2,1,1,HRES17,Armed Services,45,4,LA,,,,,,,,,,
113,106,20143,"Forbes, J. Randy",1,4,200,1/4/13,1/3/15,0,7,2,1,1,HRES17,Armed Services,40,4,VA,,,,,,,,,,
113,106,20304,"Franks, Trent",1,12,200,1/4/13,1/3/15,0,6,2,1,1,HRES17,Armed Services,61,8,AZ,,,,,,,,,,
113,106,21324,"Gabbard, Tulsi",7,2,100,4/3/14,1/3/15,0,1,2,1,1,HRES537,Armed Services,82,2,HI,Replaced Andrews,,,,,,,,,
113,106,21363,"Gallego, Pete P.",2,27,100,1/3/13,1/3/15,0,1,2,1,0,HRES7,Armed Services,49,23,TX,,,,,,,,,,
113,106,20958,"Garamendi, John J.",2,15,100,1/3/13,1/3/15,0,3,2,1,1,HRES7,Armed Services,71,3,CA,,,,,,,,,,
113,106,21156,"Gibson, Chris",1,21,200,1/4/13,1/3/15,0,2,2,1,0,HRES17,Armed Services,13,19,NY,,,,,,,,,,
113,106,21124,"Hanabusa, Colleen",2,17,100,1/3/13,1/3/15,0,2,2,1,0,HRES7,Armed Services,82,1,HI,,,,,,,,,,
113,106,21149,"Hartzler, Vicky",1,22,200,1/4/13,1/3/15,0,2,2,1,1,HRES17,Armed Services,34,4,MO,,,,,,,,,,
113,106,21151,"Heck, Joe",1,23,200,1/4/13,1/3/15,0,2,2,1,1,HRES17,Armed Services,65,3,NV,,,,,,,,,,
113,106,20963,"Hunter, Duncan",1,17,200,1/4/13,1/3/15,0,3,2,1,1,HRES17,Armed Services,71,50,CA,,,,,,,,,,
113,106,20712,"Johnson, Henry C. ""Hank"", Jr.",2,16,100,1/3/13,1/3/15,0,5,2,1,1,HRES7,Armed Services,44,4,GA,,,,,,,,,,
113,106,29546,"Jones, Walter B., Jr.",1,3,200,1/4/13,1/3/15,0,10,2,1,1,HRES17,Armed Services,47,3,NC,,,,,,,,,,
113,106,21368,"Kilmer, Derek",2,22,100,1/3/13,1/3/15,0,1,2,1,2,HRES7,Armed Services,73,6,WA,,,,,,,,,,
113,106,20333,"Kline, John",1,10,200,1/4/13,1/3/15,0,6,2,1,1,HRES17,Armed Services,33,2,MN,,,,,,,,,,
113,106,20704,"Lamborn, Doug",1,15,200,1/4/13,1/3/15,0,4,2,1,1,HRES17,Armed Services,62,5,CO,,,,,,,,,,
113,106,20136,"Langevin, James",2,7,100,1/3/13,1/3/15,0,4,4,1,1,HRES7,Armed Services,5,2,RI,,,,,,,,,,
113,106,20145,"Larsen, Rick",2,8,100,1/3/13,1/3/15,0,7,2,1,1,HRES7,Armed Services,73,2,WA,,,,,,,,,,
113,106,29539,"Lobiondo, Frank A.",1,7,200,1/4/13,1/3/15,0,6,2,1,1,HRES17,Armed Services,12,2,NJ,,,,,,,,,,
113,106,20720,"Loebsack, David",2,12,100,1/3/13,1/3/15,0,4,2,1,3,HRES7,Armed Services,31,2,IA,,,,,,,,,,
113,106,20935,"Maffei, Daniel B.",2,21,100,1/3/13,1/3/15,0,1,2,1,0,HRES7,Armed Services,13,24,NY,,,,,,,,,,
113,106,29746,"McIntyre, Mike",2,3,100,1/3/13,1/3/15,0,9,2,1,0,HRES7,Armed Services,47,7,NC,,,,,,,,,,
113,106,29315,"McKeon, Howard P. (Buck)",1,1,200,1/3/13,1/3/15,11,4,4,1,0,HRES6,Armed Services,71,25,CA,,,,,,,,,,
113,106,20110,"Miller, Jeff",1,5,200,1/4/13,1/3/15,0,7,2,1,1,HRES17,Armed Services,43,1,FL,,,,,,,,,,
113,106,21177,"Noem, Kristi",1,30,200,1/4/13,1/3/15,0,1,2,1,2,HRES17,Armed Services,37,1,SD,,,,,,,,,,
113,106,21115,"Nugent, Richard",1,29,200,1/4/13,1/3/15,0,1,2,1,1,HRES17,Armed Services,43,11,FL,,,,,,,,,,
113,106,20957,"Owens, Bill",2,14,100,1/3/13,1/14/13,0,3,2,1,2,HRES7,Armed Services,13,21,NY,Transferred to Appropriations,,,,,,,,,
113,106,21148,"Palazzo, Steven",1,26,200,1/4/13,1/3/15,0,2,2,1,1,HRES17,Armed Services,46,4,MS,,,,,,,,,,
113,106,21315,"Peters, Scott",2,25,100,1/3/13,1/3/15,0,1,2,1,1,HRES7,Armed Services,71,52,CA,,,,,,,,,,
113,106,21185,"Rigell, Scott",1,20,200,1/4/13,1/3/15,0,2,2,1,2,HRES17,Armed Services,40,2,VA,,,,,,,,,,
113,106,21192,"Roby, Martha",1,27,200,1/4/13,12/11/13,0,2,2,1,2,HRES17,Armed Services,41,2,AL,Transferred to Appropriations,,,,,,,,,
113,106,20301,"Rogers, Mike Dennis",1,11,200,1/4/13,1/3/15,0,6,2,1,1,HRES17,Armed Services,41,3,AL,,,,,,,,,,
113,106,21153,"Runyan, Jon",1,24,200,1/4/13,1/3/15,0,2,2,1,0,HRES17,Armed Services,12,3,NJ,,,,,,,,,,
113,106,29709,"Sanchez, Loretta",2,2,100,1/3/13,1/3/15,0,9,2,1,1,HRES7,Armed Services,71,46,CA,,,,,,,,,,
113,106,21123,"Scott, Austin",1,25,200,1/4/13,1/3/15,0,2,2,1,1,HRES17,Armed Services,44,8,GA,,,,,,,,,,
113,106,20731,"Shea-Porter, Carol",2,20,100,1/3/13,1/3/15,0,1,4,1,0,HRES7,Armed Services,4,1,NH,,,,,,,,,,
113,106,20134,"Shuster, Bill",1,13,200,1/4/13,1/3/15,0,4,4,1,1,HRES17,Armed Services,14,9,PA,,,,,,,,,,
113,106,29768,"Smith, Adam",2,1,100,1/3/13,1/3/15,21,9,2,1,1,HRES7,Armed Services,73,9,WA,,,,,,,,,,
113,106,20762,"Speier, Karen Lorraine Jacqueline (Jackie)",2,18,100,1/3/13,1/3/15,0,2,2,1,1,HRES7,Armed Services,71,14,CA,,,,,,,,,,
113,106,29572,"Thornberry, William M. (Mac)",1,2,200,1/4/13,1/3/15,0,10,2,1,1,HRES17,Armed Services,49,13,TX,,,,,,,,,,
113,106,20754,"Tsongas, Nicola S. (Niki)",2,13,100,1/3/13,1/3/15,0,4,2,1,1,HRES7,Armed Services,3,3,MA,,,,,,,,,,
113,106,20342,"Turner, Mike",1,9,200,1/4/13,1/3/15,0,6,2,1,1,HRES17,Armed Services,24,10,OH,,,,,,,,,,
113,106,21365,"Veasey, Marc",2,28,100,1/3/13,1/3/15,0,1,2,1,1,HRES7,Armed Services,49,33,TX,,,,,,,,,,
113,106,21330,"Walorski, Jackie",1,34,200,1/4/13,1/3/15,0,1,2,1,1,HRES17,Armed Services,22,2,IN,,,,,,,,,,
113,106,21351,"Wenstrup, Brad",1,33,200,1/4/13,1/3/15,0,1,2,1,1,HRES17,Armed Services,24,2,OH,,,,,,,,,,
113,106,20138,"Wilson, Addison G. (Joe)",1,6,200,1/4/13,1/3/15,0,7,2,1,1,HRES17,Armed Services,48,2,SC,,,,,,,,,,
113,106,20756,"Wittman, Robert J.",1,16,200,1/4/13,1/3/15,0,4,2,1,1,HRES17,Armed Services,40,1,VA,,,,,,,,,,
113,661,39301,"Clyburn, James E.",2,3,100,1/3/13,1/3/15,63,1,2,1,1,H6,Assistant Minority Leader,48,6,SC,,,,,,,,,,
113,115,21180,"Black, Diane",1,9,200,2/26/13,1/3/15,0,2,2,1,1,HRES82,Budget,54,6,TN,To rank immediately after Lankford,,,,,,,,,
113,115,20351,"Blackburn, Marsha",1,14,200,2/5/13,1/3/15,0,1,2,1,1,HRES53,Budget,54,7,TN,,,,,,,,,,
113,115,29588,"Blumenauer, Earl",7,2,100,2/13/13,1/3/15,0,4,2,1,2,HRES64,Budget,72,3,OR,"To rank immediately after Cardenas,",,,,,,,,,
113,115,29323,"Calvert, Ken",1,4,200,2/5/13,1/3/15,0,2,2,1,2,HRES53,Budget,71,42,CA,,,,,,,,,,
113,115,20539,"Campbell, John",1,3,200,2/5/13,1/3/15,0,4,2,1,0,HRES53,Budget,71,45,CA,,,,,,,,,,
113,115,21309,"Cardenas, Tony",2,17,100,1/14/13,1/3/15,0,1,2,1,2,HRES22,Budget,71,29,CA,,,,,,,,,,
113,115,20708,"Castor, Kathy",2,8,100,1/3/13,1/3/15,0,2,2,1,1,HRES7,Budget,43,14,FL,,,,,,,,,,
113,115,21172,"Cicilline, David",2,11,100,1/3/13,2/11/14,0,1,2,1,2,HRES7,Budget,5,1,RI,Transferred to Judiciary,,,,,,,,,
113,115,20344,"Cole, Tom",1,5,200,2/5/13,1/3/15,0,2,2,1,1,HRES53,Budget,53,4,OK,,,,,,,,,,
113,115,29571,"Doggett, Lloyd",7,3,100,1/4/14,1/3/15,0,4,4,1,2,HRES531,Budget,49,35,TX,Replaed Cicilline,,,,,,,,,
113,115,21189,"Duffy, Sean P.",6,1,200,2/26/13,1/3/15,0,1,2,1,2,HRES82,Budget,25,7,WI,Replaced Renacci,,,,,,,,,
113,115,21182,"Flores, Bill",1,11,200,2/5/13,1/3/15,0,2,3,1,2,HRES53,Budget,49,17,TX,,,,,,,,,,
113,115,20336,"Garrett, Scott",1,2,200,2/5/13,1/3/15,0,6,2,1,1,HRES53,Budget,12,5,NJ,,,,,,,,,,
113,115,21341,"Grisham, Michelle Lujan",2,15,100,1/14/13,1/3/15,0,1,2,1,1,HRES22,Budget,66,1,NM,,,,,,,,,,
113,115,21149,"Hartzler, Vicky",1,18,200,2/5/13,1/3/15,0,1,2,1,1,HRES53,Budget,34,4,MO,,,,,,,,,,
113,115,21369,"Heck, Denny",2,12,100,1/3/13,1/14/13,0,1,2,1,2,HRES7,Budget,73,10,WA,"Transferred to Committee on Financial Services, H65",,,,,,,,,
113,115,21303,"Huffman, Jared",2,16,100,1/14/13,1/3/15,0,1,2,1,2,HRES22,Budget,71,2,CA,,,,,,,,,,
113,115,21343,"Jeffries, Hakeem",2,13,100,1/14/13,1/3/15,0,1,4,1,2,HRES22,Budget,13,8,NY,,,,,,,,,,
113,115,21372,"Kildee, Dan",7,4,100,1/4/14,1/3/15,0,1,4,1,2,HRES531,Budget,23,5,MI,Replaced Schwartz,,,,,,,,,
113,115,21166,"Lankford, James",1,8,200,2/5/13,1/3/15,0,2,2,1,0,HRES53,Budget,53,5,OK,,,,,,,,,,
113,115,29778,"Lee, Barbara",2,10,100,1/3/13,1/3/15,0,1,2,1,1,HRES7,Budget,71,13,CA,,,,,,,,,,
113,115,20903,"McClintock, Tom",1,7,200,2/5/13,1/3/15,0,2,2,1,1,HRES53,Budget,71,4,CA,,,,,,,,,,
113,115,15613,"McDermott, James A.",2,9,100,1/14/13,1/3/15,0,1,2,1,1,HRES22,Budget,73,7,WA,To rank immediately after Castor,,,,,,,,,
113,115,21332,"Messer, Luke",1,20,200,2/5/13,5/20/14,0,1,2,1,2,HRES53,Budget,22,6,IN,Transferred to Financial Services,,,,,,,,,
113,115,20537,"Moore, Gwen",2,7,100,1/3/13,1/3/15,0,4,2,1,1,HRES7,Budget,25,4,WI,,,,,,,,,,
113,115,21147,"Nunnelee, Alan",1,15,200,2/5/13,1/3/15,0,1,2,1,2,HRES53,Budget,46,1,MS,,,,,,,,,,
113,115,29741,"Pascrell, William J., Jr.",2,4,100,1/3/13,1/3/15,0,2,2,1,1,HRES7,Budget,12,9,NJ,,,,,,,,,,
113,115,21370,"Pocan, Mark",2,14,100,1/14/13,1/3/15,0,1,2,1,1,HRES22,Budget,25,2,WI,,,,,,,,,,
113,115,20505,"Price, Tom",1,6,200,2/26/13,1/3/15,0,2,2,1,1,HRES82,Budget,44,6,GA,To rank immediately after Cole,,,,,,,,,
113,115,21164,"Renacci, Jim",1,16,200,2/5/13,2/26/13,0,1,2,1,2,HRES53,Budget,24,16,OH,"Transferred to Committee on Ways and Means, H649",,,,,,,,,
113,115,21190,"Ribble, Reid",1,10,200,2/5/13,1/3/15,0,2,2,1,2,HRES53,Budget,25,8,WI,,,,,,,,,,
113,115,21359,"Rice, Tom",1,21,200,2/5/13,1/3/15,0,1,2,1,1,HRES53,Budget,48,7,SC,,,,,,,,,,
113,115,21185,"Rigell, Scott",1,17,200,2/5/13,1/3/15,0,1,2,1,2,HRES53,Budget,40,2,VA,,,,,,,,,,
113,115,21131,"Rokita, Todd",1,12,200,2/5/13,1/3/15,0,2,2,1,1,HRES53,Budget,22,4,IN,,,,,,,,,,
113,115,29939,"Ryan, Paul",1,1,200,1/3/13,1/3/15,11,5,4,1,2,HRES6,Budget,25,1,WI,,,,,,,,,,
113,115,20343,"Ryan, Timothy J.",2,5,100,1/3/13,1/3/15,0,2,2,1,1,HRES7,Budget,24,13,OH,,,,,,,,,,
113,115,20944,"Schrader, Kurt",7,1,100,1/23/13,1/3/15,0,1,2,1,2,HRES42,Budget,72,5,OR,To replace Heck,,,,,,,,,
113,115,20525,"Schwartz, Allyson Y.",2,2,100,1/3/13,2/21/14,0,5,2,1,3,HRES7,Budget,14,13,PA,Stepped down from committee,,,,,,,,,
113,115,20330,"Van Hollen, Chris",2,1,100,1/3/13,1/3/15,21,2,2,1,1,HRES7,Budget,52,8,MD,,,,,,,,,,
113,115,21330,"Walorski, Jackie",1,19,200,2/5/13,1/3/15,0,1,2,1,2,HRES53,Budget,22,2,IN,,,,,,,,,,
113,115,20504,"Wasserman Schultz, Debbie",2,6,100,1/3/13,2/4/13,0,2,4,1,3,HRES7,Budget,43,20,FL,"Wants resignation to be ""leave of absence"", H319",,,,,,,,,
113,115,21364,"Williams, Roger",1,22,200,2/5/13,1/3/15,0,1,2,1,2,HRES53,Budget,49,25,TX,,,,,,,,,,
113,115,21122,"Woodall, Robert",1,13,200,2/5/13,1/3/15,0,2,2,1,1,HRES53,Budget,44,7,GA,,,,,,,,,,
113,115,20723,"Yarmuth, John A.",2,3,100,1/3/13,1/3/15,0,3,2,1,1,HRES7,Budget,51,3,KY,,,,,,,,,,
113,507,21143,"Amash, Justin",1,4,200,1/14/13,1/3/15,0,2,2,1,1,H529,Economic (Joint),23,3,MI,,,,,,,,,,
113,507,29760,"Brady, Kevin",1,1,200,1/3/13,1/3/15,11,5,2,1,1,H25,Economic (Joint),49,8,TX,,,,,,,,,,
113,507,20539,"Campbell, John",1,2,200,1/14/13,1/3/15,0,3,2,1,0,H529,Economic (Joint),71,45,CA,,,,,,,,,,
113,507,29587,"Cummings, Elijah E.",2,3,100,1/14/13,1/3/15,0,5,2,1,2,H529,Economic (Joint),52,7,MD,,,,,,,,,,
113,507,21334,"Delaney, John",2,4,100,1/14/13,1/3/15,0,1,2,1,1,H529,Economic (Joint),52,6,MD,,,,,,,,,,
113,507,21189,"Duffy, Sean P.",1,3,200,1/14/13,1/3/15,0,2,2,1,2,H529,Economic (Joint),25,7,WI,,,,,,,,,,
113,507,21157,"Hanna, Richard",1,6,200,1/14/13,1/3/15,0,1,2,1,1,H529,Economic (Joint),13,22,NY,,,,,,,,,,
113,507,29379,"Maloney, Carolyn B.",2,1,100,1/3/13,1/3/15,0,7,2,1,1,H25,Economic (Joint),13,12,NY,,,,,,,,,,
113,507,20924,"Paulsen, Erik",1,5,200,1/14/13,1/3/15,0,1,2,1,1,H529,Economic (Joint),33,3,MN,,,,,,,,,,
113,507,29709,"Sanchez, Loretta",2,2,100,1/14/13,1/3/15,0,5,2,1,2,H529,Economic (Joint),71,46,CA,,,,,,,,,,
113,124,29132,"Andrews, Robert E.",2,2,100,1/3/13,2/18/14,0,12,2,1,0,HRES7,Education and the Workplace,12,1,NJ,Resigned,,,,,,,,,
113,124,21171,"Barletta, Lou",1,18,200,1/4/13,1/3/15,0,2,2,1,1,HRES17,Education and the Workplace,14,11,PA,,,,,,,,,,
113,124,20338,"Bishop, Timothy",2,10,100,1/3/13,1/3/15,0,6,2,1,0,HRES7,Education and the Workplace,13,1,NY,,,,,,,,,,
113,124,21198,"Bonamici, Suzanne",2,18,100,1/3/13,1/3/15,0,1,2,1,1,HRES7,Education and the Workplace,72,1,OR,,,,,,,,,,
113,124,21193,"Brooks, Mo",1,21,200,1/4/13,1/3/15,0,1,2,1,2,HRES17,Education and the Workplace,41,5,AL,,,,,,,,,,
113,124,21132,"Bucshon, Larry",1,16,200,1/4/13,1/3/15,0,2,2,1,2,HRES17,Education and the Workplace,22,8,IN,,,,,,,,,,
113,124,21376,"Byrne, Bradley",6,1,200,4/8/14,1/3/15,0,1,2,1,1,HRES546,Education and the Workplace,41,1,AL,Replaced Roby,,,,,,,,,
113,124,20706,"Courtney, Joe",2,12,100,1/3/13,1/3/15,0,1,2,1,1,HRES7,Education and the Workplace,1,2,CT,,,,,,,,,,
113,124,20108,"Davis, Susan",2,8,100,1/3/13,1/3/15,0,7,2,1,1,HRES7,Education and the Workplace,71,53,CA,,,,,,,,,,
113,124,21179,"DesJarlais, Scott",1,14,200,1/4/13,1/3/15,0,2,2,1,2,HRES17,Education and the Workplace,54,4,TN,,,,,,,,,,
113,124,20521,"Foxx, Virginia",1,5,200,1/4/13,1/3/15,0,5,2,1,1,HRES17,Education and the Workplace,47,5,NC,,,,,,,,,,
113,124,20941,"Fudge, Marcia",2,13,100,1/3/13,1/3/15,0,2,2,1,1,HRES7,Education and the Workplace,24,11,OH,,,,,,,,,,
113,124,21175,"Gowdy, Trey",1,17,200,1/4/13,5/29/14,0,2,2,1,2,HRES17,Education and the Workplace,48,4,SC,Transferred to Benghazi Committee (chair),,,,,,,,,
113,124,20305,"Grijalva, Raul M",2,9,100,1/3/13,1/3/15,0,6,2,1,1,HRES7,Education and the Workplace,61,3,AZ,,,,,,,,,,
113,124,20916,"Guthrie, Brett",1,13,200,1/4/13,1/3/15,0,1,2,1,1,HRES17,Education and the Workplace,51,2,KY,,,,,,,,,,
113,124,21151,"Heck, Joe",1,20,200,1/4/13,1/3/15,0,2,2,1,1,HRES17,Education and the Workplace,65,3,NV,,,,,,,,,,
113,124,29763,"Hinojosa, Ruben",2,4,100,1/3/13,1/3/15,0,9,2,1,1,HRES7,Education and the Workplace,49,15,TX,,,,,,,,,,
113,124,29923,"Holt, Rush D.",2,7,100,1/3/13,1/3/15,0,8,2,1,0,HRES7,Education and the Workplace,12,12,NJ,,,,,,,,,,
113,124,21346,"Hudson, Richard",1,22,200,1/4/13,1/3/15,0,1,2,1,2,HRES17,Education and the Workplace,47,8,NC,,,,,,,,,,
113,124,20963,"Hunter, Duncan",1,8,200,1/4/13,1/3/15,0,3,2,1,1,HRES17,Education and the Workplace,71,50,CA,,,,,,,,,,
113,124,20333,"Kline, John",1,1,200,1/3/13,1/3/15,11,6,2,1,1,HRES6,Education and the Workplace,33,2,MN,,,,,,,,,,
113,124,20720,"Loebsack, David",2,11,100,1/3/13,1/3/15,0,4,2,1,1,HRES7,Education and the Workplace,31,2,IA,,,,,,,,,,
113,124,20532,"Marchant, Kenny",1,7,200,1/4/13,1/3/15,0,1,2,1,2,HRES17,Education and the Workplace,49,24,TX,,,,,,,,,,
113,124,29744,"McCarthy, Carolyn",2,5,100,1/3/13,1/3/15,0,9,2,1,0,HRES7,Education and the Workplace,13,4,NY,,,,,,,,,,
113,124,29315,"McKeon, Howard P. (Buck)",1,3,200,1/4/13,1/3/15,0,3,4,1,0,HRES17,Education and the Workplace,71,25,CA,,,,,,,,,,
113,124,21332,"Messer, Luke",1,23,200,1/4/13,1/3/15,0,1,2,1,1,HRES17,Education and the Workplace,22,6,IN,,,,,,,,,,
113,124,14256,"Miller, George",2,1,100,1/3/13,1/3/15,21,13,3,1,0,HRES7,Education and the Workplace,71,11,CA,,,,,,,,,,
113,124,14675,"Petri, Thomas E.",1,2,200,1/4/13,1/3/15,0,18,2,1,0,HRES17,Education and the Workplace,25,6,WI,,,,,,,,,,
113,124,21370,"Pocan, Mark",7,1,100,10/29/13,1/3/15,0,1,2,1,1,HRES393,Education and the Workplace,25,2,WI,Replaced Yarmuth,,,,,,,,,
113,124,20904,"Polis, Jared",2,14,100,1/3/13,1/3/15,0,1,2,1,1,HRES7,Education and the Workplace,62,2,CO,,,,,,,,,,
113,124,20505,"Price, Tom",1,6,200,1/4/13,1/3/15,0,1,2,1,2,HRES17,Education and the Workplace,44,6,GA,,,,,,,,,,
113,124,21192,"Roby, Martha",1,19,200,1/4/13,12/11/13,0,2,2,1,2,HRES17,Education and the Workplace,41,2,AL,Transferred to Appropriations,,,,,,,,,
113,124,20947,"Roe, David P.",1,9,200,1/4/13,1/3/15,0,3,2,1,1,HRES17,Education and the Workplace,54,1,TN,,,,,,,,,,
113,124,21131,"Rokita, Todd",1,15,200,1/4/13,1/3/15,0,2,2,1,1,HRES17,Education and the Workplace,22,4,IN,,,,,,,,,,
113,124,70810,"Sablan, Gregorio",2,15,100,1/3/13,1/3/15,0,1,2,1,1,HRES7,Education and the Workplace,95,1,MP,,,,,,,,,,
113,124,29500,"Salmon, Matt",1,12,200,1/4/13,1/3/15,0,1,2,1,1,HRES17,Education and the Workplace,61,5,AZ,,,,,,,,,,
113,124,39307,"Scott, Robert C.",2,3,100,1/3/13,1/3/15,0,5,4,1,1,HRES7,Education and the Workplace,40,3,VA,,,,,,,,,,
113,124,21312,"Takano, Mark",7,2,100,4/1/14,1/3/15,0,1,2,1,1,HRES531,Education and the Workplace,71,41,CA,Replaced Andrews,,,,,,,,,
113,124,20946,"Thompson, Glenn",1,10,200,1/4/13,1/3/15,0,3,2,1,1,HRES17,Education and the Workplace,14,5,PA,,,,,,,,,,
113,124,29730,"Tierney, John",2,6,100,1/3/13,1/3/15,0,9,2,1,0,HRES7,Education and the Workplace,3,6,MA,,,,,,,,,,
113,124,20725,"Walberg, Tim",1,11,200,1/4/13,1/3/15,0,2,2,1,1,HRES17,Education and the Workplace,23,7,MI,,,,,,,,,,
113,124,20138,"Wilson, Addison G. (Joe)",1,4,200,1/4/13,1/3/15,0,7,2,1,1,HRES17,Education and the Workplace,48,2,SC,,,,,,,,,,
113,124,21118,"Wilson, Frederica",2,17,100,1/3/13,1/3/15,0,1,2,1,1,HRES7,Education and the Workplace,43,24,FL,,,,,,,,,,
113,124,20723,"Yarmuth, John A.",2,16,100,1/3/13,10/15/13,0,1,2,1,2,HRES7,Education and the Workplace,51,3,KY,Transferred to Energy and Commerce,,,,,,,,,
113,128,20507,"Barrow, John",2,15,100,1/3/13,1/3/15,0,4,2,1,0,HRES7,Energy and Commerce,44,12,GA,,,,,,,,,,
113,128,15085,"Barton, Joe L.",1,3,200,1/4/13,1/3/15,0,14,2,1,1,HRES17,Energy and Commerce,49,6,TX,,,,,,,,,,
113,128,20758,"Bilirakis, Gus",1,27,200,1/4/13,1/3/15,0,1,2,1,1,HRES17,Energy and Commerce,43,12,FL,,,,,,,,,,
113,128,20351,"Blackburn, Marsha",1,12,200,1/4/13,1/3/15,81,4,4,1,1,HRES17,Energy and Commerce,54,7,TN,,,,,,,,,,
113,128,20719,"Braley, Bruce L.",2,21,100,1/3/13,1/3/15,0,1,2,1,0,HRES7,Energy and Commerce,31,1,IA,,,,,,,,,,
113,128,20355,"Burgess, Michael",1,11,200,1/4/13,1/3/15,0,5,2,1,1,HRES17,Energy and Commerce,49,26,TX,,,,,,,,,,
113,128,20340,"Butterfield, George Kenneth, Jr. (G.K.)",2,14,100,1/3/13,1/3/15,0,4,2,1,1,HRES7,Energy and Commerce,47,1,NC,,,,,,,,,,
113,128,29774,"Capps, Lois",2,10,100,1/3/13,1/3/15,0,8,2,1,1,HRES7,Energy and Commerce,71,24,CA,,,,,,,,,,
113,128,20919,"Cassidy, Bill",1,19,200,1/4/13,1/3/15,0,2,2,1,0,HRES17,Energy and Commerce,45,6,LA,,,,,,,,,,
113,128,20708,"Castor, Kathy",2,18,100,1/3/13,1/3/15,0,2,2,1,1,HRES7,Energy and Commerce,43,14,FL,,,,,,,,,,
113,128,70501,"Christensen, Donna Marie Christian",2,17,100,1/3/13,1/3/15,0,3,2,1,0,HRES7,Energy and Commerce,93,79,VI,,,,,,,,,,
113,128,29710,"DeGette, Diana",2,9,100,1/3/13,1/3/15,0,9,2,1,1,HRES7,Energy and Commerce,62,1,CO,,,,,,,,,,
113,128,2605,"Dingell, John D., Jr.",2,2,100,1/3/13,1/3/15,0,29,2,1,0,HRES7,Energy and Commerce,23,12,MI,,,,,,,,,,
113,128,29561,"Doyle, Michael F.",2,11,100,1/3/13,1/3/15,0,7,2,1,1,HRES7,Energy and Commerce,14,14,PA,,,,,,,,,,
113,128,21159,"Ellmers, Renee",1,30,200,1/4/13,1/3/15,0,1,2,1,1,HRES17,Energy and Commerce,47,2,NC,,,,,,,,,,
113,128,15603,"Engel, Eliot L.",2,7,100,1/3/13,1/3/15,0,10,2,1,1,HRES7,Energy and Commerce,13,16,NY,,,,,,,,,,
113,128,29312,"Eshoo, Anna G.",2,6,100,1/3/13,1/3/15,0,10,2,1,1,HRES7,Energy and Commerce,71,18,CA,,,,,,,,,,
113,128,21112,"Gardner, Cory",1,23,200,1/4/13,1/3/15,0,2,2,1,0,HRES17,Energy and Commerce,62,4,CO,,,,,,,,,,
113,128,20319,"Gingrey, Phil",1,13,200,1/4/13,1/3/15,0,3,2,1,0,HRES17,Energy and Commerce,44,11,GA,,,,,,,,,,
113,128,39304,"Green, Gene",2,8,100,1/3/13,1/3/15,0,9,2,1,1,HRES7,Energy and Commerce,49,29,TX,,,,,,,,,,
113,128,21191,"Griffith, Morgan",1,26,200,1/4/13,1/3/15,0,2,2,1,1,HRES17,Energy and Commerce,40,9,VA,,,,,,,,,,
113,128,20916,"Guthrie, Brett",1,20,200,1/4/13,1/3/15,0,2,2,1,1,HRES17,Energy and Commerce,51,2,KY,,,,,,,,,,
113,128,94828,"Hall, Ralph M.",1,2,200,1/4/13,1/3/15,0,1,2,1,0,HRES17,Energy and Commerce,49,4,TX,,,,,,,,,,
113,128,20925,"Harper, Gregg",1,17,200,1/4/13,1/3/15,0,2,2,1,1,HRES17,Energy and Commerce,46,3,MS,,,,,,,,,,
113,128,21162,"Johnson, Bill",1,28,200,1/4/13,1/3/15,0,1,2,1,1,HRES17,Energy and Commerce,24,6,OH,,,,,,,,,,
113,128,21128,"Kinzinger, Adam",1,25,200,1/4/13,1/3/15,0,2,2,1,1,HRES17,Energy and Commerce,21,16,IL,,,,,,,,,,
113,128,20929,"Lance, Leonard",1,18,200,1/4/13,1/3/15,0,2,2,1,1,HRES17,Energy and Commerce,12,7,NJ,,,,,,,,,,
113,128,20755,"Latta, Robert E.",1,15,200,1/4/13,1/3/15,0,3,2,1,1,HRES17,Energy and Commerce,24,5,OH,,,,,,,,,,
113,128,21150,"Long, Billy",1,29,200,1/4/13,1/3/15,0,1,2,1,1,HRES17,Energy and Commerce,34,7,MO,,,,,,,,,,
113,128,20932,"Luján, Ben Ray",2,23,100,1/3/13,1/3/15,0,1,2,1,1,HRES7,Energy and Commerce,66,3,NM,,,,,,,,,,
113,128,14435,"Markey, Edward J.",2,3,100,1/3/13,1/3/15,0,19,2,1,0,HRES7,Energy and Commerce,3,5,MA,,,,,,,,,,
113,128,20140,"Matheson, Jim",2,13,100,1/3/13,1/3/15,0,4,2,1,0,HRES7,Energy and Commerce,67,4,UT,,,,,,,,,,
113,128,20538,"Matsui, Doris O.",2,16,100,1/3/13,1/3/15,0,4,2,1,1,HRES7,Energy and Commerce,71,6,CA,,,,,,,,,,
113,128,21188,"McKinley, David",1,22,200,1/4/13,1/3/15,0,2,2,1,1,HRES17,Energy and Commerce,56,1,WV,,,,,,,,,,
113,128,20535,"McMorris Rodgers, Cathy",1,16,200,1/4/13,1/3/15,0,2,2,1,1,HRES17,Energy and Commerce,73,5,WA,,,,,,,,,,
113,128,20702,"McNerney, Jerry",2,20,100,1/3/13,1/3/15,0,1,2,1,1,HRES7,Energy and Commerce,71,9,CA,,,,,,,,,,
113,128,20346,"Murphy, Tim",1,10,200,1/4/13,1/3/15,0,5,2,1,1,HRES17,Energy and Commerce,14,18,PA,,,,,,,,,,
113,128,20948,"Olson, Pete",1,21,200,1/4/13,1/3/15,0,2,2,1,1,HRES17,Energy and Commerce,49,22,TX,,,,,,,,,,
113,128,15454,"Pallone, Frank, Jr.",2,4,100,1/3/13,1/3/15,0,9,4,1,1,HRES7,Energy and Commerce,12,6,NJ,,,,,,,,,,
113,128,29752,"Pitts, Joseph R.",1,6,200,1/4/13,1/3/15,0,7,2,1,1,HRES17,Energy and Commerce,14,16,PA,,,,,,,,,,
113,128,21136,"Pompeo, Mike",1,24,200,1/4/13,1/3/15,0,2,2,1,1,HRES17,Energy and Commerce,32,4,KS,,,,,,,,,,
113,128,20120,"Rogers, Mike",1,9,200,1/4/13,1/3/15,0,6,2,1,0,HRES17,Energy and Commerce,23,8,MI,,,,,,,,,,
113,128,29346,"Rush, Bobby L.",2,5,100,1/3/13,1/3/15,0,10,2,1,1,HRES7,Energy and Commerce,21,1,IL,,,,,,,,,,
113,128,20724,"Sarbanes, John P.",2,19,100,1/3/13,1/3/15,0,2,2,1,1,HRES7,Energy and Commerce,52,3,MD,,,,,,,,,,
113,128,20759,"Scalise, Steve",1,14,200,1/4/13,1/3/15,0,3,2,1,1,HRES17,Energy and Commerce,45,1,LA,,,,,,,,,,
113,128,29911,"Schakowsky, Janice D",2,12,100,1/3/13,1/3/15,0,6,2,1,1,HRES7,Energy and Commerce,21,9,IL,,,,,,,,,,
113,128,29718,"Shimkus, John M.",1,5,200,1/4/13,1/3/15,0,9,2,1,1,HRES17,Energy and Commerce,21,19,IL,,,,,,,,,,
113,128,29921,"Terry, Lee",1,8,200,1/4/13,1/3/15,0,7,2,1,0,HRES17,Energy and Commerce,35,2,NE,,,,,,,,,,
113,128,20934,"Tonko, Paul",2,24,100,1/3/13,1/3/15,0,1,2,1,1,HRES7,Energy and Commerce,13,20,NY,,,,,,,,,,
113,128,15446,"Upton, Frederick S.",1,1,200,1/3/13,1/3/15,11,12,2,1,1,HRES6,Energy and Commerce,23,6,MI,,,,,,,,,,
113,128,29932,"Walden, Greg",1,7,200,1/4/13,1/3/15,0,7,2,1,1,HRES17,Energy and Commerce,72,2,OR,,,,,,,,,,
113,128,14280,"Waxman, Henry A.",2,1,100,1/3/13,1/3/15,21,20,2,1,0,HRES7,Energy and Commerce,71,33,CA,,,,,,,,,,
113,128,20750,"Welch, Peter",2,22,100,1/3/13,1/3/15,0,1,2,1,1,HRES7,Energy and Commerce,6,1,VT,,,,,,,,,,
113,128,29525,"Whitfield, Edward",1,4,200,1/4/13,1/3/15,0,10,2,1,1,HRES17,Energy and Commerce,51,1,KY,,,,,,,,,,
113,186,21331,"Brooks, Susan",1,5,200,1/3/13,1/3/15,0,1,2,1,1,HRES6,Ethics,22,5,IN,,,,,,,,,,
113,186,29919,"Capuano, Michael E.",2,3,100,1/23/13,1/3/15,0,1,2,1,1,HRES42,Ethics,3,7,MA,,,,,,,,,,
113,186,20733,"Clarke, Yvette D.",2,4,100,1/23/13,1/3/15,0,1,2,1,1,HRES42,Ethics,13,9,NY,,,,,,,,,,
113,186,20531,"Conaway, K. Michael",1,1,200,1/3/13,1/3/15,11,3,2,1,2,HRES6,Ethics,49,11,TX,,,,,,,,,,
113,186,20526,"Dent, Charles W.",1,2,200,1/3/13,1/3/15,0,3,2,1,1,HRES6,Ethics,14,15,PA,,,,,,,,,,
113,186,20959,"Deutch, Theodore E.",2,5,100,1/23/13,1/3/15,0,1,2,1,1,HRES42,Ethics,43,21,FL,,,,,,,,,,
113,186,21175,"Gowdy, Trey",1,4,200,1/3/13,1/3/15,0,1,2,1,1,HRES6,Ethics,48,4,SC,,,,,,,,,,
113,186,21168,"Meehan, Pat",1,3,200,1/3/13,1/3/15,0,1,2,1,1,HRES6,Ethics,14,7,PA,,,,,,,,,,
113,186,70805,"Pierluisi, Pedro R.",2,2,100,1/23/13,1/3/15,0,2,2,1,2,HRES42,Ethics,92,80,PR,,,,,,,,,,
113,186,20310,"Sanchez, Linda",2,1,100,1/3/13,1/3/15,22,2,2,1,1,HRES7,Ethics,71,38,CA,,,,,,,,,,
113,299,21331,"Brooks, Susan",1,7,200,5/9/14,1/3/15,0,1,2,1,1,H4046,Events Surrounding the 2012 Terrorist Attack on Benghazi (Select),22,5,IN,,,,,,,,,,
113,299,29587,"Cummings, Elijah E.",2,1,100,5/21/14,1/3/15,21,1,2,1,1,H4712,Events Surrounding the 2012 Terrorist Attack on Benghazi (Select),52,7,MD,,,,,,,,,,
113,299,21325,"Duckworth, Tammy",2,5,100,5/21/14,1/3/15,21,1,2,1,1,H4712,Events Surrounding the 2012 Terrorist Attack on Benghazi (Select),21,8,IL,,,,,,,,,,
113,299,21175,"Gowdy, Trey",1,1,200,5/9/14,1/3/15,11,1,2,1,1,H4046,Events Surrounding the 2012 Terrorist Attack on Benghazi (Select),48,4,SC,,,,,,,,,,
113,299,20738,"Jordan, Jim",1,3,200,5/9/14,1/3/15,0,1,2,1,1,H4046,Events Surrounding the 2012 Terrorist Attack on Benghazi (Select),24,4,OH,,,,,,,,,,
113,299,21136,"Pompeo, Mike",1,5,200,5/9/14,1/3/15,0,1,2,1,1,H4046,Events Surrounding the 2012 Terrorist Attack on Benghazi (Select),32,4,KS,,,,,,,,,,
113,299,21192,"Roby, Martha",1,6,200,5/9/14,1/3/15,0,1,2,1,1,H4046,Events Surrounding the 2012 Terrorist Attack on Benghazi (Select),41,2,AL,,,,,,,,,,
113,299,20715,"Roskam, Peter J.",1,4,200,5/9/14,1/3/15,0,1,2,1,1,H4046,Events Surrounding the 2012 Terrorist Attack on Benghazi (Select),21,6,IL,,,,,,,,,,
113,299,20310,"Sanchez, Linda",2,4,100,5/21/14,1/3/15,21,1,2,1,1,H4712,Events Surrounding the 2012 Terrorist Attack on Benghazi (Select),71,38,CA,,,,,,,,,,
113,299,20104,"Schiff, Adam",2,3,100,5/21/14,1/3/15,21,1,2,1,1,H4712,Events Surrounding the 2012 Terrorist Attack on Benghazi (Select),71,28,CA,,,,,,,,,,
113,299,29768,"Smith, Adam",2,2,100,5/21/14,1/3/15,21,1,2,1,1,H4712,Events Surrounding the 2012 Terrorist Attack on Benghazi (Select),73,9,WA,,,,,,,,,,
113,299,20506,"Westmoreland, Lynn A.",1,2,200,5/9/14,1/3/15,0,1,2,1,1,H4046,Events Surrounding the 2012 Terrorist Attack on Benghazi (Select),44,3,GA,,,,,,,,,,
113,113,20728,"Bachmann, Michele",1,12,200,1/4/13,1/3/15,0,4,2,1,0,HRES17,Financial Services,33,6,MN,,,,,,,,,,
113,113,29301,"Bachus, Spencer",1,2,200,1/4/13,1/3/15,0,11,2,1,0,HRES17,Financial Services,41,6,AL,,,,,,,,,,
113,113,21333,"Barr, Andy",1,32,200,1/4/13,1/3/15,0,1,2,1,1,HRES17,Financial Services,51,6,KY,,,,,,,,,,
113,113,21352,"Beatty, Joyce",2,28,100,1/3/13,1/3/15,0,1,2,1,1,HRES7,Financial Services,24,3,OH,,,,,,,,,,
113,113,20539,"Campbell, John",1,11,200,1/4/13,1/3/15,0,5,2,1,0,HRES17,Financial Services,71,45,CA,,,,,,,,,,
113,113,20146,"Capito, Shelley Moore",1,7,200,1/4/13,1/3/15,0,6,2,1,0,HRES17,Financial Services,56,2,WV,,,,,,,,,,
113,113,29919,"Capuano, Michael E.",2,8,100,1/3/13,1/3/15,0,8,2,1,1,HRES7,Financial Services,3,7,MA,,,,,,,,,,
113,113,21113,"Carney, John",2,21,100,1/3/13,1/3/15,0,2,2,1,1,HRES7,Financial Services,11,1,DE,,,,,,,,,,
113,113,20147,"Clay, William L., Jr.",2,10,100,1/3/13,1/3/15,0,7,4,1,1,HRES7,Financial Services,34,1,MO,,,,,,,,,,
113,113,20517,"Cleaver, Emanuel",2,15,100,1/3/13,1/3/15,0,5,2,1,1,HRES7,Financial Services,34,5,MO,,,,,,,,,,
113,113,21301,"Cotton, Tim",1,33,200,1/4/13,1/3/15,0,1,2,1,0,HRES17,Financial Services,42,4,AR,,,,,,,,,,
113,113,21334,"Delaney, John",2,26,100,1/3/13,1/3/15,0,1,2,1,1,HRES7,Financial Services,52,6,MD,,,,,,,,,,
113,113,21189,"Duffy, Sean P.",1,20,200,1/4/13,1/3/15,0,2,2,1,1,HRES17,Financial Services,25,7,WI,,,,,,,,,,
113,113,20727,"Ellison, Keith",2,17,100,1/3/13,1/3/15,0,4,2,1,1,HRES7,Financial Services,33,5,MN,,,,,,,,,,
113,113,21181,"Fincher, Stephen",1,25,200,1/4/13,1/3/15,0,1,2,1,1,HRES17,Financial Services,54,8,TN,,,,,,,,,,
113,113,21169,"Fitzpatrick, Michael G.",1,16,200,1/4/13,1/3/15,0,2,2,1,1,HRES17,Financial Services,14,8,PA,,,,,,,,,,
113,113,20749,"Foster, Bill",2,23,100,1/3/13,1/3/15,0,1,2,1,1,HRES7,Financial Services,21,11,IL,,,,,,,,,,
113,113,20336,"Garrett, Scott",1,8,200,1/4/13,1/3/15,0,6,2,1,1,HRES17,Financial Services,12,5,NJ,,,,,,,,,,
113,113,20529,"Green, Al",2,14,100,1/3/13,1/3/15,0,5,2,1,1,HRES7,Financial Services,49,9,TX,,,,,,,,,,
113,113,21154,"Grimm, Michael",1,23,200,1/4/13,4/28/14,0,2,2,1,0,HRES17,Financial Services,13,11,NY,"Resigned ""pending legal matters""",,,,,,,,,
113,113,29348,"Gutierrez, Luis V.",2,3,100,1/3/13,1/14/13,0,11,2,1,2,HRES7,Financial Services,21,4,IL,"Transferred to Committee on the Judiciary: ""leave of absence with seniority retained"", H65",,,,,,,,,
113,113,21369,"Heck, Denny",7,1,100,1/14/13,1/3/15,0,1,2,1,1,HRES22,Financial Services,73,10,WA,Replaced Gutierrez,,,,,,,,,
113,113,20352,"Hensarling, Jeb",1,1,200,1/3/13,1/3/15,11,6,2,1,1,HRES6,Financial Services,49,5,TX,,,,,,,,,,
113,113,20907,"Himes, James A.",2,19,100,1/3/13,1/3/15,0,3,2,1,1,HRES7,Financial Services,1,4,CT,,,,,,,,,,
113,113,29763,"Hinojosa, Ruben",2,9,100,1/3/13,1/3/15,0,7,2,1,1,HRES7,Financial Services,49,15,TX,,,,,,,,,,
113,113,21339,"Horsford, Steven",7,2,100,4/3/14,1/3/15,0,1,2,1,1,HRES537,Financial Services,65,4,NV,Replaced Watt,,,,,,,,,
113,113,21142,"Huizenga, Bill",1,19,200,1/4/13,1/3/15,0,2,2,1,1,HRES17,Financial Services,23,2,MI,,,,,,,,,,
113,113,21129,"Hultgren, Randy",1,28,200,1/4/13,1/3/15,0,1,2,1,1,HRES17,Financial Services,21,14,IL,,,,,,,,,,
113,113,21186,"Hurt, Robert",1,22,200,1/4/13,1/3/15,0,2,2,1,1,HRES17,Financial Services,40,5,VA,,,,,,,,,,
113,113,21372,"Kildee, Dan",2,24,100,1/3/13,1/3/15,0,1,2,1,1,HRES7,Financial Services,23,5,MI,,,,,,,,,,
113,113,29375,"King, Peter T.",1,3,200,1/4/13,1/3/15,0,4,4,1,1,HRES17,Financial Services,13,2,NY,,,,,,,,,,
113,113,29393,"Lucas, Frank D.",1,5,200,1/4/13,1/3/15,0,10,2,1,1,HRES17,Financial Services,53,3,OK,,,,,,,,,,
113,113,20926,"Luetkemeyer, Blaine",1,18,200,1/4/13,1/3/15,0,2,2,1,1,HRES17,Financial Services,34,3,MO,,,,,,,,,,
113,113,20119,"Lynch, Stephen F.",2,12,100,1/3/13,1/3/15,0,6,2,1,1,HRES7,Financial Services,3,8,MA,,,,,,,,,,
113,113,29379,"Maloney, Carolyn B.",2,2,100,1/3/13,1/3/15,0,11,2,1,1,HRES7,Financial Services,13,12,NY,,,,,,,,,,
113,113,29744,"McCarthy, Carolyn",2,11,100,1/3/13,1/3/15,0,6,2,1,0,HRES7,Financial Services,13,4,NY,,,,,,,,,,
113,113,20703,"McCarthy, Kevin",1,13,200,1/4/13,1/3/15,0,4,2,1,2,HRES17,Financial Services,71,23,CA,,,,,,,,,,
113,113,20522,"McHenry, Patrick T.",1,10,200,1/4/13,1/3/15,0,5,2,1,1,HRES17,Financial Services,47,10,NC,,,,,,,,,,
113,113,29776,"Meeks, Gregory W.",2,7,100,1/3/13,1/3/15,0,9,2,1,1,HRES7,Financial Services,13,5,NY,,,,,,,,,,
113,113,21332,"Messer, Luke",6,2,200,5/20/14,1/3/15,0,1,2,1,1,HRES589,Financial Services,22,6,IN,Replaced Grimm,,,,,,,,,
113,113,29905,"Miller, Gary G.",1,6,200,1/4/13,1/3/15,0,7,2,1,0,HRES17,Financial Services,71,31,CA,,,,,,,,,,
113,113,20537,"Moore, Gwen",2,16,100,1/3/13,1/3/15,0,5,2,1,1,HRES7,Financial Services,25,4,WI,,,,,,,,,,
113,113,21176,"Mulvaney, Mick",1,27,200,1/4/13,1/3/15,0,1,2,1,1,HRES17,Financial Services,48,5,SC,,,,,,,,,,
113,113,21319,"Murphy, Patrick",2,25,100,1/3/13,1/3/15,0,1,2,1,1,HRES7,Financial Services,43,18,FL,,,,,,,,,,
113,113,20353,"Neugebauer, Randy",1,9,200,1/4/13,1/3/15,0,5,2,1,1,HRES17,Financial Services,49,19,TX,,,,,,,,,,
113,113,20337,"Pearce, Stevan",1,14,200,1/4/13,1/3/15,0,2,4,1,1,HRES17,Financial Services,66,2,NM,,,,,,,,,,
113,113,20705,"Perlmutter, Ed",2,18,100,1/3/13,1/3/15,0,4,2,1,1,HRES7,Financial Services,62,7,CO,,,,,,,,,,
113,113,20923,"Peters, Gary C.",2,20,100,1/3/13,1/3/15,0,3,2,1,0,HRES7,Financial Services,23,14,MI,,,,,,,,,,
113,113,21347,"Pittenger, Robert",1,30,200,1/4/13,1/3/15,0,1,2,1,1,HRES17,Financial Services,47,9,NC,,,,,,,,,,
113,113,20909,"Posey, Bill",1,15,200,1/4/13,1/3/15,0,3,2,1,1,HRES17,Financial Services,43,8,FL,,,,,,,,,,
113,113,21164,"Renacci, Jim",1,21,200,1/4/13,2/26/13,0,2,2,1,2,HRES17,Financial Services,24,16,OH,"Transferred to Committee on Ways and Means, H649",,,,,,,,,
113,113,21117,"Ross, Dennis",1,29,200,1/4/13,1/3/15,0,1,2,1,1,HRES17,Financial Services,43,15,FL,,,,,,,,,,
113,113,21357,"Rothfus, Keith J.",6,1,200,4/16/13,1/3/15,0,1,2,1,1,HRES162,Financial Services,14,12,PA,Replaced Renacci,,,,,,,,,
113,113,29321,"Royce, Ed",1,4,200,1/4/13,1/3/15,0,10,2,1,1,HRES17,Financial Services,71,39,CA,,,,,,,,,,
113,113,20321,"Scott, David",2,13,100,1/3/13,1/3/15,0,6,2,1,1,HRES7,Financial Services,44,13,GA,,,,,,,,,,
113,113,21102,"Sewell, Terri A.",2,22,100,1/3/13,1/3/15,0,1,2,1,1,HRES7,Financial Services,41,7,AL,,,,,,,,,,
113,113,29707,"Sherman, Brad",2,6,100,1/3/13,1/3/15,0,9,2,1,1,HRES7,Financial Services,71,30,CA,,,,,,,,,,
113,113,21300,"Sinema, Kyrsten",2,27,100,1/3/13,1/3/15,0,1,2,1,1,HRES7,Financial Services,61,9,AZ,,,,,,,,,,
113,113,21163,"Stivers, Steve",1,24,200,1/4/13,1/3/15,0,2,2,1,1,HRES17,Financial Services,24,15,OH,,,,,,,,,,
113,113,21100,"Stutzman, Marlin",1,26,200,1/4/13,1/3/15,0,1,2,1,1,HRES17,Financial Services,22,3,IN,,,,,,,,,,
113,113,29378,"Velazquez, Nydia M.",2,4,100,1/3/13,1/3/15,0,11,2,1,1,HRES7,Financial Services,13,7,NY,,,,,,,,,,
113,113,21337,"Wagner, Ann",1,31,200,1/4/13,1/3/15,0,1,2,1,1,HRES17,Financial Services,34,2,MO,,,,,,,,,,
113,113,29106,"Waters, Maxine",2,1,100,1/3/13,1/3/15,21,12,2,1,1,HRES7,Financial Services,71,43,CA,,,,,,,,,,
113,113,29383,"Watt, Melvin",2,5,100,1/3/13,1/6/14,0,11,2,1,0,HRES7,Financial Services,47,12,NC,"Resigned; appointed Directory, Federal Housing Finance Agency",,,,,,,,,
113,113,20506,"Westmoreland, Lynn A.",1,17,200,1/4/13,1/3/15,0,2,2,1,1,HRES17,Financial Services,44,3,GA,,,,,,,,,,
113,134,21110,"Bass, Karen",2,9,100,1/3/13,1/3/15,0,2,2,1,1,HRES7,Foreign Affairs,71,37,CA,,,,,,,,,,
113,134,21304,"Bera, Ami",2,16,100,1/3/13,1/3/15,0,1,2,1,1,HRES7,Foreign Affairs,71,7,CA,,,,,,,,,,
113,134,21193,"Brooks, Mo",1,13,200,1/4/13,1/3/15,0,1,2,1,1,HRES7,Foreign Affairs,41,5,AL,,,,,,,,,,
113,134,21362,"Castro, Joaquin",2,21,100,1/14/13,1/3/15,0,1,2,1,1,HRES22,Foreign Affairs,49,20,TX,,,,,,,,,,
113,134,29550,"Chabot, Steven J.",1,5,200,1/4/13,1/3/15,0,2,2,1,1,HRES7,Foreign Affairs,24,1,OH,,,,,,,,,,
113,134,21172,"Cicilline, David",2,11,100,1/3/13,1/3/15,0,2,2,1,1,HRES7,Foreign Affairs,5,1,RI,,,,,,,,,,
113,134,21377,"Clawson, Curt",6,1,200,6/9/14,1/3/15,0,1,2,1,1,HRES660,Foreign Affairs,43,19,FL,Replaced Messer,,,,,,,,,
113,134,21323,"Collins, Doug",1,22,200,1/4/13,1/3/15,0,1,2,1,1,HRES7,Foreign Affairs,44,9,GA,,,,,,,,,,
113,134,20952,"Connolly, Gerald E.",2,6,100,1/3/13,1/3/15,0,3,2,1,2,HRES7,Foreign Affairs,40,11,VA,,,,,,,,,,
113,134,21305,"Cook, Paul",1,15,200,1/4/13,1/3/15,0,1,2,1,1,HRES7,Foreign Affairs,71,8,CA,,,,,,,,,,
113,134,21301,"Cotton, Tim",1,14,200,1/4/13,1/3/15,0,1,2,1,0,HRES7,Foreign Affairs,42,4,AR,,,,,,,,,,
113,134,21318,"DeSantis, Ron",1,20,200,1/4/13,1/3/15,0,1,2,1,1,HRES7,Foreign Affairs,43,6,FL,,,,,,,,,,
113,134,20959,"Deutch, Theodore E.",2,7,100,1/3/13,1/3/15,0,3,2,1,1,HRES7,Foreign Affairs,43,21,FL,,,,,,,,,,
113,134,21189,"Duffy, Sean P.",6,1,200,5/29/14,1/3/15,0,1,2,1,2,HRES603,Foreign Affairs,25,7,WI,Replaced Radel,,,,,,,,,
113,134,21174,"Duncan, Jeff",1,11,200,1/4/13,1/3/15,0,2,2,1,1,HRES7,Foreign Affairs,48,3,SC,,,,,,,,,,
113,134,15603,"Engel, Eliot L.",2,1,100,1/3/13,1/3/15,21,7,4,1,1,HRES7,Foreign Affairs,13,16,NY,,,,,,,,,,
113,134,70302,"Faleomavaega, Eni F. H.",2,2,100,1/3/13,1/3/15,0,13,2,1,0,HRES7,Foreign Affairs,94,79,AS,,,,,,,,,,
113,134,21321,"Frankel, Lois",2,19,100,1/14/13,1/3/15,0,1,2,1,1,HRES22,Foreign Affairs,43,22,FL,,,,,,,,,,
113,134,21324,"Gabbard, Tulsi",2,20,100,1/14/13,1/3/15,0,1,2,1,1,HRES22,Foreign Affairs,82,2,HI,,,,,,,,,,
113,134,20908,"Grayson, Alan",2,12,100,1/3/13,1/3/15,0,1,2,1,1,HRES7,Foreign Affairs,43,9,FL,,,,,,,,,,
113,134,20519,"Higgins, Brian",2,8,100,1/3/13,1/3/15,0,2,2,1,1,HRES7,Foreign Affairs,13,26,NY,,,,,,,,,,
113,134,21349,"Holding, George",1,16,200,1/4/13,1/3/15,0,1,2,1,2,HRES7,Foreign Affairs,47,13,NC,,,,,,,,,,
113,134,21140,"Keating, William",2,10,100,1/3/13,1/3/15,0,2,2,1,1,HRES7,Foreign Affairs,3,9,MA,,,,,,,,,,
113,134,21335,"Kennedy, Joseph P., III",2,15,100,1/3/13,1/3/15,0,1,2,1,2,HRES7,Foreign Affairs,3,4,MA,,,,,,,,,,
113,134,21128,"Kinzinger, Adam",1,12,200,1/4/13,1/3/15,0,1,2,1,2,HRES7,Foreign Affairs,21,16,IL,,,,,,,,,,
113,134,21313,"Lowenthal, Alan",2,17,100,1/3/13,1/3/15,0,1,2,1,1,HRES7,Foreign Affairs,71,41,CA,,,,,,,,,,
113,134,21170,"Marino, Tom",1,10,200,1/4/13,1/3/15,0,2,2,1,1,HRES7,Foreign Affairs,14,10,PA,,,,,,,,,,
113,134,20530,"McCaul, Michael T.",1,7,200,1/4/13,1/3/15,0,5,2,1,1,HRES7,Foreign Affairs,49,10,TX,,,,,,,,,,
113,134,21348,"Meadows, Mark",1,23,200,1/4/13,1/3/15,0,1,2,1,1,HRES7,Foreign Affairs,47,11,NC,,,,,,,,,,
113,134,29776,"Meeks, Gregory W.",2,4,100,1/3/13,1/3/15,0,8,2,1,1,HRES7,Foreign Affairs,13,5,NY,,,,,,,,,,
113,134,21342,"Meng, Grace",2,18,100,1/14/13,1/3/15,0,1,2,1,1,HRES22,Foreign Affairs,13,6,NY,,,,,,,,,,
113,134,21332,"Messer, Luke",1,25,200,1/4/13,5/20/14,0,1,2,1,2,HRES7,Foreign Affairs,22,6,IN,Transferred to Financial Services,,,,,,,,,
113,134,21356,"Perry, Scott",1,18,200,1/4/13,1/3/15,0,1,2,1,1,HRES7,Foreign Affairs,14,4,PA,,,,,,,,,,
113,134,20528,"Poe, Ted",1,8,200,1/4/13,1/3/15,0,5,2,1,1,HRES7,Foreign Affairs,49,2,TX,,,,,,,,,,
113,134,21320,"Radel, Trey",1,21,200,1/4/13,1/27/14,0,1,2,1,0,HRES7,Foreign Affairs,43,19,FL,"Resigned, following convication for cocaine possession",,,,,,,,,
113,134,15621,"Rohrabacher, Dana",1,4,200,1/4/13,1/3/15,0,11,2,1,1,HRES7,Foreign Affairs,71,48,CA,,,,,,,,,,
113,134,15634,"Ros-Lehtinen, Ileana",1,3,200,1/4/13,1/3/15,0,13,2,1,1,HRES7,Foreign Affairs,43,27,FL,,,,,,,,,,
113,134,29321,"Royce, Ed",1,1,200,1/3/13,1/3/15,11,11,2,1,1,HRES6,Foreign Affairs,71,39,CA,,,,,,,,,,
113,134,29500,"Salmon, Matt",1,9,200,1/4/13,1/3/15,0,1,2,1,1,HRES7,Foreign Affairs,61,5,AZ,,,,,,,,,,
113,134,21326,"Schneider, Brad",2,14,100,1/3/13,1/3/15,0,1,3,1,0,HRES7,Foreign Affairs,21,10,IL,,,,,,,,,,
113,134,29707,"Sherman, Brad",2,3,100,1/3/13,1/3/15,0,9,2,1,1,HRES7,Foreign Affairs,71,30,CA,,,,,,,,,,
113,134,20542,"Sires, Albio",2,5,100,1/3/13,1/3/15,0,4,2,1,1,HRES7,Foreign Affairs,12,8,NJ,,,,,,,,,,
113,134,14863,"Smith, Christopher H.",1,2,200,1/4/13,1/3/15,0,15,2,1,1,HRES7,Foreign Affairs,12,4,NJ,,,,,,,,,,
113,134,29570,"Stockman, Steve",1,19,200,1/4/13,1/3/15,0,1,2,1,0,HRES7,Foreign Affairs,49,36,TX,,,,,,,,,,
113,134,21314,"Vargas, Juan",2,13,100,1/3/13,1/3/15,0,1,3,1,2,HRES7,Foreign Affairs,71,51,CA,,,,,,,,,,
113,134,21360,"Weber, Randy",1,17,200,1/4/13,1/3/15,0,1,2,1,1,HRES7,Foreign Affairs,49,14,TX,,,,,,,,,,
113,134,20138,"Wilson, Addison G. (Joe)",1,6,200,1/4/13,1/3/15,0,5,2,1,1,HRES7,Foreign Affairs,48,2,SC,,,,,,,,,,
113,134,21317,"Yoho, Ted",1,24,200,1/4/13,1/3/15,0,1,2,1,1,HRES7,Foreign Affairs,43,3,FL,,,,,,,,,,
113,251,21199,"Barber, Ron",2,9,100,1/3/13,1/3/15,0,2,2,1,0,HRES7,Homeland Security,61,2,AZ,,,,,,,,,,
113,251,21171,"Barletta, Lou",1,12,200,1/4/13,1/3/15,0,1,2,1,1,HRES17,Homeland Security,14,11,PA,,,,,,,,,,
113,251,21331,"Brooks, Susan",1,17,200,1/4/13,1/3/15,0,1,2,1,2,HRES17,Homeland Security,22,5,IN,,,,,,,,,,
113,251,20753,"Broun, Paul C., Jr.",1,5,200,1/4/13,1/3/15,0,4,2,1,0,HRES17,Homeland Security,44,10,GA,,,,,,,,,,
113,251,20949,"Chaffetz, Jason",1,10,200,1/4/13,1/3/15,0,1,2,1,2,HRES17,Homeland Security,67,3,UT,,,,,,,,,,
113,251,20733,"Clarke, Yvette D.",2,4,100,1/3/13,1/3/15,0,4,2,1,2,HRES7,Homeland Security,13,9,NY,,,,,,,,,,
113,251,21377,"Clawson, Curt",7,2,200,7/9/14,1/3/15,0,1,2,1,1,HRES660,Homeland Security,43,19,FL,Replaced Gabbard,,,,,,,,,
113,251,21338,"Daines, Steve",1,16,200,1/4/13,1/3/15,0,1,2,1,0,HRES17,Homeland Security,64,1,MT,,,,,,,,,,
113,251,21174,"Duncan, Jeff",1,8,200,1/4/13,1/3/15,0,2,2,1,1,HRES17,Homeland Security,48,3,SC,,,,,,,,,,
113,251,21324,"Gabbard, Tulsi",2,12,100,1/3/13,4/3/14,0,1,2,1,2,HRES7,Homeland Security,82,2,HI,Transferred to Armed Services,,,,,,,,,
113,251,21195,"Hahn, Janice",2,8,100,1/3/13,1/14/13,0,2,2,1,2,HRES7,Homeland Security,71,44,CA,"Transferred to Committee on Transportation and Infrastructure, H65",,,,,,,,,
113,251,20519,"Higgins, Brian",2,5,100,1/3/13,1/3/15,0,2,2,1,1,HRES7,Homeland Security,13,26,NY,,,,,,,,,,
113,251,21339,"Horsford, Steven",2,14,100,1/14/13,4/3/14,0,1,2,1,2,HRES22,Homeland Security,65,4,NV,Transferred to Financial Services,,,,,,,,,
113,251,21346,"Hudson, Richard",1,15,200,1/4/13,1/3/15,0,1,2,1,2,HRES17,Homeland Security,47,8,NC,,,,,,,,,,
113,251,29573,"Jackson Lee, Sheila",2,3,100,1/3/13,1/3/15,0,6,2,1,1,HRES7,Homeland Security,49,18,TX,,,,,,,,,,
113,251,21140,"Keating, William",2,7,100,1/3/13,1/3/15,0,2,2,1,1,HRES7,Homeland Security,3,9,MA,,,,,,,,,,
113,251,29375,"King, Peter T.",1,3,200,1/4/13,1/3/15,0,6,2,1,1,HRES17,Homeland Security,13,2,NY,,,,,,,,,,
113,251,21170,"Marino, Tom",1,9,200,1/4/13,1/3/15,0,2,2,1,1,HRES17,Homeland Security,14,10,PA,,,,,,,,,,
113,251,20530,"McCaul, Michael T.",1,1,200,1/3/13,1/3/15,11,5,2,1,1,HRES6,Homeland Security,49,10,TX,,,,,,,,,,
113,251,21168,"Meehan, Pat",1,7,200,1/4/13,1/3/15,0,2,2,1,1,HRES17,Homeland Security,14,7,PA,,,,,,,,,,
113,251,20331,"Miller, Candice S.",1,6,200,1/4/13,1/3/15,0,4,2,1,1,HRES17,Homeland Security,23,10,MI,,,,,,,,,,
113,251,21361,"O'Rourke, Beto",2,11,100,1/3/13,1/3/15,0,1,2,1,2,HRES7,Homeland Security,49,16,TX,,,,,,,,,,
113,251,21148,"Palazzo, Steven",1,11,200,1/4/13,1/3/15,0,1,2,1,1,HRES17,Homeland Security,46,4,MS,,,,,,,,,,
113,251,31103,"Payne, Donald, Jr.",2,10,100,1/3/13,1/3/15,0,1,2,1,1,HRES7,Homeland Security,12,10,NJ,,,,,,,,,,
113,251,21356,"Perry, Scott",1,18,200,1/4/13,1/3/15,0,1,2,1,1,HRES17,Homeland Security,14,4,PA,,,,,,,,,,
113,251,21137,"Richmond, Cedric",2,6,100,1/3/13,1/3/15,0,2,2,1,1,HRES7,Homeland Security,45,2,LA,,,,,,,,,,
113,251,20301,"Rogers, Mike Dennis",1,4,200,1/4/13,1/3/15,0,5,2,1,1,HRES17,Homeland Security,41,3,AL,,,,,,,,,,
113,251,21357,"Rothfus, Keith J.",1,14,200,1/4/13,4/16/13,0,1,2,1,2,HRES17,Homeland Security,14,12,PA,"Transferred to Committee on Financial Services, H2033",,,,,,,,,
113,251,29709,"Sanchez, Loretta",2,2,100,1/3/13,1/3/15,0,6,2,1,1,HRES7,Homeland Security,71,46,CA,,,,,,,,,,
113,251,29565,"Sanford, Marshall (Mark)",6,1,200,6/12/13,1/3/15,0,1,2,1,2,HRES257,Homeland Security,48,1,SC,Replaced Rothfus,,,,,,,,,
113,251,15445,"Smith, Lamar S.",1,2,200,1/4/13,1/3/15,0,6,2,1,1,HRES17,Homeland Security,49,21,TX,,,,,,,,,,
113,251,21367,"Stewart, Chris",1,13,200,1/4/13,12/11/13,0,1,2,1,2,HRES17,Homeland Security,67,2,UT,Transferred to Appropriations,,,,,,,,,
113,251,21306,"Swalwell, Eric",7,1,100,1/14/13,1/3/15,0,1,2,1,2,HRES22,Homeland Security,71,15,CA,Replaced Hahn,,,,,,,,,
113,251,29368,"Thompson, Bennie",2,1,100,1/3/13,1/3/15,21,6,2,1,1,HRES7,Homeland Security,46,2,MS,,,,,,,,,,
113,251,21366,"Vela, Filemon",2,13,100,1/14/13,1/3/15,0,1,2,1,1,HRES22,Homeland Security,49,34,TX,,,,,,,,,,
113,142,29777,"Brady, Robert A.",2,1,100,1/3/13,1/3/15,21,6,2,1,1,HRES7,House Administration,14,1,PA,,,,,,,,,,
113,142,20319,"Gingrey, Phil",1,3,200,1/3/13,1/3/15,0,2,2,1,0,HRES6,House Administration,44,11,GA,,,,,,,,,,
113,142,20925,"Harper, Gregg",1,2,200,1/3/13,1/3/15,11,3,2,1,1,HRES6,House Administration,46,3,MS,,,,,,,,,,
113,142,29504,"Lofgren, Zoe",2,2,100,2/5/13,1/3/15,0,5,2,1,1,HRES52,House Administration,71,19,CA,,,,,,,,,,
113,142,20331,"Miller, Candice S.",1,1,200,1/3/13,1/3/15,0,1,2,1,1,HRES6,House Administration,23,10,MI,,,,,,,,,,
113,142,21115,"Nugent, Richard",1,6,200,1/3/13,1/3/15,0,2,2,1,1,HRES6,House Administration,43,11,FL,,,,,,,,,,
113,142,21131,"Rokita, Todd",1,5,200,1/3/13,1/3/15,0,2,2,1,1,HRES6,House Administration,22,4,IN,,,,,,,,,,
113,142,20914,"Schock, Aaron",1,4,200,1/3/13,1/3/15,0,2,2,1,1,HRES6,House Administration,21,18,IL,,,,,,,,,,
113,142,21314,"Vargas, Juan",2,3,100,2/5/13,1/3/15,0,1,2,1,1,HRES52,House Administration,71,51,CA,,,,,,,,,,
113,242,20728,"Bachmann, Michele",1,9,200,2/8/13,1/3/15,0,2,2,1,0,H420,Intelligence (Select),33,6,MN,,,,,,,,,,
113,242,20531,"Conaway, K. Michael",1,4,200,2/8/13,1/3/15,0,3,2,1,1,H420,Intelligence (Select),49,11,TX,,,,,,,,,,
113,242,29348,"Gutierrez, Luis V.",2,6,100,2/13/13,1/3/15,0,2,2,1,1,H497,Intelligence (Select),21,4,IL,,,,,,,,,,
113,242,21151,"Heck, Joe",1,11,200,2/8/13,1/3/15,0,2,2,1,1,H420,Intelligence (Select),65,3,NV,,,,,,,,,,
113,242,20907,"Himes, James A.",2,8,100,2/13/13,1/3/15,0,1,2,1,1,H497,Intelligence (Select),1,4,CT,,,,,,,,,,
113,242,29375,"King, Peter T.",1,5,200,2/8/13,1/3/15,0,3,2,1,1,H420,Intelligence (Select),13,2,NY,,,,,,,,,,
113,242,20136,"Langevin, James",2,4,100,2/13/13,1/3/15,0,4,2,1,2,H497,Intelligence (Select),5,2,RI,,,,,,,,,,
113,242,29539,"Lobiondo, Frank A.",1,6,200,2/8/13,1/3/15,0,2,2,1,1,H420,Intelligence (Select),12,2,NJ,,,,,,,,,,
113,242,20110,"Miller, Jeff",1,3,200,2/8/13,1/3/15,0,3,2,1,1,H420,Intelligence (Select),43,1,FL,,,,,,,,,,
113,242,20307,"Nunes, Devin",1,7,200,2/8/13,1/3/15,0,2,2,1,1,H420,Intelligence (Select),71,22,CA,,,,,,,,,,
113,242,29101,"Pastor, Ed",2,7,100,2/13/13,1/3/15,0,1,2,1,0,H497,Intelligence (Select),61,7,AZ,,,,,,,,,,
113,242,21136,"Pompeo, Mike",2,12,200,2/8/13,1/3/15,0,1,2,1,1,H420,Intelligence (Select),32,4,KS,,,,,,,,,,
113,242,20120,"Rogers, Mike",1,1,200,1/3/13,1/3/15,11,1,2,1,0,H25,Intelligence (Select),23,8,MI,,,,,,,,,,
113,242,20910,"Rooney, Thomas J.",1,10,200,2/8/13,1/3/15,0,2,2,1,1,H420,Intelligence (Select),43,17,FL,,,,,,,,,,
113,242,20329,"Ruppersberger, C.A. Dutch",2,1,100,1/3/13,1/3/15,21,6,2,1,2,H25,Intelligence (Select),52,2,MD,,,,,,,,,,
113,242,29911,"Schakowsky, Janice D",2,3,100,2/13/13,1/3/15,0,4,2,1,2,H497,Intelligence (Select),21,9,IL,,,,,,,,,,
113,242,20104,"Schiff, Adam",2,5,100,2/13/13,1/3/15,0,4,2,1,1,H497,Intelligence (Select),71,28,CA,,,,,,,,,,
113,242,21102,"Sewell, Terri A.",2,9,100,2/13/13,1/3/15,0,1,2,1,1,H498,Intelligence (Select),41,7,AL,,,,,,,,,,
113,242,29901,"Thompson, Mike",2,2,100,2/13/13,1/3/15,0,4,2,1,2,H497,Intelligence (Select),71,5,CA,,,,,,,,,,
113,242,29572,"Thornberry, William M. (Mac)",1,2,200,2/8/13,1/3/15,0,6,2,1,2,H420,Intelligence (Select),49,13,TX,,,,,,,,,,
113,242,20506,"Westmoreland, Lynn A.",1,8,200,2/8/13,1/3/15,0,2,2,1,1,H420,Intelligence (Select),44,3,GA,,,,,,,,,,
113,156,21196,"Amodei, Mark E.",1,17,200,1/4/13,12/11/13,0,2,2,1,2,HRES17,Judiciary,65,2,NV,Transferred to Appropriations,,,,,,,,,
113,156,29301,"Bachus, Spencer",1,6,200,1/4/13,1/3/15,0,1,2,1,0,HRES17,Judiciary,41,6,AL,,,,,,,,,,
113,156,21110,"Bass, Karen",2,13,100,1/3/13,1/3/15,0,1,2,1,1,HRES7,Judiciary,71,37,CA,,,,,,,,,,
113,156,29550,"Chabot, Steven J.",1,5,200,1/4/13,1/3/15,0,2,2,1,1,HRES17,Judiciary,24,1,OH,,,,,,,,,,
113,156,20949,"Chaffetz, Jason",1,14,200,1/4/13,1/3/15,0,3,2,1,1,HRES17,Judiciary,67,3,UT,,,,,,,,,,
113,156,20955,"Chu, Judy",2,11,100,1/3/13,1/3/15,0,3,2,1,1,HRES7,Judiciary,71,27,CA,,,,,,,,,,
113,156,21172,"Cicilline, David",7,2,100,1/16/14,1/3/15,0,2,2,1,1,HRES460,Judiciary,5,1,RI,Replaced Quigley,,,,,,,,,
113,156,15092,"Coble, Howard",1,3,200,1/4/13,1/3/15,0,15,2,1,0,HRES17,Judiciary,47,6,NC,,,,,,,,,,
113,156,20748,"Cohen, Steve",2,7,100,1/3/13,1/3/15,0,4,2,1,1,HRES7,Judiciary,54,9,TN,,,,,,,,,,
113,156,21323,"Collins, Doug",1,21,200,1/4/13,1/3/15,0,1,2,1,1,HRES17,Judiciary,44,9,GA,,,,,,,,,,
113,156,10713,"Conyers, John, Jr.",2,1,100,1/3/13,1/3/15,21,25,2,1,1,HRES7,Judiciary,23,13,MI,,,,,,,,,,
113,156,31101,"DelBene, Suzan",2,15,100,1/3/13,1/3/15,0,1,2,1,1,HRES7,Judiciary,73,1,WA,,,,,,,,,,
113,156,21318,"DeSantis, Ron",1,22,200,1/4/13,1/3/15,0,1,2,1,1,HRES17,Judiciary,43,6,FL,,,,,,,,,,
113,156,20959,"Deutch, Theodore E.",2,12,100,1/3/13,1/3/15,0,3,2,1,1,HRES7,Judiciary,43,21,FL,,,,,,,,,,
113,156,21184,"Farenthold, Blake",1,19,200,1/4/13,1/3/15,0,1,2,1,1,HRES17,Judiciary,49,27,TX,,,,,,,,,,
113,156,20143,"Forbes, J. Randy",1,8,200,1/4/13,1/3/15,0,7,2,1,1,HRES17,Judiciary,40,4,VA,,,,,,,,,,
113,156,20304,"Franks, Trent",1,10,200,1/4/13,1/3/15,0,5,2,1,1,HRES17,Judiciary,61,8,AZ,,,,,,,,,,
113,156,21322,"Garcia, Joe",2,16,100,1/3/13,1/3/15,0,1,2,1,0,HRES7,Judiciary,43,26,FL,,,,,,,,,,
113,156,20527,"Gohmert, Louie",1,11,200,1/4/13,1/3/15,0,5,2,1,1,HRES17,Judiciary,49,1,TX,,,,,,,,,,
113,156,39308,"Goodlatte, Robert W.",1,1,200,1/3/13,1/3/15,11,11,2,1,1,HRES6,Judiciary,40,6,VA,,,,,,,,,,
113,156,21175,"Gowdy, Trey",1,16,200,1/4/13,1/3/15,0,2,2,1,1,HRES17,Judiciary,48,4,SC,,,,,,,,,,
113,156,29348,"Gutierrez, Luis V.",7,1,100,1/14/13,1/3/15,0,1,2,1,1,HRES22,Judiciary,21,4,IL,Replaced Quigley; to rank immediately after Deutch,,,,,,,,,
113,156,21349,"Holding, George",1,20,200,1/4/13,1/3/15,0,1,2,1,1,HRES17,Judiciary,47,13,NC,,,,,,,,,,
113,156,20107,"Issa, Darrell",1,7,200,1/4/13,1/3/15,0,5,4,1,1,HRES17,Judiciary,71,49,CA,,,,,,,,,,
113,156,29573,"Jackson Lee, Sheila",2,6,100,1/3/13,1/3/15,0,10,2,1,1,HRES7,Judiciary,49,18,TX,,,,,,,,,,
113,156,21343,"Jeffries, Hakeem",2,17,100,1/3/13,1/3/15,0,1,2,1,1,HRES7,Judiciary,13,8,NY,,,,,,,,,,
113,156,20712,"Johnson, Henry C. ""Hank"", Jr.",2,8,100,1/3/13,1/3/15,0,4,2,1,1,HRES7,Judiciary,44,4,GA,,,,,,,,,,
113,156,20738,"Jordan, Jim",1,12,200,1/4/13,1/3/15,0,4,2,1,1,HRES17,Judiciary,24,4,OH,,,,,,,,,,
113,156,20325,"King, Steve",1,9,200,1/4/13,1/3/15,0,1,2,1,1,HRES17,Judiciary,31,4,IA,,,,,,,,,,
113,156,21125,"Labrador, Raul R.",1,18,200,1/4/13,1/3/15,0,1,2,1,1,HRES17,Judiciary,63,1,ID,,,,,,,,,,
113,156,29504,"Lofgren, Zoe",2,5,100,1/3/13,1/3/15,0,10,2,1,1,HRES7,Judiciary,71,19,CA,,,,,,,,,,
113,156,21170,"Marino, Tom",1,15,200,1/4/13,1/3/15,0,2,2,1,1,HRES17,Judiciary,14,10,PA,,,,,,,,,,
113,156,29377,"Nadler, Jerrold",2,2,100,1/3/13,1/3/15,0,11,2,1,1,HRES7,Judiciary,13,10,NY,,,,,,,,,,
113,156,70805,"Pierluisi, Pedro R.",2,9,100,1/3/13,1/3/15,0,3,2,1,1,HRES7,Judiciary,92,80,PR,,,,,,,,,,
113,156,20528,"Poe, Ted",1,13,200,1/4/13,1/3/15,0,3,2,1,1,HRES17,Judiciary,49,2,TX,,,,,,,,,,
113,156,20954,"Quigley, Mike",2,10,100,1/3/13,1/14/13,0,3,2,1,2,HRES7,Judiciary,21,5,IL,"Transferred to Committee on Appropriations 1/14/13, H64",,,,,,,,,
113,156,21137,"Richmond, Cedric",2,14,100,1/3/13,1/3/15,0,1,2,1,1,HRES7,Judiciary,45,2,LA,,,,,,,,,,
113,156,21357,"Rothfus, Keith J.",1,23,200,1/4/13,4/16/13,0,1,2,1,2,HRES17,Judiciary,14,12,PA,"Transferred to Committee on Financial Services, H2033",,,,,,,,,
113,156,39307,"Scott, Robert C.",2,3,100,1/3/13,1/3/15,0,11,2,1,2,HRES7,Judiciary,40,3,VA,,,,,,,,,,
113,156,14657,"Sensenbrenner, F. James, Jr.",1,2,200,1/4/13,1/3/15,0,18,2,1,1,HRES17,Judiciary,25,5,WI,,,,,,,,,,
113,156,21373,"Smith, Jason",6,1,200,6/12/13,1/3/15,0,1,2,1,2,HRES257,Judiciary,34,8,MO,Replaced Rothfus,,,,,,,,,
113,156,15445,"Smith, Lamar S.",1,4,200,1/4/13,1/3/15,0,14,2,1,1,HRES17,Judiciary,49,21,TX,,,,,,,,,,
113,156,29383,"Watt, Melvin",2,4,100,1/3/13,1/6/14,0,11,2,1,0,HRES7,Judiciary,47,12,NC,"Resigned; appointed Directory, Federal Housing Finance Agency",,,,,,,,,
113,500,90327,"Alexander, Rodney",1,3,200,4/10/13,9/27/13,0,1,2,1,0,HRES142,Library (Joint),45,5,LA,Resigned,,,,,,,,,
113,500,29777,"Brady, Robert A.",2,1,100,4/10/13,1/3/15,0,3,2,1,1,HRES142,Library (Joint),14,1,PA,,,,,,,,,,
113,500,20925,"Harper, Gregg",1,1,200,4/10/13,1/3/15,11,3,2,1,1,HRES142,Library (Joint),46,3,MS,To serve with the Chair of the Committee on House Administration and the Chair of the Subcommittee on the Legislative Branch of the Committee on Appropriations,,,,,,,,,
113,500,29504,"Lofgren, Zoe",2,2,100,4/10/13,1/3/15,0,5,2,1,1,HRES142,Library (Joint),71,19,CA,,,,,,,,,,
113,500,20331,"Miller, Candice S.",1,2,200,4/10/13,1/3/15,0,1,2,1,1,HRES142,Library (Joint),23,10,MI,,,,,,,,,,
113,661,20144,"Cantor, Eric",1,2,200,1/3/13,8/18/14,41,2,2,1,0,H5,Majority Leader,40,7,VA,Resigned,,,,,,,,,
113,661,20703,"McCarthy, Kevin",1,3,200,1/3/13,1/3/15,51,2,2,1,2,H5,Majority Whip,71,23,CA,,,,,,,,,,
113,661,15448,"Pelosi, Nancy",2,1,100,1/3/13,1/3/15,62,2,4,1,1,H5,Minority Leader,71,12,CA,,,,,,,,,,
113,661,14873,"Hoyer, Steny H.",2,2,100,1/3/13,1/3/15,64,2,2,1,1,H6,Minority Whip,52,5,MD,,,,,,,,,,
113,164,21196,"Amodei, Mark E.",1,21,200,1/4/13,12/11/13,0,2,2,1,2,HRES17,Natural Resources,65,2,NV,Transferred to Appropriations,,,,,,,,,
113,164,21141,"Benishek, Dan",1,12,200,1/4/13,1/3/15,0,2,2,1,1,HRES17,Natural Resources,23,1,MI,,,,,,,,,,
113,164,20357,"Bishop, Rob",1,4,200,1/4/13,1/3/15,0,4,2,1,1,HRES17,Natural Resources,67,1,UT,,,,,,,,,,
113,164,70701,"Bordallo, Madeleine Z. .",2,8,100,1/3/13,1/3/15,0,6,2,1,1,HRES7,Natural Resources,91,79,GU,,,,,,,,,,
113,164,20753,"Broun, Paul C., Jr.",1,7,200,1/4/13,1/3/15,0,3,2,1,0,HRES17,Natural Resources,44,10,GA,,,,,,,,,,
113,164,21376,"Byrne, Bradley",6,3,200,1/8/14,1/3/15,0,1,2,1,1,HRES453,Natural Resources,41,1,AL,Replaced Harris,,,,,,,,,
113,164,21309,"Cardenas, Tony",2,14,100,1/3/13,1/3/15,0,1,2,1,2,HRES7,Natural Resources,71,29,CA,,,,,,,,,,
113,164,21358,"Cartwright, Matthew",2,21,100,1/14/13,1/3/15,0,1,2,1,1,HRES22,Natural Resources,14,17,PA,,,,,,,,,,
113,164,21375,"Clark, Katherine Marlea",7,1,100,1/8/14,1/3/15,0,1,2,1,2,HRES454,Natural Resources,5,5,MA,Replaced Horsford,,,,,,,,,
113,164,20501,"Costa, Jim",2,9,100,1/3/13,1/3/15,0,5,2,1,1,HRES7,Natural Resources,71,16,CA,,,,,,,,,,
113,164,21350,"Cramer, Kevin",1,25,200,1/4/13,1/3/15,0,1,2,1,2,HRES17,Natural Resources,36,1,ND,,,,,,,,,,
113,164,21338,"Daines, Steve",1,24,200,1/4/13,1/3/15,0,1,2,1,0,HRES17,Natural Resources,64,1,MT,,,,,,,,,,
113,164,15410,"DeFazio, Peter A.",2,2,100,1/3/13,1/3/15,0,5,4,1,2,HRES7,Natural Resources,72,4,OR,,,,,,,,,,
113,164,21174,"Duncan, Jeff",1,13,200,1/4/13,1/3/15,0,2,2,1,1,HRES17,Natural Resources,48,3,SC,,,,,,,,,,
113,164,70302,"Faleomavaega, Eni F. H.",2,3,100,1/3/13,1/3/15,0,13,2,1,0,HRES7,Natural Resources,94,79,AS,,,,,,,,,,
113,164,20918,"Fleming, John",1,8,200,1/4/13,1/3/15,0,3,2,1,1,HRES17,Natural Resources,45,4,LA,,,,,,,,,,
113,164,21182,"Flores, Bill",1,18,200,1/4/13,1/3/15,0,2,2,1,2,HRES17,Natural Resources,49,17,TX,,,,,,,,,,
113,164,21322,"Garcia, Joe",2,20,100,1/14/13,1/3/15,0,1,2,1,0,HRES22,Natural Resources,43,26,FL,,,,,,,,,,
113,164,20527,"Gohmert, Louie",1,3,200,1/4/13,1/3/15,0,5,2,1,1,HRES17,Natural Resources,49,1,TX,,,,,,,,,,
113,164,21103,"Gosar, Paul R.",1,15,200,1/4/13,1/3/15,0,2,2,1,1,HRES17,Natural Resources,61,4,AZ,,,,,,,,,,
113,164,20305,"Grijalva, Raul M",2,7,100,1/3/13,1/3/15,0,6,2,1,1,HRES7,Natural Resources,61,3,AZ,,,,,,,,,,
113,164,21124,"Hanabusa, Colleen",2,13,100,1/3/13,1/3/15,0,2,2,1,0,HRES7,Natural Resources,82,1,HI,,,,,,,,,,
113,164,21139,"Harris, Andy",1,19,200,1/4/13,2/26/13,0,2,2,1,2,HRES17,Natural Resources,52,1,MD,"Transferred to Committee on Appropriations, H649",,,,,,,,,
113,164,29580,"Hastings, Richard (Doc)",1,1,200,1/3/13,1/3/15,11,3,4,1,0,HRES6,Natural Resources,73,4,WA,,,,,,,,,,
113,164,29923,"Holt, Rush D.",2,6,100,1/3/13,1/3/15,0,4,4,1,0,HRES7,Natural Resources,12,12,NJ,,,,,,,,,,
113,164,21339,"Horsford, Steven",2,15,100,1/3/13,4/3/14,0,1,2,1,2,HRES7,Natural Resources,65,4,NV,Transferred to Financial Services,,,,,,,,,
113,164,21303,"Huffman, Jared",2,16,100,1/3/13,1/3/15,0,1,2,1,1,HRES7,Natural Resources,71,1,CA,,,,,,,,,,
113,164,21302,"La Malfa, Doug",1,26,200,1/4/13,1/3/15,0,1,2,1,1,HRES17,Natural Resources,71,1,CA,,,,,,,,,,
113,164,21125,"Labrador, Raul R.",1,16,200,1/4/13,1/3/15,0,2,2,1,1,HRES17,Natural Resources,63,1,ID,,,,,,,,,,
113,164,20704,"Lamborn, Doug",1,5,200,1/4/13,1/3/15,0,4,2,1,1,HRES17,Natural Resources,62,5,CO,,,,,,,,,,
113,164,21313,"Lowenthal, Alan",2,19,100,1/14/13,1/3/15,0,1,2,1,1,HRES22,Natural Resources,71,47,CA,,,,,,,,,,
113,164,20953,"Lummis, Cynthia M.",1,11,200,1/4/13,1/3/15,0,1,2,1,1,HRES17,Natural Resources,68,1,WY,,,,,,,,,,
113,164,14435,"Markey, Edward J.",2,1,100,1/3/13,1/3/15,21,6,6,1,0,HRES7,Natural Resources,3,5,MA,,,,,,,,,,
113,164,21374,"McAllister, Vance M.",6,2,200,12/11/13,1/3/15,0,1,2,1,0,HRES437,Natural Resources,45,5,LA,Replaced Stewart,,,,,,,,,
113,164,20903,"McClintock, Tom",1,9,200,1/4/13,1/3/15,0,3,2,1,1,HRES17,Natural Resources,71,4,CA,,,,,,,,,,
113,164,21355,"Mullin, Markwayne",1,22,200,1/4/13,1/3/15,0,1,2,1,2,HRES17,Natural Resources,53,2,OK,,,,,,,,,,
113,164,29903,"Napolitano, Grace F.",2,5,100,1/3/13,1/3/15,0,8,2,1,1,HRES7,Natural Resources,71,32,CA,,,,,,,,,,
113,164,15454,"Pallone, Frank, Jr.",2,4,100,1/3/13,1/3/15,0,10,2,1,2,HRES7,Natural Resources,12,6,NJ,,,,,,,,,,
113,164,70805,"Pierluisi, Pedro R.",2,12,100,1/3/13,1/3/15,0,3,2,1,1,HRES7,Natural Resources,92,80,PR,,,,,,,,,,
113,164,21311,"Ruiz, Raul",2,17,100,1/3/13,1/3/15,0,1,2,1,1,HRES7,Natural Resources,71,36,CA,,,,,,,,,,
113,164,21153,"Runyan, Jon",1,20,200,1/4/13,1/3/15,0,2,2,1,0,HRES17,Natural Resources,12,3,NJ,,,,,,,,,,
113,164,70810,"Sablan, Gregorio",2,10,100,1/3/13,1/3/15,0,3,2,1,1,HRES7,Natural Resources,95,1,MP,,,,,,,,,,
113,164,20731,"Shea-Porter, Carol",2,18,100,1/14/13,1/3/15,0,1,2,1,0,HRES22,Natural Resources,4,1,NH,,,,,,,,,,
113,164,21373,"Smith, Jason",6,1,200,6/12/13,1/3/15,0,1,2,1,2,HRES257,Natural Resources,34,8,MO,Replaced Amodei,,,,,,,,,
113,164,21114,"Southerland, Steve",1,17,200,1/4/13,1/3/15,0,2,2,1,0,HRES17,Natural Resources,43,2,FL,,,,,,,,,,
113,164,21367,"Stewart, Chris",1,23,200,1/4/13,12/11/13,0,1,2,1,2,HRES17,Natural Resources,67,2,UT,Transferred to Appropriations,,,,,,,,,
113,164,20946,"Thompson, Glenn",1,10,200,1/4/13,1/3/15,0,2,2,1,1,HRES17,Natural Resources,14,5,PA,,,,,,,,,,
113,164,21111,"Tipton, Scott",1,14,200,1/4/13,1/3/15,0,2,4,1,2,HRES17,Natural Resources,62,3,CO,,,,,,,,,,
113,164,20754,"Tsongas, Nicola S. (Niki)",2,11,100,1/3/13,1/3/15,0,3,2,1,1,HRES7,Natural Resources,3,3,MA,,,,,,,,,,
113,164,20756,"Wittman, Robert J.",1,6,200,1/4/13,1/3/15,0,4,2,1,1,HRES17,Natural Resources,40,1,VA,,,,,,,,,,
113,164,14066,"Young, Donald E.",1,2,200,1/4/13,1/3/15,0,21,2,1,1,HRES17,Natural Resources,81,1,AK,,,,,,,,,,
113,138,21143,"Amash, Justin",1,10,200,1/4/13,1/3/15,0,2,2,1,1,HRES17,Oversight and Government Reform,23,3,MI,,,,,,,,,,
113,138,21336,"Bentivolio, Kerry",1,22,200,1/4/13,1/3/15,0,1,2,1,0,HRES17,Oversight and Government Reform,23,11,MI,,,,,,,,,,
113,138,21309,"Cardenas, Tony",2,16,100,1/23/13,1/3/15,0,1,2,1,2,HRES42,Oversight and Government Reform,71,35,CA,Late appointment,,,,,,,,,
113,138,21358,"Cartwright, Matthew",2,11,100,1/3/13,1/3/15,0,1,2,1,1,HRES7,Oversight and Government Reform,14,17,PA,,,,,,,,,,
113,138,20949,"Chaffetz, Jason",1,7,200,1/4/13,1/3/15,0,3,2,1,1,HRES17,Oversight and Government Reform,67,3,UT,,,,,,,,,,
113,138,20147,"Clay, William L., Jr.",2,5,100,1/3/13,1/3/15,0,7,2,1,1,HRES7,Oversight and Government Reform,34,1,MO,,,,,,,,,,
113,138,21323,"Collins, Doug",1,20,200,1/4/13,1/3/15,0,1,2,1,1,HRES17,Oversight and Government Reform,44,9,GA,,,,,,,,,,
113,138,20952,"Connolly, Gerald E.",2,8,100,1/3/13,1/3/15,0,3,2,1,1,HRES7,Oversight and Government Reform,40,11,VA,,,,,,,,,,
113,138,15019,"Cooper, Jim",2,7,100,1/3/13,1/3/15,0,4,4,1,1,HRES7,Oversight and Government Reform,54,5,TN,,,,,,,,,,
113,138,29587,"Cummings, Elijah E.",2,1,100,1/3/13,1/3/15,21,10,2,1,1,HRES7,Oversight and Government Reform,52,7,MD,,,,,,,,,,
113,138,21328,"Davis, Rodney",2,14,100,1/23/13,1/3/15,0,1,2,1,2,HRES42,Oversight and Government Reform,21,13,IL,Late appointment,,,,,,,,,
113,138,21318,"DeSantis, Ron",1,23,200,1/4/13,1/3/15,0,1,2,1,1,HRES17,Oversight and Government Reform,43,6,FL,,,,,,,,,,
113,138,21179,"DesJarlais, Scott",1,13,200,1/4/13,1/3/15,0,2,2,1,1,HRES17,Oversight and Government Reform,54,4,TN,,,,,,,,,,
113,138,21325,"Duckworth, Tammy",2,13,100,1/14/13,1/3/15,0,1,2,1,1,HRES22,Oversight and Government Reform,21,8,IL,Late appointment,,,,,,,,,
113,138,15455,"Duncan, John J., Jr.",1,4,200,1/4/13,1/3/15,0,1,2,1,1,HRES17,Oversight and Government Reform,54,2,TN,,,,,,,,,,
113,138,21184,"Farenthold, Blake",1,15,200,1/4/13,1/3/15,0,2,2,1,1,HRES17,Oversight and Government Reform,49,27,TX,,,,,,,,,,
113,138,21103,"Gosar, Paul R.",1,11,200,1/4/13,1/3/15,0,2,2,1,1,HRES17,Oversight and Government Reform,61,4,AZ,,,,,,,,,,
113,138,21175,"Gowdy, Trey",1,14,200,1/4/13,1/3/15,0,2,2,1,1,HRES17,Oversight and Government Reform,48,4,SC,,,,,,,,,,
113,138,21341,"Grisham, Michelle Lujan",2,18,100,1/23/13,1/3/15,0,1,2,1,1,HRES42,Oversight and Government Reform,66,1,NM,Late appointment,,,,,,,,,
113,138,29580,"Hastings, Richard (Doc)",1,16,200,1/4/13,1/3/15,0,1,2,1,0,HRES17,Oversight and Government Reform,73,4,WA,,,,,,,,,,
113,138,21339,"Horsford, Steven",2,17,100,1/23/13,1/3/15,0,1,2,1,0,HRES42,Oversight and Government Reform,65,4,NV,Late appointment,,,,,,,,,
113,138,20107,"Issa, Darrell",1,1,200,1/3/13,1/3/15,11,5,2,1,2,HRES6,Oversight and Government Reform,71,49,CA,,,,,,,,,,
113,138,20738,"Jordan, Jim",1,6,200,1/4/13,1/3/15,0,4,2,1,1,HRES17,Oversight and Government Reform,24,4,OH,,,,,,,,,,
113,138,21371,"Kelly, Robin",7,1,100,4/16/13,1/3/15,0,1,2,1,1,HRES163,Oversight and Government Reform,21,2,IL,Replaced Quigley; to rank immediately after Duckworth,,,,,,,,,
113,138,21166,"Lankford, James",1,9,200,1/4/13,1/3/15,0,2,2,1,0,HRES17,Oversight and Government Reform,53,5,OK,,,,,,,,,,
113,138,20953,"Lummis, Cynthia M.",1,17,200,1/4/13,1/3/15,0,1,2,1,1,HRES17,Oversight and Government Reform,68,1,WY,,,,,,,,,,
113,138,20119,"Lynch, Stephen F.",2,6,100,1/3/13,1/3/15,0,7,2,1,1,HRES7,Oversight and Government Reform,3,8,MA,,,,,,,,,,
113,138,29379,"Maloney, Carolyn B.",2,2,100,1/3/13,1/3/15,0,11,2,1,1,HRES7,Oversight and Government Reform,13,12,NY,,,,,,,,,,
113,138,31102,"Massie, Thomas",1,19,200,1/4/13,1/3/15,0,1,2,1,1,HRES17,Oversight and Government Reform,51,4,KY,,,,,,,,,,
113,138,20522,"McHenry, Patrick T.",1,5,200,1/4/13,1/3/15,0,5,2,1,1,HRES17,Oversight and Government Reform,47,10,NC,,,,,,,,,,
113,138,21348,"Meadows, Mark",1,21,200,1/4/13,1/3/15,0,1,2,1,1,HRES17,Oversight and Government Reform,47,11,NC,,,,,,,,,,
113,138,21168,"Meehan, Pat",1,12,200,1/4/13,1/3/15,0,2,2,1,1,HRES17,Oversight and Government Reform,14,7,PA,,,,,,,,,,
113,138,29331,"Mica, John L.",1,2,200,1/4/13,1/3/15,0,11,2,1,1,HRES17,Oversight and Government Reform,43,7,FL,,,,,,,,,,
113,138,70303,"Norton, Eleanor Holmes",2,3,100,1/3/13,1/3/15,0,5,5,1,1,HRES7,Oversight and Government Reform,55,79,DC,,,,,,,,,,
113,138,21370,"Pocan, Mark",2,12,100,1/3/13,1/3/15,0,1,2,1,2,HRES7,Oversight and Government Reform,25,2,WI,Transferred to Education and the Workforce,,,,,,,,,
113,138,20954,"Quigley, Mike",2,9,100,1/3/13,1/14/13,0,3,2,1,2,HRES7,Oversight and Government Reform,21,5,IL,"Transferred to Committee on Appropriations 1/14/13, H64",,,,,,,,,
113,138,20762,"Speier, Karen Lorraine Jacqueline (Jackie)",2,10,100,1/3/13,1/3/15,0,2,4,1,2,HRES7,Oversight and Government Reform,71,14,CA,,,,,,,,,,
113,138,29730,"Tierney, John",2,4,100,1/3/13,1/3/15,0,4,4,1,0,HRES7,Oversight and Government Reform,3,6,MA,,,,,,,,,,
113,138,20342,"Turner, Mike",1,3,200,1/4/13,1/3/15,0,6,2,1,1,HRES17,Oversight and Government Reform,24,10,OH,,,,,,,,,,
113,138,20725,"Walberg, Tim",1,8,200,1/4/13,1/3/15,0,2,2,1,1,HRES17,Oversight and Government Reform,23,7,MI,,,,,,,,,,
113,138,20750,"Welch, Peter",2,15,100,2/13/13,1/3/15,0,4,2,1,1,HRES64,Oversight and Government Reform,6,1,VT,Late appointment; to rank immediately after Davis,,,,,,,,,
113,138,21122,"Woodall, Robert",1,18,200,1/4/13,1/3/15,0,1,2,1,1,HRES17,Oversight and Government Reform,44,7,GA,,,,,,,,,,
113,501,29777,"Brady, Robert A.",2,1,100,4/10/13,1/3/15,0,4,2,1,1,HRES142,Printing (Joint),14,1,PA,,,,,,,,,,
113,501,20925,"Harper, Gregg",1,1,200,4/10/13,1/3/15,81,2,2,1,1,HRES142,Printing (Joint),46,3,MS,To serve with the Chair of the Committee on House Administration,,,,,,,,,
113,501,20331,"Miller, Candice S.",1,2,200,4/10/13,1/3/15,0,1,2,1,2,HRES142,Printing (Joint),23,10,MI,,,,,,,,,,
113,501,21115,"Nugent, Richard",1,3,200,4/10/13,1/3/15,0,1,2,1,2,HRES142,Printing (Joint),43,11,FL,,,,,,,,,,
113,501,21314,"Vargas, Juan",2,2,100,4/10/13,1/3/15,0,1,2,1,1,HRES142,Printing (Joint),71,51,CA,,,,,,,,,,
113,176,20357,"Bishop, Rob",1,3,200,1/3/13,1/3/15,0,2,4,1,2,HRES6,Rules,67,1,UT,,,,,,,,,,
113,176,20355,"Burgess, Michael",1,9,200,1/3/13,1/3/15,0,1,2,1,1,HRES6,Rules,49,26,TX,,,,,,,,,,
113,176,20344,"Cole, Tom",1,4,200,1/3/13,1/3/15,0,1,2,1,1,HRES6,Rules,53,4,OK,,,,,,,,,,
113,176,20521,"Foxx, Virginia",1,2,200,1/3/13,1/3/15,11,3,2,1,1,HRES6,Rules,47,5,NC,,,,,,,,,,
113,176,29337,"Hastings, Alcee L.",2,3,100,1/3/13,1/3/15,0,7,2,1,1,HRES7,Rules,43,20,FL,,,,,,,,,,
113,176,29729,"McGovern, Jim",2,2,100,1/3/13,1/3/15,0,7,2,1,1,HRES7,Rules,3,2,MA,,,,,,,,,,
113,176,21115,"Nugent, Richard",1,6,200,1/3/13,1/3/15,0,2,2,1,2,HRES6,Rules,43,11,FL,,,,,,,,,,
113,176,20904,"Polis, Jared",2,4,100,1/3/13,1/3/15,0,3,2,1,1,HRES7,Rules,62,2,CO,,,,,,,,,,
113,176,15634,"Ros-Lehtinen, Ileana",1,8,200,1/3/13,1/3/15,0,1,2,1,2,HRES6,Rules,43,27,FL,,,,,,,,,,
113,176,29759,"Sessions, Pete",1,1,200,1/3/13,1/3/15,0,8,2,1,1,HRES6,Rules,49,32,TX,,,,,,,,,,
113,176,15444,"Slaughter, Louise M.",2,1,100,1/3/13,1/3/15,21,9,4,1,1,HRES7,Rules,13,25,NY,,,,,,,,,,
113,176,21116,"Webster, Daniel",1,7,200,1/3/13,1/3/15,0,2,2,1,1,HRES6,Rules,43,10,FL,,,,,,,,,,
113,176,21122,"Woodall, Robert",1,5,200,1/3/13,1/3/15,0,2,2,1,1,HRES6,Rules,44,7,GA,,,,,,,,,,
113,182,21304,"Bera, Ami",2,13,100,1/14/13,1/3/15,0,1,2,1,1,HRES22,"Science, Space, and Technology",71,7,CA,,,,,,,,,,
113,182,21198,"Bonamici, Suzanne",2,6,100,1/3/13,1/3/15,0,2,2,1,1,HRES7,"Science, Space, and Technology",72,1,OR,,,,,,,,,,
113,182,21354,"Bridenstine, Jim",1,20,200,1/4/13,1/3/15,0,1,2,1,1,HRES17,"Science, Space, and Technology",53,1,OK,,,,,,,,,,
113,182,21193,"Brooks, Mo",1,10,200,1/4/13,1/3/15,0,2,2,1,1,HRES17,"Science, Space, and Technology",41,5,AL,,,,,,,,,,
113,182,20753,"Broun, Paul C., Jr.",1,8,200,1/4/13,1/3/15,0,4,2,1,0,HRES17,"Science, Space, and Technology",44,10,GA,,,,,,,,,,
113,182,21308,"Brownley, Julia",2,16,100,1/14/13,1/3/15,0,1,2,1,1,HRES22,"Science, Space, and Technology",71,26,CA,,,,,,,,,,
113,182,21132,"Bucshon, Larry",1,13,200,1/4/13,1/3/15,0,2,2,1,2,HRES17,"Science, Space, and Technology",22,8,IN,,,,,,,,,,
113,182,21375,"Clark, Katherine Marlea",7,2,100,1/4/14,1/3/15,0,1,2,1,1,HRES531,"Science, Space, and Technology",5,5,MA,Replaced Stewart,,,,,,,,,
113,182,21345,"Collins, Chris",6,1,200,1/6/13,1/3/15,0,1,2,1,2,HRES257,"Science, Space, and Technology",13,27,NY,Replaced Takano,,,,,,,,,
113,182,21350,"Cramer, Kevin",1,19,200,1/4/13,1/3/15,0,1,2,1,2,HRES17,"Science, Space, and Technology",36,1,ND,,,,,,,,,,
113,182,20763,"Edwards, Donna F.",2,4,100,1/3/13,1/3/15,0,4,2,1,1,HRES7,"Science, Space, and Technology",52,4,MD,,,,,,,,,,
113,182,21316,"Esty, Elizabeth",2,14,100,1/14/13,1/3/15,0,1,2,1,1,HRES22,"Science, Space, and Technology",1,5,CT,,,,,,,,,,
113,182,20908,"Grayson, Alan",2,9,100,1/14/13,1/3/15,0,1,2,1,1,HRES22,"Science, Space, and Technology",43,9,FL,,,,,,,,,,
113,182,94828,"Hall, Ralph M.",1,3,200,1/4/13,1/3/15,0,6,4,1,0,HRES17,"Science, Space, and Technology",49,4,TX,,,,,,,,,,
113,182,21139,"Harris, Andy",1,11,200,1/4/13,2/26/13,0,2,2,1,2,HRES17,"Science, Space, and Technology",52,1,MD,"Transferred to Committee on Appropriations, H649",,,,,,,,,
113,182,21129,"Hultgren, Randy",1,12,200,1/4/13,1/3/15,0,2,2,1,1,HRES17,"Science, Space, and Technology",21,14,IL,,,,,,,,,,
113,182,39305,"Johnson, Eddie Bernice",2,1,100,1/3/13,1/3/15,21,11,2,1,1,HRES7,"Science, Space, and Technology",49,30,TX,,,,,,,,,,
113,182,21371,"Kelly, Robin",7,1,100,4/16/13,1/3/15,0,1,2,1,2,HRES163,"Science, Space, and Technology",21,2,IL,Replaced Harris,,,,,,,,,
113,182,21335,"Kennedy, Joseph P., III",2,10,100,1/14/13,1/3/15,0,1,2,1,2,HRES22,"Science, Space, and Technology",3,4,MA,,,,,,,,,,
113,182,21368,"Kilmer, Derek",2,12,100,1/14/13,1/3/15,0,1,2,1,2,HRES22,"Science, Space, and Technology",73,6,WA,,,,,,,,,,
113,182,20508,"Lipinski, Daniel",2,3,100,1/3/13,1/3/15,0,5,2,1,1,HRES7,"Science, Space, and Technology",21,3,IL,,,,,,,,,,
113,182,29504,"Lofgren, Zoe",2,2,100,1/3/13,1/3/15,0,2,4,1,1,HRES7,"Science, Space, and Technology",71,19,CA,,,,,,,,,,
113,182,29393,"Lucas, Frank D.",1,5,200,1/4/13,1/3/15,0,8,2,1,1,HRES17,"Science, Space, and Technology",53,3,OK,,,,,,,,,,
113,182,20953,"Lummis, Cynthia M.",1,16,200,1/4/13,1/3/15,0,1,2,1,2,HRES17,"Science, Space, and Technology",68,1,WY,,,,,,,,,,
113,182,20935,"Maffei, Daniel B.",2,8,100,1/14/13,1/3/15,0,1,2,1,0,HRES22,"Science, Space, and Technology",13,24,NY,,,,,,,,,,
113,182,31102,"Massie, Thomas",1,18,200,1/4/13,1/3/15,0,1,2,1,1,HRES17,"Science, Space, and Technology",51,4,KY,,,,,,,,,,
113,182,20530,"McCaul, Michael T.",1,7,200,1/4/13,1/3/15,0,5,2,1,1,HRES17,"Science, Space, and Technology",49,10,TX,,,,,,,,,,
113,182,20353,"Neugebauer, Randy",1,6,200,1/4/13,1/3/15,0,5,4,1,1,HRES17,"Science, Space, and Technology",49,19,TX,,,,,,,,,,
113,182,21148,"Palazzo, Steven",1,9,200,1/4/13,1/3/15,0,2,2,1,1,HRES17,"Science, Space, and Technology",46,4,MS,,,,,,,,,,
113,182,21315,"Peters, Scott",2,11,100,1/14/13,1/3/15,0,1,2,1,2,HRES22,"Science, Space, and Technology",71,52,CA,,,,,,,,,,
113,182,20909,"Posey, Bill",1,15,200,1/4/13,1/3/15,0,1,2,1,1,HRES17,"Science, Space, and Technology",43,8,FL,,,,,,,,,,
113,182,15621,"Rohrabacher, Dana",1,4,200,1/4/13,1/3/15,0,13,2,1,1,HRES17,"Science, Space, and Technology",71,48,CA,,,,,,,,,,
113,182,21105,"Schweikert, David",1,17,200,1/4/13,1/3/15,0,1,2,1,2,HRES17,"Science, Space, and Technology",61,6,AZ,,,,,,,,,,
113,182,14657,"Sensenbrenner, F. James, Jr.",1,2,200,1/4/13,1/3/15,0,4,4,1,1,HRES17,"Science, Space, and Technology",25,5,WI,,,,,,,,,,
113,182,15445,"Smith, Lamar S.",1,1,200,1/3/13,1/3/15,11,8,4,1,1,HRES6,"Science, Space, and Technology",49,21,TX,,,,,,,,,,
113,182,21367,"Stewart, Chris",1,22,200,1/4/13,12/11/13,0,1,2,1,2,HRES17,"Science, Space, and Technology",67,2,UT,Transferred to Appropriations,,,,,,,,,
113,182,29570,"Stockman, Steve",1,14,200,1/4/13,1/3/15,0,1,2,1,0,HRES17,"Science, Space, and Technology",49,36,TX,,,,,,,,,,
113,182,21306,"Swalwell, Eric",2,7,100,1/3/13,1/3/15,0,1,2,1,1,HRES7,"Science, Space, and Technology",71,15,CA,,,,,,,,,,
113,182,21312,"Takano, Mark",2,17,100,1/14/13,4/1/14,0,1,2,1,2,HRES22,"Science, Space, and Technology",71,41,CA,Transferred to Education and the Workforce,,,,,,,,,
113,182,21365,"Veasey, Marc",2,15,100,1/14/13,1/3/15,0,1,2,1,1,HRES22,"Science, Space, and Technology",49,33,TX,,,,,,,,,,
113,182,21360,"Weber, Randy",1,21,200,1/4/13,1/3/15,0,1,2,1,1,HRES17,"Science, Space, and Technology",49,14,TX,,,,,,,,,,
113,182,21118,"Wilson, Frederica",2,5,100,1/3/13,1/3/15,0,2,2,1,1,HRES7,"Science, Space, and Technology",43,24,FL,,,,,,,,,,
113,184,21199,"Barber, Ron",2,9,100,1/23/13,1/3/15,0,1,2,1,0,HRES42,Small Business,61,2,AZ,,,,,,,,,,
113,184,21336,"Bentivolio, Kerry",1,12,200,1/4/13,1/3/15,0,1,2,1,0,HRES17,Small Business,23,11,MI,,,,,,,,,,
113,184,29550,"Chabot, Steven J.",1,2,200,1/4/13,1/3/15,0,2,2,1,1,HRES17,Small Business,24,1,OH,,,,,,,,,,
113,184,20955,"Chu, Judy",2,4,100,1/3/13,1/3/15,0,2,2,1,1,HRES7,Small Business,71,27,CA,,,,,,,,,,
113,184,20733,"Clarke, Yvette D.",2,3,100,1/3/13,1/3/15,0,4,2,1,1,HRES7,Small Business,13,9,NY,,,,,,,,,,
113,184,20906,"Coffman, Mike",1,4,200,1/4/13,1/3/15,0,3,2,1,2,HRES17,Small Business,62,6,CO,,,,,,,,,,
113,184,21345,"Collins, Chris",1,13,200,1/4/13,1/3/15,0,1,2,1,2,HRES17,Small Business,13,27,NY,,,,,,,,,,
113,184,20124,"Graves, Samuel",1,1,200,1/3/13,1/3/15,11,7,2,1,2,HRES6,Small Business,34,6,MO,,,,,,,,,,
113,184,21195,"Hahn, Janice",2,5,100,1/14/13,1/3/15,0,1,2,1,1,HRES22,Small Business,71,44,CA,,,,,,,,,,
113,184,21157,"Hanna, Richard",1,9,200,1/4/13,1/3/15,0,2,2,1,1,HRES17,Small Business,13,22,NY,,,,,,,,,,
113,184,21187,"Herrera Beutler, Jaime",1,8,200,1/4/13,1/3/15,0,2,2,1,2,HRES17,Small Business,73,3,WA,,,,,,,,,,
113,184,21134,"Huelskamp, Tim",1,10,200,1/4/13,1/3/15,0,1,2,1,1,HRES17,Small Business,32,1,KS,,,,,,,,,,
113,184,20325,"King, Steve",1,3,200,1/4/13,1/3/15,0,6,2,1,1,HRES17,Small Business,31,4,IA,,,,,,,,,,
113,184,21340,"Kuster, Ann McLane",2,10,100,1/23/13,1/3/15,0,1,2,1,2,HRES42,Small Business,4,2,NH,,,,,,,,,,
113,184,20926,"Luetkemeyer, Blaine",1,5,200,1/4/13,1/3/15,0,1,2,1,1,HRES17,Small Business,34,3,MO,,,,,,,,,,
113,184,21342,"Meng, Grace",2,7,100,1/3/13,1/3/15,0,1,2,1,1,HRES7,Small Business,13,6,NY,,,,,,,,,,
113,184,21176,"Mulvaney, Mick",1,6,200,1/4/13,1/3/15,0,2,2,1,2,HRES17,Small Business,48,5,SC,,,,,,,,,,
113,184,21319,"Murphy, Patrick",2,11,100,1/23/13,1/3/15,0,1,2,1,2,HRES42,Small Business,43,18,FL,,,,,,,,,,
113,184,31103,"Payne, Donald, Jr.",2,6,100,1/14/13,1/3/15,0,1,2,1,1,HRES22,Small Business,12,10,NJ,,,,,,,,,,
113,184,21359,"Rice, Tom",1,14,200,1/4/13,1/3/15,0,1,2,1,1,HRES17,Small Business,48,7,SC,,,,,,,,,,
113,184,21326,"Schneider, Brad",2,8,100,1/14/13,1/3/15,0,1,3,1,0,HRES22,Small Business,21,10,IL,,,,,,,,,,
113,184,20944,"Schrader, Kurt",2,2,100,1/3/13,1/3/15,0,3,2,1,2,HRES7,Small Business,72,5,OR,,,,,,,,,,
113,184,21105,"Schweikert, David",1,11,200,1/4/13,1/3/15,0,1,2,1,2,HRES17,Small Business,61,6,AZ,,,,,,,,,,
113,184,21111,"Tipton, Scott",1,7,200,1/4/13,1/3/15,0,2,2,1,2,HRES17,Small Business,62,3,CO,,,,,,,,,,
113,184,29378,"Velazquez, Nydia M.",2,1,100,1/3/13,1/3/15,21,11,2,1,1,HRES7,Small Business,13,7,NY,,,,,,,,,,
113,661,29137,"Boehner, John A.",1,1,200,1/3/13,1/3/15,31,2,2,1,1,HRES4,Speaker,24,8,OH,,,,,,,,,,
113,503,29760,"Brady, Kevin",1,3,200,Unknown,1/3/15,0,1,2,1,1,House Clerk,Taxation (Joint),49,8,TX,,,,,,,,,,
113,503,29124,"Camp, Dave",1,1,200,Unknown,1/3/15,11,1,2,1,0,House Clerk,Taxation (Joint),23,4,MI,,,,,,,,,,
113,503,29143,"Johnson, Sam",1,2,200,Unknown,1/3/15,0,2,2,1,1,House Clerk,Taxation (Joint),49,3,TX,,,,,,,,,,
113,503,15033,"Levin, Sander M.",2,1,100,Unknown,1/3/15,0,4,2,1,1,House Clerk,Taxation (Joint),23,9,MI,,,,,,,,,,
113,503,13035,"Rangel, Charles B.",2,2,100,Unknown,1/3/15,0,10,2,1,1,House Clerk,Taxation (Joint),13,13,NY,,,,,,,,,,
113,173,21171,"Barletta, Lou",1,15,200,1/4/13,1/3/15,0,2,2,1,1,HRES17,Transportation and Infrastructure,14,11,PA,,,,,,,,,,
113,173,20338,"Bishop, Timothy",2,10,100,1/3/13,1/3/15,0,6,2,1,0,HRES7,Transportation and Infrastructure,13,1,NY,,,,,,,,,,
113,173,29328,"Brown, Corrine",2,5,100,1/3/13,1/3/15,0,11,2,1,1,HRES7,Transportation and Infrastructure,43,5,FL,,,,,,,,,,
113,173,21132,"Bucshon, Larry",1,17,200,1/4/13,1/3/15,0,2,2,1,2,HRES17,Transportation and Infrastructure,22,8,IN,,,,,,,,,,
113,173,21329,"Bustos, Cheri",2,27,100,1/3/13,1/3/15,0,1,2,1,1,HRES7,Transportation and Infrastructure,21,17,IL,,,,,,,,,,
113,173,20146,"Capito, Shelley Moore",1,10,200,1/4/13,1/3/15,0,4,4,1,0,HRES17,Transportation and Infrastructure,56,2,WV,,,,,,,,,,
113,173,29919,"Capuano, Michael E.",2,9,100,1/3/13,1/3/15,0,7,2,1,1,HRES7,Transportation and Infrastructure,3,7,MA,,,,,,,,,,
113,173,20757,"Carson, Andre",2,19,100,1/3/13,1/3/15,0,1,2,1,1,HRES7,Transportation and Infrastructure,22,7,IN,,,,,,,,,,
113,173,15092,"Coble, Howard",1,4,200,1/4/13,1/3/15,0,10,2,1,0,HRES17,Transportation and Infrastructure,47,6,NC,,,,,,,,,,
113,173,20748,"Cohen, Steve",2,15,100,1/3/13,1/3/15,0,4,2,1,1,HRES7,Transportation and Infrastructure,54,9,TN,,,,,,,,,,
113,173,21106,"Crawford, Rick",1,14,200,1/4/13,1/3/15,0,2,2,1,1,HRES17,Transportation and Infrastructure,42,1,AR,,,,,,,,,,
113,173,29587,"Cummings, Elijah E.",2,7,100,1/3/13,1/3/15,0,10,2,1,1,HRES7,Transportation and Infrastructure,52,7,MD,,,,,,,,,,
113,173,21338,"Daines, Steve",1,26,200,1/4/13,1/3/15,0,1,2,1,0,HRES17,Transportation and Infrastructure,64,1,MT,,,,,,,,,,
113,173,21328,"Davis, Rodney",1,33,200,1/4/13,1/3/15,0,1,2,1,1,HRES17,Transportation and Infrastructure,21,13,IL,,,,,,,,,,
113,173,15410,"DeFazio, Peter A.",2,2,100,1/3/13,1/3/15,0,14,2,1,1,HRES7,Transportation and Infrastructure,72,4,OR,,,,,,,,,,
113,173,21109,"Denham, Jeff",1,23,200,1/4/13,1/3/15,0,2,2,1,1,HRES17,Transportation and Infrastructure,71,10,CA,,,,,,,,,,
113,173,15455,"Duncan, John J., Jr.",1,5,200,1/4/13,1/3/15,0,13,2,1,1,HRES17,Transportation and Infrastructure,54,2,TN,,,,,,,,,,
113,173,20763,"Edwards, Donna F.",2,17,100,1/3/13,1/3/15,0,4,2,1,1,HRES7,Transportation and Infrastructure,52,4,MD,,,,,,,,,,
113,173,21316,"Esty, Elizabeth",2,25,100,1/3/13,1/3/15,0,1,2,1,1,HRES7,Transportation and Infrastructure,1,5,CT,,,,,,,,,,
113,173,21184,"Farenthold, Blake",1,16,200,1/4/13,1/3/15,0,2,2,1,1,HRES17,Transportation and Infrastructure,49,27,TX,,,,,,,,,,
113,173,21321,"Frankel, Lois",2,26,100,1/3/13,1/3/15,0,1,2,1,1,HRES7,Transportation and Infrastructure,43,22,FL,,,,,,,,,,
113,173,20958,"Garamendi, John J.",2,18,100,1/3/13,1/3/15,0,1,2,1,1,HRES7,Transportation and Infrastructure,71,3,CA,,,,,,,,,,
113,173,21165,"Gibbs, Bob",1,18,200,1/4/13,1/3/15,0,2,2,1,1,HRES17,Transportation and Infrastructure,24,7,OH,,,,,,,,,,
113,173,20124,"Graves, Samuel",1,9,200,1/4/13,1/3/15,0,7,2,1,1,HRES17,Transportation and Infrastructure,34,6,MO,,,,,,,,,,
113,173,21195,"Hahn, Janice",2,20,100,1/3/13,1/3/15,0,1,2,1,1,HRES7,Transportation and Infrastructure,71,44,CA,,,,,,,,,,
113,173,21157,"Hanna, Richard",1,20,200,1/4/13,1/3/15,0,2,2,1,1,HRES17,Transportation and Infrastructure,13,22,NY,,,,,,,,,,
113,173,21139,"Harris, Andy",1,13,200,1/4/13,2/26/13,0,2,2,1,2,HRES17,Transportation and Infrastructure,52,1,MD,"Transferred to Committee on Appropriations, H649",,,,,,,,,
113,173,20963,"Hunter, Duncan",1,12,200,1/4/13,1/3/15,0,2,2,1,1,HRES17,Transportation and Infrastructure,71,50,CA,,,,,,,,,,
113,173,39305,"Johnson, Eddie Bernice",2,6,100,1/3/13,1/3/15,0,11,2,1,1,HRES7,Transportation and Infrastructure,49,30,TX,,,,,,,,,,
113,173,21401,"Jolly, David W.",6,2,200,3/25/14,1/3/15,0,1,2,1,2,HRES523,Transportation and Infrastructure,43,13,FL,Replaced Harris,,,,,,,,,
113,173,20902,"Kirkpatrick, Ann",2,22,100,1/3/13,1/3/15,0,1,2,1,1,HRES7,Transportation and Infrastructure,61,1,AZ,,,,,,,,,,
113,173,20145,"Larsen, Rick",2,8,100,1/3/13,1/3/15,0,7,2,1,1,HRES7,Transportation and Infrastructure,73,2,WA,,,,,,,,,,
113,173,20508,"Lipinski, Daniel",2,13,100,1/3/13,1/3/15,0,4,2,1,1,HRES7,Transportation and Infrastructure,21,3,IL,,,,,,,,,,
113,173,29539,"Lobiondo, Frank A.",1,7,200,1/4/13,1/3/15,0,9,2,1,1,HRES17,Transportation and Infrastructure,12,2,NJ,,,,,,,,,,
113,173,21344,"Maloney, Sean Patrick",2,24,100,1/3/13,1/3/15,0,1,2,1,1,HRES7,Transportation and Infrastructure,13,18,NY,,,,,,,,,,
113,173,31102,"Massie, Thomas",1,25,200,1/4/13,1/3/15,0,1,2,1,1,HRES17,Transportation and Infrastructure,51,4,KY,,,,,,,,,,
113,173,21348,"Meadows, Mark",1,31,200,1/4/13,1/3/15,0,1,2,1,1,HRES17,Transportation and Infrastructure,47,11,NC,,,,,,,,,,
113,173,21168,"Meehan, Pat",1,19,200,1/4/13,1/3/15,0,2,2,1,1,HRES17,Transportation and Infrastructure,14,7,PA,,,,,,,,,,
113,173,29331,"Mica, John L.",1,6,200,1/4/13,1/3/15,0,11,2,1,1,HRES17,Transportation and Infrastructure,43,7,FL,,,,,,,,,,
113,173,20328,"Michaud, Michael H.",2,11,100,1/3/13,1/3/15,0,6,2,1,0,HRES7,Transportation and Infrastructure,2,2,ME,,,,,,,,,,
113,173,20331,"Miller, Candice S.",1,11,200,1/4/13,1/3/15,0,4,2,1,1,HRES17,Transportation and Infrastructure,23,10,MI,,,,,,,,,,
113,173,29905,"Miller, Gary G.",1,8,200,1/4/13,1/3/15,0,6,4,1,0,HRES17,Transportation and Infrastructure,71,31,CA,,,,,,,,,,
113,173,21355,"Mullin, Markwayne",1,28,200,1/4/13,1/3/15,0,1,2,1,2,HRES17,Transportation and Infrastructure,53,2,OK,,,,,,,,,,
113,173,29377,"Nadler, Jerrold",2,4,100,1/3/13,1/3/15,0,11,2,1,1,HRES7,Transportation and Infrastructure,13,10,NY,,,,,,,,,,
113,173,29903,"Napolitano, Grace F.",2,12,100,1/3/13,1/3/15,0,4,2,1,1,HRES7,Transportation and Infrastructure,71,32,CA,,,,,,,,,,
113,173,14263,"Nolan, Richard",2,21,100,1/3/13,1/3/15,0,1,2,1,1,HRES7,Transportation and Infrastructure,33,8,MN,,,,,,,,,,
113,173,70303,"Norton, Eleanor Holmes",2,3,100,1/3/13,1/3/15,0,12,2,1,1,HRES7,Transportation and Infrastructure,55,79,DC,,,,,,,,,,
113,173,21356,"Perry, Scott",1,32,200,1/4/13,1/3/15,0,1,2,1,1,HRES17,Transportation and Infrastructure,14,4,PA,,,,,,,,,,
113,173,14675,"Petri, Thomas E.",1,3,200,1/4/13,1/3/15,0,16,2,1,0,HRES17,Transportation and Infrastructure,25,6,WI,,,,,,,,,,
113,173,21320,"Radel, Trey",1,30,200,1/4/13,1/27/14,0,1,2,1,0,HRES17,Transportation and Infrastructure,43,19,FL,"Resigned, following convication for cocaine possession",,,,,,,,,
113,173,14448,"Rahall, Nick Joe, II",2,1,100,1/3/13,1/3/15,21,19,2,1,0,HRES7,Transportation and Infrastructure,56,3,WV,,,,,,,,,,
113,173,21190,"Ribble, Reid",1,24,200,1/4/13,1/3/15,0,2,2,1,1,HRES17,Transportation and Infrastructure,25,8,WI,,,,,,,,,,
113,173,21359,"Rice, Tom",1,27,200,1/4/13,1/3/15,0,1,2,1,1,HRES17,Transportation and Infrastructure,48,7,SC,,,,,,,,,,
113,173,29565,"Sanford, Marshall (Mark)",6,1,200,6/12/13,1/3/15,0,1,2,1,1,HRES257,Transportation and Infrastructure,48,1,SC,Replaced Radel,,,,,,,,,
113,173,20134,"Shuster, Bill",1,1,200,1/3/13,1/3/15,11,7,2,1,1,HRES6,Transportation and Infrastructure,14,9,PA,,,,,,,,,,
113,173,20542,"Sires, Albio",2,16,100,1/3/13,1/3/15,0,4,2,1,1,HRES7,Transportation and Infrastructure,12,8,NJ,,,,,,,,,,
113,173,21114,"Southerland, Steve",1,22,200,1/4/13,1/3/15,0,2,2,1,0,HRES17,Transportation and Infrastructure,43,2,FL,,,,,,,,,,
113,173,20927,"Titus, Dina",2,23,100,1/3/13,1/3/15,0,1,2,1,1,HRES7,Transportation and Infrastructure,65,1,NV,,,,,,,,,,
113,173,20726,"Walz, Timothy J.",2,14,100,1/3/13,1/3/15,0,4,2,1,2,HRES7,Transportation and Infrastructure,33,1,MN,,,,,,,,,,
113,173,21116,"Webster, Daniel",1,21,200,1/4/13,1/3/15,0,1,2,1,1,HRES17,Transportation and Infrastructure,43,10,FL,,,,,,,,,,
113,173,21364,"Williams, Roger",1,29,200,1/4/13,1/3/15,0,1,2,1,2,HRES17,Transportation and Infrastructure,49,25,TX,,,,,,,,,,
113,173,14066,"Young, Donald E.",1,2,200,1/4/13,1/3/15,0,10,2,1,1,HRES17,Transportation and Infrastructure,81,1,AK,,,,,,,,,,
113,192,21196,"Amodei, Mark E.",1,10,200,1/4/13,1/3/15,0,2,2,1,2,HRES17,Veterans Affairs,2,65,NV,Transferred to Appropriations,,,,,,,,,
113,192,21141,"Benishek, Dan",1,8,200,1/4/13,1/3/15,0,2,2,1,1,HRES17,Veterans Affairs,23,1,MI,,,,,,,,,,
113,192,20758,"Bilirakis, Gus",1,3,200,1/4/13,1/3/15,0,4,2,1,1,HRES17,Veterans Affairs,43,12,FL,,,,,,,,,,
113,192,29328,"Brown, Corrine",2,2,100,1/3/13,1/3/15,0,11,2,1,1,HRES7,Veterans Affairs,43,5,FL,,,,,,,,,,
113,192,21308,"Brownley, Julia",2,4,100,1/3/13,1/3/15,0,1,2,1,1,HRES7,Veterans Affairs,71,26,CA,,,,,,,,,,
113,192,20906,"Coffman, Mike",1,11,200,1/4/13,1/3/15,0,1,2,1,1,HRES17,Veterans Affairs,62,6,CO,,,,,,,,,,
113,192,21305,"Cook, Paul",1,13,200,1/4/13,1/3/15,0,1,2,1,2,HRES17,Veterans Affairs,71,8,CA,,,,,,,,,,
113,192,21109,"Denham, Jeff",1,6,200,1/4/13,1/3/15,0,2,2,1,2,HRES17,Veterans Affairs,71,10,CA,,,,,,,,,,
113,192,21182,"Flores, Bill",1,5,200,1/4/13,1/3/15,0,2,2,1,2,HRES17,Veterans Affairs,49,17,TX,,,,,,,,,,
113,192,21134,"Huelskamp, Tim",1,9,200,1/4/13,1/3/15,0,2,2,1,1,HRES17,Veterans Affairs,32,1,KS,,,,,,,,,,
113,192,21401,"Jolly, David W.",6,1,200,3/25/14,1/3/15,0,1,2,1,2,HRES523,Veterans Affairs,43,13,FL,Likely replaced Negrete McLeod,,,,,,,,,
113,192,20902,"Kirkpatrick, Ann",2,6,100,1/14/13,1/3/15,0,1,2,1,2,HRES22,Veterans Affairs,61,1,AZ,,,,,,,,,,
113,192,21340,"Kuster, Ann McLane",2,9,100,1/14/13,1/3/15,0,1,2,1,1,HRES22,Veterans Affairs,4,2,NH,,,,,,,,,,
113,192,20704,"Lamborn, Doug",1,2,200,1/4/13,1/3/15,0,3,4,1,1,HRES17,Veterans Affairs,62,5,CO,,,,,,,,,,
113,192,20328,"Michaud, Michael H.",2,1,100,1/3/13,1/3/15,0,6,2,1,0,HRES7,Veterans Affairs,2,2,ME,,,,,,,,,,
113,192,20110,"Miller, Jeff",1,1,200,1/3/13,1/3/15,11,7,2,1,1,HRES6,Veterans Affairs,43,1,FL,,,,,,,,,,
113,192,21310,"Negrete McLeod, Gloria",2,8,100,1/14/13,1/3/15,0,1,2,1,3,HRES22,Veterans Affairs,71,35,CA,,,,,,,,,,
113,192,21361,"O'Rourke, Beto",2,10,100,1/14/13,1/3/15,0,1,2,1,1,HRES22,Veterans Affairs,49,16,TX,,,,,,,,,,
113,192,20947,"Roe, David P.",1,4,200,1/4/13,1/3/15,0,3,2,1,1,HRES17,Veterans Affairs,54,1,TN,,,,,,,,,,
113,192,21311,"Ruiz, Raul",2,7,100,1/14/13,1/3/15,0,1,2,1,1,HRES22,Veterans Affairs,71,36,CA,,,,,,,,,,
113,192,21153,"Runyan, Jon",1,7,200,1/4/13,1/3/15,0,2,2,1,0,HRES17,Veterans Affairs,12,3,NJ,,,,,,,,,,
113,192,21312,"Takano, Mark",2,3,100,1/3/13,1/3/15,0,1,2,1,1,HRES7,Veterans Affairs,71,41,CA,,,,,,,,,,
113,192,20927,"Titus, Dina",2,5,100,1/14/13,1/3/15,0,1,2,1,1,HRES22,Veterans Affairs,65,1,NV,,,,,,,,,,
113,192,21330,"Walorski, Jackie",1,14,200,1/4/13,1/3/15,0,1,2,1,1,HRES17,Veterans Affairs,22,2,IN,,,,,,,,,,
113,192,20726,"Walz, Timothy J.",2,11,100,1/23/13,1/3/15,0,4,2,1,1,HRES42,Veterans Affairs,33,1,MN,,,,,,,,,,
113,192,21351,"Wenstrup, Brad",1,12,200,1/4/13,1/3/15,0,1,2,1,1,HRES17,Veterans Affairs,24,2,OH,,,,,,,,,,
113,196,29316,"Becerra, Xavier",2,6,100,1/3/13,1/3/15,0,9,2,1,1,HRES7,Ways and Means,71,34,CA,,,,,,,,,,
113,196,21180,"Black, Diane",1,18,200,1/4/13,1/3/15,0,2,2,1,1,HRES17,Ways and Means,54,6,TN,,,,,,,,,,
113,196,29588,"Blumenauer, Earl",2,10,100,1/3/13,1/3/15,0,4,2,1,1,HRES7,Ways and Means,72,3,OR,,,,,,,,,,
113,196,20514,"Boustany, Charles W. Jr.",1,8,200,1/4/13,1/3/15,0,3,2,1,1,HRES17,Ways and Means,45,1,LA,,,,,,,,,,
113,196,29760,"Brady, Kevin",1,3,200,1/4/13,1/3/15,0,7,2,1,1,HRES17,Ways and Means,49,8,TX,,,,,,,,,,
113,196,20709,"Buchanan, Vernon G.",1,12,200,1/4/13,1/3/15,0,2,2,1,1,HRES17,Ways and Means,43,16,FL,,,,,,,,,,
113,196,29124,"Camp, Dave",1,1,200,1/3/13,1/3/15,11,11,2,1,0,HRES6,Ways and Means,23,4,MI,,,,,,,,,,
113,196,29925,"Crowley, Joseph",2,13,100,1/3/13,1/3/15,0,4,2,1,1,HRES7,Ways and Means,13,14,NY,,,,,,,,,,
113,196,29717,"Davis, Danny K.",2,15,100,1/3/13,1/3/15,0,1,2,1,1,HRES7,Ways and Means,21,7,IL,,,,,,,,,,
113,196,29571,"Doggett, Lloyd",2,7,100,1/3/13,1/3/15,0,8,2,1,1,HRES7,Ways and Means,49,35,TX,,,,,,,,,,
113,196,20345,"Gerlach, Jim",1,10,200,1/4/13,1/3/15,0,2,2,1,0,HRES17,Ways and Means,14,6,PA,,,,,,,,,,
113,196,21107,"Griffin, Tim",1,22,200,1/4/13,1/3/15,0,1,2,1,0,HRES17,Ways and Means,42,2,AR,,,,,,,,,,
113,196,20915,"Jenkins, Lynn",1,15,200,1/4/13,1/3/15,0,2,2,1,1,HRES17,Ways and Means,32,2,KS,,,,,,,,,,
113,196,29143,"Johnson, Sam",1,2,200,1/4/13,1/3/15,0,10,2,1,1,HRES17,Ways and Means,49,3,TX,,,,,,,,,,
113,196,21167,"Kelly, Mike",1,21,200,1/4/13,1/3/15,0,1,2,1,1,HRES17,Ways and Means,14,3,PA,,,,,,,,,,
113,196,29769,"Kind, Ron",2,11,100,1/3/13,1/3/15,0,4,2,1,1,HRES7,Ways and Means,25,3,WI,,,,,,,,,,
113,196,29908,"Larson, John B.",2,9,100,1/3/13,1/3/15,0,5,2,1,1,HRES7,Ways and Means,1,1,CT,,,,,,,,,,
113,196,15033,"Levin, Sander M.",2,1,100,1/3/13,1/3/15,21,14,2,1,1,HRES7,Ways and Means,23,9,MI,,,,,,,,,,
113,196,15431,"Lewis, John R.",2,4,100,1/3/13,1/3/15,0,11,2,1,1,HRES7,Ways and Means,44,5,GA,,,,,,,,,,
113,196,20532,"Marchant, Kenny",1,17,200,1/4/13,1/3/15,0,2,2,1,1,HRES17,Ways and Means,49,24,TX,,,,,,,,,,
113,196,15613,"McDermott, James A.",2,3,100,1/3/13,1/3/15,0,12,2,1,1,HRES7,Ways and Means,73,7,WA,,,,,,,,,,
113,196,15616,"Neal, Richard E.",2,5,100,1/3/13,1/3/15,0,11,2,1,1,HRES7,Ways and Means,3,1,MA,,,,,,,,,,
113,196,20307,"Nunes, Devin",1,5,200,1/4/13,1/3/15,0,5,2,1,1,HRES17,Ways and Means,71,22,CA,,,,,,,,,,
113,196,29741,"Pascrell, William J., Jr.",2,12,100,1/3/13,1/3/15,0,4,2,1,1,HRES7,Ways and Means,12,9,NJ,,,,,,,,,,
113,196,20924,"Paulsen, Erik",1,16,200,1/4/13,1/3/15,0,2,2,1,1,HRES17,Ways and Means,33,3,MN,,,,,,,,,,
113,196,20505,"Price, Tom",1,11,200,1/4/13,1/3/15,0,2,2,1,1,HRES17,Ways and Means,44,6,GA,,,,,,,,,,
113,196,13035,"Rangel, Charles B.",2,2,100,1/3/13,1/3/15,0,20,2,1,1,HRES7,Ways and Means,13,13,NY,,,,,,,,,,
113,196,21101,"Reed, Thomas W., II",1,19,200,1/4/13,1/3/15,0,2,2,1,1,HRES17,Ways and Means,13,23,NY,,,,,,,,,,
113,196,20536,"Reichert, David G.",1,7,200,1/4/13,1/3/15,0,3,2,1,1,HRES17,Ways and Means,73,8,WA,,,,,,,,,,
113,196,21164,"Renacci, Jim",1,23,200,2/26/13,1/3/15,0,1,2,1,1,HRES82,Ways and Means,24,16,OH,,,,,,,,,,
113,196,20715,"Roskam, Peter J.",1,9,200,1/4/13,1/3/15,0,3,2,1,1,HRES17,Ways and Means,21,6,IL,,,,,,,,,,
113,196,29939,"Ryan, Paul",1,4,200,1/4/13,1/3/15,0,7,2,1,1,HRES17,Ways and Means,25,1,WI,,,,,,,,,,
113,196,20310,"Sanchez, Linda",2,16,100,1/3/13,1/3/15,0,1,2,1,1,HRES7,Ways and Means,71,38,CA,,,,,,,,,,
113,196,20914,"Schock, Aaron",1,14,200,1/4/13,1/3/15,0,2,2,1,1,HRES17,Ways and Means,21,18,IL,,,,,,,,,,
113,196,20525,"Schwartz, Allyson Y.",2,14,100,1/3/13,1/3/15,0,1,2,1,0,HRES7,Ways and Means,14,13,PA,,,,,,,,,,
113,196,20729,"Smith, Adrian",1,13,200,1/4/13,1/3/15,0,2,2,1,1,HRES17,Ways and Means,35,3,NE,,,,,,,,,,
113,196,29901,"Thompson, Mike",2,8,100,1/3/13,1/3/15,0,5,2,1,1,HRES7,Ways and Means,71,5,CA,,,,,,,,,,
113,196,20130,"Tiberi, Patrick",1,6,200,1/4/13,1/3/15,0,4,2,1,1,HRES17,Ways and Means,24,12,OH,,,,,,,,,,
113,196,21133,"Young, Todd",1,20,200,1/4/13,1/3/15,0,1,2,1,1,HRES17,Ways and Means,22,9,IN,,,,,,,,,,
114,102,20531,"Conaway, K. Michael",1,1,200,1/6/15,1/3/17,11,6,2,1,1,HRES6,Agriculture,49,11,TX,,,,,,,,,,
114,102,39308,"Goodlatte, Robert W.",1,2,200,1/13/15,1/3/17,0,3,2,1,1,HRES29,Agriculture,40,6,VA,,,,,,,,,,
114,102,29393,"Lucas, Frank D.",1,3,200,1/13/15,1/3/17,0,12,2,1,1,HRES29,Agriculture,53,3,OK,,,,,,,,,,
114,102,20325,"King, Steve",1,4,200,1/13/15,1/3/17,0,7,2,1,1,HRES29,Agriculture,31,4,IA,,,,,,,,,,
114,102,20353,"Neugebauer, Randy",1,5,200,1/13/15,1/3/17,0,7,2,1,0,HRES29,Agriculture,49,19,TX,,,,,,,,,,
114,102,20301,"Rogers, Mike Dennis",1,6,200,1/13/15,1/3/17,0,1,2,1,1,HRES29,Agriculture,41,3,AL,,,,,,,,,,
114,102,20946,"Thompson, Glenn",1,7,200,1/13/15,1/3/17,0,4,2,1,1,HRES29,Agriculture,14,5,PA,,,,,,,,,,
114,102,21165,"Gibbs, Bob",1,8,200,1/13/15,1/3/17,0,3,2,1,1,HRES29,Agriculture,24,7,OH,,,,,,,,,,
114,102,21123,"Scott, Austin",1,9,200,1/13/15,1/3/17,0,3,2,1,1,HRES29,Agriculture,44,8,GA,,,,,,,,,,
114,102,21106,"Crawford, Rick",1,10,200,1/13/15,1/3/17,0,3,2,1,1,HRES29,Agriculture,42,1,AR,,,,,,,,,,
114,102,21179,"DesJarlais, Scott",1,11,200,1/13/15,1/3/17,0,3,2,1,1,HRES29,Agriculture,54,4,TN,,,,,,,,,,
114,102,21156,"Gibson, Chris",1,12,200,1/13/15,1/3/17,0,3,2,1,0,HRES29,Agriculture,13,19,NY,,,,,,,,,,
114,102,21149,"Hartzler, Vicky",1,13,200,1/13/15,1/3/17,0,3,2,1,1,HRES29,Agriculture,34,4,MO,,,,,,,,,,
114,102,21141,"Benishek, Dan",1,14,200,1/13/15,1/3/17,0,3,2,1,0,HRES29,Agriculture,23,1,MI,,,,,,,,,,
114,102,21109,"Denham, Jeff",1,15,200,1/13/15,1/3/17,0,3,2,1,1,HRES29,Agriculture,71,10,CA,,,,,,,,,,
114,102,21302,"La Malfa, Doug",1,16,200,1/13/15,1/3/17,0,3,2,1,1,HRES29,Agriculture,71,1,CA,,,,,,,,,,
114,102,21328,"Davis, Rodney",1,17,200,1/13/15,1/3/17,0,3,2,1,1,HRES29,Agriculture,21,13,IL,,,,,,,,,,
114,102,21317,"Yoho, Ted",1,18,200,1/13/15,1/3/17,0,3,2,1,1,HRES29,Agriculture,43,3,FL,,,,,,,,,,
114,102,21330,"Walorski, Jackie",1,19,200,1/13/15,1/3/17,0,1,2,1,2,HRES29,Agriculture,22,2,IN,,,,,,,,,,
114,102,21516,"Allen, Rick",1,20,200,1/13/15,1/3/17,0,1,2,1,1,HRES29,Agriculture,44,12,GA,,,,,,,,,,
114,102,21519,"Bost, Mike",1,21,200,1/13/15,1/3/17,0,1,2,1,1,HRES29,Agriculture,21,12,IL,,,,,,,,,,
114,102,21544,"Rouzer, David",1,22,200,1/13/15,1/3/17,0,1,2,1,1,HRES29,Agriculture,47,7,NC,,,,,,,,,,
114,102,21522,"Abraham, Ralph",1,23,200,1/13/15,1/3/17,0,1,2,1,1,HRES29,Agriculture,45,5,LA,,,,,,,,,,
114,102,21531,"Emmer, Tom",1,24,200,1/13/15,5/19/15,0,1,2,2,2,HRES29,Agriculture,33,6,MN,Transferred to Financial Services,,,,,,,,,
114,102,21526,"Moolenaar, John",1,25,200,1/13/15,1/3/17,0,1,2,1,2,HRES29,Agriculture,23,4,MI,,,,,,,,,,
114,102,21556,"Newhouse, Dan",1,26,200,1/13/15,1/3/17,0,1,2,1,2,HRES29,Agriculture,73,4,WA,,,,,,,,,,
114,102,29127,"Peterson, Collin C.",2,1,100,1/6/15,1/3/17,21,13,2,1,1,HRES7,Agriculture,33,7,MN,,,,,,,,,,
114,102,20321,"Scott, David",2,2,100,1/13/15,1/3/17,0,7,2,1,1,HRES30,Agriculture,44,13,GA,,,,,,,,,,
114,102,20501,"Costa, Jim",2,3,100,1/13/15,1/3/17,0,6,2,1,1,HRES30,Agriculture,71,16,CA,,,,,,,,,,
114,102,20726,"Walz, Timothy J.",2,4,100,1/13/15,1/3/17,0,5,2,1,1,HRES30,Agriculture,33,1,MN,,,,,,,,,,
114,102,20941,"Fudge, Marcia",2,5,100,1/13/15,1/3/17,0,3,2,1,1,HRES30,Agriculture,24,11,OH,,,,,,,,,,
114,102,29729,"McGovern, Jim",2,6,100,1/13/15,1/3/17,0,3,2,1,1,HRES30,Agriculture,3,2,MA,,,,,,,,,,
114,102,31101,"DelBene, Suzan",2,7,100,1/13/15,1/3/17,0,2,2,1,2,HRES30,Agriculture,73,1,WA,,,,,,,,,,
114,102,21366,"Vela, Filemon",2,8,100,1/13/15,1/3/17,0,2,2,1,1,HRES30,Agriculture,49,34,TX,,,,,,,,,,
114,102,21341,"Grisham, Michelle Lujan",2,9,100,1/13/15,1/3/17,0,2,2,1,1,HRES30,Agriculture,66,1,NM,,,,,,,,,,
114,102,21340,"Kuster, Ann McLane",2,10,100,1/13/15,1/3/17,0,2,2,1,1,HRES30,Agriculture,4,2,NH,,,,,,,,,,
114,102,14263,"Nolan, Richard",2,11,100,1/13/15,1/3/17,0,2,2,1,1,HRES30,Agriculture,33,8,MN,,,,,,,,,,
114,102,21329,"Bustos, Cheri",2,12,100,1/13/15,1/3/17,0,2,2,1,1,HRES30,Agriculture,21,17,IL,,,,,,,,,,
114,102,21344,"Maloney, Sean Patrick",2,13,100,1/13/15,1/3/17,0,2,2,1,1,HRES30,Agriculture,13,18,NY,,,,,,,,,,
114,102,20902,"Kirkpatrick, Ann",2,14,100,1/13/15,1/3/17,0,1,2,1,0,HRES30,Agriculture,61,1,AZ,,,,,,,,,,
114,102,21506,"Aguilar, Peter Rey",2,15,100,1/13/15,1/3/17,0,1,2,1,2,HRES30,Agriculture,71,31,CA,,,,,,,,,,
114,102,70502,"Plaskett, Stacey",2,16,100,1/13/15,1/3/17,0,1,2,1,1,HRES30,Agriculture,93,1,VI,,,,,,,,,,
114,102,21545,"Adams, Alma",2,17,100,1/21/15,1/3/17,0,1,2,1,1,HRES40,Agriculture,44,12,NC,Late appointment,,,,,,,,,
114,102,21511,"Graham, Gwen",2,18,100,1/21/15,1/3/17,0,1,2,1,0,HRES40,Agriculture,43,2,FL,Late appointment,,,,,,,,,
114,102,21533,"Ashford, Brad",2,19,100,1/21/15,1/3/17,0,1,2,1,0,HRES40,Agriculture,35,2,NE,Late appointment,,,,,,,,,
114,102,21561,"Kelly, Trent",6,1,200,6/10/15,1/3/17,0,1,2,1,1,HRES304,Agriculture,46,1,MS,Replaced Emmer,,,,,,,,,
114,104,14854,"Rogers, Harold",1,1,200,1/6/15,1/3/17,11,17,2,1,1,HRES6,Appropriations,51,5,KY,,,,,,,,,,
114,104,29541,"Frelinghuysen, Rodney P.",1,2,200,1/13/15,1/3/17,0,11,2,1,1,HRES29,Appropriations,12,11,NJ,,,,,,,,,,
114,104,29701,"Aderholt, Robert",1,3,200,1/13/15,1/3/17,0,10,2,1,1,HRES29,Appropriations,41,4,AL,,,,,,,,,,
114,104,29762,"Granger, Kay",1,4,200,1/13/15,1/3/17,0,9,2,1,1,HRES29,Appropriations,49,12,TX,,,,,,,,,,
114,104,29910,"Simpson, Michael K.",1,5,200,1/13/15,1/3/17,0,7,2,1,1,HRES29,Appropriations,63,2,ID,,,,,,,,,,
114,104,20139,"Culberson, John",1,6,200,1/13/15,1/3/17,0,7,2,1,1,HRES29,Appropriations,49,7,TX,,,,,,,,,,
114,104,20111,"Crenshaw, Ander",1,7,200,1/13/15,1/3/17,0,7,2,1,0,HRES29,Appropriations,43,4,FL,,,,,,,,,,
114,104,20356,"Carter, John R",1,8,200,1/13/15,1/3/17,0,6,2,1,1,HRES29,Appropriations,49,31,TX,,,,,,,,,,
114,104,29323,"Calvert, Ken",1,9,200,1/13/15,1/3/17,0,5,2,1,1,HRES29,Appropriations,71,42,CA,,,,,,,,,,
114,104,20344,"Cole, Tom",1,10,200,1/13/15,1/3/17,0,4,2,1,1,HRES29,Appropriations,53,4,OK,,,,,,,,,,
114,104,20316,"Diaz-Balart, Mario",1,11,200,1/13/15,1/3/17,0,3,2,1,1,HRES29,Appropriations,25,43,FL,,,,,,,,,,
114,104,20526,"Dent, Charles W.",1,12,200,1/13/15,1/3/17,0,3,2,1,1,HRES29,Appropriations,14,15,PA,,,,,,,,,,
114,104,20962,"Graves, Tom",1,13,200,1/13/15,1/3/17,0,3,2,1,1,HRES29,Appropriations,44,14,GA,,,,,,,,,,
114,104,21135,"Yoder, Kevin",1,14,200,1/13/15,1/3/17,0,3,2,1,1,HRES29,Appropriations,32,3,KS,,,,,,,,,,
114,104,21108,"Womack, Steve",1,15,200,1/13/15,1/3/17,0,3,2,1,1,HRES29,Appropriations,3,42,AR,,,,,,,,,,
114,104,21147,"Nunnelee, Alan",1,16,200,1/15/15,2/6/15,0,2,2,5,0,HRES39,Appropriations,1,46,MS,Late appointment (to rank immediately after Mr. Womack); died,,,,,,,,,
114,104,20518,"Fortenberry, Jeff",1,17,200,1/13/15,1/3/17,0,2,2,1,1,HRES29,Appropriations,35,1,NE,,,,,,,,,,
114,104,20910,"Rooney, Thomas J.",1,18,200,1/13/15,1/3/17,0,2,2,1,1,HRES29,Appropriations,43,17,FL,,,,,,,,,,
114,104,21178,"Fleischmann, Chuck",1,19,200,1/13/15,1/3/17,0,2,2,1,1,HRES29,Appropriations,54,3,TN,,,,,,,,,,
114,104,21187,"Herrera Beutler, Jaime",1,20,200,1/13/15,1/3/17,0,2,2,1,1,HRES29,Appropriations,73,3,WA,,,,,,,,,,
114,104,21353,"Joyce, David P.",1,21,200,1/13/15,1/3/17,0,2,2,1,1,HRES29,Appropriations,24,14,OH,,,,,,,,,,
114,104,21307,"Valadao, David G.",1,22,200,1/13/15,1/3/17,0,2,2,1,1,HRES29,Appropriations,71,21,CA,,,,,,,,,,
114,104,21139,"Harris, Andy",1,23,200,1/13/15,1/3/17,0,2,2,1,1,HRES29,Appropriations,52,1,MD,,,,,,,,,,
114,104,21192,"Roby, Martha",1,24,200,1/13/15,1/3/17,0,2,2,1,1,HRES29,Appropriations,41,2,AL,,,,,,,,,,
114,104,21196,"Amodei, Mark E.",1,25,200,1/13/15,1/3/17,0,2,2,1,1,HRES29,Appropriations,65,2,NV,,,,,,,,,,
114,104,21367,"Stewart, Chris",1,26,200,1/13/15,1/3/17,0,2,2,1,1,HRES29,Appropriations,67,2,UT,,,,,,,,,,
114,104,21185,"Rigell, Scott",1,27,200,1/13/15,1/3/17,0,1,2,1,0,HRES29,Appropriations,40,3,VA,,,,,,,,,,
114,104,21401,"Jolly, David W.",1,28,200,1/13/15,1/3/17,0,1,2,1,0,HRES29,Appropriations,43,13,FL,,,,,,,,,,
114,104,21521,"Young, David",1,29,200,1/13/15,1/3/17,0,1,2,1,1,HRES29,Appropriations,31,3,IA,,,,,,,,,,
114,104,21558,"Jenkins, Evan",1,30,200,1/13/15,1/3/17,0,1,2,1,1,HRES29,Appropriations,56,3,WV,,,,,,,,,,
114,104,15612,"Lowey, Nita M.",2,1,100,1/6/15,1/3/17,21,12,2,1,1,HRES6,Appropriations,13,17,NY,When sworn,,,,,,,,,
114,104,15029,"Kaptur, Marcy",2,2,100,1/6/15,1/3/17,0,14,2,1,1,HRES6,Appropriations,24,9,OH,,,,,,,,,,
114,104,15124,"Visclosky, Peter J.",2,3,100,1/6/15,1/3/17,0,13,2,1,1,HRES6,Appropriations,22,1,IN,,,,,,,,,,
114,104,29134,"Serrano, Jose E.",2,4,100,1/6/15,1/3/17,0,11,4,1,1,HRES6,Appropriations,13,15,NY,,,,,,,,,,
114,104,29109,"DeLauro, Rosa",2,5,100,1/6/15,1/3/17,0,10,4,1,1,HRES6,Appropriations,1,3,CT,,,,,,,,,,
114,104,15438,"Price, David E.",2,8,100,1/6/15,1/3/17,0,10,4,1,1,HRES6,Appropriations,47,4,NC,,,,,,,,,,
114,104,29317,"Roybal-Allard, Lucille",2,9,100,1/6/15,1/3/17,0,9,2,1,1,HRES6,Appropriations,71,40,CA,,,,,,,,,,
114,104,29313,"Farr, Sam",2,10,100,1/6/15,1/3/17,0,9,2,1,0,HRES6,Appropriations,71,20,CA,,,,,,,,,,
114,104,29559,"Fattah, Chaka",2,11,100,1/6/15,6/23/16,0,8,2,8,0,HRES6,Appropriations,14,2,PA,Resigned; convicted of corruption charges,,,,,,,,,
114,104,29339,"Bishop, Sanford D., Jr.",2,12,100,1/6/15,1/3/17,0,7,2,1,1,HRES6,Appropriations,44,2,GA,,,,,,,,,,
114,104,29778,"Lee, Barbara",2,13,100,1/6/15,1/3/17,0,5,2,1,1,HRES6,Appropriations,71,13,CA,,,,,,,,,,
114,104,20104,"Schiff, Adam",2,14,100,1/6/15,3/13/15,0,5,2,3,2,HRES6,Appropriations,71,28,CA,"""Took leave of absence"" to serve as Ranking Member of the Select Intelligence Committee.  Intends to return in the future",,,,,,,,,
114,104,20103,"Honda, Mike",2,15,100,1/6/15,1/3/17,0,5,2,1,0,HRES6,Appropriations,71,17,CA,,,,,,,,,,
114,104,20122,"McCollum, Betty",2,16,100,1/6/15,1/3/17,0,5,2,1,1,HRES6,Appropriations,33,4,MN,,,,,,,,,,
114,104,20129,"Israel, Steve",2,17,100,1/6/15,1/3/17,0,2,2,1,0,HRES6,Appropriations,13,3,NY,,,,,,,,,,
114,104,20343,"Ryan, Timothy J.",2,18,100,1/6/15,1/3/17,0,2,2,1,1,HRES6,Appropriations,24,13,OH,,,,,,,,,,
114,104,20329,"Ruppersberger, C.A. Dutch",2,19,100,1/6/15,1/3/17,0,2,2,1,1,HRES6,Appropriations,52,2,MD,,,,,,,,,,
114,104,20504,"Wasserman Schultz, Debbie",2,20,100,1/6/15,1/3/17,0,2,2,1,1,HRES6,Appropriations,43,20,FL,,,,,,,,,,
114,104,20533,"Cuellar, Henry",2,21,100,1/6/15,1/3/17,0,2,2,1,1,HRES6,Appropriations,49,28,TX,,,,,,,,,,
114,104,20920,"Pingree, Chellie",2,22,100,1/6/15,1/3/17,0,2,2,1,1,HRES6,Appropriations,2,1,ME,,,,,,,,,,
114,104,20954,"Quigley, Mike",2,23,100,1/6/15,1/3/17,0,2,2,1,1,HRES6,Appropriations,21,5,IL,,,,,,,,,,
114,104,21368,"Kilmer, Derek",2,24,100,1/13/15,1/3/17,0,1,2,1,1,HRES30,Appropriations,73,6,WA,,,,,,,,,,
114,104,21358,"Cartwright, Matthew",7,25,100,9/13/16,1/3/17,0,1,2,1,1,HRES862,Appropriations,14,17,PA,Replaced Fattah,,,,,,,,,
114,104,21148,"Palazzo, Steven",6,1,200,3/24/15,1/3/17,0,1,2,1,1,HRES165,Appropriations,49,4,MS,Replaced Nunnelee,,,,,,,,,
114,106,29572,"Thornberry, William M. (Mac)",1,1,200,1/6/15,1/3/17,11,11,2,1,1,HRES6,Armed Services,49,13,TX,,,,,,,,,,
114,106,29546,"Jones, Walter B., Jr.",1,2,200,1/13/15,1/3/17,0,11,2,1,1,HRES29,Armed Services,47,3,NC,,,,,,,,,,
114,106,20143,"Forbes, J. Randy",1,3,200,1/13/15,1/3/17,0,8,2,1,0,HRES29,Armed Services,40,4,VA,,,,,,,,,,
114,106,20110,"Miller, Jeff",1,4,200,1/13/15,1/3/17,0,8,2,1,0,HRES29,Armed Services,43,1,FL,,,,,,,,,,
114,106,20138,"Wilson, Addison G. (Joe)",1,5,200,1/13/15,1/3/17,0,8,2,1,1,HRES29,Armed Services,48,2,SC,,,,,,,,,,
114,106,29539,"Lobiondo, Frank A.",1,6,200,1/13/15,1/3/17,0,7,2,1,1,HRES29,Armed Services,12,2,NJ,,,,,,,,,,
114,106,20357,"Bishop, Rob",1,7,200,1/13/15,1/3/17,0,2,2,1,1,HRES29,Armed Services,67,1,UT,,,,,,,,,,
114,106,20342,"Turner, Mike",1,8,200,1/13/15,1/3/17,0,7,2,1,1,HRES29,Armed Services,24,10,OH,,,,,,,,,,
114,106,20333,"Kline, John",1,9,200,1/13/15,1/3/17,0,7,2,1,0,HRES29,Armed Services,33,2,MN,,,,,,,,,,
114,106,20301,"Rogers, Mike Dennis",1,10,200,1/13/15,1/3/17,0,1,2,1,1,HRES29,Armed Services,41,3,AL,,,,,,,,,,
114,106,20304,"Franks, Trent",1,11,200,1/13/15,1/3/17,0,7,2,1,1,HRES29,Armed Services,61,8,AZ,,,,,,,,,,
114,106,20134,"Shuster, Bill",1,12,200,1/13/15,1/3/17,0,5,4,1,1,HRES29,Armed Services,14,9,PA,,,,,,,,,,
114,106,20531,"Conaway, K. Michael",1,13,200,1/13/15,1/3/17,0,6,2,1,1,HRES29,Armed Services,49,11,TX,,,,,,,,,,
114,106,20704,"Lamborn, Doug",1,14,200,1/13/15,1/3/17,0,5,2,1,1,HRES29,Armed Services,62,5,CO,,,,,,,,,,
114,106,20756,"Wittman, Robert J.",1,15,200,1/13/15,1/3/17,0,5,2,1,1,HRES29,Armed Services,40,1,VA,,,,,,,,,,
114,106,20963,"Hunter, Duncan",1,16,200,1/13/15,1/3/17,0,4,2,1,1,HRES29,Armed Services,71,50,CA,,,,,,,,,,
114,106,20918,"Fleming, John",1,17,200,1/13/15,1/3/17,0,4,2,1,0,HRES29,Armed Services,45,4,LA,,,,,,,,,,
114,106,20906,"Coffman, Mike",1,18,200,1/13/15,1/3/17,0,4,2,1,1,HRES29,Armed Services,62,6,CO,,,,,,,,,,
114,106,21156,"Gibson, Chris",1,19,200,1/13/15,1/3/17,0,3,2,1,0,HRES29,Armed Services,13,19,NY,,,,,,,,,,
114,106,21149,"Hartzler, Vicky",1,20,200,1/13/15,1/3/17,0,3,2,1,1,HRES29,Armed Services,34,4,MO,,,,,,,,,,
114,106,21151,"Heck, Joe",1,21,200,1/13/15,1/3/17,0,3,2,1,0,HRES29,Armed Services,65,3,NV,,,,,,,,,,
114,106,21123,"Scott, Austin",1,22,200,1/13/15,1/3/17,0,3,2,1,1,HRES29,Armed Services,44,8,GA,,,,,,,,,,
114,106,21148,"Palazzo, Steven",1,23,200,1/13/15,3/24/15,0,3,2,2,2,HRES29,Armed Services,46,4,MS,Transferred to Appropriations,,,,,,,,,
114,106,21193,"Brooks, Mo",1,24,200,1/13/15,1/3/17,0,3,2,1,1,HRES29,Armed Services,41,5,AL,,,,,,,,,,
114,106,21115,"Nugent, Richard",1,25,200,1/13/15,1/3/17,0,2,2,1,0,HRES29,Armed Services,43,11,FL,,,,,,,,,,
114,106,21305,"Cook, Paul",1,26,200,1/13/15,1/3/17,0,2,2,1,1,HRES29,Armed Services,71,8,CA,,,,,,,,,,
114,106,21354,"Bridenstine, Jim",1,27,200,1/13/15,1/3/17,0,2,2,1,1,HRES29,Armed Services,53,1,OK,,,,,,,,,,
114,106,21351,"Wenstrup, Brad",1,28,200,1/13/15,1/3/17,0,2,2,1,1,HRES29,Armed Services,24,2,OH,,,,,,,,,,
114,106,21330,"Walorski, Jackie",1,29,200,1/13/15,1/3/17,0,2,2,1,2,HRES29,Armed Services,22,2,IN,,,,,,,,,,
114,106,21376,"Byrne, Bradley",1,30,200,1/13/15,1/3/17,0,2,2,1,1,HRES29,Armed Services,41,1,AL,,,,,,,,,,
114,106,20124,"Graves, Samuel",1,31,200,1/13/15,1/3/17,0,1,2,1,1,HRES29,Armed Services,34,6,MO,,,,,,,,,,
114,106,21532,"Zinke, Ryan",1,32,200,1/13/15,1/3/17,0,1,2,1,3,HRES29,Armed Services,64,1,MT,,,,,,,,,,
114,106,21541,"Stefanik, Elise",1,33,200,1/13/15,1/3/17,0,1,2,1,1,HRES29,Armed Services,13,21,NY,,,,,,,,,,
114,106,21501,"McSally, Martha",1,34,200,1/13/15,1/3/17,0,1,2,1,1,HRES29,Armed Services,61,2,AZ,,,,,,,,,,
114,106,21505,"Knight, Steve",1,35,200,1/13/15,1/3/17,0,1,2,1,1,HRES29,Armed Services,71,25,CA,,,,,,,,,,
114,106,21537,"MacArthur, Tom",1,36,200,1/13/15,1/3/17,0,1,2,1,2,HRES29,Armed Services,12,3,NJ,,,,,,,,,,
114,106,29768,"Smith, Adam",2,1,100,1/7/15,1/3/17,21,10,2,1,1,HRES7,Armed Services,73,9,WA,,,,,,,,,,
114,106,29709,"Sanchez, Loretta",2,2,100,1/13/15,1/3/17,0,10,2,1,0,HRES30,Armed Services,71,46,CA,,,,,,,,,,
114,106,29777,"Brady, Robert A.",2,3,100,1/13/15,1/3/17,0,10,2,1,1,HRES30,Armed Services,14,1,PA,,,,,,,,,,
114,106,20108,"Davis, Susan",2,4,100,1/13/15,1/3/17,0,8,2,1,1,HRES30,Armed Services,71,53,CA,,,,,,,,,,
114,106,20136,"Langevin, James",2,5,100,1/13/15,1/3/17,0,5,4,1,1,HRES30,Armed Services,5,2,RI,,,,,,,,,,
114,106,20145,"Larsen, Rick",2,6,100,1/13/15,1/3/17,0,8,2,1,1,HRES30,Armed Services,73,2,WA,,,,,,,,,,
114,106,15019,"Cooper, Jim",2,7,100,1/13/15,1/3/17,0,7,2,1,1,HRES30,Armed Services,54,5,TN,,,,,,,,,,
114,106,70701,"Bordallo, Madeleine Z. .",2,8,100,1/13/15,1/3/17,0,7,2,1,1,HRES30,Armed Services,91,79,GU,,,,,,,,,,
114,106,20706,"Courtney, Joe",2,9,100,1/13/15,1/3/17,0,5,2,1,1,HRES30,Armed Services,1,2,CT,,,,,,,,,,
114,106,20754,"Tsongas, Nicola S. (Niki)",2,10,100,1/13/15,1/3/17,0,5,2,1,1,HRES30,Armed Services,3,3,MA,,,,,,,,,,
114,106,20958,"Garamendi, John J.",2,11,100,1/13/15,1/3/17,0,4,2,1,1,HRES30,Armed Services,71,3,CA,,,,,,,,,,
114,106,20712,"Johnson, Henry C. ""Hank"", Jr.",2,12,100,1/13/15,1/3/17,0,6,2,1,2,HRES30,Armed Services,44,4,GA,,,,,,,,,,
114,106,20762,"Speier, Karen Lorraine Jacqueline (Jackie)",2,13,100,1/13/15,1/3/17,0,3,2,1,1,HRES30,Armed Services,71,14,CA,,,,,,,,,,
114,106,21362,"Castro, Joaquin",2,14,100,1/13/15,7/6/16,0,2,4,2,1,HRES30,Armed Services,49,20,TX,Transferred to Intelligence,,,,,,,,,
114,106,21325,"Duckworth, Tammy",2,15,100,1/13/15,1/3/17,0,2,2,1,0,HRES30,Armed Services,21,8,IL,,,,,,,,,,
114,106,21315,"Peters, Scott",2,16,100,1/13/15,1/3/17,0,2,2,1,1,HRES30,Armed Services,71,52,CA,,,,,,,,,,
114,106,21365,"Veasey, Marc",2,17,100,1/13/15,1/3/17,0,2,2,1,1,HRES30,Armed Services,49,33,TX,,,,,,,,,,
114,106,21324,"Gabbard, Tulsi",2,18,100,1/13/15,1/3/17,0,2,2,1,1,HRES30,Armed Services,82,2,HI,,,,,,,,,,
114,106,20726,"Walz, Timothy J.",2,19,100,1/13/15,1/3/17,0,1,2,1,2,HRES30,Armed Services,33,1,MN,,,,,,,,,,
114,106,21361,"O'Rourke, Beto",2,20,100,1/13/15,1/3/17,0,1,2,1,1,HRES30,Armed Services,49,16,TX,,,,,,,,,,
114,106,21536,"Norcross, Donald",2,21,100,1/13/15,1/3/17,0,1,2,1,1,HRES30,Armed Services,12,1,NJ,,,,,,,,,,
114,106,21502,"Gallego, Ruben",2,22,100,1/13/15,1/3/17,0,1,2,1,1,HRES30,Armed Services,61,7,AZ,,,,,,,,,,
114,106,21517,"Takai, Mark",2,23,100,1/13/15,7/20/16,0,1,2,5,0,HRES30,Armed Services,82,1,HI,Died,,,,,,,,,
114,106,21511,"Graham, Gwen",2,24,100,1/13/15,1/3/17,0,1,2,1,0,HRES30,Armed Services,43,2,FL,,,,,,,,,,
114,106,21533,"Ashford, Brad",2,25,100,1/13/15,1/3/17,0,1,2,1,0,HRES30,Armed Services,35,2,NE,,,,,,,,,,
114,106,21525,"Moulton, Seth",2,26,100,1/13/15,1/3/17,0,1,2,1,1,HRES30,Armed Services,3,6,MA,,,,,,,,,,
114,106,21506,"Aguilar, Peter Rey",2,27,100,1/13/15,1/3/17,0,1,2,1,1,HRES30,Armed Services,71,31,CA,,,,,,,,,,
114,106,21546,"Russell, Steve",6,1,200,3/24/15,1/3/17,0,1,2,1,1,HRES165,Armed Services,53,5,OK,Replaced Palazzo,,,,,,,,,
114,115,20505,"Price, Tom",1,1,200,1/6/15,1/3/17,11,3,2,1,1,HRES6,Budget,44,6,GA,,,,,,,,,,
114,115,20336,"Garrett, Scott",1,2,200,1/21/15,1/3/17,0,7,2,1,0,HRES39,Budget,12,5,NJ,,,,,,,,,,
114,115,20316,"Diaz-Balart, Mario",1,3,200,1/21/15,1/3/17,0,1,2,1,1,HRES39,Budget,25,43,FL,,,,,,,,,,
114,115,20344,"Cole, Tom",1,4,200,1/21/15,1/3/17,0,3,2,1,1,HRES39,Budget,53,4,OK,,,,,,,,,,
114,115,20903,"McClintock, Tom",1,5,200,1/21/15,1/3/17,0,3,2,1,1,HRES39,Budget,71,4,CA,,,,,,,,,,
114,115,21180,"Black, Diane",1,6,200,1/21/15,1/3/17,0,3,2,1,1,HRES39,Budget,54,6,TN,,,,,,,,,,
114,115,21131,"Rokita, Todd",1,7,200,1/21/15,1/3/17,0,3,2,1,1,HRES39,Budget,22,4,IN,,,,,,,,,,
114,115,21122,"Woodall, Robert",1,8,200,1/21/15,1/3/17,0,3,2,1,1,HRES39,Budget,44,7,GA,,,,,,,,,,
114,115,20351,"Blackburn, Marsha",1,9,200,1/21/15,2/4/16,0,2,2,2,2,HRES39,Budget,54,7,TN,"Appointed chair, Select Committee on Infant Lives",,,,,,,,,
114,115,21149,"Hartzler, Vicky",1,10,200,1/21/15,1/3/17,0,2,2,1,2,HRES39,Budget,34,4,MO,,,,,,,,,,
114,115,21359,"Rice, Tom",1,11,200,1/21/15,11/5/15,0,2,2,2,2,HRES39,Budget,48,7,SC,Transferred to Ways and Means,,,,,,,,,
114,115,21100,"Stutzman, Marlin",1,12,200,1/21/15,1/3/17,0,1,2,1,0,HRES39,Budget,22,3,IN,,,,,,,,,,
114,115,29565,"Sanford, Marshall (Mark)",1,13,200,1/21/15,1/3/17,0,1,2,1,1,HRES39,Budget,48,1,SC,,,,,,,,,,
114,115,20914,"Schock, Aaron",1,14,200,1/21/15,3/17/15,0,1,2,4,0,HRES39,Budget,21,18,IL,Resigned due to an investigation of campaign funds; later resigned from the House,,,,,,,,,
114,115,21108,"Womack, Steve",1,15,200,1/21/15,1/3/17,0,1,2,1,1,HRES39,Budget,3,42,AR,,,,,,,,,,
114,115,21553,"Brat, Dave",1,16,200,1/21/15,1/3/17,0,1,2,1,1,HRES39,Budget,40,7,VA,,,,,,,,,,
114,115,21520,"Blum, Rod",1,17,200,1/21/15,1/3/17,0,1,2,1,2,HRES39,Budget,31,1,IA,,,,,,,,,,
114,115,21557,"Mooney, Alex",1,18,200,1/21/15,1/3/17,0,1,2,1,2,HRES39,Budget,56,2,WV,,,,,,,,,,
114,115,21559,"Grothman, Glenn",1,19,200,1/21/15,1/3/17,0,1,2,1,1,HRES39,Budget,25,6,WI,,,,,,,,,,
114,115,21500,"Palmer, Gary",1,20,200,1/21/15,1/3/17,0,1,2,1,1,HRES39,Budget,41,6,AL,,,,,,,,,,
114,115,21526,"Moolenaar, John",1,21,200,1/21/15,1/3/17,0,1,2,1,2,HRES39,Budget,23,4,MI,,,,,,,,,,
114,115,21563,"Westerman, Bruce",1,22,200,1/21/15,1/3/17,0,1,2,1,1,HRES39,Budget,42,4,AR,,,,,,,,,,
114,115,20330,"Van Hollen, Chris",2,1,100,1/6/15,1/3/17,21,3,2,1,0,HRES7,Budget,52,8,MD,,,,,,,,,,
114,115,20723,"Yarmuth, John A.",2,2,100,1/21/15,1/3/17,0,4,2,1,1,HRES40,Budget,51,3,KY,(To rank immediately after Mr. Van Hollen) Late appointment,,,,,,,,,
114,115,29741,"Pascrell, William J., Jr.",2,3,100,1/13/15,1/3/17,0,3,2,1,2,HRES30,Budget,12,9,NJ,,,,,,,,,,
114,115,20343,"Ryan, Timothy J.",2,4,100,1/13/15,1/3/17,0,3,2,1,2,HRES30,Budget,24,13,OH,,,,,,,,,,
114,115,20537,"Moore, Gwen",2,5,100,1/13/15,1/3/17,0,5,2,1,2,HRES30,Budget,25,4,WI,,,,,,,,,,
114,115,20708,"Castor, Kathy",2,6,100,1/13/15,1/3/17,0,3,2,1,2,HRES30,Budget,43,14,FL,,,,,,,,,,
114,115,15613,"McDermott, James A.",2,7,100,1/13/15,1/3/17,0,2,2,1,0,HRES30,Budget,73,7,WA,,,,,,,,,,
114,115,29778,"Lee, Barbara",2,8,100,1/13/15,1/3/17,0,2,2,1,1,HRES30,Budget,71,13,CA,,,,,,,,,,
114,115,21370,"Pocan, Mark",2,9,100,1/13/15,1/3/17,0,2,2,1,2,HRES30,Budget,25,2,WI,,,,,,,,,,
114,115,21341,"Grisham, Michelle Lujan",2,10,100,1/13/15,1/3/17,0,2,2,1,1,HRES30,Budget,66,1,NM,,,,,,,,,,
114,115,21529,"Dingell, Debbie",2,11,100,1/13/15,1/3/17,0,1,2,1,2,HRES30,Budget,23,12,MI,,,,,,,,,,
114,115,21507,"Lieu, Ted",2,12,100,1/13/15,1/3/17,0,1,2,1,2,HRES30,Budget,71,33,CA,,,,,,,,,,
114,115,21536,"Norcross, Donald",2,13,100,1/21/15,1/3/17,0,1,2,1,2,HRES40,Budget,12,1,NJ,,,,,,,,,,
114,115,21525,"Moulton, Seth",2,14,100,1/21/15,1/3/17,0,1,2,1,1,HRES40,Budget,3,6,MA,,,,,,,,,,
114,115,20709,"Buchanan, Vernon G.",6,1,200,3/18/15,12/8/15,0,1,2,3,2,HRES155,Budget,43,16,FL,Replaced Schock;  Appointed chair of Human Resource Subcommittee on Ways and Means,,,,,,,,,
114,115,21164,"Renacci, Jim",6,2,200,12/8/15,1/3/17,0,1,2,1,2,HRES555,Budget,24,16,OH,Replaced Rice,,,,,,,,,
114,115,21535,"Guinta, Frank",6,3,100,2/4/16,1/3/17,0,1,2,1,0,HRES602,Budget,4,1,NH,Replaced Buchanan; To rank immediately after Stutzman,,,,,,,,,
114,115,21162,"Johnson, Bill",6,4,100,2/4/16,1/3/17,0,1,2,1,2,HRES602,Budget,24,6,OH,Replaced Blackburn,,,,,,,,,
114,507,29760,"Brady, Kevin",1,1,200,1/7/15,11/30/15,81,6,2,3,2,H94,Economic (Joint),49,8,TX,Elected chair of Ways and Means,,,,,,,,,
114,507,21143,"Amash, Justin",1,2,200,1/22/15,1/3/17,0,3,2,1,2,H521,Economic (Joint),23,3,MI,,,,,,,,,,
114,507,20924,"Paulsen, Erik",1,3,200,1/22/15,1/3/17,0,2,2,1,1,H521,Economic (Joint),33,3,MN,,,,,,,,,,
114,507,21157,"Hanna, Richard",1,4,200,1/22/15,1/3/17,0,2,2,1,0,H521,Economic (Joint),13,22,NY,,,,,,,,,,
114,507,21105,"Schweikert, David",1,5,200,1/22/15,1/3/17,0,1,2,1,1,H521,Economic (Joint),61,6,AZ,,,,,,,,,,
114,507,21559,"Grothman, Glenn",1,6,200,1/22/15,1/3/17,0,1,2,1,2,H521,Economic (Joint),25,6,WI,,,,,,,,,,
114,507,29379,"Maloney, Carolyn B.",2,1,100,2/4/15,1/3/17,0,8,2,1,1,H789,Economic (Joint),13,12,NY,,,,,,,,,,
114,507,21334,"Delaney, John",2,2,100,3/3/15,1/3/17,0,2,2,1,1,H1564,Economic (Joint),52,6,MD,,,,,,,,,,
114,507,21545,"Adams, Alma",2,3,100,3/3/15,1/3/17,0,1,2,1,1,H1564,Economic (Joint),47,12,NC,,,,,,,,,,
114,507,21554,"Beyer, Virginia",2,4,100,3/3/15,1/3/17,0,1,2,1,1,H1564,Economic (Joint),40,8,VA,,,,,,,,,,
114,507,20130,"Tiberi, Patrick",6,1,200,11/30/15,1/3/17,81,1,2,1,1,H8435,Economic (Joint),24,12,OH,To rank before Amash; Replaced Brady,,,,,,,,,
114,124,20333,"Kline, John",1,1,200,1/6/15,1/3/17,11,7,2,1,0,HRES6,Education and the Workforce,33,2,MN,,,,,,,,,,
114,124,20138,"Wilson, Addison G. (Joe)",1,2,200,1/13/15,1/3/17,0,8,2,1,1,HRES29,Education and the Workforce,48,2,SC,,,,,,,,,,
114,124,20521,"Foxx, Virginia",1,3,200,1/13/15,1/3/17,0,6,2,1,1,HRES29,Education and the Workforce,47,5,NC,,,,,,,,,,
114,124,20963,"Hunter, Duncan",1,4,200,1/13/15,1/3/17,0,4,2,1,1,HRES29,Education and the Workforce,71,50,CA,,,,,,,,,,
114,124,20947,"Roe, David P.",1,5,200,1/13/15,1/3/17,0,4,2,1,1,HRES29,Education and the Workforce,54,1,TN,,,,,,,,,,
114,124,20946,"Thompson, Glenn",1,6,200,1/13/15,1/3/17,0,4,2,1,1,HRES29,Education and the Workforce,14,5,PA,,,,,,,,,,
114,124,20725,"Walberg, Tim",1,7,200,1/13/15,1/3/17,0,3,2,1,1,HRES29,Education and the Workforce,23,7,MI,,,,,,,,,,
114,124,29500,"Salmon, Matt",1,8,200,1/13/15,1/3/17,0,2,2,1,0,HRES29,Education and the Workforce,61,5,AZ,,,,,,,,,,
114,124,20916,"Guthrie, Brett",1,9,200,1/13/15,1/3/17,0,2,2,1,1,HRES29,Education and the Workforce,51,2,KY,,,,,,,,,,
114,124,21131,"Rokita, Todd",1,10,200,1/13/15,1/3/17,0,3,2,1,1,HRES29,Education and the Workforce,22,4,IN,,,,,,,,,,
114,124,21171,"Barletta, Lou",1,11,200,1/13/15,1/3/17,0,3,2,1,1,HRES29,Education and the Workforce,14,11,PA,,,,,,,,,,
114,124,21151,"Heck, Joe",1,12,200,1/13/15,1/3/17,0,3,2,1,0,HRES29,Education and the Workforce,65,3,NV,,,,,,,,,,
114,124,21332,"Messer, Luke",1,13,200,1/13/15,1/3/17,0,2,2,1,1,HRES29,Education and the Workforce,22,6,IN,,,,,,,,,,
114,124,21376,"Byrne, Bradley",1,14,200,1/13/15,1/3/17,0,1,2,1,1,HRES29,Education and the Workforce,41,1,AL,,,,,,,,,,
114,124,21553,"Brat, Dave",1,15,200,1/13/15,1/3/17,0,1,2,1,1,HRES29,Education and the Workforce,40,7,VA,,,,,,,,,,
114,124,21513,"Carter, Buddy",1,16,200,1/13/15,1/3/17,0,1,2,1,2,HRES29,Education and the Workforce,44,1,GA,,,,,,,,,,
114,124,21527,"Bishop, Mike",1,17,200,1/13/15,1/3/17,0,1,2,1,1,HRES29,Education and the Workforce,23,8,MI,,,,,,,,,,
114,124,21559,"Grothman, Glenn",1,18,200,1/13/15,1/3/17,0,1,2,1,1,HRES29,Education and the Workforce,25,6,WI,,,,,,,,,,
114,124,21546,"Russell, Steve",1,19,200,1/13/15,1/3/17,0,1,2,1,2,HRES29,Education and the Workforce,53,5,OK,,,,,,,,,,
114,124,21512,"Curbelo, Carlos",1,20,200,1/13/15,1/3/17,0,1,2,1,2,HRES29,Education and the Workforce,43,26,FL,,,,,,,,,,
114,124,21541,"Stefanik, Elise",1,21,200,1/13/15,1/3/17,0,1,2,1,1,HRES29,Education and the Workforce,13,21,NY,,,,,,,,,,
114,124,21516,"Allen, Rick",1,22,200,1/13/15,1/3/17,0,1,2,1,1,HRES29,Education and the Workforce,44,12,GA,,,,,,,,,,
114,124,39307,"Scott, Robert C.",2,1,100,1/6/15,1/3/17,21,6,4,1,1,HRES7,Education and the Workforce,40,3,VA,,,,,,,,,,
114,124,29763,"Hinojosa, Ruben",2,2,100,1/13/15,1/3/17,0,10,2,1,0,HRES30,Education and the Workforce,49,15,TX,,,,,,,,,,
114,124,20108,"Davis, Susan",2,3,100,1/13/15,1/3/17,0,8,2,1,1,HRES30,Education and the Workforce,71,53,CA,,,,,,,,,,
114,124,20305,"Grijalva, Raul M",2,4,100,1/13/15,1/3/17,0,7,2,1,1,HRES30,Education and the Workforce,61,3,AZ,,,,,,,,,,
114,124,20706,"Courtney, Joe",2,5,100,1/13/15,1/3/17,0,2,2,1,1,HRES30,Education and the Workforce,1,2,CT,,,,,,,,,,
114,124,20941,"Fudge, Marcia",2,6,100,1/13/15,1/3/17,0,3,2,1,1,HRES30,Education and the Workforce,24,11,OH,,,,,,,,,,
114,124,20904,"Polis, Jared",2,7,100,1/13/15,1/3/17,0,2,2,1,1,HRES30,Education and the Workforce,62,2,CO,,,,,,,,,,
114,124,70810,"Sablan, Gregorio",2,8,100,1/13/15,1/3/17,0,2,2,1,1,HRES30,Education and the Workforce,95,1,MP,,,,,,,,,,
114,124,21118,"Wilson, Frederica",2,9,100,1/13/15,1/3/17,0,2,2,1,1,HRES30,Education and the Workforce,43,24,FL,,,,,,,,,,
114,124,21198,"Bonamici, Suzanne",2,10,100,1/13/15,1/3/17,0,2,2,1,1,HRES30,Education and the Workforce,72,1,OR,,,,,,,,,,
114,124,21370,"Pocan, Mark",2,11,100,1/13/15,1/3/17,0,2,2,1,2,HRES30,Education and the Workforce,25,2,WI,,,,,,,,,,
114,124,21312,"Takano, Mark",2,12,100,1/13/15,1/3/17,0,2,2,1,1,HRES30,Education and the Workforce,71,41,CA,,,,,,,,,,
114,124,21343,"Jeffries, Hakeem",2,13,100,1/13/15,1/3/17,0,1,2,1,2,HRES30,Education and the Workforce,13,8,NY,,,,,,,,,,
114,124,21375,"Clark, Katherine Marlea",2,14,100,1/13/15,1/3/17,0,1,2,1,2,HRES30,Education and the Workforce,5,5,MA,,,,,,,,,,
114,124,21545,"Adams, Alma",2,15,100,1/13/15,1/3/17,0,1,2,1,1,HRES30,Education and the Workforce,44,12,NC,,,,,,,,,,
114,124,21504,"DeSaulnier, Mark",2,16,100,1/13/15,1/3/17,0,1,2,1,1,HRES30,Education and the Workforce,71,11,CA,,,,,,,,,,
114,128,15446,"Upton, Frederick S.",1,1,200,1/6/15,1/3/17,11,13,2,1,1,HRES6,Energy and Commerce,23,6,MI,,,,,,,,,,
114,128,15085,"Barton, Joe L.",1,2,200,1/13/15,1/3/17,0,15,2,1,1,HRES29,Energy and Commerce,49,6,TX,,,,,,,,,,
114,128,29525,"Whitfield, Edward",1,3,200,1/13/15,9/6/16,0,11,2,8,0,HRES29,Energy and Commerce,51,1,KY,Resigned following ethics investigation,,,,,,,,,
114,128,29718,"Shimkus, John M.",1,4,200,1/13/15,1/3/17,0,10,2,1,1,HRES29,Energy and Commerce,21,19,IL,,,,,,,,,,
114,128,29752,"Pitts, Joseph R.",1,5,200,1/13/15,1/3/17,0,8,2,1,0,HRES29,Energy and Commerce,14,16,PA,,,,,,,,,,
114,128,29932,"Walden, Greg",1,6,200,1/13/15,1/3/17,0,8,2,1,1,HRES29,Energy and Commerce,72,2,OR,,,,,,,,,,
114,128,20346,"Murphy, Tim",1,7,200,1/13/15,1/3/17,0,6,2,1,1,HRES29,Energy and Commerce,14,18,PA,,,,,,,,,,
114,128,20355,"Burgess, Michael",1,8,200,1/13/15,1/3/17,0,6,2,1,1,HRES29,Energy and Commerce,49,26,TX,,,,,,,,,,
114,128,20351,"Blackburn, Marsha",1,9,200,1/13/15,1/3/17,0,5,4,1,1,HRES29,Energy and Commerce,54,7,TN,,,,,,,,,,
114,128,20759,"Scalise, Steve",1,10,200,1/13/15,1/3/17,0,4,2,1,1,HRES29,Energy and Commerce,45,1,LA,,,,,,,,,,
114,128,20755,"Latta, Robert E.",1,11,200,1/13/15,1/3/17,0,4,2,1,1,HRES29,Energy and Commerce,24,5,OH,,,,,,,,,,
114,128,20535,"McMorris Rodgers, Cathy",1,12,200,1/13/15,1/3/17,0,3,2,1,1,HRES29,Energy and Commerce,73,5,WA,,,,,,,,,,
114,128,20925,"Harper, Gregg",1,13,200,1/13/15,1/3/17,0,3,2,1,1,HRES29,Energy and Commerce,46,3,MS,,,,,,,,,,
114,128,20929,"Lance, Leonard",1,14,200,1/13/15,1/3/17,0,3,2,1,1,HRES29,Energy and Commerce,12,7,NJ,,,,,,,,,,
114,128,20916,"Guthrie, Brett",1,15,200,1/13/15,1/3/17,0,3,2,1,1,HRES29,Energy and Commerce,51,2,KY,,,,,,,,,,
114,128,20948,"Olson, Pete",1,16,200,1/13/15,1/3/17,0,3,2,1,1,HRES29,Energy and Commerce,49,22,TX,,,,,,,,,,
114,128,21188,"McKinley, David",1,17,200,1/13/15,1/3/17,0,3,2,1,1,HRES29,Energy and Commerce,56,1,WV,,,,,,,,,,
114,128,21136,"Pompeo, Mike",1,18,200,1/13/15,1/3/17,0,3,2,1,2,HRES29,Energy and Commerce,32,4,KS,,,,,,,,,,
114,128,21128,"Kinzinger, Adam",1,19,200,1/13/15,1/3/17,0,3,2,1,1,HRES29,Energy and Commerce,21,16,IL,,,,,,,,,,
114,128,21191,"Griffith, Morgan",1,20,200,1/13/15,1/3/17,0,3,2,1,1,HRES29,Energy and Commerce,40,9,VA,,,,,,,,,,
114,128,20758,"Bilirakis, Gus",1,21,200,1/13/15,1/3/17,0,2,2,1,1,HRES29,Energy and Commerce,43,12,FL,,,,,,,,,,
114,128,21162,"Johnson, Bill",1,22,200,1/13/15,1/3/17,0,2,2,1,1,HRES29,Energy and Commerce,24,6,OH,,,,,,,,,,
114,128,21150,"Long, Billy",1,23,200,1/13/15,1/3/17,0,2,2,1,1,HRES29,Energy and Commerce,34,7,MO,,,,,,,,,,
114,128,21159,"Ellmers, Renee",1,24,200,1/13/15,1/3/17,0,2,2,1,0,HRES29,Energy and Commerce,47,2,NC,,,,,,,,,,
114,128,21132,"Bucshon, Larry",1,25,200,1/13/15,1/3/17,0,1,2,1,1,HRES29,Energy and Commerce,22,8,IN,,,,,,,,,,
114,128,21182,"Flores, Bill",1,26,200,1/13/15,1/3/17,0,1,2,1,1,HRES29,Energy and Commerce,49,17,TX,,,,,,,,,,
114,128,21331,"Brooks, Susan",1,27,200,1/13/15,1/3/17,0,1,2,1,1,HRES29,Energy and Commerce,22,5,IN,,,,,,,,,,
114,128,21355,"Mullin, Markwayne",1,28,200,1/13/15,1/3/17,0,1,2,1,1,HRES29,Energy and Commerce,53,2,OK,,,,,,,,,,
114,128,21346,"Hudson, Richard",1,29,200,1/13/15,1/3/17,0,1,2,1,1,HRES29,Energy and Commerce,47,8,NC,,,,,,,,,,
114,128,21345,"Collins, Chris",1,30,200,1/13/15,1/3/17,0,1,2,1,1,HRES29,Energy and Commerce,13,27,NY,,,,,,,,,,
114,128,21350,"Cramer, Kevin",1,31,200,1/13/15,1/3/17,0,1,2,1,1,HRES29,Energy and Commerce,36,1,ND,,,,,,,,,,
114,128,15454,"Pallone, Frank, Jr.",2,1,100,1/6/15,1/3/17,21,10,4,1,1,HRES7,Energy and Commerce,12,6,NJ,,,,,,,,,,
114,128,29346,"Rush, Bobby L.",2,2,100,1/6/15,1/3/17,0,11,2,1,1,HRES7,Energy and Commerce,21,1,IL,,,,,,,,,,
114,128,29312,"Eshoo, Anna G.",2,3,100,1/6/15,1/3/17,0,11,2,1,1,HRES7,Energy and Commerce,71,18,CA,,,,,,,,,,
114,128,15603,"Engel, Eliot L.",2,4,100,1/6/15,1/3/17,0,11,2,1,1,HRES7,Energy and Commerce,13,16,NY,,,,,,,,,,
114,128,39304,"Green, Gene",2,5,100,1/6/15,1/3/17,0,10,2,1,1,HRES7,Energy and Commerce,49,29,TX,,,,,,,,,,
114,128,29710,"DeGette, Diana",2,6,100,1/6/15,1/3/17,0,10,2,1,1,HRES7,Energy and Commerce,62,1,CO,,,,,,,,,,
114,128,29774,"Capps, Lois",2,7,100,1/6/15,1/3/17,0,9,2,1,2,HRES7,Energy and Commerce,71,24,CA,,,,,,,,,,
114,128,29561,"Doyle, Michael F.",2,8,100,1/6/15,1/3/17,0,8,2,1,1,HRES7,Energy and Commerce,14,14,PA,,,,,,,,,,
114,128,29911,"Schakowsky, Janice D",2,9,100,1/6/15,1/3/17,0,7,2,1,1,HRES7,Energy and Commerce,21,9,IL,,,,,,,,,,
114,128,20340,"Butterfield, George Kenneth, Jr. (G.K.)",2,10,100,1/6/15,1/3/17,0,5,2,1,1,HRES7,Energy and Commerce,47,1,NC,,,,,,,,,,
114,128,20538,"Matsui, Doris O.",2,11,100,1/6/15,1/3/17,0,5,2,1,1,HRES7,Energy and Commerce,71,6,CA,,,,,,,,,,
114,128,20708,"Castor, Kathy",2,12,100,1/6/15,1/3/17,0,3,2,1,1,HRES7,Energy and Commerce,43,14,FL,,,,,,,,,,
114,128,20724,"Sarbanes, John P.",2,13,100,1/6/15,1/3/17,0,3,2,1,1,HRES7,Energy and Commerce,52,3,MD,,,,,,,,,,
114,128,20702,"McNerney, Jerry",2,14,100,1/6/15,1/3/17,0,2,2,1,1,HRES7,Energy and Commerce,71,9,CA,,,,,,,,,,
114,128,20750,"Welch, Peter",2,15,100,1/6/15,1/3/17,0,2,2,1,1,HRES7,Energy and Commerce,6,1,VT,,,,,,,,,,
114,128,20932,"Luján, Ben Ray",2,16,100,1/6/15,1/3/17,0,2,2,1,1,HRES7,Energy and Commerce,66,3,NM,,,,,,,,,,
114,128,20934,"Tonko, Paul",2,17,100,1/6/15,1/3/17,0,2,2,1,1,HRES7,Energy and Commerce,13,20,NY,(When sworn),,,,,,,,,
114,128,20723,"Yarmuth, John A.",2,18,100,1/6/15,1/3/17,0,1,2,1,2,HRES7,Energy and Commerce,51,3,KY,,,,,,,,,,
114,128,20733,"Clarke, Yvette D.",2,19,100,1/6/15,1/3/17,0,1,2,1,1,HRES7,Energy and Commerce,13,9,NY,,,,,,,,,,
114,128,20720,"Loebsack, David",2,20,100,1/6/15,1/3/17,0,1,2,1,1,HRES7,Energy and Commerce,31,2,IA,,,,,,,,,,
114,128,20944,"Schrader, Kurt",2,21,100,1/6/15,1/3/17,0,1,2,1,1,HRES7,Energy and Commerce,72,5,OR,,,,,,,,,,
114,128,21335,"Kennedy, Joseph P., III",2,22,100,1/6/15,1/3/17,0,1,2,1,1,HRES7,Energy and Commerce,3,4,MA,,,,,,,,,,
114,128,21309,"Cardenas, Tony",2,23,100,1/6/15,1/3/17,0,1,2,1,1,HRES7,Energy and Commerce,71,29,CA,,,,,,,,,,
114,186,20526,"Dent, Charles W.",1,1,200,1/6/15,1/3/17,11,4,2,1,2,HRES6,Ethics,14,15,PA,,,,,,,,,,
114,186,21168,"Meehan, Pat",1,2,200,1/6/15,1/3/17,0,2,2,1,1,HRES6,Ethics,14,7,PA,,,,,,,,,,
114,186,21175,"Gowdy, Trey",1,3,200,1/6/15,1/3/17,0,2,2,1,1,HRES6,Ethics,48,4,SC,,,,,,,,,,
114,186,21331,"Brooks, Susan",1,4,200,1/6/15,1/3/17,0,2,2,1,1,HRES6,Ethics,22,5,IN,,,,,,,,,,
114,186,20532,"Marchant, Kenny",1,5,200,1/6/15,1/3/17,0,1,2,1,1,HRES6,Ethics,49,24,TX,,,,,,,,,,
114,186,20310,"Sanchez, Linda",2,1,100,1/13/15,1/3/17,21,3,2,1,1,HRES30,Ethics,71,38,CA,,,,,,,,,,
114,186,29919,"Capuano, Michael E.",2,2,100,2/2/15,1/3/17,0,2,2,1,2,HRES71,Ethics,3,7,MA,,,,,,,,,,
114,186,20733,"Clarke, Yvette D.",2,3,100,2/2/15,1/3/17,0,2,2,1,1,HRES71,Ethics,13,9,NY,,,,,,,,,,
114,186,20959,"Deutch, Theodore E.",2,4,100,2/2/15,1/3/17,0,2,2,1,1,HRES71,Ethics,43,21,FL,,,,,,,,,,
114,186,29908,"Larson, John B.",2,5,100,2/2/15,1/3/17,0,1,2,1,2,HRES71,Ethics,1,1,CT,,,,,,,,,,
114,299,21175,"Gowdy, Trey",1,1,200,1/6/15,1/3/17,11,2,2,1,4,H35,Events Surrounding the 2012 Terrorist Attack on Benghazi (Select),48,4,SC,,,,,,,,,,
114,299,20506,"Westmoreland, Lynn A.",1,2,200,1/13/15,1/3/17,0,2,2,1,0,H354,Events Surrounding the 2012 Terrorist Attack on Benghazi (Select),44,3,GA,,,,,,,,,,
114,299,20738,"Jordan, Jim",1,3,200,1/13/15,1/3/17,0,2,2,1,4,H354,Events Surrounding the 2012 Terrorist Attack on Benghazi (Select),24,4,OH,,,,,,,,,,
114,299,20715,"Roskam, Peter J.",1,4,200,1/13/15,1/3/17,0,2,2,1,4,H354,Events Surrounding the 2012 Terrorist Attack on Benghazi (Select),21,6,IL,,,,,,,,,,
114,299,21136,"Pompeo, Mike",1,5,200,1/13/15,1/3/17,0,2,2,1,4,H354,Events Surrounding the 2012 Terrorist Attack on Benghazi (Select),32,4,KS,,,,,,,,,,
114,299,21192,"Roby, Martha",1,6,200,1/13/15,1/3/17,0,2,2,1,4,H354,Events Surrounding the 2012 Terrorist Attack on Benghazi (Select),41,2,AL,,,,,,,,,,
114,299,21331,"Brooks, Susan",1,7,200,1/13/15,1/3/17,0,2,2,1,4,H354,Events Surrounding the 2012 Terrorist Attack on Benghazi (Select),22,5,IN,,,,,,,,,,
114,299,29587,"Cummings, Elijah E.",2,1,100,2/9/15,1/3/17,21,2,2,1,4,H859,Events Surrounding the 2012 Terrorist Attack on Benghazi (Select),52,7,MD,,,,,,,,,,
114,299,29768,"Smith, Adam",2,2,100,2/9/15,1/3/17,0,2,2,1,4,H859,Events Surrounding the 2012 Terrorist Attack on Benghazi (Select),73,9,WA,,,,,,,,,,
114,299,20104,"Schiff, Adam",2,3,100,2/9/15,1/3/17,0,2,2,1,4,H859,Events Surrounding the 2012 Terrorist Attack on Benghazi (Select),71,28,CA,,,,,,,,,,
114,299,20310,"Sanchez, Linda",2,4,100,2/9/15,1/3/17,0,2,2,1,4,H859,Events Surrounding the 2012 Terrorist Attack on Benghazi (Select),71,38,CA,,,,,,,,,,
114,299,21325,"Duckworth, Tammy",2,5,100,2/9/15,1/3/17,0,2,2,1,0,H859,Events Surrounding the 2012 Terrorist Attack on Benghazi (Select),21,8,IL,,,,,,,,,,
114,113,20352,"Hensarling, Jeb",1,1,200,1/6/15,1/3/17,11,7,2,1,1,HRES6,Financial Services,49,5,TX,,,,,,,,,,
114,113,29375,"King, Peter T.",1,2,200,1/13/15,1/3/17,0,5,4,1,1,HRES29,Financial Services,13,2,NY,,,,,,,,,,
114,113,29321,"Royce, Ed",1,3,200,1/13/15,1/3/17,0,11,2,1,1,HRES29,Financial Services,71,39,CA,,,,,,,,,,
114,113,29393,"Lucas, Frank D.",1,4,200,1/13/15,1/3/17,0,11,2,1,1,HRES29,Financial Services,53,3,OK,,,,,,,,,,
114,113,20336,"Garrett, Scott",1,5,200,1/13/15,1/3/17,0,7,2,1,0,HRES29,Financial Services,12,5,NJ,,,,,,,,,,
114,113,20353,"Neugebauer, Randy",1,6,200,1/13/15,1/3/17,0,6,2,1,0,HRES29,Financial Services,49,19,TX,,,,,,,,,,
114,113,20522,"McHenry, Patrick T.",1,7,200,1/13/15,1/3/17,0,6,2,1,1,HRES29,Financial Services,47,10,NC,,,,,,,,,,
114,113,20337,"Pearce, Stevan",1,8,200,1/13/15,1/3/17,0,3,4,1,1,HRES29,Financial Services,66,2,NM,,,,,,,,,,
114,113,20909,"Posey, Bill",1,9,200,1/13/15,1/3/17,0,4,2,1,1,HRES29,Financial Services,43,8,FL,,,,,,,,,,
114,113,21169,"Fitzpatrick, Michael G.",1,10,200,1/13/15,1/3/17,0,3,2,1,0,HRES29,Financial Services,14,8,PA,,,,,,,,,,
114,113,20506,"Westmoreland, Lynn A.",1,11,200,1/13/15,1/3/17,0,3,2,1,0,HRES29,Financial Services,44,3,GA,,,,,,,,,,
114,113,20926,"Luetkemeyer, Blaine",1,12,200,1/13/15,1/3/17,0,3,2,1,1,HRES29,Financial Services,34,3,MO,,,,,,,,,,
114,113,21142,"Huizenga, Bill",1,13,200,1/13/15,1/3/17,0,3,2,1,1,HRES29,Financial Services,23,2,MI,,,,,,,,,,
114,113,21189,"Duffy, Sean P.",1,14,200,1/13/15,1/3/17,0,3,2,1,1,HRES29,Financial Services,25,7,WI,,,,,,,,,,
114,113,21186,"Hurt, Robert",1,15,200,1/13/15,1/3/17,0,3,2,1,0,HRES29,Financial Services,40,5,VA,,,,,,,,,,
114,113,21163,"Stivers, Steve",1,16,200,1/13/15,1/3/17,0,3,2,1,1,HRES29,Financial Services,24,15,OH,,,,,,,,,,
114,113,21181,"Fincher, Stephen",1,17,200,1/13/15,1/3/17,0,2,2,1,0,HRES29,Financial Services,54,8,TN,,,,,,,,,,
114,113,21100,"Stutzman, Marlin",1,18,200,1/13/15,1/3/17,0,2,2,1,0,HRES29,Financial Services,22,3,IN,,,,,,,,,,
114,113,21176,"Mulvaney, Mick",1,19,200,1/13/15,1/3/17,0,2,2,1,2,HRES29,Financial Services,48,5,SC,,,,,,,,,,
114,113,21129,"Hultgren, Randy",1,20,200,1/13/15,1/3/17,0,2,2,1,1,HRES29,Financial Services,21,14,IL,,,,,,,,,,
114,113,21117,"Ross, Dennis",1,21,200,1/13/15,1/3/17,0,2,2,1,1,HRES29,Financial Services,43,15,FL,,,,,,,,,,
114,113,21347,"Pittenger, Robert",1,22,200,1/13/15,1/3/17,0,2,2,1,1,HRES29,Financial Services,47,9,NC,,,,,,,,,,
114,113,21337,"Wagner, Ann",1,23,200,1/13/15,1/3/17,0,2,2,1,1,HRES29,Financial Services,34,2,MO,,,,,,,,,,
114,113,21333,"Barr, Andy",1,24,200,1/13/15,1/3/17,0,2,2,1,1,HRES29,Financial Services,51,6,KY,,,,,,,,,,
114,113,21357,"Rothfus, Keith J.",1,25,200,1/13/15,1/3/17,0,2,2,1,1,HRES29,Financial Services,14,12,PA,,,,,,,,,,
114,113,21332,"Messer, Luke",1,26,200,1/13/15,1/3/17,0,2,2,1,1,HRES29,Financial Services,22,6,IN,,,,,,,,,,
114,113,21105,"Schweikert, David",1,27,200,1/13/15,1/3/17,0,1,2,1,2,HRES29,Financial Services,61,6,AZ,,,,,,,,,,
114,113,21518,"Dold, Bob",1,28,200,1/13/15,4/29/15,0,1,2,2,2,HRES29,Financial Services,21,10,IL,Transferred to Ways and Means,,,,,,,,,
114,113,21535,"Guinta, Frank",1,29,200,1/13/15,1/3/17,0,1,2,1,0,HRES29,Financial Services,4,1,NH,,,,,,,,,,
114,113,21111,"Tipton, Scott",1,30,200,1/13/15,1/3/17,0,1,2,1,1,HRES29,Financial Services,62,3,CO,,,,,,,,,,
114,113,21364,"Williams, Roger",1,31,200,1/13/15,1/3/17,0,1,2,1,1,HRES29,Financial Services,49,25,TX,,,,,,,,,,
114,113,21524,"Poliquin, Bruce",1,32,200,1/13/15,1/3/17,0,1,2,1,1,HRES29,Financial Services,2,2,ME,,,,,,,,,,
114,113,21552,"Love, Mia",1,33,200,1/13/15,1/3/17,0,1,2,1,1,HRES29,Financial Services,67,4,UT,,,,,,,,,,
114,113,21503,"Hill, French",1,34,200,1/13/15,1/3/17,0,1,2,1,1,HRES29,Financial Services,42,2,AR,,,,,,,,,,
114,113,29106,"Waters, Maxine",2,1,100,1/6/15,1/3/17,11,13,2,1,1,HRES7,Financial Services,71,43,CA,When sworn,,,,,,,,,
114,113,29379,"Maloney, Carolyn B.",2,2,100,1/6/15,1/3/17,0,12,2,1,1,HRES7,Financial Services,13,12,NY,,,,,,,,,,
114,113,29378,"Velazquez, Nydia M.",2,3,100,1/6/15,1/3/17,0,12,2,1,1,HRES7,Financial Services,13,7,NY,When sworn,,,,,,,,,
114,113,29707,"Sherman, Brad",2,4,100,1/6/15,1/3/17,0,10,2,1,1,HRES7,Financial Services,71,30,CA,,,,,,,,,,
114,113,29776,"Meeks, Gregory W.",2,5,100,1/6/15,1/3/17,0,10,2,1,1,HRES7,Financial Services,13,5,NY,When sworn,,,,,,,,,
114,113,29919,"Capuano, Michael E.",2,6,100,1/6/15,1/3/17,0,9,2,1,1,HRES7,Financial Services,3,7,MA,,,,,,,,,,
114,113,29763,"Hinojosa, Ruben",2,7,100,1/6/15,1/3/17,0,8,2,1,0,HRES7,Financial Services,49,15,TX,,,,,,,,,,
114,113,20147,"Clay, William L., Jr.",2,8,100,1/6/15,1/3/17,0,8,4,1,1,HRES7,Financial Services,34,1,MO,,,,,,,,,,
114,113,20119,"Lynch, Stephen F.",2,9,100,1/6/15,1/3/17,0,7,2,1,1,HRES7,Financial Services,3,8,MA,,,,,,,,,,
114,113,20321,"Scott, David",2,10,100,1/6/15,1/3/17,0,7,2,1,1,HRES7,Financial Services,44,13,GA,,,,,,,,,,
114,113,20529,"Green, Al",2,11,100,1/6/15,1/3/17,0,6,2,1,1,HRES7,Financial Services,49,9,TX,,,,,,,,,,
114,113,20517,"Cleaver, Emanuel",2,12,100,1/6/15,1/3/17,0,6,2,1,1,HRES7,Financial Services,34,5,MO,,,,,,,,,,
114,113,20537,"Moore, Gwen",2,13,100,1/6/15,1/3/17,0,6,2,1,1,HRES7,Financial Services,25,4,WI,,,,,,,,,,
114,113,20727,"Ellison, Keith",2,14,100,1/6/15,1/3/17,0,5,2,1,1,HRES7,Financial Services,33,5,MN,,,,,,,,,,
114,113,20705,"Perlmutter, Ed",2,15,100,1/6/15,1/3/17,0,5,2,1,1,HRES7,Financial Services,62,7,CO,,,,,,,,,,
114,113,20907,"Himes, James A.",2,16,100,1/6/15,1/3/17,0,4,2,1,1,HRES7,Financial Services,1,4,CT,,,,,,,,,,
114,113,21113,"Carney, John",2,17,100,1/6/15,1/3/17,0,3,2,1,0,HRES7,Financial Services,11,1,DE,,,,,,,,,,
114,113,21102,"Sewell, Terri A.",2,18,100,1/6/15,1/3/17,0,2,2,1,2,HRES7,Financial Services,41,7,AL,,,,,,,,,,
114,113,20749,"Foster, Bill",2,19,100,1/6/15,1/3/17,0,2,2,1,1,HRES7,Financial Services,21,11,IL,,,,,,,,,,
114,113,21372,"Kildee, Dan",2,20,100,1/6/15,1/3/17,0,2,2,1,1,HRES7,Financial Services,23,5,MI,,,,,,,,,,
114,113,21319,"Murphy, Patrick",2,21,100,1/6/15,1/3/17,0,2,2,1,0,HRES7,Financial Services,43,18,FL,,,,,,,,,,
114,113,21334,"Delaney, John",2,22,100,1/6/15,1/3/17,0,2,2,1,1,HRES7,Financial Services,52,6,MD,,,,,,,,,,
114,113,21300,"Sinema, Kyrsten",2,23,100,1/6/15,1/3/17,0,2,2,1,1,HRES7,Financial Services,61,9,AZ,,,,,,,,,,
114,113,21352,"Beatty, Joyce",2,24,100,1/6/15,1/3/17,0,2,2,1,1,HRES7,Financial Services,24,3,OH,,,,,,,,,,
114,113,21369,"Heck, Denny",2,25,100,1/6/15,1/3/17,0,2,2,1,1,HRES7,Financial Services,73,10,WA,,,,,,,,,,
114,113,21314,"Vargas, Juan",2,26,100,1/6/15,1/3/17,0,1,2,1,1,HRES7,Financial Services,71,51,CA,,,,,,,,,,
114,113,21531,"Emmer, Tom",6,34,200,5/19/15,1/3/17,0,1,2,1,1,HRES272,Financial Services,33,6,MN,Replaced Dold,,,,,,,,,
114,134,29321,"Royce, Ed",1,1,200,1/6/15,1/3/17,11,12,2,1,1,HRES6,Foreign Affairs,71,39,CA,,,,,,,,,,
114,134,14863,"Smith, Christopher H.",1,2,200,1/13/15,1/3/17,0,16,2,1,1,HRES29,Foreign Affairs,12,4,NJ,,,,,,,,,,
114,134,15634,"Ros-Lehtinen, Ileana",1,3,200,1/13/15,1/3/17,0,14,2,1,1,HRES29,Foreign Affairs,43,27,FL,,,,,,,,,,
114,134,15621,"Rohrabacher, Dana",1,4,200,1/13/15,1/3/17,0,12,2,1,1,HRES29,Foreign Affairs,71,48,CA,,,,,,,,,,
114,134,29550,"Chabot, Steven J.",1,5,200,1/13/15,1/3/17,0,3,2,1,1,HRES29,Foreign Affairs,24,1,OH,,,,,,,,,,
114,134,20138,"Wilson, Addison G. (Joe)",1,6,200,1/13/15,1/3/17,0,6,2,1,1,HRES29,Foreign Affairs,48,2,SC,,,,,,,,,,
114,134,20530,"McCaul, Michael T.",1,7,200,1/13/15,1/3/17,0,6,2,1,1,HRES29,Foreign Affairs,49,10,TX,,,,,,,,,,
114,134,20528,"Poe, Ted",1,8,200,1/13/15,1/3/17,0,6,2,1,1,HRES29,Foreign Affairs,49,2,TX,,,,,,,,,,
114,134,29500,"Salmon, Matt",1,9,200,1/13/15,1/3/17,0,2,2,1,0,HRES29,Foreign Affairs,61,5,AZ,,,,,,,,,,
114,134,20107,"Issa, Darrell",1,10,200,1/13/15,1/3/17,0,1,2,1,1,HRES29,Foreign Affairs,71,49,CA,,,,,,,,,,
114,134,21170,"Marino, Tom",1,11,200,1/13/15,1/3/17,0,3,2,1,1,HRES29,Foreign Affairs,14,10,PA,,,,,,,,,,
114,134,21174,"Duncan, Jeff",1,12,200,1/13/15,1/3/17,0,3,2,1,1,HRES29,Foreign Affairs,48,3,SC,,,,,,,,,,
114,134,21193,"Brooks, Mo",1,13,200,1/13/15,1/3/17,0,2,2,1,1,HRES29,Foreign Affairs,41,5,AL,,,,,,,,,,
114,134,21305,"Cook, Paul",1,14,200,1/13/15,1/3/17,0,2,2,1,1,HRES29,Foreign Affairs,71,8,CA,,,,,,,,,,
114,134,21360,"Weber, Randy",1,15,200,1/13/15,1/3/17,0,2,2,1,2,HRES29,Foreign Affairs,49,14,TX,,,,,,,,,,
114,134,21356,"Perry, Scott",1,16,200,1/13/15,1/3/17,0,2,2,1,1,HRES29,Foreign Affairs,14,4,PA,,,,,,,,,,
114,134,21318,"DeSantis, Ron",1,17,200,1/13/15,1/3/17,0,2,2,1,1,HRES29,Foreign Affairs,43,6,FL,,,,,,,,,,
114,134,21348,"Meadows, Mark",1,18,200,1/13/15,1/3/17,0,2,2,1,1,HRES29,Foreign Affairs,47,11,NC,,,,,,,,,,
114,134,21317,"Yoho, Ted",1,19,200,1/13/15,1/3/17,0,2,2,1,1,HRES29,Foreign Affairs,43,3,FL,,,,,,,,,,
114,134,21377,"Clawson, Curt",1,20,200,1/13/15,1/3/17,0,2,2,1,0,HRES29,Foreign Affairs,43,19,FL,,,,,,,,,,
114,134,21179,"DesJarlais, Scott",1,21,200,1/13/15,1/3/17,0,1,2,1,2,HRES29,Foreign Affairs,54,4,TN,,,,,,,,,,
114,134,21190,"Ribble, Reid",1,22,200,1/13/15,1/3/17,0,1,2,1,0,HRES29,Foreign Affairs,25,8,WI,,,,,,,,,,
114,134,21528,"Trott, Dave",1,23,200,1/13/15,1/3/17,0,1,2,1,2,HRES29,Foreign Affairs,23,11,MI,,,,,,,,,,
114,134,21539,"Zeldin, Lee",1,24,200,1/13/15,1/3/17,0,1,2,1,1,HRES29,Foreign Affairs,13,1,NY,,,,,,,,,,
114,134,21531,"Emmer, Tom",1,25,200,1/13/15,5/19/15,0,1,2,2,2,HRES29,Foreign Affairs,33,6,MN,Transferred to Financial Services,,,,,,,,,
114,134,15603,"Engel, Eliot L.",2,1,100,1/6/15,1/3/17,21,8,4,1,1,HRES7,Foreign Affairs,13,16,NY,When sworn,,,,,,,,,
114,134,29707,"Sherman, Brad",2,2,100,1/13/15,1/3/17,0,10,2,1,1,HRES30,Foreign Affairs,71,30,CA,,,,,,,,,,
114,134,29776,"Meeks, Gregory W.",2,3,100,1/13/15,1/3/17,0,9,2,1,1,HRES30,Foreign Affairs,13,5,NY,,,,,,,,,,
114,134,20542,"Sires, Albio",2,4,100,1/13/15,1/3/17,0,5,2,1,1,HRES30,Foreign Affairs,12,8,NJ,,,,,,,,,,
114,134,20952,"Connolly, Gerald E.",2,5,100,1/13/15,1/3/17,0,4,2,1,1,HRES30,Foreign Affairs,40,11,VA,,,,,,,,,,
114,134,20959,"Deutch, Theodore E.",2,6,100,1/13/15,1/3/17,0,4,2,1,1,HRES30,Foreign Affairs,43,21,FL,,,,,,,,,,
114,134,20519,"Higgins, Brian",2,7,100,1/13/15,1/3/17,0,3,2,1,2,HRES30,Foreign Affairs,13,26,NY,,,,,,,,,,
114,134,21110,"Bass, Karen",2,8,100,1/13/15,1/3/17,0,3,2,1,1,HRES30,Foreign Affairs,71,37,CA,,,,,,,,,,
114,134,21140,"Keating, William",2,9,100,1/13/15,1/3/17,0,3,2,1,1,HRES30,Foreign Affairs,3,9,MA,,,,,,,,,,
114,134,21172,"Cicilline, David",2,10,100,1/13/15,1/3/17,0,3,2,1,1,HRES30,Foreign Affairs,5,1,RI,,,,,,,,,,
114,134,20908,"Grayson, Alan",2,11,100,1/13/15,1/3/17,0,2,2,1,0,HRES30,Foreign Affairs,43,9,FL,,,,,,,,,,
114,134,21304,"Bera, Ami",2,12,100,1/13/15,1/3/17,0,2,2,1,1,HRES30,Foreign Affairs,71,7,CA,,,,,,,,,,
114,134,21313,"Lowenthal, Alan",2,13,100,1/13/15,1/3/17,0,2,2,1,2,HRES30,Foreign Affairs,71,41,CA,,,,,,,,,,
114,134,21342,"Meng, Grace",2,14,100,1/13/15,1/3/17,0,2,2,1,2,HRES30,Foreign Affairs,13,6,NY,,,,,,,,,,
114,134,21321,"Frankel, Lois",2,15,100,1/13/15,1/3/17,0,2,2,1,1,HRES30,Foreign Affairs,43,22,FL,,,,,,,,,,
114,134,21324,"Gabbard, Tulsi",2,16,100,1/13/15,1/3/17,0,2,2,1,1,HRES30,Foreign Affairs,82,2,HI,,,,,,,,,,
114,134,21362,"Castro, Joaquin",2,17,100,1/13/15,1/3/17,0,2,2,1,1,HRES30,Foreign Affairs,49,20,TX,,,,,,,,,,
114,134,21371,"Kelly, Robin",2,18,100,1/13/15,1/3/17,0,1,2,1,1,HRES30,Foreign Affairs,21,2,IL,,,,,,,,,,
114,134,21548,"Boyle, Brendan Francis",2,19,100,1/13/15,1/3/17,0,1,2,1,1,HRES30,Foreign Affairs,14,13,PA,,,,,,,,,,
114,134,21560,"Donovan, Daniel",6,1,200,6/19/15,1/3/17,0,1,2,1,1,HRES272,Foreign Affairs,13,11,NY,Replaced Emmer,,,,,,,,,
114,251,20530,"McCaul, Michael T.",1,1,200,1/6/15,1/3/17,11,6,2,1,1,HRES6,Homeland Security,49,10,TX,,,,,,,,,,
114,251,15445,"Smith, Lamar S.",1,2,200,1/13/15,1/3/17,0,7,2,1,1,HRES29,Homeland Security,49,21,TX,,,,,,,,,,
114,251,29375,"King, Peter T.",1,3,200,1/13/15,1/3/17,0,7,2,1,1,HRES29,Homeland Security,13,2,NY,,,,,,,,,,
114,251,20301,"Rogers, Mike Dennis",1,4,200,1/13/15,1/3/17,0,1,2,1,1,HRES29,Homeland Security,41,3,AL,,,,,,,,,,
114,251,20331,"Miller, Candice S.",1,5,200,1/13/15,12/31/16,0,5,2,6,0,HRES29,Homeland Security,23,10,MI,Resigned to become Macomb County Public Works Commissioner,,,,,,,,,
114,251,21174,"Duncan, Jeff",1,6,200,1/13/15,1/3/17,0,3,2,1,1,HRES29,Homeland Security,48,3,SC,,,,,,,,,,
114,251,21170,"Marino, Tom",1,7,200,1/13/15,1/3/17,0,3,2,1,1,HRES29,Homeland Security,14,10,PA,,,,,,,,,,
114,251,21148,"Palazzo, Steven",1,8,200,1/13/15,3/24/15,0,2,2,2,2,HRES29,Homeland Security,46,4,MS,Transferred to Appropriations,,,,,,,,,
114,251,21171,"Barletta, Lou",1,9,200,1/13/15,1/3/17,0,2,2,1,1,HRES29,Homeland Security,14,11,PA,,,,,,,,,,
114,251,21356,"Perry, Scott",1,10,200,1/13/15,1/3/17,0,2,2,1,1,HRES29,Homeland Security,14,4,PA,,,,,,,,,,
114,251,21377,"Clawson, Curt",1,11,200,1/13/15,1/3/17,0,1,2,1,0,HRES29,Homeland Security,43,19,FL,,,,,,,,,,
114,251,21542,"Katko, John",1,12,200,1/13/15,1/3/17,0,1,2,1,1,HRES29,Homeland Security,13,24,NY,,,,,,,,,,
114,251,21550,"Hurd, Will",1,13,200,1/13/15,1/3/17,0,1,2,1,1,HRES29,Homeland Security,49,23,TX,,,,,,,,,,
114,251,21513,"Carter, Buddy",1,14,200,1/13/15,1/3/17,0,1,2,1,2,HRES29,Homeland Security,44,1,GA,,,,,,,,,,
114,251,21543,"Walker, Mark",1,15,200,1/13/15,1/3/17,0,1,,1,2,HRES29,Homeland Security,47,6,NC,,,,,,,,,,
114,251,21515,"Loudermilk, Barry",1,16,200,1/13/15,1/3/17,0,1,2,1,2,HRES29,Homeland Security,44,11,GA,,,,,,,,,,
114,251,21501,"McSally, Martha",1,17,200,1/13/15,1/3/17,0,1,2,1,1,HRES29,Homeland Security,61,2,AZ,,,,,,,,,,
114,251,21549,"Ratcliffe, John",1,18,200,1/13/15,1/3/17,0,1,2,1,1,HRES29,Homeland Security,49,4,TX,,,,,,,,,,
114,251,29368,"Thompson, Bennie",2,1,100,1/6/15,1/3/17,21,7,2,1,1,HRES7,Homeland Security,46,2,MS,,,,,,,,,,
114,251,29709,"Sanchez, Loretta",2,2,100,1/13/15,1/3/17,0,7,2,1,0,HRES30,Homeland Security,71,46,CA,,,,,,,,,,
114,251,29573,"Jackson Lee, Sheila",2,3,100,1/13/15,1/3/17,0,7,2,1,1,HRES30,Homeland Security,49,18,TX,,,,,,,,,,
114,251,20136,"Langevin, James",2,4,100,1/13/15,1/3/17,0,1,2,1,1,HRES30,Homeland Security,5,2,RI,,,,,,,,,,
114,251,20519,"Higgins, Brian",2,5,100,1/13/15,1/3/17,0,3,2,1,2,HRES30,Homeland Security,13,26,NY,,,,,,,,,,
114,251,21137,"Richmond, Cedric",2,6,100,1/13/15,1/3/17,0,3,2,1,1,HRES30,Homeland Security,45,2,LA,,,,,,,,,,
114,251,21140,"Keating, William",2,7,100,1/13/15,1/3/17,0,3,2,1,1,HRES30,Homeland Security,3,9,MA,,,,,,,,,,
114,251,31103,"Payne, Donald, Jr.",2,8,100,1/13/15,1/3/17,0,2,2,1,1,HRES30,Homeland Security,12,10,NJ,,,,,,,,,,
114,251,21366,"Vela, Filemon",2,9,100,1/13/15,1/3/17,0,2,2,1,1,HRES30,Homeland Security,49,34,TX,,,,,,,,,,
114,251,21538,"Watson Coleman, Bonnie",2,10,100,1/13/15,1/3/17,0,1,2,1,1,HRES30,Homeland Security,12,12,NJ,,,,,,,,,,
114,251,21540,"Rice, Kathleen",2,11,100,1/13/15,1/3/17,0,1,2,1,1,HRES30,Homeland Security,13,4,NY,,,,,,,,,,
114,251,21508,"Torres, Norma",2,12,100,1/13/15,1/3/17,0,1,2,1,2,HRES30,Homeland Security,71,35,CA,,,,,,,,,,
114,251,21168,"Meehan, Pat",6,1,200,4/14/15,5/19/15,0,1,,3,2,HRES199,Homeland Security,14,7,PA,To rank immediately after Mr. Marino; Left committee for no other,,,,,,,,,
114,251,21560,"Donovan, Daniel",6,2,200,5/19/15,1/3/17,0,1,2,1,1,HRES29,Homeland Security,13,11,NY,Replaced Meehan,,,,,,,,,
114,142,20331,"Miller, Candice S.",1,1,200,1/6/15,12/31/16,11,2,2,6,0,HRES6,House Administration,23,10,MI,Resigned to become Macomb County Public Works Commissioner,,,,,,,,,
114,142,20925,"Harper, Gregg",1,2,200,1/6/15,1/3/17,0,4,2,1,1,HRES6,House Administration,46,3,MS,,,,,,,,,,
114,142,20914,"Schock, Aaron",1,3,200,1/6/15,3/17/15,0,3,2,3,0,HRES6,House Administration,21,18,IL,Resigned due to an investigation of campaign funds; later resigned from the House,,,,,,,,,
114,142,21115,"Nugent, Richard",1,4,200,1/6/15,1/3/17,0,3,2,1,0,HRES6,House Administration,43,11,FL,,,,,,,,,,
114,142,21328,"Davis, Rodney",1,5,200,1/6/15,1/3/17,0,1,2,1,1,HRES6,House Administration,21,13,IL,,,,,,,,,,
114,142,21555,"Comstock, Barbara",1,6,200,1/6/15,1/3/17,0,1,2,1,1,HRES6,House Administration,40,10,VA,,,,,,,,,,
114,142,29777,"Brady, Robert A.",2,1,100,1/6/15,1/3/17,21,7,2,1,2,HRES7,House Administration,14,1,PA,,,,,,,,,,
114,142,29504,"Lofgren, Zoe",2,2,100,1/21/15,1/3/17,0,6,2,1,1,HRES40,House Administration,71,19,CA,,,,,,,,,,
114,142,21314,"Vargas, Juan",2,3,100,1/21/15,1/3/17,0,2,2,1,2,HRES40,House Administration,71,51,CA,,,,,,,,,,
114,142,21543,"Walker, Mark",6,1,200,4/29/15,1/3/17,0,1,2,1,1,HRES229,House Administration,47,6,NC,Replaced Schock,,,,,,,,,
114,242,20307,"Nunes, Devin",1,1,200,1/6/15,1/3/17,11,3,2,1,1,H35,Intelligence (Select),71,22,CA,,,,,,,,,,
114,242,20110,"Miller, Jeff",1,2,200,1/14/15,1/3/17,0,4,2,1,0,H403,Intelligence (Select),43,1,FL,,,,,,,,,,
114,242,20531,"Conaway, K. Michael",1,3,200,1/14/15,1/3/17,0,4,2,1,1,H403,Intelligence (Select),49,11,TX,,,,,,,,,,
114,242,29375,"King, Peter T.",1,4,200,1/14/15,1/3/17,0,4,2,1,1,H403,Intelligence (Select),13,2,NY,,,,,,,,,,
114,242,29539,"Lobiondo, Frank A.",1,5,200,1/14/15,1/3/17,0,3,2,1,1,H403,Intelligence (Select),12,2,NJ,,,,,,,,,,
114,242,20506,"Westmoreland, Lynn A.",1,6,200,1/14/15,1/3/17,0,3,2,1,0,H403,Intelligence (Select),44,3,GA,,,,,,,,,,
114,242,20910,"Rooney, Thomas J.",1,7,200,1/14/15,1/3/17,0,3,2,1,1,H403,Intelligence (Select),43,17,FL,,,,,,,,,,
114,242,21151,"Heck, Joe",1,8,200,1/14/15,1/3/17,0,3,2,1,0,H403,Intelligence (Select),65,3,NV,,,,,,,,,,
114,242,21136,"Pompeo, Mike",1,9,200,1/14/15,1/3/17,0,2,2,1,1,H403,Intelligence (Select),32,4,KS,,,,,,,,,,
114,242,15634,"Ros-Lehtinen, Ileana",1,10,200,1/14/15,1/3/17,0,1,2,1,1,H403,Intelligence (Select),43,18,FL,,,,,,,,,,
114,242,20342,"Turner, Mike",1,11,200,1/14/15,1/3/17,0,1,2,1,1,H403,Intelligence (Select),24,3,OH,,,,,,,,,,
114,242,21351,"Wenstrup, Brad",1,12,200,1/14/15,1/3/17,0,1,2,1,1,H403,Intelligence (Select),24,2,OH,,,,,,,,,,
114,242,21367,"Stewart, Chris",1,13,200,1/14/15,1/3/17,0,1,2,1,1,H403,Intelligence (Select),67,2,UT,,,,,,,,,,
114,242,20104,"Schiff, Adam",2,1,200,1/8/15,1/3/17,21,1,2,1,1,H142,Intelligence (Select),71,28,CA,,,,,,,,,,
114,242,29348,"Gutierrez, Luis V.",2,2,100,1/16/15,5/26/16,0,3,2,3,2,H411,Intelligence (Select),21,4,IL,,,,,,,,,,
114,242,20907,"Himes, James A.",2,3,100,1/16/15,1/3/17,0,2,2,1,1,H411,Intelligence (Select),1,4,CT,,,,,,,,,,
114,242,21102,"Sewell, Terri A.",2,4,100,1/16/15,1/3/17,0,2,2,1,1,H411,Intelligence (Select),41,7,AL,,,,,,,,,,
114,242,20757,"Carson, Andre",2,5,100,1/16/15,1/3/17,0,1,2,1,1,H411,Intelligence (Select),22,7,IN,,,,,,,,,,
114,242,20762,"Speier, Karen Lorraine Jacqueline (Jackie)",2,6,100,1/16/15,1/3/17,0,1,2,1,1,H411,Intelligence (Select),71,14,CA,,,,,,,,,,
114,242,20954,"Quigley, Mike",2,7,100,1/16/15,1/3/17,0,1,2,1,1,H411,Intelligence (Select),21,5,IL,,,,,,,,,,
114,242,21306,"Swalwell, Eric",2,8,100,1/16/15,1/3/17,0,1,2,1,1,H411,Intelligence (Select),71,15,CA,,,,,,,,,,
114,242,21319,"Murphy, Patrick",2,9,100,1/16/15,1/3/17,0,1,2,1,0,H411,Intelligence (Select),43,18,FL,,,,,,,,,,
114,242,21362,"Castro, Joaquin",7,1,100,7/6/16,1/3/17,0,1,2,1,1,No Resolution,Intelligence (Select),49,20,TX,Replaced Gutierrez,,,,,,,,,
114,156,39308,"Goodlatte, Robert W.",1,1,200,1/6/15,1/3/17,11,12,2,1,1,HRES6,Judiciary,40,6,VA,,,,,,,,,,
114,156,14657,"Sensenbrenner, F. James, Jr.",1,2,200,1/13/15,1/3/17,0,19,2,1,1,HRES29,Judiciary,25,5,WI,,,,,,,,,,
114,156,15445,"Smith, Lamar S.",1,4,200,1/13/15,1/3/17,0,15,2,1,1,HRES29,Judiciary,49,21,TX,,,,,,,,,,
114,156,29550,"Chabot, Steven J.",1,5,200,1/13/15,1/3/17,0,3,2,1,1,HRES29,Judiciary,24,1,OH,,,,,,,,,,
114,156,20107,"Issa, Darrell",1,7,200,1/13/15,1/3/17,0,6,4,1,1,HRES29,Judiciary,71,49,CA,,,,,,,,,,
114,156,20143,"Forbes, J. Randy",1,8,200,1/13/15,1/3/17,0,8,2,1,0,HRES29,Judiciary,40,4,VA,,,,,,,,,,
114,156,20325,"King, Steve",1,9,200,1/13/15,1/3/17,0,2,2,1,1,HRES29,Judiciary,31,4,IA,,,,,,,,,,
114,156,20304,"Franks, Trent",1,10,200,1/13/15,1/3/17,0,6,2,1,1,HRES29,Judiciary,61,8,AZ,,,,,,,,,,
114,156,20527,"Gohmert, Louie",1,11,200,1/13/15,1/3/17,0,6,2,1,1,HRES29,Judiciary,49,1,TX,,,,,,,,,,
114,156,20738,"Jordan, Jim",1,12,200,1/13/15,1/3/17,0,5,2,1,1,HRES29,Judiciary,24,4,OH,,,,,,,,,,
114,156,20528,"Poe, Ted",1,13,200,1/13/15,1/3/17,0,4,2,1,1,HRES29,Judiciary,49,2,TX,,,,,,,,,,
114,156,20949,"Chaffetz, Jason",1,14,200,1/13/15,1/3/17,0,4,2,1,1,HRES29,Judiciary,67,3,UT,,,,,,,,,,
114,156,21170,"Marino, Tom",1,15,200,1/13/15,1/3/17,0,3,2,1,1,HRES29,Judiciary,14,10,PA,,,,,,,,,,
114,156,21175,"Gowdy, Trey",1,16,200,1/13/15,1/3/17,0,3,2,1,1,HRES29,Judiciary,48,4,SC,,,,,,,,,,
114,156,21125,"Labrador, Raul R.",1,17,200,1/13/15,1/3/17,0,2,2,1,1,HRES29,Judiciary,63,1,ID,,,,,,,,,,
114,156,21184,"Farenthold, Blake",1,18,200,1/13/15,1/3/17,0,2,2,1,1,HRES29,Judiciary,49,27,TX,,,,,,,,,,
114,156,21323,"Collins, Doug",1,19,200,1/13/15,1/3/17,0,2,2,1,1,HRES29,Judiciary,44,9,GA,,,,,,,,,,
114,156,21318,"DeSantis, Ron",1,20,200,1/13/15,1/3/17,0,2,2,1,1,HRES29,Judiciary,43,6,FL,,,,,,,,,,
114,156,21509,"Walters, Mimi",1,22,200,1/13/15,1/3/17,0,1,2,1,2,HRES29,Judiciary,71,45,CA,,,,,,,,,,
114,156,21510,"Buck, Ken",1,23,200,1/13/15,1/3/17,0,1,2,1,1,HRES29,Judiciary,62,4,CO,,,,,,,,,,
114,156,21549,"Ratcliffe, John",1,24,200,1/13/15,1/3/17,0,1,2,1,1,HRES29,Judiciary,49,4,TX,,,,,,,,,,
114,156,21528,"Trott, Dave",1,25,200,1/13/15,1/3/17,0,1,2,1,2,HRES29,Judiciary,23,11,MI,,,,,,,,,,
114,156,21527,"Bishop, Mike",1,26,200,1/13/15,1/3/17,0,1,2,1,1,HRES29,Judiciary,23,8,MI,,,,,,,,,,
114,156,10713,"Conyers, John, Jr.",2,1,100,1/6/15,1/3/17,21,26,2,1,1,HRES7,Judiciary,23,13,MI,,,,,,,,,,
114,156,29377,"Nadler, Jerrold",2,2,100,1/13/15,1/3/17,0,12,2,1,1,HRES30,Judiciary,13,10,NY,,,,,,,,,,
114,156,29504,"Lofgren, Zoe",2,3,100,1/13/15,1/3/17,0,11,2,1,1,HRES30,Judiciary,71,19,CA,,,,,,,,,,
114,156,29573,"Jackson Lee, Sheila",2,4,100,1/13/15,1/3/17,0,11,2,1,1,HRES30,Judiciary,49,18,TX,,,,,,,,,,
114,156,20748,"Cohen, Steve",2,5,100,1/13/15,1/3/17,0,5,2,1,1,HRES30,Judiciary,54,9,TN,,,,,,,,,,
114,156,20712,"Johnson, Henry C. ""Hank"", Jr.",2,6,100,1/13/15,1/3/17,0,5,2,1,1,HRES30,Judiciary,44,4,GA,,,,,,,,,,
114,156,70805,"Pierluisi, Pedro R.",2,7,100,1/13/15,1/3/17,0,4,2,1,0,HRES30,Judiciary,92,80,PR,,,,,,,,,,
114,156,20955,"Chu, Judy",2,8,100,1/13/15,1/3/17,0,4,2,1,1,HRES30,Judiciary,71,27,CA,,,,,,,,,,
114,156,20959,"Deutch, Theodore E.",2,9,100,1/13/15,1/3/17,0,4,2,1,1,HRES30,Judiciary,43,21,FL,,,,,,,,,,
114,156,29348,"Gutierrez, Luis V.",2,10,100,1/13/15,1/3/17,0,2,2,1,1,HRES30,Judiciary,21,4,IL,,,,,,,,,,
114,156,21110,"Bass, Karen",2,11,100,1/13/15,1/3/17,0,2,2,1,1,HRES30,Judiciary,71,37,CA,,,,,,,,,,
114,156,21137,"Richmond, Cedric",2,12,100,1/13/15,1/3/17,0,2,2,1,1,HRES30,Judiciary,45,2,LA,,,,,,,,,,
114,156,31101,"DelBene, Suzan",2,13,100,1/13/15,1/3/17,0,2,2,1,2,HRES30,Judiciary,73,1,WA,,,,,,,,,,
114,156,21343,"Jeffries, Hakeem",2,14,100,1/13/15,1/3/17,0,2,2,1,1,HRES30,Judiciary,13,8,NY,,,,,,,,,,
114,156,21172,"Cicilline, David",2,15,100,1/13/15,1/3/17,0,3,2,1,1,HRES30,Judiciary,5,1,RI,,,,,,,,,,
114,156,21315,"Peters, Scott",2,16,100,1/13/15,1/3/17,0,1,2,1,2,HRES30,Judiciary,71,52,CA,,,,,,,,,,
114,500,20925,"Harper, Gregg",1,1,200,3/25/15,1/3/17,11,4,2,1,1,HRES171,Library (Joint),46,3,MS,,,,,,,,,,
114,500,20331,"Miller, Candice S.",1,2,200,3/25/15,12/13/16,0,3,2,6,0,HRES171,Library (Joint),23,10,MI,Resigned to become Macomb County Public Works Commissioner,,,,,,,,,
114,500,20962,"Graves, Tom",1,3,200,3/25/15,1/3/17,0,1,2,1,2,HRES171,Library (Joint),44,9,GA,Appointed due to position on Appropriations,,,,,,,,,
114,500,29777,"Brady, Robert A.",2,1,100,3/25/15,1/3/17,0,4,2,1,1,HRES171,Library (Joint),14,1,PA,,,,,,,,,,
114,500,29504,"Lofgren, Zoe",2,2,100,3/25/15,1/3/17,0,6,2,1,1,HRES171,Library (Joint),71,19,CA,,,,,,,,,,
114,661,20703,"McCarthy, Kevin",1,2,200,1/6/15,1/3/17,41,2,2,1,1,H6,Majority Leader,71,23,CA,,,,,,,,,,
114,661,20759,"Scalise, Steve",1,3,200,1/6/15,1/3/17,51,1,2,1,1,H6,Majority Whip,45,1,LA,,,,,,,,,,
114,661,15448,"Pelosi, Nancy",2,1,100,1/6/15,1/3/17,61,3,4,1,1,H6,Minority Leader,71,12,CA,,,,,,,,,,
114,661,14873,"Hoyer, Steny H.",2,2,100,1/6/15,1/3/17,64,3,2,1,1,H6,Minority Whip,52,5,MD,,,,,,,,,,
114,164,20357,"Bishop, Rob",1,1,200,1/6/15,1/3/17,11,5,2,1,1,HRES6,Natural Resources,67,1,UT,,,,,,,,,,
114,164,14066,"Young, Donald E.",1,2,200,1/13/15,1/3/17,0,22,2,1,1,HRES29,Natural Resources,81,1,AK,,,,,,,,,,
114,164,20527,"Gohmert, Louie",1,3,200,1/13/15,1/3/17,0,6,2,1,1,HRES29,Natural Resources,49,1,TX,,,,,,,,,,
114,164,20704,"Lamborn, Doug",1,4,200,1/13/15,1/3/17,0,5,2,1,1,HRES29,Natural Resources,62,5,CO,,,,,,,,,,
114,164,20756,"Wittman, Robert J.",1,5,200,1/13/15,1/3/17,0,5,2,1,1,HRES29,Natural Resources,40,1,VA,,,,,,,,,,
114,164,20918,"Fleming, John",1,6,200,1/13/15,1/3/17,0,4,2,1,0,HRES29,Natural Resources,45,4,LA,,,,,,,,,,
114,164,20903,"McClintock, Tom",1,7,200,1/13/15,1/3/17,0,4,2,1,1,HRES29,Natural Resources,71,4,CA,,,,,,,,,,
114,164,20946,"Thompson, Glenn",1,8,200,1/13/15,1/3/17,0,3,2,1,1,HRES29,Natural Resources,14,5,PA,,,,,,,,,,
114,164,20953,"Lummis, Cynthia M.",1,9,200,1/13/15,1/3/17,0,2,2,1,0,HRES29,Natural Resources,68,1,WY,,,,,,,,,,
114,164,21141,"Benishek, Dan",1,10,200,1/13/15,1/3/17,0,3,2,1,0,HRES29,Natural Resources,23,1,MI,,,,,,,,,,
114,164,21174,"Duncan, Jeff",1,11,200,1/13/15,1/3/17,0,3,2,1,2,HRES29,Natural Resources,48,3,SC,,,,,,,,,,
114,164,21103,"Gosar, Paul R.",1,12,200,1/13/15,1/3/17,0,3,2,1,1,HRES29,Natural Resources,61,4,AZ,,,,,,,,,,
114,164,21125,"Labrador, Raul R.",1,13,200,1/13/15,1/3/17,0,3,2,1,1,HRES29,Natural Resources,63,1,ID,,,,,,,,,,
114,164,21302,"La Malfa, Doug",1,14,200,1/13/15,1/3/17,0,2,2,1,1,HRES29,Natural Resources,71,1,CA,,,,,,,,,,
114,164,21376,"Byrne, Bradley",1,15,200,1/13/15,5/19/15,0,2,2,2,2,HRES29,Natural Resources,41,1,AL,Transferred to Rules,,,,,,,,,
114,164,21109,"Denham, Jeff",1,16,200,1/13/15,1/3/17,0,1,2,1,1,HRES29,Natural Resources,71,10,CA,,,,,,,,,,
114,164,21305,"Cook, Paul",1,17,200,1/13/15,1/3/17,0,1,2,1,1,HRES29,Natural Resources,71,8,CA,,,,,,,,,,
114,164,21563,"Westerman, Bruce",1,18,200,1/13/15,1/3/17,0,1,2,1,1,HRES29,Natural Resources,42,4,AR,,,,,,,,,,
114,164,21523,"Graves, Garret",1,19,200,1/13/15,1/3/17,0,1,2,1,1,HRES29,Natural Resources,45,6,LA,,,,,,,,,,
114,164,21556,"Newhouse, Dan",1,20,200,1/13/15,1/3/17,0,1,2,1,2,HRES29,Natural Resources,73,4,WA,,,,,,,,,,
114,164,21532,"Zinke, Ryan",1,21,200,1/13/15,1/3/17,0,1,2,1,2,HRES29,Natural Resources,64,1,MT,,,,,,,,,,
114,164,21514,"Hice, Jody",1,22,200,1/13/15,1/3/17,0,1,2,1,1,HRES29,Natural Resources,44,10,GA,,,,,,,,,,
114,164,70901,"Radewagen, Amata",1,23,200,1/13/15,1/3/17,0,1,2,1,1,HRES29,Natural Resources,94,1,AS,,,,,,,,,,
114,164,21537,"MacArthur, Tom",1,24,200,1/13/15,1/3/17,0,1,2,1,2,HRES29,Natural Resources,12,3,NJ,,,,,,,,,,
114,164,21557,"Mooney, Alex",1,25,200,1/13/15,1/3/17,0,1,2,1,2,HRES29,Natural Resources,56,2,WV,,,,,,,,,,
114,164,21534,"Hardy, Cresent",1,26,200,1/13/15,1/3/17,0,1,2,1,0,HRES29,Natural Resources,65,4,NV,,,,,,,,,,
114,164,20305,"Grijalva, Raul M",2,1,100,1/6/15,1/3/17,21,7,2,1,1,HRES7,Natural Resources,61,3,AZ,,,,,,,,,,
114,164,29903,"Napolitano, Grace F.",2,2,100,1/13/15,1/3/17,0,9,2,1,1,HRES30,Natural Resources,71,32,CA,,,,,,,,,,
114,164,70701,"Bordallo, Madeleine Z. .",2,3,100,1/13/15,1/3/17,0,7,2,1,1,HRES30,Natural Resources,91,79,GU,,,,,,,,,,
114,164,20501,"Costa, Jim",2,4,100,1/13/15,1/3/17,0,6,2,1,1,HRES30,Natural Resources,71,16,CA,,,,,,,,,,
114,164,70810,"Sablan, Gregorio",2,5,100,1/13/15,1/3/17,0,4,2,1,1,HRES30,Natural Resources,95,1,MP,,,,,,,,,,
114,164,20754,"Tsongas, Nicola S. (Niki)",2,6,100,1/13/15,1/3/17,0,4,2,1,1,HRES30,Natural Resources,3,3,MA,,,,,,,,,,
114,164,70805,"Pierluisi, Pedro R.",2,7,100,1/13/15,1/3/17,0,4,2,1,0,HRES30,Natural Resources,92,80,PR,,,,,,,,,,
114,164,21303,"Huffman, Jared",2,8,100,1/13/15,1/3/17,0,2,2,1,1,HRES30,Natural Resources,71,2,CA,,,,,,,,,,
114,164,21311,"Ruiz, Raul",2,9,100,1/13/15,1/3/17,0,2,2,1,2,HRES30,Natural Resources,71,36,CA,,,,,,,,,,
114,164,21313,"Lowenthal, Alan",2,10,100,1/13/15,1/3/17,0,2,2,1,1,HRES30,Natural Resources,71,47,CA,,,,,,,,,,
114,164,21358,"Cartwright, Matthew",2,11,100,1/13/15,9/13/16,0,2,2,2,2,HRES30,Natural Resources,14,17,PA,Transferred to Appropriations,,,,,,,,,
114,164,21554,"Beyer, Donald",2,12,100,1/13/15,1/3/17,0,1,2,1,1,HRES30,Natural Resources,40,8,VA,,,,,,,,,,
114,164,21508,"Torres, Norma",2,13,100,1/21/15,1/3/17,0,1,2,1,1,HRES40,Natural Resources,71,35,CA,Late appointment,,,,,,,,,
114,164,21529,"Dingell, Debbie",2,14,100,1/21/15,1/3/17,0,1,2,1,2,HRES40,Natural Resources,23,12,MI,Late appointment,,,,,,,,,
114,164,21517,"Takai, Mark",2,15,100,1/21/15,4/22/15,0,1,2,2,0,HRES40,Natural Resources,82,1,HI,"Late appointment; Transferred to Small Business, Died 7/20/2016",,,,,,,,,
114,164,21502,"Gallego, Ruben",2,16,100,1/21/15,1/3/17,0,1,2,1,1,HRES40,Natural Resources,61,7,AZ,Late appointment,,,,,,,,,
114,164,29774,"Capps, Lois",2,17,100,2/25/15,1/3/17,0,1,2,1,0,HRES124,Natural Resources,71,24,CA,,,,,,,,,,
114,164,20904,"Polis, Jared",2,18,100,2/25/15,1/3/17,0,1,2,1,2,HRES124,Natural Resources,62,2,CO,,,,,,,,,,
114,164,21562,"LaHood, Darin",6,1,200,9/25/15,1/3/17,0,1,2,1,1,HRES442,Natural Resources,21,18,IL,Replaced Byrne,,,,,,,,,
114,164,20147,"Clay, William L., Jr.",7,1,100,7/28/15,1/3/17,0,1,2,1,2,HRES387,Natural Resources,34,1,MO,Replaced Takai,,,,,,,,,
114,138,20949,"Chaffetz, Jason",1,1,200,1/6/15,1/3/17,11,4,2,1,1,HRES6,Oversight and Government Reform,67,3,UT,,,,,,,,,,
114,138,20107,"Issa, Darrell",1,2,200,1/13/15,1/3/17,0,6,2,1,1,HRES29,Oversight and Government Reform,71,49,CA,,,,,,,,,,
114,138,29331,"Mica, John L.",1,3,200,1/13/15,1/3/17,0,12,2,1,0,HRES29,Oversight and Government Reform,43,7,FL,,,,,,,,,,
114,138,20342,"Turner, Mike",1,4,200,1/13/15,1/3/17,0,7,2,1,2,HRES29,Oversight and Government Reform,24,10,OH,,,,,,,,,,
114,138,15455,"Duncan, John J., Jr.",1,5,200,1/13/15,1/3/17,0,2,2,1,1,HRES29,Oversight and Government Reform,54,2,TN,,,,,,,,,,
114,138,20738,"Jordan, Jim",1,6,200,1/13/15,1/3/17,0,5,2,1,1,HRES29,Oversight and Government Reform,24,4,OH,,,,,,,,,,
114,138,20725,"Walberg, Tim",1,7,200,1/13/15,1/3/17,0,3,2,1,2,HRES29,Oversight and Government Reform,23,7,MI,,,,,,,,,,
114,138,21143,"Amash, Justin",1,8,200,1/13/15,1/3/17,0,3,2,1,1,HRES29,Oversight and Government Reform,23,3,MI,,,,,,,,,,
114,138,21103,"Gosar, Paul R.",1,9,200,1/13/15,1/3/17,0,3,2,1,1,HRES29,Oversight and Government Reform,61,4,AZ,,,,,,,,,,
114,138,21179,"DesJarlais, Scott",1,10,200,1/13/15,1/3/17,0,3,2,1,1,HRES29,Oversight and Government Reform,54,4,TN,,,,,,,,,,
114,138,21175,"Gowdy, Trey",1,11,200,1/13/15,1/3/17,0,3,2,1,1,HRES29,Oversight and Government Reform,48,4,SC,,,,,,,,,,
114,138,21184,"Farenthold, Blake",1,12,200,1/13/15,1/3/17,0,3,2,1,1,HRES29,Oversight and Government Reform,49,27,TX,,,,,,,,,,
114,138,20953,"Lummis, Cynthia M.",1,13,200,1/13/15,1/3/17,0,2,2,1,0,HRES29,Oversight and Government Reform,68,1,WY,,,,,,,,,,
114,138,31102,"Massie, Thomas",1,14,200,1/13/15,1/3/17,0,2,2,1,1,HRES29,Oversight and Government Reform,51,4,KY,,,,,,,,,,
114,138,21348,"Meadows, Mark",1,15,200,1/13/15,1/3/17,0,2,2,1,1,HRES29,Oversight and Government Reform,47,11,NC,,,,,,,,,,
114,138,21318,"DeSantis, Ron",1,16,200,1/13/15,1/3/17,0,2,2,1,1,HRES29,Oversight and Government Reform,43,6,FL,,,,,,,,,,
114,138,21176,"Mulvaney, Mick",1,17,200,1/13/15,1/3/17,0,1,2,1,2,HRES29,Oversight and Government Reform,48,5,SC,,,,,,,,,,
114,138,21510,"Buck, Ken",1,18,200,1/13/15,1/3/17,0,1,2,1,2,HRES29,Oversight and Government Reform,62,4,CO,,,,,,,,,,
114,138,21543,"Walker, Mark",1,19,200,1/13/15,1/3/17,0,1,2,1,1,HRES29,Oversight and Government Reform,47,6,NC,,,,,,,,,,
114,138,21520,"Blum, Rod",1,20,200,1/13/15,1/3/17,0,1,2,1,1,HRES29,Oversight and Government Reform,31,1,IA,,,,,,,,,,
114,138,21514,"Hice, Jody",1,21,200,1/13/15,1/3/17,0,1,2,1,1,HRES29,Oversight and Government Reform,44,10,GA,,,,,,,,,,
114,138,21546,"Russell, Steve",1,22,200,1/13/15,1/3/17,0,1,2,1,1,HRES29,Oversight and Government Reform,53,5,OK,,,,,,,,,,
114,138,21513,"Carter, Buddy",1,23,200,1/13/15,1/3/17,0,1,2,1,2,HRES29,Oversight and Government Reform,44,1,GA,,,,,,,,,,
114,138,21559,"Grothman, Glenn",1,24,200,1/13/15,1/3/17,0,1,2,1,1,HRES29,Oversight and Government Reform,25,6,WI,,,,,,,,,,
114,138,21550,"Hurd, Will",1,25,200,1/13/15,1/3/17,0,1,2,1,1,HRES29,Oversight and Government Reform,49,23,TX,,,,,,,,,,
114,138,21500,"Palmer, Gary",1,26,200,1/13/15,1/3/17,0,1,2,1,1,HRES29,Oversight and Government Reform,41,6,AL,,,,,,,,,,
114,138,29587,"Cummings, Elijah E.",2,1,100,1/6/15,1/3/17,21,11,2,1,1,HRES7,Oversight and Government Reform,52,7,MD,,,,,,,,,,
114,138,29379,"Maloney, Carolyn B.",2,2,100,1/13/15,1/3/17,0,12,2,1,1,HRES30,Oversight and Government Reform,13,12,NY,,,,,,,,,,
114,138,70303,"Norton, Eleanor Holmes",2,3,100,1/13/15,1/3/17,0,6,5,1,1,HRES30,Oversight and Government Reform,55,79,DC,,,,,,,,,,
114,138,20147,"Clay, William L., Jr.",2,4,100,1/13/15,1/3/17,0,8,2,1,1,HRES30,Oversight and Government Reform,34,1,MO,,,,,,,,,,
114,138,20119,"Lynch, Stephen F.",2,5,100,1/13/15,1/3/17,0,8,2,1,1,HRES30,Oversight and Government Reform,3,8,MA,,,,,,,,,,
114,138,15019,"Cooper, Jim",2,6,100,1/13/15,1/3/17,0,5,4,1,1,HRES30,Oversight and Government Reform,54,5,TN,,,,,,,,,,
114,138,20952,"Connolly, Gerald E.",2,7,100,1/13/15,1/3/17,0,4,2,1,1,HRES30,Oversight and Government Reform,40,11,VA,,,,,,,,,,
114,138,21358,"Cartwright, Matthew",2,8,100,1/13/15,9/13/16,0,2,2,2,2,HRES30,Oversight and Government Reform,14,17,PA,Transferred to Appropriations,,,,,,,,,
114,138,21325,"Duckworth, Tammy",2,9,100,1/13/15,1/3/17,0,2,2,1,0,HRES30,Oversight and Government Reform,21,8,IL,,,,,,,,,,
114,138,21371,"Kelly, Robin",2,10,100,1/13/15,1/3/17,0,2,2,1,1,HRES30,Oversight and Government Reform,21,2,IL,,,,,,,,,,
114,138,21530,"Lawrence, Brenda",2,11,100,1/13/15,1/3/17,0,1,2,1,1,HRES30,Oversight and Government Reform,23,14,MI,,,,,,,,,,
114,138,21507,"Lieu, Ted",2,12,100,1/21/15,1/3/17,0,1,2,1,1,HRES40,Oversight and Government Reform,71,33,CA,Late appointment,,,,,,,,,
114,138,21538,"Watson Coleman, Bonnie",2,13,100,1/21/15,1/3/17,0,1,2,1,1,HRES40,Oversight and Government Reform,12,12,NJ,Late appointment,,,,,,,,,
114,138,70502,"Plaskett, Stacey",2,14,100,1/21/15,1/3/17,0,1,2,1,1,HRES40,Oversight and Government Reform,93,1,VI,Late appointment,,,,,,,,,
114,138,21504,"DeSaulnier, Mark",2,15,100,1/21/15,1/3/17,0,1,2,1,2,HRES40,Oversight and Government Reform,71,11,CA,Late appointment,,,,,,,,,
114,138,21548,"Boyle, Brendan Francis",2,16,100,1/21/15,1/3/17,0,1,2,1,1,HRES40,Oversight and Government Reform,14,13,PA,Late appointment,,,,,,,,,
114,138,20750,"Welch, Peter",2,17,100,2/3/15,1/3/17,0,1,2,1,2,HRES77,Oversight and Government Reform,6,1,VT,Late appointment,,,,,,,,,
114,138,21341,"Grisham, Michelle Lujan",2,18,100,2/3/15,1/3/17,0,1,2,1,2,HRES77,Oversight and Government Reform,66,1,NM,Late appointment,,,,,,,,,
114,501,20925,"Harper, Gregg",1,1,200,3/25/15,1/3/17,11,3,2,1,2,HRES171,Printing (Joint),46,3,MS,,,,,,,,,,
114,501,20331,"Miller, Candice S.",1,2,200,3/25/15,12/31/16,0,3,2,6,0,HRES171,Printing (Joint),23,10,MI,"Appointed due to position on House Administration, Resigned to become Macomb County Public Works Commissioner",,,,,,,,,
114,501,21328,"Davis, Rodney",1,3,200,3/25/15,1/3/17,0,1,2,1,1,HRES171,Printing (Joint),21,13,IL,,,,,,,,,,
114,501,29777,"Brady, Robert A.",2,1,100,3/25/15,1/3/17,0,5,2,1,1,HRES171,Printing (Joint),14,1,PA,,,,,,,,,,
114,501,21314,"Vargas, Juan",2,2,100,3/25/15,1/3/17,0,2,2,1,2,HRES171,Printing (Joint),71,51,CA,,,,,,,,,,
114,176,29759,"Sessions, Pete",1,1,200,1/6/15,1/3/17,11,9,2,1,1,HRES6,Rules,49,32,TX,,,,,,,,,,
114,176,20521,"Foxx, Virginia",1,2,200,1/6/15,1/3/17,0,4,2,1,2,HRES6,Rules,47,5,NC,,,,,,,,,,
114,176,20344,"Cole, Tom",1,3,200,1/6/15,1/3/17,0,2,2,1,1,HRES6,Rules,53,4,OK,,,,,,,,,,
114,176,21122,"Woodall, Robert",1,4,200,1/6/15,1/3/17,0,3,2,1,1,HRES6,Rules,44,7,GA,,,,,,,,,,
114,176,20355,"Burgess, Michael",1,5,200,1/6/15,1/3/17,0,2,2,1,1,HRES6,Rules,49,26,TX,,,,,,,,,,
114,176,21163,"Stivers, Steve",1,6,200,1/6/15,1/3/17,0,1,2,1,2,HRES6,Rules,24,15,OH,,,,,,,,,,
114,176,21323,"Collins, Doug",1,7,200,1/6/15,1/3/17,0,1,2,1,1,HRES6,Rules,44,9,GA,,,,,,,,,,
114,176,21376,"Byrne, Bradley",1,8,100,4/14/15,1/3/17,0,1,2,1,1,HRES199,Rules,41,1,AL,Late appointment,,,,,,,,,
114,176,21556,"Newhouse, Dan",1,9,100,4/14/15,1/3/17,0,1,2,1,1,HRES199,Rules,73,4,WA,Late appointment,,,,,,,,,
114,176,15444,"Slaughter, Louise M.",2,1,100,1/6/15,1/3/17,21,10,4,1,1,HRES7,Rules,13,25,NY,,,,,,,,,,
114,176,29729,"McGovern, Jim",2,2,100,1/6/15,1/3/17,0,8,2,1,1,HRES7,Rules,3,2,MA,,,,,,,,,,
114,176,29337,"Hastings, Alcee L.",2,3,100,1/6/15,1/3/17,0,8,2,1,1,HRES7,Rules,43,20,FL,,,,,,,,,,
114,176,20904,"Polis, Jared",2,4,100,1/6/15,1/3/17,0,4,2,1,1,HRES7,Rules,62,2,CO,,,,,,,,,,
114,182,15445,"Smith, Lamar S.",1,1,200,1/6/15,1/3/17,11,9,4,1,1,HRES6,"Science, Space, and Technology",49,21,TX,,,,,,,,,,
114,182,14657,"Sensenbrenner, F. James, Jr.",1,2,200,1/15/15,1/3/17,0,5,4,1,2,HRES29,"Science, Space, and Technology",25,5,WI,,,,,,,,,,
114,182,15621,"Rohrabacher, Dana",1,3,200,1/15/15,1/3/17,0,14,2,1,1,HRES29,"Science, Space, and Technology",71,48,CA,,,,,,,,,,
114,182,29393,"Lucas, Frank D.",1,4,200,1/15/15,1/3/17,0,9,2,1,1,HRES29,"Science, Space, and Technology",53,3,OK,,,,,,,,,,
114,182,20353,"Neugebauer, Randy",1,5,200,1/15/15,1/3/17,0,6,4,1,0,HRES29,"Science, Space, and Technology",49,19,TX,,,,,,,,,,
114,182,20530,"McCaul, Michael T.",1,6,200,1/15/15,1/3/17,0,6,2,1,2,HRES29,"Science, Space, and Technology",49,10,TX,,,,,,,,,,
114,182,21148,"Palazzo, Steven",1,7,200,1/15/15,6/10/15,0,3,2,2,2,HRES29,"Science, Space, and Technology",46,4,MS,Transferred to Appropriations,,,,,,,,,
114,182,21193,"Brooks, Mo",1,8,200,1/15/15,1/3/17,0,3,2,1,1,HRES29,"Science, Space, and Technology",41,5,AL,,,,,,,,,,
114,182,21129,"Hultgren, Randy",1,9,200,1/15/15,1/3/17,0,3,2,1,1,HRES29,"Science, Space, and Technology",21,14,IL,,,,,,,,,,
114,182,20909,"Posey, Bill",1,10,200,1/15/15,1/3/17,0,2,2,1,1,HRES29,"Science, Space, and Technology",43,8,FL,,,,,,,,,,
114,182,31102,"Massie, Thomas",1,11,200,1/15/15,1/3/17,0,2,2,1,1,HRES29,"Science, Space, and Technology",51,4,KY,,,,,,,,,,
114,182,21354,"Bridenstine, Jim",1,12,200,1/15/15,1/3/17,0,2,2,1,1,HRES29,"Science, Space, and Technology",53,1,OK,,,,,,,,,,
114,182,21360,"Weber, Randy",1,13,200,1/15/15,1/3/17,0,2,2,1,1,HRES29,"Science, Space, and Technology",49,14,TX,,,,,,,,,,
114,182,21162,"Johnson, Bill",1,14,200,1/15/15,2/4/16,0,1,2,2,2,HRES29,"Science, Space, and Technology",24,6,OH,Transferred to Budget,,,,,,,,,
114,182,21526,"Moolenaar, John",1,15,200,1/15/15,1/3/17,0,1,2,1,2,HRES29,"Science, Space, and Technology",23,4,MI,,,,,,,,,,
114,182,21505,"Knight, Steve",1,16,200,1/15/15,1/3/17,0,1,2,1,1,HRES29,"Science, Space, and Technology",71,25,CA,,,,,,,,,,
114,182,21551,"Babin, Brian",1,17,200,1/15/15,1/3/17,0,1,2,1,1,HRES29,"Science, Space, and Technology",49,36,TX,,,,,,,,,,
114,182,21563,"Westerman, Bruce",1,18,200,1/15/15,1/3/17,0,1,2,1,2,HRES29,"Science, Space, and Technology",42,4,AR,,,,,,,,,,
114,182,21555,"Comstock, Barbara",1,19,200,1/15/15,1/3/17,0,1,2,1,1,HRES29,"Science, Space, and Technology",40,10,VA,,,,,,,,,,
114,182,21556,"Newhouse, Dan",1,20,200,1/15/15,9/25/15,0,1,2,2,2,HRES29,"Science, Space, and Technology",73,4,WA,Transferred to Rules,,,,,,,,,
114,182,21500,"Palmer, Gary",1,21,200,1/15/15,1/3/17,0,1,2,1,1,HRES29,"Science, Space, and Technology",41,6,AL,,,,,,,,,,
114,182,21515,"Loudermilk, Barry",1,22,200,1/15/15,1/3/17,0,1,2,1,1,HRES29,"Science, Space, and Technology",44,11,GA,,,,,,,,,,
114,182,39305,"Johnson, Eddie Bernice",2,1,100,1/6/15,1/3/17,21,12,2,1,1,HRES7,"Science, Space, and Technology",49,30,TX,,,,,,,,,,
114,182,29504,"Lofgren, Zoe",2,2,100,1/13/15,1/3/17,0,3,4,1,1,HRES30,"Science, Space, and Technology",71,19,CA,,,,,,,,,,
114,182,20508,"Lipinski, Daniel",2,3,100,1/13/15,1/3/17,0,6,2,1,1,HRES30,"Science, Space, and Technology",21,3,IL,,,,,,,,,,
114,182,20763,"Edwards, Donna F.",2,4,100,1/13/15,1/3/17,0,5,2,1,0,HRES30,"Science, Space, and Technology",52,4,MD,,,,,,,,,,
114,182,21118,"Wilson, Frederica",2,5,100,1/13/15,4/22/15,0,3,2,3,2,HRES30,"Science, Space, and Technology",43,24,FL,Left committee for no other,,,,,,,,,
114,182,21198,"Bonamici, Suzanne",2,6,100,1/13/15,1/3/17,0,3,2,1,1,HRES30,"Science, Space, and Technology",72,1,OR,,,,,,,,,,
114,182,21306,"Swalwell, Eric",2,7,100,1/13/15,1/3/17,0,2,2,1,2,HRES30,"Science, Space, and Technology",71,15,CA,,,,,,,,,,
114,182,20908,"Grayson, Alan",2,8,100,1/13/15,1/3/17,0,2,2,1,0,HRES30,"Science, Space, and Technology",43,9,FL,,,,,,,,,,
114,182,21304,"Bera, Ami",2,9,100,1/13/15,1/3/17,0,2,2,1,1,HRES30,"Science, Space, and Technology",71,7,CA,,,,,,,,,,
114,182,21316,"Esty, Elizabeth",2,10,100,1/13/15,1/3/17,0,2,2,1,1,HRES30,"Science, Space, and Technology",1,5,CT,,,,,,,,,,
114,182,21365,"Veasey, Marc",2,11,100,1/13/15,1/3/17,0,2,2,1,1,HRES30,"Science, Space, and Technology",49,33,TX,,,,,,,,,,
114,182,21375,"Clark, Katherine Marlea",2,12,100,1/13/15,1/3/17,0,2,2,1,2,HRES30,"Science, Space, and Technology",5,5,MA,,,,,,,,,,
114,182,21554,"Beyer, Donald",2,13,100,1/21/15,1/3/17,0,1,2,1,1,HRES40,"Science, Space, and Technology",40,8,VA,Late appointment,,,,,,,,,
114,182,20705,"Perlmutter, Ed",2,14,100,2/3/15,1/3/17,0,1,2,1,2,HRES40,"Science, Space, and Technology",62,7,CO,Late appointment,,,,,,,,,
114,182,20934,"Tonko, Paul",2,15,100,2/3/15,1/3/17,0,1,2,1,2,HRES40,"Science, Space, and Technology",13,20,NY,Late appointment,,,,,,,,,
114,182,21312,"Takano, Mark",2,16,100,2/25/15,1/3/17,0,1,2,1,2,HRES124,"Science, Space, and Technology",71,41,CA,Late appointment,,,,,,,,,
114,182,20749,"Foster, Bill",2,17,100,2/25/15,1/3/17,0,1,2,1,2,HRES124,"Science, Space, and Technology",21,11,IL,Late appointment,,,,,,,,,
114,182,21522,"Abraham, Ralph",6,1,200,6/10/15,1/3/17,0,1,2,1,1,HRES304,"Science, Space, and Technology",45,5,LA,Replaced Palazzo,,,,,,,,,
114,182,21562,"LaHood, Darin",6,2,200,9/25/15,1/3/17,0,1,2,1,1,HRES442,"Science, Space, and Technology",21,18,IL,Replaced Newhouse,,,,,,,,,
114,182,21564,"Davidson, Warren",6,3,200,6/9/16,1/3/17,0,1,2,1,2,No Resolution,"Science, Space, and Technology",24,8,OH,Elected to Replace Boehner,,,,,,,,,
114,184,29550,"Chabot, Steven J.",1,1,200,1/6/15,1/3/17,11,3,2,1,1,HRES6,Small Business,24,1,OH,,,,,,,,,,
114,184,20325,"King, Steve",1,2,200,1/13/15,1/3/17,0,7,2,1,1,HRES29,Small Business,31,4,IA,,,,,,,,,,
114,184,20926,"Luetkemeyer, Blaine",1,3,200,1/13/15,1/3/17,0,2,2,1,1,HRES29,Small Business,34,3,MO,,,,,,,,,,
114,184,21157,"Hanna, Richard",1,4,200,1/13/15,1/3/17,0,3,2,1,0,HRES29,Small Business,13,22,NY,,,,,,,,,,
114,184,21134,"Huelskamp, Tim",1,5,200,1/13/15,1/3/17,0,2,2,1,0,HRES29,Small Business,32,1,KS,,,,,,,,,,
114,184,21359,"Rice, Tom",1,6,200,1/13/15,11/5/15,0,2,2,2,2,HRES29,Small Business,48,7,SC,Transferred to Ways and Means,,,,,,,,,
114,184,21156,"Gibson, Chris",1,7,200,1/13/15,1/3/17,0,1,2,1,0,HRES29,Small Business,13,19,NY,,,,,,,,,,
114,184,21553,"Brat, Dave",1,8,200,1/13/15,1/3/17,0,1,2,1,1,HRES29,Small Business,40,7,VA,,,,,,,,,,
114,184,70901,"Radewagen, Amata",1,9,200,1/13/15,1/3/17,0,1,2,1,1,HRES29,Small Business,94,1,AS,,,,,,,,,,
114,184,21505,"Knight, Steve",1,10,200,1/13/15,1/3/17,0,1,2,1,1,HRES29,Small Business,71,25,CA,,,,,,,,,,
114,184,21550,"Hurd, Will",1,11,200,1/13/15,3/16/15,0,1,2,3,2,HRES29,Small Business,49,23,TX,Left committee for no other,,,,,,,,,
114,184,21512,"Curbelo, Carlos",1,12,200,1/13/15,1/3/17,0,1,2,1,2,HRES29,Small Business,43,26,FL,,,,,,,,,,
114,184,21519,"Bost, Mike",1,13,200,1/13/15,2/4/16,0,1,2,2,2,HRES29,Small Business,21,12,IL,Transferred to Transportation and Infrastructure,,,,,,,,,
114,184,21534,"Hardy, Cresent",1,14,200,1/13/15,1/3/17,0,1,2,1,0,HRES29,Small Business,65,4,NV,,,,,,,,,,
114,184,29378,"Velazquez, Nydia M.",2,1,100,1/6/15,1/3/17,21,12,2,1,1,HRES7,Small Business,13,7,NY,When sworn,,,,,,,,,
114,184,20955,"Chu, Judy",2,2,100,1/13/15,1/3/17,0,3,2,1,1,HRES30,Small Business,71,27,CA,,,,,,,,,,
114,184,21195,"Hahn, Janice",2,3,100,1/13/15,12/4/16,0,2,2,6,0,HRES30,Small Business,71,44,CA,Resigned to join Los Angeles County Board of Supervisors,,,,,,,,,
114,184,31103,"Payne, Donald, Jr.",2,4,100,1/13/15,1/3/17,0,2,2,1,2,HRES30,Small Business,12,10,NJ,,,,,,,,,,
114,184,21342,"Meng, Grace",2,5,100,1/13/15,1/3/17,0,2,2,1,2,HRES30,Small Business,13,6,NY,,,,,,,,,,
114,184,21530,"Lawrence, Brenda",2,6,100,1/21/15,1/3/17,0,1,2,1,2,HRES40,Small Business,23,14,MI,Late appointment,,,,,,,,,
114,184,20733,"Clarke, Yvette D.",2,7,100,1/25/15,1/3/17,0,5,2,1,2,HRES124,Small Business,13,9,NY,Late appointment,,,,,,,,,
114,184,21517,"Takai, Mark",4,8,100,4/22/15,7/20/16,0,1,2,5,0,HRES219,Small Business,82,1,HI,"Additional member; Ranked after Lawrence, per HRES603, Died",,,,,,,,,
114,184,21525,"Moulton, Seth",5,8,100,3/25/15,1/3/17,0,1,2,1,2,HRES172,Small Business,3,6,MA,Additional member,,,,,,,,,
114,184,21561,"Kelly, Trent",6,1,200,6/10/15,1/3/17,0,1,2,1,1,HRES304,Small Business,46,1,MS,Replaced Hurd,,,,,,,,,
114,184,21564,"Davidson, Warren",6,2,100,6/9/16,1/3/17,0,1,2,1,2,No Resolution,Small Business,24,8,OH,Elected to Replace Boehner,,,,,,,,,
114,184,21545,"Adams, Alma",7,1,100,1/25/15,1/3/17,0,1,2,1,,HRES124,Small Business,44,12,NC,To Rank after Clarke,,,,,,,,,
114,661,29137,"Boehner, John A.",1,1,200,1/6/15,10/29/15,32,3,2,8,0,H2,Speaker,24,8,OH,Resigned as Speaker upon election of Ryan; later resigned from House,,,,,,,,,
114,661,29939,"Ryan, Paul",1,1,200,10/29/15,1/3/17,33,1,2,1,1,H7337,Speaker,25,1,WI,Replaced Boehner,,,,,,,,,
114,503,29939,"Ryan, Paul",1,1,200,Unknown,10/29/15,11,,,2,2,,Taxation (Joint),25,1,WI,Elected Speaker,,,,,,,,,
114,503,29143,"Johnson, Sam",1,2,200,Unknown,1/3/17,0,3,2,1,0,,Taxation (Joint),49,3,TX,Replaced Ryan as Chair 10/29/2015,,,,,,,,,
114,503,29760,"Brady, Kevin",1,3,200,Unknown,1/3/17,0,2,2,1,1,,Taxation (Joint),49,8,TX,,,,,,,,,,
114,503,15033,"Levin, Sander M.",2,1,100,Unknown,1/3/17,0,5,2,1,0,,Taxation (Joint),23,9,MI,,,,,,,,,,
114,503,13035,"Rangel, Charles B.",2,2,100,Unknown,1/3/17,0,11,2,1,0,,Taxation (Joint),13,13,NY,,,,,,,,,,
114,503,20307,"Nunes, Devin",4,4,200,11/18/15,1/3/17,0,1,2,1,1,H8400,Taxation (Joint),71,22,CA,Replaced Ryan ,,,,,,,,,
114,173,20134,"Shuster, Bill",1,1,200,1/6/15,1/3/17,11,8,2,1,1,HRES6,Transportation and Infrastructure,14,9,PA,,,,,,,,,,
114,173,14066,"Young, Donald E.",1,2,200,1/13/15,1/3/17,0,11,2,1,1,HRES29,Transportation and Infrastructure,81,1,AK,,,,,,,,,,
114,173,15455,"Duncan, John J., Jr.",1,3,200,1/13/15,1/3/17,81,14,2,1,1,HRES29,Transportation and Infrastructure,54,2,TN,,,,,,,,,,
114,173,29331,"Mica, John L.",1,4,200,1/13/15,1/3/17,0,12,2,1,0,HRES29,Transportation and Infrastructure,43,7,FL,,,,,,,,,,
114,173,29539,"Lobiondo, Frank A.",1,5,200,1/13/15,1/3/17,0,10,2,1,1,HRES29,Transportation and Infrastructure,12,2,NJ,,,,,,,,,,
114,173,20124,"Graves, Samuel",1,6,200,1/13/15,1/3/17,0,8,2,1,1,HRES29,Transportation and Infrastructure,34,6,MO,,,,,,,,,,
114,173,20331,"Miller, Candice S.",1,7,200,1/13/15,12/31/16,0,5,2,6,0,HRES29,Transportation and Infrastructure,23,10,MI,Resigned to become Macomb County Public Works Commissioner,,,,,,,,,
114,173,20963,"Hunter, Duncan",1,8,200,1/13/15,1/3/17,0,3,2,1,1,HRES29,Transportation and Infrastructure,71,50,CA,,,,,,,,,,
114,173,21106,"Crawford, Rick",1,9,200,1/13/15,1/3/17,0,3,2,1,1,HRES29,Transportation and Infrastructure,42,1,AR,,,,,,,,,,
114,173,21171,"Barletta, Lou",1,10,200,1/13/15,1/3/17,0,3,2,1,1,HRES29,Transportation and Infrastructure,14,11,PA,,,,,,,,,,
114,173,21184,"Farenthold, Blake",1,11,200,1/13/15,1/3/17,0,3,2,1,1,HRES29,Transportation and Infrastructure,49,27,TX,,,,,,,,,,
114,173,21165,"Gibbs, Bob",1,12,200,1/13/15,1/3/17,0,3,2,1,1,HRES29,Transportation and Infrastructure,24,7,OH,,,,,,,,,,
114,173,21157,"Hanna, Richard",1,13,200,1/13/15,1/3/17,0,3,2,1,0,HRES29,Transportation and Infrastructure,13,22,NY,,,,,,,,,,
114,173,21116,"Webster, Daniel",1,14,200,1/13/15,1/3/17,0,2,2,1,1,HRES29,Transportation and Infrastructure,43,10,FL,,,,,,,,,,
114,173,21109,"Denham, Jeff",1,15,200,1/13/15,1/3/17,0,3,2,1,1,HRES29,Transportation and Infrastructure,71,10,CA,,,,,,,,,,
114,173,21190,"Ribble, Reid",1,16,200,1/13/15,1/3/17,0,3,2,1,0,HRES29,Transportation and Infrastructure,25,8,WI,,,,,,,,,,
114,173,31102,"Massie, Thomas",1,17,200,1/13/15,1/3/17,0,2,2,1,1,HRES29,Transportation and Infrastructure,51,4,KY,,,,,,,,,,
114,173,21359,"Rice, Tom",1,18,200,1/13/15,11/5/15,0,2,2,2,2,HRES29,Transportation and Infrastructure,48,7,SC,Transferred to Ways and Means,,,,,,,,,
114,173,21348,"Meadows, Mark",1,19,200,1/13/15,1/3/17,0,2,2,1,1,HRES29,Transportation and Infrastructure,47,11,NC,,,,,,,,,,
114,173,21356,"Perry, Scott",1,20,200,1/13/15,1/3/17,0,2,2,1,1,HRES29,Transportation and Infrastructure,14,4,PA,,,,,,,,,,
114,173,21328,"Davis, Rodney",1,21,200,1/13/15,1/3/17,0,2,2,1,1,HRES29,Transportation and Infrastructure,21,13,IL,,,,,,,,,,
114,173,29565,"Sanford, Marshall (Mark)",1,22,200,1/13/15,1/3/17,0,2,2,1,1,HRES29,Transportation and Infrastructure,48,1,SC,,,,,,,,,,
114,173,21122,"Woodall, Robert",1,23,200,1/13/15,1/3/17,0,1,2,1,1,HRES29,Transportation and Infrastructure,44,7,GA,,,,,,,,,,
114,173,21131,"Rokita, Todd",1,24,200,1/13/15,1/3/17,0,1,2,1,1,HRES29,Transportation and Infrastructure,22,4,IN,,,,,,,,,,
114,173,21542,"Katko, John",1,25,200,1/13/15,1/3/17,0,1,2,1,1,HRES29,Transportation and Infrastructure,13,24,NY,,,,,,,,,,
114,173,21551,"Babin, Brian",1,26,200,1/13/15,1/3/17,0,1,2,1,1,HRES29,Transportation and Infrastructure,49,36,TX,,,,,,,,,,
114,173,21534,"Hardy, Cresent",1,27,200,1/13/15,1/3/17,0,1,2,1,0,HRES29,Transportation and Infrastructure,65,4,NV,,,,,,,,,,
114,173,21547,"Costello, Ryan",1,28,200,1/13/15,1/3/17,0,1,2,1,2,HRES29,Transportation and Infrastructure,14,6,PA,,,,,,,,,,
114,173,21523,"Graves, Garret",1,29,200,1/13/15,1/3/17,0,1,2,1,1,HRES29,Transportation and Infrastructure,45,6,LA,,,,,,,,,,
114,173,21509,"Walters, Mimi",1,30,200,1/13/15,1/3/17,0,1,2,1,2,HRES29,Transportation and Infrastructure,71,45,CA,,,,,,,,,,
114,173,21555,"Comstock, Barbara",1,31,200,1/13/15,1/3/17,0,1,2,1,1,HRES29,Transportation and Infrastructure,40,10,VA,,,,,,,,,,
114,173,21512,"Curbelo, Carlos",1,32,200,1/13/15,1/3/17,0,1,2,1,2,HRES29,Transportation and Infrastructure,43,26,FL,,,,,,,,,,
114,173,21544,"Rouzer, David",1,33,200,1/13/15,1/3/17,0,1,2,1,1,HRES29,Transportation and Infrastructure,47,7,NC,,,,,,,,,,
114,173,21539,"Zeldin, Lee",1,34,200,1/13/15,1/3/17,0,1,2,1,2,HRES29,Transportation and Infrastructure,13,1,NY,,,,,,,,,,
114,173,15410,"DeFazio, Peter A.",2,1,100,1/6/15,1/3/17,21,15,2,1,1,HRES7,Transportation and Infrastructure,72,4,OR,,,,,,,,,,
114,173,70303,"Norton, Eleanor Holmes",2,2,100,1/13/15,1/3/17,0,13,2,1,1,HRES30,Transportation and Infrastructure,55,79,DC,,,,,,,,,,
114,173,29377,"Nadler, Jerrold",2,3,100,1/13/15,1/3/17,0,12,2,1,1,HRES30,Transportation and Infrastructure,13,10,NY,,,,,,,,,,
114,173,29328,"Brown, Corrine",2,4,100,1/13/15,1/3/17,0,12,2,1,0,HRES30,Transportation and Infrastructure,43,5,FL,,,,,,,,,,
114,173,39305,"Johnson, Eddie Bernice",2,5,100,1/13/15,1/3/17,0,12,2,1,1,HRES30,Transportation and Infrastructure,49,30,TX,,,,,,,,,,
114,173,29587,"Cummings, Elijah E.",2,6,100,1/13/15,1/3/17,0,11,2,1,1,HRES30,Transportation and Infrastructure,52,7,MD,,,,,,,,,,
114,173,20145,"Larsen, Rick",2,7,100,1/13/15,1/3/17,0,8,2,1,1,HRES30,Transportation and Infrastructure,73,2,WA,,,,,,,,,,
114,173,29919,"Capuano, Michael E.",2,8,100,1/13/15,1/3/17,0,8,2,1,1,HRES30,Transportation and Infrastructure,3,7,MA,,,,,,,,,,
114,173,29903,"Napolitano, Grace F.",2,9,100,1/13/15,1/3/17,0,5,2,1,1,HRES30,Transportation and Infrastructure,71,32,CA,,,,,,,,,,
114,173,20508,"Lipinski, Daniel",2,10,100,1/13/15,1/3/17,0,5,2,1,1,HRES30,Transportation and Infrastructure,21,3,IL,,,,,,,,,,
114,173,20748,"Cohen, Steve",2,11,100,1/13/15,1/3/17,0,5,2,1,1,HRES30,Transportation and Infrastructure,54,9,TN,,,,,,,,,,
114,173,20542,"Sires, Albio",2,12,100,1/13/15,1/3/17,0,5,2,1,1,HRES30,Transportation and Infrastructure,12,8,NJ,,,,,,,,,,
114,173,20763,"Edwards, Donna F.",2,13,100,1/13/15,1/3/17,0,5,2,1,0,HRES30,Transportation and Infrastructure,52,4,MD,,,,,,,,,,
114,173,20958,"Garamendi, John J.",2,14,100,1/13/15,1/3/17,0,2,2,1,1,HRES30,Transportation and Infrastructure,71,3,CA,,,,,,,,,,
114,173,20757,"Carson, Andre",2,15,100,1/13/15,1/3/17,0,2,2,1,1,HRES30,Transportation and Infrastructure,22,7,IN,,,,,,,,,,
114,173,21195,"Hahn, Janice",2,16,100,1/13/15,12/4/16,0,2,2,6,0,HRES30,Transportation and Infrastructure,71,44,CA,Resigned to join Los Angeles County Board of Supervisors,,,,,,,,,
114,173,14263,"Nolan, Richard",2,17,100,1/13/15,1/3/17,0,2,2,1,1,HRES30,Transportation and Infrastructure,33,8,MN,,,,,,,,,,
114,173,20902,"Kirkpatrick, Ann",2,18,100,1/13/15,1/3/17,0,2,2,1,0,HRES30,Transportation and Infrastructure,61,1,AZ,,,,,,,,,,
114,173,20927,"Titus, Dina",2,19,100,1/13/15,1/3/17,0,2,2,1,1,HRES30,Transportation and Infrastructure,65,1,NV,,,,,,,,,,
114,173,21344,"Maloney, Sean Patrick",2,20,100,1/13/15,1/3/17,0,2,2,1,1,HRES30,Transportation and Infrastructure,13,18,NY,,,,,,,,,,
114,173,21316,"Esty, Elizabeth",2,21,100,1/13/15,1/3/17,0,2,2,1,1,HRES30,Transportation and Infrastructure,1,5,CT,,,,,,,,,,
114,173,21321,"Frankel, Lois",2,22,100,1/13/15,1/3/17,0,2,2,1,1,HRES30,Transportation and Infrastructure,43,22,FL,,,,,,,,,,
114,173,21329,"Bustos, Cheri",2,23,100,1/13/15,1/3/17,0,2,2,1,1,HRES30,Transportation and Infrastructure,21,17,IL,,,,,,,,,,
114,173,21303,"Huffman, Jared",2,24,100,1/13/15,1/3/17,0,1,2,1,1,HRES30,Transportation and Infrastructure,71,2,CA,,,,,,,,,,
114,173,21308,"Brownley, Julia",2,25,100,1/13/15,1/3/17,0,1,2,1,1,HRES30,Transportation and Infrastructure,71,26,CA,,,,,,,,,,
114,173,21519,"Bost, Mike",6,1,100,2/4/16,1/3/17,0,1,2,1,1,HRES602,Transportation and Infrastructure,21,12,IL,Replaced Rice,,,,,,,,,
114,192,20110,"Miller, Jeff",1,1,200,1/6/15,1/3/17,11,8,2,1,0,HRES6,Veterans Affairs,43,1,FL,,,,,,,,,,
114,192,20704,"Lamborn, Doug",1,2,200,1/13/15,1/3/17,0,4,4,1,2,HRES29,Veterans Affairs,62,5,CO,,,,,,,,,,
114,192,20758,"Bilirakis, Gus",1,3,200,1/13/15,1/3/17,0,5,2,1,1,HRES29,Veterans Affairs,43,12,FL,,,,,,,,,,
114,192,20947,"Roe, David P.",1,4,200,1/13/15,1/3/17,0,4,2,1,1,HRES29,Veterans Affairs,54,1,TN,,,,,,,,,,
114,192,21141,"Benishek, Dan",1,5,200,1/13/15,1/3/17,0,3,2,1,0,HRES29,Veterans Affairs,23,1,MI,,,,,,,,,,
114,192,21134,"Huelskamp, Tim",1,6,200,1/13/15,1/3/17,0,3,2,1,0,HRES29,Veterans Affairs,32,1,KS,,,,,,,,,,
114,192,20906,"Coffman, Mike",1,7,200,1/13/15,1/3/17,0,2,2,1,1,HRES29,Veterans Affairs,62,6,CO,,,,,,,,,,
114,192,21351,"Wenstrup, Brad",1,8,200,1/13/15,1/3/17,0,2,2,1,1,HRES29,Veterans Affairs,24,2,OH,,,,,,,,,,
114,192,21330,"Walorski, Jackie",1,9,200,1/13/15,1/3/17,0,2,2,1,2,HRES29,Veterans Affairs,22,2,IN,,,,,,,,,,
114,192,21522,"Abraham, Ralph",1,10,200,1/13/15,1/3/17,0,1,2,1,2,HRES29,Veterans Affairs,45,5,LA,,,,,,,,,,
114,192,21539,"Zeldin, Lee",1,11,200,1/13/15,1/3/17,0,1,2,1,2,HRES29,Veterans Affairs,13,1,NY,,,,,,,,,,
114,192,21547,"Costello, Ryan",1,12,200,1/13/15,1/3/17,0,1,2,1,2,HRES29,Veterans Affairs,14,6,PA,,,,,,,,,,
114,192,70901,"Radewagen, Amata",1,13,200,1/13/15,1/3/17,0,1,2,1,1,HRES29,Veterans Affairs,94,1,AS,,,,,,,,,,
114,192,21519,"Bost, Mike",1,14,200,1/13/15,1/3/17,0,1,2,1,1,HRES29,Veterans Affairs,21,12,IL,,,,,,,,,,
114,192,29328,"Brown, Corrine",2,1,100,1/6/15,1/3/17,12,12,2,1,0,HRES7,Veterans Affairs,43,5,FL,"Temporary resignation during corruption case, announced 7/8/16",,,,,,,,,
114,192,21312,"Takano, Mark",2,2,100,1/13/15,1/3/17,0,2,2,1,1,HRES30,Veterans Affairs,71,41,CA,,,,,,,,,,
114,192,21308,"Brownley, Julia",2,3,100,1/13/15,1/3/17,0,2,2,1,1,HRES30,Veterans Affairs,71,26,CA,,,,,,,,,,
114,192,20927,"Titus, Dina",2,4,100,1/13/15,1/3/17,0,2,2,1,2,HRES30,Veterans Affairs,65,1,NV,,,,,,,,,,
114,192,21311,"Ruiz, Raul",2,5,100,1/13/15,1/3/17,0,2,2,1,2,HRES30,Veterans Affairs,71,36,CA,,,,,,,,,,
114,192,21340,"Kuster, Ann McLane",2,6,100,1/13/15,1/3/17,0,2,2,1,1,HRES30,Veterans Affairs,4,2,NH,,,,,,,,,,
114,192,21361,"O'Rourke, Beto",2,7,100,1/13/15,1/3/17,0,2,2,1,1,HRES30,Veterans Affairs,49,16,TX,,,,,,,,,,
114,192,21540,"Rice, Kathleen",2,8,100,1/21/15,1/3/17,0,1,2,1,1,HRES40,Veterans Affairs,13,4,NY,Late appointment,,,,,,,,,
114,192,20726,"Walz, Timothy J.",2,9,100,2/3/15,1/3/17,0,1,2,1,1,HRES77,Veterans Affairs,33,1,MN,Late appointment,,,,,,,,,
114,192,20702,"McNerney, Jerry",2,10,100,2/3/15,1/3/17,0,1,2,1,2,HRES77,Veterans Affairs,71,9,CA,Late appointment,,,,,,,,,
114,196,29939,"Ryan, Paul",1,1,200,1/6/15,10/29/15,12,8,2,2,2,HRES6,Ways and Means,25,1,WI,Elected Speaker,,,,,,,,,
114,196,29143,"Johnson, Sam",1,2,200,1/13/15,1/3/17,0,11,2,1,1,HRES29,Ways and Means,49,3,TX,,,,,,,,,,
114,196,29760,"Brady, Kevin",1,3,200,1/13/15,1/3/17,13,8,2,1,1,HRES29,Ways and Means,49,8,TX,Named chair 11/5/2015,,,,,,,,,
114,196,20307,"Nunes, Devin",1,4,200,1/13/15,1/3/17,0,6,2,1,1,HRES29,Ways and Means,71,22,CA,,,,,,,,,,
114,196,20130,"Tiberi, Patrick",1,5,200,1/13/15,1/3/17,0,5,2,1,1,HRES29,Ways and Means,24,12,OH,,,,,,,,,,
114,196,20536,"Reichert, David G.",1,6,200,1/13/15,1/3/17,0,4,2,1,1,HRES29,Ways and Means,73,8,WA,,,,,,,,,,
114,196,20514,"Boustany, Charles W. Jr.",1,7,200,1/13/15,1/3/17,0,4,2,1,0,HRES29,Ways and Means,45,1,LA,,,,,,,,,,
114,196,20715,"Roskam, Peter J.",1,8,200,1/13/15,1/3/17,0,4,2,1,1,HRES29,Ways and Means,21,6,IL,,,,,,,,,,
114,196,20505,"Price, Tom",1,9,200,1/13/15,1/3/17,0,3,2,1,1,HRES29,Ways and Means,44,6,GA,,,,,,,,,,
114,196,20709,"Buchanan, Vernon G.",1,10,200,1/13/15,1/3/17,0,3,2,1,1,HRES29,Ways and Means,43,16,FL,,,,,,,,,,
114,196,20729,"Smith, Adrian",1,11,200,1/13/15,1/3/17,0,3,2,1,1,HRES29,Ways and Means,35,3,NE,,,,,,,,,,
114,196,20914,"Schock, Aaron",1,12,200,1/13/15,3/17/15,0,3,2,3,0,HRES29,Ways and Means,21,18,IL,Resigned due to investigation of campaign funds; later resigned from the House,,,,,,,,,
114,196,20915,"Jenkins, Lynn",1,13,200,1/13/15,1/3/17,0,3,2,1,1,HRES29,Ways and Means,32,2,KS,,,,,,,,,,
114,196,20924,"Paulsen, Erik",1,14,200,1/13/15,1/3/17,0,3,2,1,1,HRES29,Ways and Means,33,3,MN,,,,,,,,,,
114,196,20532,"Marchant, Kenny",1,15,200,1/13/15,1/3/17,0,3,2,1,1,HRES29,Ways and Means,49,24,TX,,,,,,,,,,
114,196,21180,"Black, Diane",1,16,200,1/13/15,1/3/17,0,3,2,1,1,HRES29,Ways and Means,54,6,TN,,,,,,,,,,
114,196,21101,"Reed, Thomas W., II",1,17,200,1/13/15,1/3/17,0,3,2,1,1,HRES29,Ways and Means,13,23,NY,,,,,,,,,,
114,196,21133,"Young, Todd",1,18,200,1/13/15,1/3/17,0,2,2,1,0,HRES29,Ways and Means,22,9,IN,,,,,,,,,,
114,196,21167,"Kelly, Mike",1,19,200,1/13/15,1/3/17,0,2,2,1,1,HRES29,Ways and Means,14,3,PA,,,,,,,,,,
114,196,21164,"Renacci, Jim",1,20,200,1/13/15,1/3/17,0,2,2,1,1,HRES29,Ways and Means,24,16,OH,,,,,,,,,,
114,196,21168,"Meehan, Pat",1,21,200,1/13/15,1/3/17,0,1,2,1,1,HRES29,Ways and Means,14,7,PA,,,,,,,,,,
114,196,21177,"Noem, Kristi",1,22,200,1/13/15,1/3/17,0,1,2,1,1,HRES29,Ways and Means,37,1,SD,,,,,,,,,,
114,196,21349,"Holding, George",1,23,200,1/13/15,1/3/17,0,1,2,1,1,HRES29,Ways and Means,47,13,NC,,,,,,,,,,
114,196,21373,"Smith, Jason",1,24,200,1/13/15,1/3/17,0,1,2,1,1,HRES29,Ways and Means,34,8,MO,,,,,,,,,,
114,196,15033,"Levin, Sander M.",2,1,100,1/6/15,1/3/17,21,15,2,1,1,HRES7,Ways and Means,23,9,MI,,,,,,,,,,
114,196,13035,"Rangel, Charles B.",2,2,100,1/6/15,1/3/17,0,21,2,1,0,HRES7,Ways and Means,13,13,NY,When sworn,,,,,,,,,
114,196,15613,"McDermott, James A.",2,3,100,1/6/15,1/3/17,0,13,2,1,0,HRES7,Ways and Means,73,7,WA,,,,,,,,,,
114,196,15431,"Lewis, John R.",2,4,100,1/6/15,1/3/17,0,12,2,1,1,HRES7,Ways and Means,44,5,GA,,,,,,,,,,
114,196,15616,"Neal, Richard E.",2,5,100,1/6/15,1/3/17,0,12,2,1,1,HRES7,Ways and Means,3,1,MA,,,,,,,,,,
114,196,29316,"Becerra, Xavier",2,6,100,1/6/15,1/3/17,0,10,2,1,1,HRES7,Ways and Means,71,34,CA,,,,,,,,,,
114,196,29571,"Doggett, Lloyd",2,7,100,1/6/15,1/3/17,0,9,2,1,1,HRES7,Ways and Means,49,35,TX,,,,,,,,,,
114,196,29901,"Thompson, Mike",2,8,100,1/6/15,1/3/17,0,6,2,1,1,HRES7,Ways and Means,71,5,CA,,,,,,,,,,
114,196,29908,"Larson, John B.",2,9,100,1/6/15,1/3/17,0,6,2,1,1,HRES7,Ways and Means,1,1,CT,,,,,,,,,,
114,196,29588,"Blumenauer, Earl",2,10,100,1/6/15,1/3/17,0,5,2,1,1,HRES7,Ways and Means,72,3,OR,,,,,,,,,,
114,196,29769,"Kind, Ron",2,11,100,1/6/15,1/3/17,0,5,2,1,1,HRES7,Ways and Means,25,3,WI,,,,,,,,,,
114,196,29741,"Pascrell, William J., Jr.",2,12,100,1/6/15,1/3/17,0,5,2,1,1,HRES7,Ways and Means,12,9,NJ,,,,,,,,,,
114,196,29925,"Crowley, Joseph",2,13,100,1/6/15,1/3/17,0,5,2,1,1,HRES7,Ways and Means,13,14,NY,When sworn,,,,,,,,,
114,196,29717,"Davis, Danny K.",2,14,100,1/6/15,1/3/17,0,2,2,1,1,HRES7,Ways and Means,21,7,IL,,,,,,,,,,
114,196,20310,"Sanchez, Linda",2,15,100,1/6/15,1/3/17,0,2,2,1,1,HRES7,Ways and Means,71,38,CA,,,,,,,,,,
114,196,21518,"Dold, Bob",6,1,200,4/29/15,1/3/17,0,1,2,1,2,HRES229,Ways and Means,21,10,IL,Replaced Schock,,,,,,,,,
114,196,21359,"Rice, Tom",6,2,200,11/5/15,1/3/17,0,1,2,1,1,HRES517,Ways and Means,48,7,SC,Replaced Ryan,,,,,,,,,
115,102,29127,"Peterson, Collin C.",2,1,100,1/11/17,1/3/19,21,14,2,1,1,HRES45,Agriculture,33,7,MN,,,,,,,,,,
115,102,20321,"Scott, David",2,2,100,1/11/17,1/3/19,0,8,2,1,1,HRES45,Agriculture,44,13,GA,,,,,,,,,,
115,102,20501,"Costa, Jim",2,3,100,1/11/17,1/3/19,0,7,2,1,1,HRES45,Agriculture,71,16,CA,,,,,,,,,,
115,102,20726,"Walz, Timothy J.",2,4,100,1/11/17,1/3/19,0,6,2,1,0,HRES45,Agriculture,33,1,MN,,,,,,,,,,
115,102,20941,"Fudge, Marcia",2,5,100,1/11/17,1/3/19,0,4,2,1,1,HRES45,Agriculture,24,11,OH,,,,,,,,,,
115,102,29729,"McGovern, Jim",2,6,100,1/11/17,1/3/19,0,4,2,1,1,HRES45,Agriculture,3,2,MA,,,,,,,,,,
115,102,21366,"Vela, Filemon",2,7,100,1/11/17,1/3/19,0,3,2,1,1,HRES45,Agriculture,49,34,TX,,,,,,,,,,
115,102,21341,"Grisham, Michelle Lujan",2,8,100,1/11/17,12/31/18,0,3,2,6,0,HRES45,Agriculture,66,1,NM,Resigned to assume Governor position,,,,,,,,,
115,102,21340,"Kuster, Ann McLane",2,9,100,1/11/17,1/3/19,0,3,2,1,2,HRES45,Agriculture,4,2,NH,,,,,,,,,,
115,102,14263,"Nolan, Richard",2,10,100,1/11/17,1/3/19,0,3,2,1,0,HRES45,Agriculture,33,8,MN,,,,,,,,,,
115,102,21329,"Bustos, Cheri",2,11,100,1/11/17,1/3/19,0,3,2,1,1,HRES45,Agriculture,21,17,IL,,,,,,,,,,
115,102,21344,"Maloney, Sean Patrick",2,12,100,1/11/17,1/3/19,0,3,2,1,1,HRES45,Agriculture,13,18,NY,,,,,,,,,,
115,102,70502,"Plaskett, Stacey",2,13,100,1/11/17,1/3/19,0,2,2,1,1,HRES45,Agriculture,93,1,VI,,,,,,,,,,
115,102,21545,"Adams, Alma",2,14,100,1/11/17,1/3/19,0,2,2,1,1,HRES45,Agriculture,44,12,NC,,,,,,,,,,
115,102,21566,"Evans, Dwight E.",2,15,100,1/11/17,1/3/19,0,1,2,1,2,HRES45,Agriculture,14,2,PA,,,,,,,,,,
115,102,21732,"Lawson Jr., Alfred (Al)",2,16,100,1/11/17,1/3/19,0,1,2,1,1,HRES45,Agriculture,43,5,FL,,,,,,,,,,
115,102,21739,"O'Halleran, Tom",2,17,100,1/11/17,1/3/19,0,1,2,1,1,HRES45,Agriculture,51,1,AZ,,,,,,,,,,
115,102,21740,"Panetta, James V. (Jimmy)",2,18,100,1/11/17,1/3/19,0,1,2,1,1,HRES45,Agriculture,71,21,CA,,,,,,,,,,
115,102,21746,"Soto, Darren",2,19,100,1/11/17,1/3/19,0,1,2,1,2,HRES45,Agriculture,43,9,FL,,,,,,,,,,
115,102,21706,"Rochester, Lisa B.",2,20,100,1/13/17,1/3/19,0,1,2,1,2,HRES52,Agriculture,11,1,DE,,,,,,,,,,
115,102,20531,"Conaway, K. Michael",1,1,200,1/3/17,1/3/19,11,7,2,1,1,HRES6,Agriculture,49,11,TX,,,,,,,,,,
115,102,39308,"Goodlatte, Robert W.",1,2,200,1/13/17,1/3/19,0,4,2,1,0,HRES51,Agriculture,40,6,VA,,,,,,,,,,
115,102,29393,"Lucas, Frank D.",1,3,200,1/13/17,1/3/19,0,13,2,1,2,HRES51,Agriculture,53,3,OK,,,,,,,,,,
115,102,20325,"King, Steve",1,4,200,1/13/17,1/3/19,0,8,2,1,2,HRES51,Agriculture,31,4,IA,,,,,,,,,,
115,102,20301,"Rogers, Mike Dennis",1,5,200,1/13/17,1/3/19,0,2,2,1,2,HRES51,Agriculture,41,3,AL,,,,,,,,,,
115,102,20946,"Thompson, Glenn",1,6,200,1/13/17,1/3/19,0,5,2,1,1,HRES51,Agriculture,14,5,PA,,,,,,,,,,
115,102,21165,"Gibbs, Bob",1,7,200,1/13/17,1/3/19,0,4,2,1,2,HRES51,Agriculture,24,7,OH,,,,,,,,,,
115,102,21123,"Scott, Austin",1,8,200,1/13/17,1/3/19,0,4,2,1,1,HRES51,Agriculture,44,8,GA,,,,,,,,,,
115,102,21106,"Crawford, Rick",1,9,200,1/13/17,1/3/19,0,4,2,1,1,HRES51,Agriculture,42,1,AR,,,,,,,,,,
115,102,21179,"DesJarlais, Scott",1,10,200,1/13/17,1/3/19,0,4,2,1,1,HRES51,Agriculture,54,4,TN,,,,,,,,,,
115,102,21149,"Hartzler, Vicky",1,11,200,1/13/17,1/3/19,0,4,2,1,1,HRES51,Agriculture,34,4,MO,,,,,,,,,,
115,102,21109,"Denham, Jeff",1,12,200,1/13/17,1/3/19,0,4,2,1,0,HRES51,Agriculture,71,10,CA,,,,,,,,,,
115,102,21302,"La Malfa, Doug",1,13,200,1/13/17,1/3/19,0,4,2,1,1,HRES51,Agriculture,71,1,CA,,,,,,,,,,
115,102,21328,"Davis, Rodney",1,14,200,1/13/17,1/3/19,0,4,2,1,1,HRES51,Agriculture,21,13,IL,,,,,,,,,,
115,102,21317,"Yoho, Ted",1,15,200,1/13/17,1/3/19,0,4,2,1,1,HRES51,Agriculture,43,3,FL,,,,,,,,,,
115,102,21516,"Allen, Rick",1,16,200,1/13/17,1/3/19,0,2,2,1,1,HRES51,Agriculture,44,12,GA,,,,,,,,,,
115,102,21519,"Bost, Mike",1,17,200,1/13/17,1/3/19,0,2,2,1,1,HRES51,Agriculture,21,12,IL,,,,,,,,,,
115,102,21544,"Rouzer, David",1,18,200,1/13/17,1/3/19,0,2,2,1,1,HRES51,Agriculture,47,7,NC,,,,,,,,,,
115,102,21522,"Abraham, Ralph",1,19,200,1/13/17,1/3/19,0,2,2,1,1,HRES51,Agriculture,45,5,LA,,,,,,,,,,
115,102,21561,"Kelly, Trent",1,20,200,1/13/17,1/3/19,0,2,2,1,1,HRES51,Agriculture,46,1,MS,,,,,,,,,,
115,102,21565,"Comer, James",1,21,200,1/13/17,1/3/19,0,1,2,1,1,HRES51,Agriculture,51,1,KY,,,,,,,,,,
115,102,21734,"Marshall, Roger",1,22,200,1/13/17,1/3/19,0,1,2,1,1,HRES51,Agriculture,32,1,KS,,,,,,,,,,
115,102,21701,"Bacon, Donald J. (Don)",1,23,200,1/13/17,1/3/19,0,1,2,1,1,HRES51,Agriculture,35,2,NE,,,,,,,,,,
115,102,21716,"Faso, John",1,24,200,1/13/17,1/3/19,0,1,2,1,0,HRES51,Agriculture,13,19,NY,,,,,,,,,,
115,104,29541,"Frelinghuysen, Rodney P.",1,1,200,1/3/17,1/3/19,11,12,2,1,0,HRES6,Appropriations,12,11,NJ,,,,,,,,,,
115,104,14854,"Rogers, Harold",1,2,200,1/6/17,1/3/19,0,18,2,1,1,HRES29,Appropriations,51,5,KY,,,,,,,,,,
115,104,29701,"Aderholt, Robert",1,3,200,1/6/17,1/3/19,0,11,2,1,1,HRES29,Appropriations,41,4,AL,,,,,,,,,,
115,104,29762,"Granger, Kay",1,4,200,1/6/17,1/3/19,0,10,2,1,1,HRES29,Appropriations,49,12,TX,,,,,,,,,,
115,104,29910,"Simpson, Michael K.",1,5,200,1/6/17,1/3/19,0,8,2,1,1,HRES29,Appropriations,63,2,ID,,,,,,,,,,
115,104,20139,"Culberson, John",1,6,200,1/6/17,1/3/19,0,8,2,1,0,HRES29,Appropriations,49,7,TX,,,,,,,,,,
115,104,20356,"Carter, John R",1,7,200,1/6/17,1/3/19,0,7,2,1,1,HRES29,Appropriations,49,31,TX,,,,,,,,,,
115,104,29323,"Calvert, Ken",1,8,200,1/6/17,1/3/19,0,6,2,1,1,HRES29,Appropriations,71,42,CA,,,,,,,,,,
115,104,20344,"Cole, Tom",1,9,200,1/6/17,1/3/19,0,5,2,1,1,HRES29,Appropriations,53,4,OK,,,,,,,,,,
115,104,20316,"Diaz-Balart, Mario",1,10,200,1/6/17,1/3/19,0,4,2,1,1,HRES29,Appropriations,25,43,FL,,,,,,,,,,
115,104,20526,"Dent, Charles W.",1,11,200,1/6/17,5/12/18,0,4,2,8,0,HRES29,Appropriations,14,15,PA,Resigned 05/12/2018,,,,,,,,,
115,104,20962,"Graves, Tom",1,12,200,1/6/17,1/3/19,0,4,2,1,1,HRES29,Appropriations,44,14,GA,,,,,,,,,,
115,104,21135,"Yoder, Kevin",1,13,200,1/6/17,1/3/19,0,4,2,1,0,HRES29,Appropriations,32,3,KS,,,,,,,,,,
115,104,21108,"Womack, Steve",1,14,200,1/6/17,1/3/19,0,4,2,1,1,HRES29,Appropriations,3,42,AR,,,,,,,,,,
115,104,20518,"Fortenberry, Jeff",1,15,200,1/6/17,1/3/19,0,3,2,1,1,HRES29,Appropriations,35,1,NE,,,,,,,,,,
115,104,20910,"Rooney, Thomas J.",1,16,200,1/6/17,1/3/19,0,3,2,1,0,HRES29,Appropriations,43,17,FL,,,,,,,,,,
115,104,21178,"Fleischmann, Chuck",1,17,200,1/6/17,1/3/19,0,3,2,1,1,HRES29,Appropriations,54,3,TN,,,,,,,,,,
115,104,21187,"Herrera Beutler, Jaime",1,18,200,1/6/17,1/3/19,0,3,2,1,1,HRES29,Appropriations,73,3,WA,,,,,,,,,,
115,104,21353,"Joyce, David P.",1,19,200,1/6/17,1/3/19,0,3,2,1,1,HRES29,Appropriations,24,14,OH,,,,,,,,,,
115,104,21307,"Valadao, David G.",1,20,200,1/6/17,1/3/19,0,3,2,1,0,HRES29,Appropriations,71,21,CA,,,,,,,,,,
115,104,21139,"Harris, Andy",1,21,200,1/6/17,1/3/19,0,3,2,1,1,HRES29,Appropriations,52,1,MD,,,,,,,,,,
115,104,21192,"Roby, Martha",1,22,200,1/6/17,1/3/19,0,3,2,1,1,HRES29,Appropriations,41,2,AL,,,,,,,,,,
115,104,21196,"Amodei, Mark E.",1,23,200,1/6/17,1/3/19,0,3,2,1,1,HRES29,Appropriations,65,2,NV,,,,,,,,,,
115,104,21367,"Stewart, Chris",1,24,200,1/6/17,1/3/19,0,3,2,1,1,HRES29,Appropriations,67,2,UT,,,,,,,,,,
115,104,21521,"Young, David",1,25,200,1/6/17,1/3/19,0,2,2,1,0,HRES29,Appropriations,31,3,IA,,,,,,,,,,
115,104,21558,"Jenkins, Evan",1,26,200,1/6/17,9/30/18,0,2,2,6,6,HRES29,Appropriations,56,3,WV,"Resigned 09/30/2018, appointed to Supreme Court of Appeals of WV",,,,,,,,,
115,104,21148,"Palazzo, Steven",1,27,200,1/6/17,1/3/19,0,2,2,1,1,HRES29,Appropriations,49,4,MS,,,,,,,,,,
115,104,21556,"Newhouse, Dan",1,28,200,1/6/17,1/3/19,0,1,2,1,1,HRES29,Appropriations,73,4,WA,,,,,,,,,,
115,104,21526,"Moolenaar, John",1,29,200,1/6/17,1/3/19,0,1,2,1,1,HRES29,Appropriations,23,4,MI,,,,,,,,,,
115,104,21748,"Taylor, Scott W.",1,30,200,1/6/17,1/3/19,0,1,2,1,0,HRES29,Appropriations,40,2,VA,,,,,,,,,,
115,104,21744,"Rutherford, John H.",4,31,200,5/16/18,1/3/19,4,1,2,1,1,HRES897,Appropriations,43,4,FL,,,,,,,,,,
115,104,15612,"Lowey, Nita M.",2,1,100,1/3/17,1/3/19,21,13,2,1,1,HRES7,Appropriations,13,17,NY,,,,,,,,,,
115,104,15029,"Kaptur, Marcy",2,2,100,1/11/17,1/3/19,0,15,2,1,1,HRES45,Appropriations,24,9,OH,,,,,,,,,,
115,104,15124,"Visclosky, Peter J.",2,3,100,1/11/17,1/3/19,0,14,2,1,1,HRES45,Appropriations,22,1,IN,,,,,,,,,,
115,104,29134,"Serrano, Jose E.",2,4,100,1/11/17,1/3/19,0,12,4,1,1,HRES45,Appropriations,13,15,NY,,,,,,,,,,
115,104,29109,"DeLauro, Rosa",2,5,100,1/11/17,1/3/19,0,11,4,1,1,HRES45,Appropriations,1,3,CT,,,,,,,,,,
115,104,15438,"Price, David E.",2,6,100,1/11/17,1/3/19,0,11,4,1,1,HRES45,Appropriations,47,4,NC,,,,,,,,,,
115,104,29317,"Roybal-Allard, Lucille",2,7,100,1/11/17,1/3/19,0,10,2,1,1,HRES45,Appropriations,71,40,CA,,,,,,,,,,
115,104,29339,"Bishop, Sanford D., Jr.",2,8,100,1/11/17,1/3/19,0,8,2,1,1,HRES45,Appropriations,44,2,GA,,,,,,,,,,
115,104,29778,"Lee, Barbara",2,9,100,1/11/17,1/3/19,0,6,2,1,1,HRES45,Appropriations,71,13,CA,,,,,,,,,,
115,104,20122,"McCollum, Betty",2,10,100,1/11/17,1/3/19,0,6,2,1,1,HRES45,Appropriations,33,4,MN,,,,,,,,,,
115,104,20343,"Ryan, Timothy J.",2,11,100,1/11/17,1/3/19,0,3,2,1,1,HRES45,Appropriations,24,13,OH,,,,,,,,,,
115,104,20329,"Ruppersberger, C.A. Dutch",2,12,100,1/11/17,1/3/19,0,3,2,1,1,HRES45,Appropriations,52,2,MD,,,,,,,,,,
115,104,20504,"Wasserman Schultz, Debbie",2,13,100,1/11/17,1/3/19,0,3,2,1,1,HRES45,Appropriations,43,20,FL,,,,,,,,,,
115,104,20533,"Cuellar, Henry",2,14,100,1/11/17,1/3/19,0,3,2,1,1,HRES45,Appropriations,49,28,TX,,,,,,,,,,
115,104,20920,"Pingree, Chellie",2,15,100,1/11/17,1/3/19,0,3,2,1,1,HRES45,Appropriations,2,1,ME,,,,,,,,,,
115,104,20954,"Quigley, Mike",2,16,100,1/11/17,1/3/19,0,3,2,1,1,HRES45,Appropriations,21,5,IL,,,,,,,,,,
115,104,21368,"Kilmer, Derek",2,17,100,1/11/17,1/3/19,0,2,2,1,1,HRES45,Appropriations,73,6,WA,,,,,,,,,,
115,104,21358,"Cartwright, Matthew",2,18,100,1/11/17,1/3/19,0,2,2,1,1,HRES45,Appropriations,14,17,PA,,,,,,,,,,
115,104,21342,"Meng, Grace",2,19,100,1/11/17,1/3/19,0,1,2,1,1,HRES45,Appropriations,13,6,NY,,,,,,,,,,
115,104,21375,"Clark, Katherine Marlea",2,20,100,1/11/17,1/3/19,0,1,2,1,1,HRES45,Appropriations,3,5,MA,,,,,,,,,,
115,104,21506,"Aguilar, Peter Rey",2,21,100,1/11/17,1/3/19,0,1,2,1,1,HRES45,Appropriations,71,31,CA,,,,,,,,,,
115,106,29768,"Smith, Adam",2,1,100,1/9/17,1/3/19,21,11,2,1,1,HRES34,Armed Services,73,9,WA,,,,,,,,,,
115,106,29777,"Brady, Robert A.",2,2,100,1/11/17,1/3/19,0,11,2,1,0,HRES45,Armed Services,14,1,PA,,,,,,,,,,
115,106,20108,"Davis, Susan",2,3,100,1/11/17,1/3/19,0,9,2,1,1,HRES45,Armed Services,71,53,CA,,,,,,,,,,
115,106,20136,"Langevin, James",2,4,100,1/11/17,1/3/19,0,6,4,1,1,HRES45,Armed Services,5,2,RI,,,,,,,,,,
115,106,20145,"Larsen, Rick",2,5,100,1/11/17,1/3/19,0,9,2,1,1,HRES45,Armed Services,73,2,WA,,,,,,,,,,
115,106,15019,"Cooper, Jim",2,6,100,1/11/17,1/3/19,0,8,2,1,1,HRES45,Armed Services,54,5,TN,,,,,,,,,,
115,106,70701,"Bordallo, Madeleine Z. .",2,7,100,1/11/17,1/3/19,0,8,2,1,0,HRES45,Armed Services,91,79,GU,,,,,,,,,,
115,106,20706,"Courtney, Joe",2,8,100,1/11/17,1/3/19,0,6,2,1,1,HRES45,Armed Services,1,2,CT,,,,,,,,,,
115,106,20754,"Tsongas, Nicola S. (Niki)",2,9,100,1/11/17,1/3/19,0,6,2,1,0,HRES45,Armed Services,3,3,MA,,,,,,,,,,
115,106,20958,"Garamendi, John J.",2,10,100,1/11/17,1/3/19,0,5,2,1,1,HRES45,Armed Services,71,3,CA,,,,,,,,,,
115,106,20762,"Speier, Karen Lorraine Jacqueline (Jackie)",2,11,100,1/11/17,1/3/19,0,4,2,1,1,HRES45,Armed Services,71,14,CA,,,,,,,,,,
115,106,21365,"Veasey, Marc",2,12,100,1/11/17,1/3/19,0,3,2,1,2,HRES45,Armed Services,49,33,TX,,,,,,,,,,
115,106,21324,"Gabbard, Tulsi",2,13,100,1/11/17,1/3/19,0,3,2,1,1,HRES45,Armed Services,82,2,HI,,,,,,,,,,
115,106,21361,"O'Rourke, Beto",2,14,100,1/11/17,1/3/19,0,2,2,1,0,HRES45,Armed Services,49,16,TX,,,,,,,,,,
115,106,21536,"Norcross, Donald",2,15,100,1/11/17,1/3/19,0,2,2,1,1,HRES45,Armed Services,12,1,NJ,,,,,,,,,,
115,106,21502,"Gallego, Ruben",2,16,100,1/11/17,1/3/19,0,2,2,1,1,HRES45,Armed Services,61,7,AZ,,,,,,,,,,
115,106,21315,"Peters, Scott",2,16,100,1/11/17,2/6/17,0,3,2,2,2,HRES45,Armed Services,71,52,CA,Left for Veterans Affairs (H992),,,,,,,,,
115,106,21525,"Moulton, Seth",2,17,100,1/11/17,1/3/19,0,2,2,1,1,HRES45,Armed Services,3,6,MA,,,,,,,,,,
115,106,21124,"Hanabusa, Colleen",2,18,100,1/11/17,1/3/19,0,1,5,1,0,HRES45,Armed Services,82,1,HI,,,,,,,,,,
115,106,20731,"Shea-Porter, Carol",2,19,100,1/11/17,1/3/19,0,1,5,1,0,HRES45,Armed Services,4,1,NH,,,,,,,,,,
115,106,21743,"Rosen, Jacklyn (Jacky)",2,20,100,1/11/17,1/3/19,0,1,2,1,0,HRES45,Armed Services,65,3,NV,,,,,,,,,,
115,106,21736,"McEachin, Aston D. (Donald)",2,21,100,1/11/17,1/3/19,0,1,2,1,2,HRES45,Armed Services,40,4,VA,,,,,,,,,,
115,106,21709,"Carbajal, Salud",2,22,100,1/11/17,1/3/19,0,1,2,1,1,HRES45,Armed Services,71,24,CA,,,,,,,,,,
115,106,21707,"Brown, Anthony G.",2,23,100,1/11/17,1/3/19,0,1,2,1,1,HRES45,Armed Services,52,4,MD,,,,,,,,,,
115,106,21738,"Murphy, Stephanie",2,24,100,1/11/17,1/3/19,0,1,2,1,2,HRES45,Armed Services,43,7,FL,,,,,,,,,,
115,106,21728,"Khanna, Rohit (Ro)",2,25,100,1/11/17,1/3/19,0,1,2,1,1,HRES45,Armed Services,71,17,CA,,,,,,,,,,
115,106,21506,"Aguilar, Peter Rey",2,27,100,1/11/17,2/6/17,0,2,2,3,2,HRES45,Armed Services,71,31,CA,H992; Transferred to Appropriations,,,,,,,,,
115,106,21362,"Castro, Joaquin",2,28,100,1/11/17,2/6/17,0,1,5,3,2,HRES45,Armed Services,49,20,TX,H994,,,,,,,,,
115,106,21739,"O'Halleran, Tom",7,29,100,2/7/17,1/3/19,0,1,2,1,2,HRES95,Armed Services,61,1,AZ,Replaced Peters,,,,,,,,,
115,106,21747,"Suozzi, Thomas R.",7,30,100,2/7/17,1/3/19,0,1,2,1,2,HRES95,Armed Services,13,3,NY,Replaced Aguilar,,,,,,,,,
115,106,20726,"Walz, Timothy J.",7,31,100,6/27/17,7/12/17,0,1,1,3,0,HRES412,Armed Services,33,1,MN,Replaced Castro; H5533,,,,,,,,,
115,106,21740,"Panetta, James V. (Jimmy)",7,32,100,7/12/17,1/3/19,0,1,2,1,2,HRES439,Armed Services,71,20,CA,Replaced Walz,,,,,,,,,
115,106,29572,"Thornberry, William M. (Mac)",1,1,200,1/3/17,1/3/19,11,12,2,1,1,HRES6,Armed Services,49,13,TX,,,,,,,,,,
115,106,29546,"Jones, Walter B., Jr.",1,2,200,1/10/17,1/3/19,0,12,2,1,2,HRES36,Armed Services,47,3,NC,,,,,,,,,,
115,106,20138,"Wilson, Addison G. (Joe)",1,3,200,1/10/17,1/3/19,0,9,2,1,1,HRES36,Armed Services,48,2,SC,,,,,,,,,,
115,106,29539,"Lobiondo, Frank A.",1,4,200,1/10/17,1/3/19,0,8,2,1,0,HRES36,Armed Services,12,2,NJ,,,,,,,,,,
115,106,20357,"Bishop, Rob",1,5,200,1/10/17,1/3/19,0,3,2,1,1,HRES36,Armed Services,67,1,UT,,,,,,,,,,
115,106,20342,"Turner, Mike",1,6,200,1/10/17,1/3/19,0,8,2,1,1,HRES36,Armed Services,24,10,OH,,,,,,,,,,
115,106,20301,"Rogers, Mike Dennis",1,7,200,1/10/17,1/3/19,0,2,2,1,1,HRES36,Armed Services,41,3,AL,,,,,,,,,,
115,106,20304,"Franks, Trent",1,8,200,1/10/17,1/31/18,0,8,2,8,0,HRES36,Armed Services,61,8,AZ,Resigned after sexual misconduct scandal 01/31/2018,,,,,,,,,
115,106,20134,"Shuster, Bill",1,9,200,1/10/17,1/3/19,0,6,4,1,0,HRES36,Armed Services,14,9,PA,,,,,,,,,,
115,106,20531,"Conaway, K. Michael",1,10,200,1/10/17,1/3/19,0,7,2,1,1,HRES36,Armed Services,49,11,TX,,,,,,,,,,
115,106,20704,"Lamborn, Doug",1,11,200,1/10/17,1/3/19,0,6,2,1,1,HRES36,Armed Services,62,5,CO,,,,,,,,,,
115,106,20756,"Wittman, Robert J.",1,12,200,1/10/17,1/3/19,0,6,2,1,1,HRES36,Armed Services,40,1,VA,,,,,,,,,,
115,106,20963,"Hunter, Duncan",1,13,200,1/10/17,8/25/18,0,5,2,3,0,HRES36,Armed Services,71,50,CA,Resigned H7761,,,,,,,,,
115,106,20906,"Coffman, Mike",1,14,200,1/10/17,1/3/19,0,5,2,1,0,HRES36,Armed Services,62,6,CO,,,,,,,,,,
115,106,21149,"Hartzler, Vicky",1,15,200,1/10/17,1/3/19,0,4,2,1,1,HRES36,Armed Services,34,4,MO,,,,,,,,,,
115,106,21123,"Scott, Austin",1,16,200,1/10/17,1/3/19,0,4,2,1,1,HRES36,Armed Services,44,8,GA,,,,,,,,,,
115,106,21193,"Brooks, Mo",1,17,200,1/10/17,1/3/19,0,4,2,1,1,HRES36,Armed Services,41,5,AL,,,,,,,,,,
115,106,21305,"Cook, Paul",1,18,200,1/10/17,1/3/19,0,3,2,1,1,HRES36,Armed Services,71,8,CA,,,,,,,,,,
115,106,21354,"Bridenstine, Jim",1,19,200,1/10/17,4/23/18,0,3,2,6,0,HRES36,Armed Services,53,1,OK,Resigned 04/23/2018 to serve as NASA administrator,,,,,,,,,
115,106,21351,"Wenstrup, Brad",1,20,200,1/10/17,5/16/18,0,3,2,2,2,HRES36,Armed Services,24,2,OH,Left committee for Ways and Means H3990,,,,,,,,,
115,106,21376,"Byrne, Bradley",1,21,200,1/10/17,1/3/19,0,3,2,1,1,HRES36,Armed Services,41,1,AL,,,,,,,,,,
115,106,20124,"Graves, Samuel",1,22,200,1/10/17,1/3/19,0,2,2,1,1,HRES36,Armed Services,34,6,MO,,,,,,,,,,
115,106,21541,"Stefanik, Elise",1,23,200,1/10/17,1/3/19,0,2,2,1,1,HRES36,Armed Services,13,21,NY,,,,,,,,,,
115,106,21501,"McSally, Martha",1,24,200,1/10/17,1/3/19,0,2,2,1,0,HRES36,Armed Services,61,2,AZ,,,,,,,,,,
115,106,21505,"Knight, Steve",1,25,200,1/10/17,1/3/19,0,2,2,1,0,HRES36,Armed Services,71,25,CA,,,,,,,,,,
115,106,21546,"Russell, Steve",1,26,200,1/10/17,1/3/19,0,2,2,1,0,HRES36,Armed Services,53,5,OK,,,,,,,,,,
115,106,21179,"DesJarlais, Scott",1,27,200,1/10/17,1/3/19,0,1,2,1,1,HRES36,Armed Services,54,4,TN,,,,,,,,,,
115,106,21522,"Abraham, Ralph",1,28,200,1/10/17,1/3/19,0,1,2,1,1,HRES36,Armed Services,45,5,LA,,,,,,,,,,
115,106,21561,"Kelly, Trent",1,29,200,1/10/17,1/3/19,0,1,2,1,1,HRES36,Armed Services,46,1,MS,,,,,,,,,,
115,106,21720,"Gallagher, Michael (Mike)",1,30,200,1/10/17,1/3/19,0,1,2,1,1,HRES36,Armed Services,25,8,WI,,,,,,,,,,
115,106,21719,"Gaetz, Matthew (Matt)",1,31,200,1/10/17,1/3/19,0,1,2,1,1,HRES36,Armed Services,43,1,FL,,,,,,,,,,
115,106,21701,"Bacon, Donald J. (Don)",1,32,200,1/10/17,1/3/19,0,1,2,1,1,HRES36,Armed Services,35,2,NE,,,,,,,,,,
115,106,21702,"Banks, James E. (Jim)",1,33,200,1/10/17,1/3/19,0,1,2,1,1,HRES36,Armed Services,22,3,IN,,,,,,,,,,
115,106,21710,"Cheney, Elizabeth L. (Liz)",1,34,200,1/10/17,1/3/19,0,1,2,1,1,HRES36,Armed Services,68,1,WY,,,,,,,,,,
115,106,21514,"Hice, Jody",4,35,200,1/11/18,1/3/19,0,1,2,1,2,HRES685,Armed Services,44,10,GA,,,,,,,,,,
115,106,21737,"Mitchell, Paul",4,36,200,4/25/18,1/3/19,0,1,2,1,1,HRES844,Armed Services,23,10,MI,,,,,,,,,,
115,115,20723,"Yarmuth, John A.",2,1,100,1/3/17,1/3/19,21,5,2,1,1,HRES7,Budget,51,3,KY,,,,,,,,,,
115,115,29778,"Lee, Barbara",2,2,100,1/11/17,1/3/19,0,3,2,1,2,HRES45,Budget,71,13,CA,,,,,,,,,,
115,115,21341,"Grisham, Michelle Lujan",2,3,100,1/11/17,12/31/18,0,3,2,6,0,HRES45,Budget,66,1,NM,Resigned 12/31/2018 to assume Governor position in NM,,,,,,,,,
115,115,21525,"Moulton, Seth",2,4,100,1/11/17,1/3/19,0,2,2,1,1,HRES45,Budget,3,6,MA,,,,,,,,,,
115,115,21343,"Jeffries, Hakeem",2,5,100,1/11/17,1/3/19,0,1,5,1,1,HRES45,Budget,13,8,NY,,,,,,,,,,
115,115,20519,"Higgins, Brian",2,6,100,1/11/17,1/3/19,0,1,2,1,1,HRES45,Budget,13,26,NY,,,,,,,,,,
115,115,31101,"DelBene, Suzan",2,7,100,1/11/17,1/3/19,0,1,2,1,2,HRES45,Budget,73,1,WA,,,,,,,,,,
115,115,20504,"Wasserman Schultz, Debbie",2,8,100,1/13/17,1/3/19,0,1,4,1,2,HRES52,Budget,43,20,FL,,,,,,,,,,
115,115,21548,"Boyle, Brendan Francis",2,9,100,1/13/17,1/3/19,0,1,2,1,1,HRES52,Budget,14,13,PA,,,,,,,,,,
115,115,21728,"Khanna, Rohit (Ro)",2,10,100,1/13/17,1/3/19,0,1,2,1,1,HRES52,Budget,71,17,CA,,,,,,,,,,
115,115,21726,"Jayapal, Pramila",2,11,100,1/13/17,1/3/19,0,1,2,1,1,HRES52,Budget,73,7,WA,,,,,,,,,,
115,115,21709,"Carbajal, Salud",2,12,100,1/13/17,1/3/19,0,1,2,1,2,HRES52,Budget,71,24,CA,,,,,,,,,,
115,115,29573,"Jackson Lee, Sheila",5,13,100,2/7/17,1/3/19,0,1,2,1,1,HRES95,Budget,49,18,TX,,,,,,,,,,
115,115,29911,"Schakowsky, Janice D",5,14,100,2/7/17,1/3/19,0,1,2,1,1,HRES95,Budget,21,9,IL,,,,,,,,,,
115,115,21180,"Black, Diane",1,1,200,1/3/17,1/3/19,12,4,2,1,0,HRES6,Budget,54,6,TN,Resigned chairmanship per H162,,,,,,,,,
115,115,20505,"Price, Tom",1,2,200,1/10/17,2/10/17,0,4,2,6,0,HRES36,Budget,44,6,GA,Resigned following confirmation as Secretary of Health and Human Services,,,,,,,,,
115,115,20316,"Diaz-Balart, Mario",1,3,200,1/10/17,1/3/19,0,2,2,1,2,HRES36,Budget,25,43,FL,,,,,,,,,,
115,115,20344,"Cole, Tom",1,4,200,1/10/17,1/3/19,0,4,2,1,2,HRES36,Budget,53,4,OK,,,,,,,,,,
115,115,20903,"McClintock, Tom",1,5,200,1/10/17,1/3/19,0,4,2,1,2,HRES36,Budget,71,4,CA,,,,,,,,,,
115,115,21131,"Rokita, Todd",1,6,200,1/10/17,1/3/19,0,4,2,1,0,HRES36,Budget,22,4,IN,,,,,,,,,,
115,115,21122,"Woodall, Robert",1,7,200,1/10/17,1/3/19,0,4,2,1,1,HRES36,Budget,44,7,GA,,,,,,,,,,
115,115,29565,"Sanford, Marshall (Mark)",1,8,200,1/10/17,1/3/19,0,2,2,1,0,HRES36,Budget,48,1,SC,,,,,,,,,,
115,115,21108,"Womack, Steve",1,9,200,1/10/17,1/3/19,13,2,2,1,1,HRES36,Budget,3,42,AR,made chair per HRES685,,,,,,,,,
115,115,21553,"Brat, Dave",1,10,200,1/10/17,1/3/19,0,2,2,1,0,HRES36,Budget,40,7,VA,,,,,,,,,,
115,115,21559,"Grothman, Glenn",1,11,200,1/10/17,1/3/19,0,2,2,1,2,HRES36,Budget,25,6,WI,,,,,,,,,,
115,115,21500,"Palmer, Gary",1,12,200,1/10/17,1/3/19,0,2,2,1,2,HRES36,Budget,41,6,AL,,,,,,,,,,
115,115,21563,"Westerman, Bruce",1,13,200,1/10/17,1/3/19,0,2,2,1,2,HRES36,Budget,42,4,AR,,,,,,,,,,
115,115,21164,"Renacci, Jim",1,14,200,1/10/17,1/3/19,0,1,2,1,0,HRES36,Budget,24,16,OH,,,,,,,,,,
115,115,21162,"Johnson, Bill",1,15,200,1/10/17,1/3/19,0,1,2,1,1,HRES36,Budget,24,6,OH,,,,,,,,,,
115,115,21373,"Smith, Jason",6,16,200,2/16/17,1/3/19,0,1,2,1,1,HRES131,Budget,34,8,MO,"Replaced Price, to rank after Johnson",,,,,,,,,
115,115,21733,"Lewis, Jason M.",1,17,200,1/10/17,1/3/19,0,1,2,1,0,HRES36,Budget,33,2,MN,,,,,,,,,,
115,115,21704,"Bergman, John W. (Jack)",1,18,200,1/10/17,1/3/19,0,1,2,1,2,HRES36,Budget,23,1,MI,,,,,,,,,,
115,115,21716,"Faso, John",1,19,200,1/10/17,1/3/19,0,1,2,1,0,HRES36,Budget,13,19,NY,,,,,,,,,,
115,115,21745,"Smucker, Lloyd K.",1,20,200,1/10/17,1/3/19,0,1,2,1,2,HRES36,Budget,14,16,PA,,,,,,,,,,
115,115,21719,"Gaetz, Matthew (Matt)",1,21,200,1/10/17,1/3/19,0,1,2,1,2,HRES36,Budget,43,1,FL,,,,,,,,,,
115,115,21700,"Arrington, Jodey Cook",1,22,200,1/10/17,1/3/19,0,1,2,1,2,HRES36,Budget,49,19,TX,,,,,,,,,,
115,115,21717,"Ferguson IV, Drew",1,23,200,1/10/17,1/3/19,0,1,2,1,2,HRES36,Budget,44,3,GA,,,,,,,,,,
115,507,20130,"Tiberi, Patrick",1,1,200,1/3/17,1/15/18,11,2,2,8,0,H33,Economic (Joint),24,12,OH,,,,,,,,,,
115,507,20924,"Paulsen, Erik",1,2,200,1/12/17,1/3/19,0,3,2,2,0,H455,Economic (Joint),33,3,MN,,,,,,,,,,
115,507,21105,"Schweikert, David",1,3,200,1/12/17,1/3/19,0,2,2,2,2,H455,Economic (Joint),61,6,AZ,,,,,,,,,,
115,507,21555,"Comstock, Barbara",1,4,200,1/12/17,1/3/19,0,1,2,2,0,H455,Economic (Joint),40,10,VA,,,,,,,,,,
115,507,21562,"LaHood, Darin",1,5,200,1/12/17,1/3/19,0,1,2,1,1,H455,Economic (Joint),21,18,IL,,,,,,,,,,
115,507,29379,"Maloney, Carolyn B.",2,1,100,1/12/17,1/3/19,21,9,2,1,1,H455,Economic (Joint),13,12,NY,,,,,,,,,,
115,507,21334,"Delaney, John",2,2,100,1/12/17,1/3/19,0,3,2,2,0,H455,Economic (Joint),52,6,MD,,,,,,,,,,
115,507,21545,"Adams, Alma",2,3,100,1/12/17,1/3/19,0,2,2,2,2,H455,Economic (Joint),47,12,NC,,,,,,,,,,
115,507,21554,"Beyer, Donald Sternoff Jr.",2,4,100,1/12/17,1/3/19,0,2,2,1,1,H455,Economic (Joint),40,8,VA,,,,,,,,,,
115,124,39307,"Scott, Robert C.",2,1,100,1/3/17,1/3/19,21,7,4,1,1,HRES7,Education and the Workforce,40,3,VA,,,,,,,,,,
115,124,20108,"Davis, Susan",2,2,100,1/11/17,1/3/19,0,9,2,1,1,HRES45,Education and the Workforce,71,53,CA,,,,,,,,,,
115,124,20305,"Grijalva, Raul M",2,3,100,1/11/17,1/3/19,0,8,2,1,1,HRES45,Education and the Workforce,61,3,AZ,,,,,,,,,,
115,124,20706,"Courtney, Joe",2,4,100,1/11/17,1/3/19,0,3,2,1,1,HRES45,Education and the Workforce,1,2,CT,,,,,,,,,,
115,124,20941,"Fudge, Marcia",2,5,100,1/11/17,1/3/19,0,4,2,1,1,HRES45,Education and the Workforce,24,11,OH,,,,,,,,,,
115,124,20904,"Polis, Jared",2,6,100,1/11/17,1/3/19,0,3,2,1,0,HRES45,Education and the Workforce,62,2,CO,,,,,,,,,,
115,124,70810,"Sablan, Gregorio",2,7,100,1/11/17,1/3/19,0,3,2,1,1,HRES45,Education and the Workforce,95,1,MP,,,,,,,,,,
115,124,21118,"Wilson, Frederica",2,8,100,1/11/17,1/3/19,0,3,2,1,1,HRES45,Education and the Workforce,43,24,FL,,,,,,,,,,
115,124,21198,"Bonamici, Suzanne",2,9,100,1/11/17,1/3/19,0,3,2,1,1,HRES45,Education and the Workforce,72,1,OR,,,,,,,,,,
115,124,21312,"Takano, Mark",2,10,100,1/11/17,1/3/19,0,3,2,1,1,HRES45,Education and the Workforce,71,41,CA,,,,,,,,,,
115,124,21545,"Adams, Alma",2,11,100,1/11/17,1/3/19,0,2,2,1,1,HRES45,Education and the Workforce,44,12,NC,,,,,,,,,,
115,124,21504,"DeSaulnier, Mark",2,12,100,1/11/17,1/3/19,0,2,2,1,1,HRES45,Education and the Workforce,71,11,CA,,,,,,,,,,
115,124,21536,"Norcross, Donald",2,13,100,1/11/17,1/3/19,0,1,2,1,1,HRES45,Education and the Workforce,12,1,NJ,,,,,,,,,,
115,124,21706,"Rochester, Lisa B.",2,14,100,1/11/17,1/3/19,0,1,2,1,2,HRES45,Education and the Workforce,11,1,DE,,,,,,,,,,
115,124,21730,"Krishnamoorthi, Raja",2,15,100,1/11/17,1/3/19,0,1,2,1,2,HRES45,Education and the Workforce,21,8,IL,,,,,,,,,,
115,124,20731,"Shea-Porter, Carol",5,16,100,1/24/17,1/3/19,0,1,5,1,0,HRES59,Education and the Workforce,4,1,NH,,,,,,,,,,
115,124,21715,"Espaillat Cabral, Adriano",5,17,100,1/24/17,1/3/19,0,1,2,1,2,HRES59,Education and the Workforce,13,13,NY,,,,,,,,,,
115,124,20521,"Foxx, Virginia",1,1,200,1/3/17,1/3/19,11,7,2,1,1,HRES6,Education and the Workforce,47,5,NC,,,,,,,,,,
115,124,20138,"Wilson, Addison G. (Joe)",1,2,200,1/13/17,1/3/19,0,9,2,1,2,HRES51,Education and the Workforce,48,2,SC,,,,,,,,,,
115,124,20963,"Hunter, Duncan",1,3,200,1/13/17,8/23/18,0,5,2,8,0,HRES51,Education and the Workforce,71,50,CA,Resigned per H7761,,,,,,,,,
115,124,20947,"Roe, David P.",1,4,200,1/13/17,1/3/19,0,5,2,1,1,HRES51,Education and the Workforce,54,1,TN,,,,,,,,,,
115,124,20946,"Thompson, Glenn",1,5,200,1/13/17,1/3/19,0,5,2,1,1,HRES51,Education and the Workforce,14,5,PA,,,,,,,,,,
115,124,20725,"Walberg, Tim",1,6,200,1/13/17,1/3/19,0,4,2,1,1,HRES51,Education and the Workforce,23,7,MI,,,,,,,,,,
115,124,20916,"Guthrie, Brett",1,7,200,1/13/17,1/3/19,0,3,2,1,1,HRES51,Education and the Workforce,51,2,KY,,,,,,,,,,
115,124,21131,"Rokita, Todd",1,8,200,1/13/17,1/3/19,0,4,2,7,0,HRES51,Education and the Workforce,22,4,IN,,,,,,,,,,
115,124,21171,"Barletta, Lou",1,9,200,1/13/17,1/3/19,0,4,2,1,0,HRES51,Education and the Workforce,14,11,PA,,,,,,,,,,
115,124,21332,"Messer, Luke",1,10,200,1/13/17,1/3/19,0,3,2,1,0,HRES51,Education and the Workforce,22,6,IN,,,,,,,,,,
115,124,21376,"Byrne, Bradley",1,11,200,1/13/17,1/3/19,0,2,2,1,1,HRES51,Education and the Workforce,41,1,AL,,,,,,,,,,
115,124,21553,"Brat, Dave",1,12,200,1/13/17,1/3/19,0,2,2,1,0,HRES51,Education and the Workforce,40,7,VA,,,,,,,,,,
115,124,21527,"Bishop, Mike",1,13,200,1/13/17,2/16/17,0,2,2,2,2,HRES51,Education and the Workforce,23,8,MI,Left for Ways and Means (H1259),,,,,,,,,
115,124,21559,"Grothman, Glenn",1,14,200,1/13/17,1/3/19,0,2,2,1,1,HRES51,Education and the Workforce,25,6,WI,,,,,,,,,,
115,124,21541,"Stefanik, Elise",1,15,200,1/13/17,1/3/19,0,2,2,1,1,HRES51,Education and the Workforce,13,21,NY,,,,,,,,,,
115,124,21516,"Allen, Rick",1,16,200,1/13/17,1/3/19,0,2,2,1,1,HRES51,Education and the Workforce,44,12,GA,,,,,,,,,,
115,124,21733,"Lewis, Jason M.",1,17,200,1/13/17,1/3/19,0,1,2,1,0,HRES51,Education and the Workforce,33,2,MN,,,,,,,,,,
115,124,21742,"Rooney III, Laurence F. (Francis)",1,18,200,1/13/17,1/3/19,0,1,2,2,2,HRES51,Education and the Workforce,43,19,FL,,,,,,,,,,
115,124,21737,"Mitchell, Paul",1,19,200,1/13/17,4/24/18,0,1,2,2,2,HRES51,Education and the Workforce,23,10,MI,Left for Armed Services Committee per H3491,,,,,,,,,
115,124,21721,"Garrett Jr., Thomas A.",1,20,200,1/13/17,1/3/19,0,1,2,1,0,HRES51,Education and the Workforce,40,5,VA,,,,,,,,,,
115,124,21745,"Smucker, Lloyd K.",1,21,200,1/13/17,1/3/19,0,1,2,1,1,HRES51,Education and the Workforce,14,16,PA,,,,,,,,,,
115,124,21717,"Ferguson IV, Drew",1,22,200,1/13/17,1/3/19,0,1,2,1,2,HRES51,Education and the Workforce,44,3,GA,,,,,,,,,,
115,124,21546,"Russell, Steve",6,23,200,2/16/17,5/2/17,0,1,1,3,0,HRES131,Education and the Workforce,53,5,OK,"Replaced Bishop, to rank after Grothman. Left in H3012",,,,,,,,,
115,124,21750,"Estes, Ronald G. (Ron)",6,24,200,5/2/17,1/3/19,0,1,2,1,2,HRES303,Education and the Workforce,32,4,KY,Replaced Russell,,,,,,,,,
115,124,21752,"Handel, Karen",4,25,200,6/27/17,1/3/19,0,1,2,1,0,HRES410,Education and the Workforce,44,6,GA,,,,,,,,,,
115,124,21702,"Banks, James E. (Jim)",4,26,200,5/16/18,1/3/19,0,1,2,1,1,HRES897,Education and the Workforce,22,3,IN,,,,,,,,,,
115,128,15454,"Pallone, Frank, Jr.",2,1,100,1/3/17,1/3/19,21,11,4,1,1,HRES7,Energy and Commerce,12,6,NJ,,,,,,,,,,
115,128,29346,"Rush, Bobby L.",2,2,100,1/11/17,1/3/19,0,12,2,1,1,HRES45,Energy and Commerce,21,1,IL,,,,,,,,,,
115,128,29312,"Eshoo, Anna G.",2,3,100,1/11/17,1/3/19,0,12,2,1,1,HRES45,Energy and Commerce,71,18,CA,,,,,,,,,,
115,128,15603,"Engel, Eliot L.",2,4,100,1/11/17,1/3/19,0,12,2,1,1,HRES45,Energy and Commerce,13,16,NY,,,,,,,,,,
115,128,39304,"Green, Gene",2,5,100,1/11/17,1/3/19,0,11,2,1,0,HRES45,Energy and Commerce,49,29,TX,,,,,,,,,,
115,128,29710,"DeGette, Diana",2,6,100,1/11/17,1/3/19,0,11,2,1,1,HRES45,Energy and Commerce,62,1,CO,,,,,,,,,,
115,128,29561,"Doyle, Michael F.",2,7,100,1/11/17,1/3/19,0,9,2,1,1,HRES45,Energy and Commerce,14,14,PA,,,,,,,,,,
115,128,29911,"Schakowsky, Janice D",2,8,100,1/11/17,1/3/19,0,8,2,1,1,HRES45,Energy and Commerce,21,9,IL,,,,,,,,,,
115,128,20340,"Butterfield, George Kenneth, Jr. (G.K.)",2,9,100,1/11/17,1/3/19,0,6,2,1,1,HRES45,Energy and Commerce,47,1,NC,,,,,,,,,,
115,128,20538,"Matsui, Doris O.",2,10,100,1/11/17,1/3/19,0,6,2,1,1,HRES45,Energy and Commerce,71,6,CA,,,,,,,,,,
115,128,20708,"Castor, Kathy",2,11,100,1/11/17,1/3/19,0,4,2,1,1,HRES45,Energy and Commerce,43,14,FL,,,,,,,,,,
115,128,20724,"Sarbanes, John P.",2,12,100,1/11/17,1/3/19,0,4,2,1,1,HRES45,Energy and Commerce,52,3,MD,,,,,,,,,,
115,128,20702,"McNerney, Jerry",2,13,100,1/11/17,1/3/19,0,3,2,1,1,HRES45,Energy and Commerce,71,9,CA,,,,,,,,,,
115,128,20750,"Welch, Peter",2,14,100,1/11/17,1/3/19,0,3,2,1,1,HRES45,Energy and Commerce,6,1,VT,,,,,,,,,,
115,128,20932,"Luján, Ben Ray",2,15,100,1/11/17,1/3/19,0,3,2,1,1,HRES45,Energy and Commerce,66,3,NM,,,,,,,,,,
115,128,20934,"Tonko, Paul",2,16,100,1/11/17,1/3/19,0,3,2,1,1,HRES45,Energy and Commerce,13,20,NY,,,,,,,,,,
115,128,20733,"Clarke, Yvette D.",2,17,100,1/11/17,1/3/19,0,2,2,1,1,HRES45,Energy and Commerce,13,9,NY,,,,,,,,,,
115,128,20720,"Loebsack, David",2,18,100,1/11/17,1/3/19,0,2,2,1,1,HRES45,Energy and Commerce,31,2,IA,,,,,,,,,,
115,128,20944,"Schrader, Kurt",2,19,100,1/11/17,1/3/19,0,2,2,1,1,HRES45,Energy and Commerce,72,5,OR,,,,,,,,,,
115,128,21335,"Kennedy, Joseph P., III",2,20,100,1/11/17,1/3/19,0,2,2,1,1,HRES45,Energy and Commerce,3,4,MA,,,,,,,,,,
115,128,21309,"Cardenas, Tony",2,21,100,1/11/17,1/3/19,0,2,2,1,1,HRES45,Energy and Commerce,71,29,CA,,,,,,,,,,
115,128,21311,"Ruiz, Raul",2,22,100,1/11/17,1/3/19,0,1,2,1,1,HRES45,Energy and Commerce,71,36,CA,,,,,,,,,,
115,128,21315,"Peters, Scott",2,23,100,1/11/17,1/3/19,0,1,2,1,1,HRES45,Energy and Commerce,71,52,CA,,,,,,,,,,
115,128,21529,"Dingell, Debbie",2,24,100,1/11/17,1/3/19,0,1,2,1,1,HRES45,Energy and Commerce,23,14,MI,,,,,,,,,,
115,128,29932,"Walden, Greg",1,1,200,1/3/17,1/3/19,11,9,2,1,1,HRES6,Energy and Commerce,72,2,OR,,,,,,,,,,
115,128,15085,"Barton, Joe L.",1,2,200,1/6/17,1/3/19,0,16,2,1,0,HRES29,Energy and Commerce,49,6,TX,,,,,,,,,,
115,128,15446,"Upton, Frederick S.",1,3,200,1/6/17,1/3/19,0,14,2,1,1,HRES29,Energy and Commerce,23,6,MI,,,,,,,,,,
115,128,29718,"Shimkus, John M.",1,4,200,1/6/17,1/3/19,0,11,2,1,1,HRES29,Energy and Commerce,21,19,IL,,,,,,,,,,
115,128,20346,"Murphy, Tim",1,5,200,1/6/17,1/3/19,0,7,2,8,0,HRES29,Energy and Commerce,14,18,PA,Resigned 10/21/2017 in light of extramarital affair and abortion scandal,,,,,,,,,
115,128,20355,"Burgess, Michael",1,6,200,1/6/17,1/3/19,0,7,2,1,1,HRES29,Energy and Commerce,49,26,TX,,,,,,,,,,
115,128,20351,"Blackburn, Marsha",1,7,200,1/6/17,1/3/19,0,6,4,1,0,HRES29,Energy and Commerce,54,7,TN,Elected to Senate,,,,,,,,,
115,128,20759,"Scalise, Steve",1,8,200,1/6/17,1/3/19,0,5,2,1,1,HRES29,Energy and Commerce,45,1,LA,,,,,,,,,,
115,128,20755,"Latta, Robert E.",1,9,200,1/6/17,1/3/19,0,5,2,1,1,HRES29,Energy and Commerce,24,5,OH,,,,,,,,,,
115,128,20535,"McMorris Rodgers, Cathy",1,10,200,1/6/17,1/3/19,0,4,2,1,2,HRES29,Energy and Commerce,73,5,WA,,,,,,,,,,
115,128,20925,"Harper, Gregg",1,11,200,1/6/17,1/3/19,0,4,2,1,0,HRES29,Energy and Commerce,46,3,MS,,,,,,,,,,
115,128,20929,"Lance, Leonard",1,12,200,1/6/17,1/3/19,0,4,2,1,0,HRES29,Energy and Commerce,12,7,NJ,,,,,,,,,,
115,128,20916,"Guthrie, Brett",1,13,200,1/6/17,1/3/19,0,4,2,1,1,HRES29,Energy and Commerce,51,2,KY,,,,,,,,,,
115,128,20948,"Olson, Pete",1,14,200,1/6/17,1/3/19,0,4,2,1,1,HRES29,Energy and Commerce,49,22,TX,,,,,,,,,,
115,128,21188,"McKinley, David",1,15,200,1/6/17,1/3/19,0,4,2,1,1,HRES29,Energy and Commerce,56,1,WV,,,,,,,,,,
115,128,21128,"Kinzinger, Adam",1,16,200,1/6/17,1/3/19,0,4,2,1,1,HRES29,Energy and Commerce,21,16,IL,,,,,,,,,,
115,128,21191,"Griffith, Morgan",1,17,200,1/6/17,1/3/19,0,4,2,1,1,HRES29,Energy and Commerce,40,9,VA,,,,,,,,,,
115,128,20758,"Bilirakis, Gus",1,18,200,1/6/17,1/3/19,0,3,2,1,1,HRES29,Energy and Commerce,43,12,FL,,,,,,,,,,
115,128,21162,"Johnson, Bill",1,19,200,1/6/17,1/3/19,0,3,2,1,1,HRES29,Energy and Commerce,24,6,OH,,,,,,,,,,
115,128,21150,"Long, Billy",1,20,200,1/6/17,1/3/19,0,3,2,1,1,HRES29,Energy and Commerce,34,7,MO,,,,,,,,,,
115,128,21132,"Bucshon, Larry",1,21,200,1/6/17,1/3/19,0,2,2,1,1,HRES29,Energy and Commerce,22,8,IN,,,,,,,,,,
115,128,21182,"Flores, Bill",1,22,200,1/6/17,1/3/19,0,2,2,1,1,HRES29,Energy and Commerce,49,17,TX,,,,,,,,,,
115,128,21331,"Brooks, Susan",1,23,200,1/6/17,1/3/19,0,2,2,1,1,HRES29,Energy and Commerce,22,5,IN,,,,,,,,,,
115,128,21355,"Mullin, Markwayne",1,24,200,1/6/17,1/3/19,0,2,2,1,1,HRES29,Energy and Commerce,53,2,OK,,,,,,,,,,
115,128,21346,"Hudson, Richard",1,25,200,1/6/17,1/3/19,0,2,2,1,1,HRES29,Energy and Commerce,47,8,NC,,,,,,,,,,
115,128,21345,"Collins, Chris",1,26,200,1/6/17,8/10/18,0,2,2,3,2,HRES29,Energy and Commerce,13,27,NY,Resignation per H7749,,,,,,,,,
115,128,21350,"Cramer, Kevin",1,27,200,1/6/17,1/3/19,0,2,2,1,0,HRES29,Energy and Commerce,36,1,ND,Elected to Senate,,,,,,,,,
115,128,20725,"Walberg, Tim",1,28,200,1/6/17,1/3/19,0,1,2,1,1,HRES29,Energy and Commerce,23,7,MI,,,,,,,,,,
115,128,21509,"Walters, Mimi",1,29,200,1/6/17,1/3/19,0,1,2,1,0,HRES29,Energy and Commerce,71,45,CA,,,,,,,,,,
115,128,21547,"Costello, Ryan",1,30,200,1/6/17,1/3/19,0,1,2,1,0,HRES29,Energy and Commerce,14,6,PA,,,,,,,,,,
115,128,21513,"Carter, Buddy",1,31,200,1/6/17,1/3/19,0,1,2,1,1,HRES29,Energy and Commerce,44,1,GA,,,,,,,,,,
115,128,21174,"Duncan, Jeff",1,32,200,10/24/17,1/3/19,0,1,2,1,1,HRES579,Energy and Commerce,48,3,SC,,,,,,,,,,
115,186,20310,"Sanchez, Linda",2,1,100,1/5/17,1/24/17,22,4,2,3,2,HRES25,Ethics,71,38,CA,H633,,,,,,,,,
115,186,20959,"Deutch, Theodore E.",2,2,100,1/24/17,1/3/19,23,3,2,1,1,HRES56,Ethics,43,21,FL,,,,,,,,,,
115,186,20733,"Clarke, Yvette D.",2,3,100,1/24/17,1/3/19,0,3,2,1,2,HRES56,Ethics,13,9,NY,,,,,,,,,,
115,186,20904,"Polis, Jared",2,4,100,1/24/17,1/3/19,0,1,2,1,0,HRES56,Ethics,62,2,CO,Elected Governor,,,,,,,,,
115,186,21707,"Brown, Anthony G.",2,5,100,1/24/17,1/3/19,0,1,2,1,1,HRES56,Ethics,52,4,MD,,,,,,,,,,
115,186,20748,"Cohen, Steve",5,6,100,2/15/17,1/3/19,0,1,2,1,2,HRES127,Ethics,54,9,TN,,,,,,,,,,
115,186,21331,"Brooks, Susan",1,1,200,1/3/17,1/3/19,11,3,2,1,2,HRES6,Ethics,22,5,IN,,,,,,,,,,
115,186,21168,"Meehan, Pat",1,2,200,1/3/17,4/27/18,0,3,2,8,0,HRES6,Ethics,14,7,PA,"Resigned 04/27/2018, sexual harassment and fund mismangement scandal",,,,,,,,,
115,186,21175,"Gowdy, Trey",1,3,200,1/3/17,1/10/18,0,3,2,3,0,HRES6,Ethics,48,4,SC,resignation from committee per H162,,,,,,,,,
115,186,20532,"Marchant, Kenny",1,4,200,1/3/17,1/3/19,0,2,2,1,1,HRES6,Ethics,49,24,TX,,,,,,,,,,
115,186,20929,"Lance, Leonard",1,5,200,1/3/17,1/3/19,0,1,2,1,0,HRES6,Ethics,12,7,NJ,Defeated for reelection,,,,,,,,,
115,186,21509,"Walters, Mimi",6,7,200,1/11/18,1/3/19,0,1,2,1,0,HRES685,Ethics,71,45,CA,HRES685 Replaced Gowdy,,,,,,,,,
115,186,21549,"Ratcliffe, John",4,8,200,1/22/18,1/3/19,0,1,2,1,1,HRES710,Ethics,49,4,TX,HRES710 addition,,,,,,,,,
115,113,20352,"Hensarling, Jeb",1,1,100,1/3/17,1/3/19,11,8,2,1,0,HRES6,Financial Services,49,5,TX,,,,,,,,,,
115,113,29106,"Waters, Maxine",2,1,100,1/3/17,1/3/19,11,14,2,1,1,HRES7,Financial Services,71,43,CA,,,,,,,,,,
115,113,29379,"Maloney, Carolyn B.",2,2,100,1/11/17,1/3/19,0,13,2,1,1,HRES45,Financial Services,13,12,NY,,,,,,,,,,
115,113,29378,"Velazquez, Nydia M.",2,3,100,1/11/17,1/3/19,0,13,2,1,1,HRES45,Financial Services,13,7,NY,,,,,,,,,,
115,113,29707,"Sherman, Brad",2,4,100,1/11/17,1/3/19,0,11,2,1,1,HRES45,Financial Services,71,30,CA,,,,,,,,,,
115,113,29776,"Meeks, Gregory W.",2,5,100,1/11/17,1/3/19,0,11,2,1,1,HRES45,Financial Services,13,5,NY,,,,,,,,,,
115,113,29919,"Capuano, Michael E.",2,6,100,1/11/17,1/3/19,0,10,2,1,0,HRES45,Financial Services,3,7,MA,,,,,,,,,,
115,113,20147,"Clay, William L., Jr.",2,7,100,1/11/17,1/3/19,0,9,4,1,1,HRES45,Financial Services,34,1,MO,,,,,,,,,,
115,113,20119,"Lynch, Stephen F.",2,8,100,1/11/17,1/3/19,0,8,2,1,1,HRES45,Financial Services,3,8,MA,,,,,,,,,,
115,113,20321,"Scott, David",2,9,100,1/11/17,1/3/19,0,8,2,1,1,HRES45,Financial Services,44,13,GA,,,,,,,,,,
115,113,20529,"Green, Al",2,10,100,1/11/17,1/3/19,0,7,2,1,1,HRES45,Financial Services,49,9,TX,,,,,,,,,,
115,113,20517,"Cleaver, Emanuel",2,11,100,1/11/17,1/3/19,0,7,2,1,1,HRES45,Financial Services,34,5,MO,,,,,,,,,,
115,113,20537,"Moore, Gwen",2,12,100,1/11/17,1/3/19,0,7,2,1,2,HRES45,Financial Services,25,4,WI,,,,,,,,,,
115,113,20727,"Ellison, Keith",2,13,100,1/11/17,1/3/19,0,6,2,1,0,HRES45,Financial Services,33,5,MN,,,,,,,,,,
115,113,20705,"Perlmutter, Ed",2,14,100,1/11/17,1/3/19,0,6,2,1,1,HRES45,Financial Services,62,7,CO,,,,,,,,,,
115,113,20907,"Himes, James A.",2,15,100,1/11/17,1/3/19,0,5,2,1,1,HRES45,Financial Services,1,4,CT,,,,,,,,,,
115,113,21102,"Sewell, Terri A.",2,16,100,1/11/17,1/3/19,0,3,2,1,2,HRES45,Financial Services,41,7,AL,,,,,,,,,,
115,113,20749,"Foster, Bill",2,17,100,1/11/17,1/3/19,0,3,2,1,1,HRES45,Financial Services,21,11,IL,,,,,,,,,,
115,113,21372,"Kildee, Dan",2,18,100,1/11/17,1/3/19,0,3,2,1,2,HRES45,Financial Services,23,5,MI,,,,,,,,,,
115,113,21334,"Delaney, John",2,19,100,1/11/17,1/3/19,0,3,2,1,0,HRES45,Financial Services,52,6,MD,,,,,,,,,,
115,113,21300,"Sinema, Kyrsten",2,20,100,1/11/17,1/3/19,0,3,2,1,0,HRES45,Financial Services,61,9,AZ,,,,,,,,,,
115,113,21352,"Beatty, Joyce",2,21,100,1/11/17,1/3/19,0,3,2,1,1,HRES45,Financial Services,24,3,OH,,,,,,,,,,
115,113,21369,"Heck, Denny",2,22,100,1/11/17,1/3/19,0,3,2,1,1,HRES45,Financial Services,73,10,WA,,,,,,,,,,
115,113,21314,"Vargas, Juan",2,23,100,1/11/17,1/3/19,0,2,2,1,1,HRES45,Financial Services,71,51,CA,,,,,,,,,,
115,113,21723,"Gottheimer, Joshua S. (Josh)",2,24,100,1/11/17,1/3/19,0,1,2,1,1,HRES45,Financial Services,12,5,NJ,,,,,,,,,,
115,113,21722,"González, Vicente",2,25,100,1/11/17,1/3/19,0,1,2,1,1,HRES45,Financial Services,49,15,TX,,,,,,,,,,
115,113,21712,"Crist, Charles J. (Charlie)",2,26,100,1/11/17,1/3/19,0,1,2,1,2,HRES45,Financial Services,43,13,FL,,,,,,,,,,
115,113,21729,"Kihuen, Ruben",2,27,100,1/11/17,1/3/19,0,1,2,1,0,HRES45,Financial Services,65,4,NV,,,,,,,,,,
115,113,29375,"King, Peter T.",1,2,200,1/6/17,1/3/19,0,6,4,1,1,HRES29,Financial Services,13,2,NY,,,,,,,,,,
115,113,29321,"Royce, Ed",1,3,200,1/6/17,1/3/19,0,12,2,1,0,HRES29,Financial Services,71,39,CA,,,,,,,,,,
115,113,29393,"Lucas, Frank D.",1,4,200,1/6/17,1/3/19,0,12,2,1,1,HRES29,Financial Services,53,3,OK,,,,,,,,,,
115,113,20522,"McHenry, Patrick T.",1,5,200,1/6/17,1/3/19,0,7,2,1,1,HRES29,Financial Services,47,10,NC,,,,,,,,,,
115,113,20337,"Pearce, Stevan",1,6,200,1/6/17,12/31/18,0,4,4,6,0,HRES29,Financial Services,66,2,NM,Resigned 12/31/2018 to assume Governor position in NM,,,,,,,,,
115,113,20909,"Posey, Bill",1,7,200,1/6/17,1/3/19,0,5,2,1,1,HRES29,Financial Services,43,8,FL,,,,,,,,,,
115,113,20926,"Luetkemeyer, Blaine",1,8,200,1/6/17,1/3/19,0,4,2,1,1,HRES29,Financial Services,34,3,MO,,,,,,,,,,
115,113,21142,"Huizenga, Bill",1,9,200,1/6/17,1/3/19,0,4,2,1,1,HRES29,Financial Services,23,2,MI,,,,,,,,,,
115,113,21189,"Duffy, Sean P.",1,10,200,1/6/17,1/3/19,0,4,2,1,1,HRES29,Financial Services,25,7,WI,,,,,,,,,,
115,113,21163,"Stivers, Steve",1,11,200,1/6/17,1/3/19,0,4,2,1,1,HRES29,Financial Services,24,15,OH,,,,,,,,,,
115,113,21129,"Hultgren, Randy",1,12,200,1/6/17,1/3/19,0,3,2,1,1,HRES29,Financial Services,21,14,IL,,,,,,,,,,
115,113,21117,"Ross, Dennis",1,13,200,1/6/17,1/3/19,0,3,2,1,0,HRES29,Financial Services,43,15,FL,,,,,,,,,,
115,113,21347,"Pittenger, Robert",1,14,200,1/6/17,1/3/19,0,3,2,1,0,HRES29,Financial Services,47,9,NC,,,,,,,,,,
115,113,21337,"Wagner, Ann",1,15,200,1/6/17,1/3/19,0,3,2,1,1,HRES29,Financial Services,34,2,MO,,,,,,,,,,
115,113,21333,"Barr, Andy",1,16,200,1/6/17,1/3/19,0,3,2,1,1,HRES29,Financial Services,51,6,KY,,,,,,,,,,
115,113,21357,"Rothfus, Keith J.",1,17,200,1/6/17,1/3/19,0,3,2,1,0,HRES29,Financial Services,14,12,PA,,,,,,,,,,
115,113,21332,"Messer, Luke",1,18,200,1/6/17,1/3/19,0,3,2,1,1,HRES29,Financial Services,22,6,IN,,,,,,,,,,
115,113,21111,"Tipton, Scott",1,19,200,1/6/17,1/3/19,0,2,2,1,1,HRES29,Financial Services,62,3,CO,,,,,,,,,,
115,113,21364,"Williams, Roger",1,20,200,1/6/17,1/3/19,0,2,2,1,1,HRES29,Financial Services,49,25,TX,,,,,,,,,,
115,113,21524,"Poliquin, Bruce",1,21,200,1/6/17,1/3/19,0,2,2,1,0,HRES29,Financial Services,2,2,ME,,,,,,,,,,
115,113,21552,"Love, Mia",1,22,200,1/6/17,1/3/19,0,2,2,1,1,HRES29,Financial Services,67,4,UT,,,,,,,,,,
115,113,21503,"Hill, French",1,23,200,1/6/17,1/3/19,0,2,2,1,1,HRES29,Financial Services,42,2,AR,,,,,,,,,,
115,113,21531,"Emmer, Tom",1,24,200,1/6/17,1/3/19,0,2,2,1,1,HRES29,Financial Services,33,6,MN,,,,,,,,,,
115,113,21539,"Zeldin, Lee",1,25,200,1/6/17,1/3/19,0,1,2,1,1,HRES29,Financial Services,13,1,NY,,,,,,,,,,
115,113,21528,"Trott, Dave",1,26,200,1/6/17,1/3/19,0,1,2,1,1,HRES29,Financial Services,23,11,MI,,,,,,,,,,
115,113,21515,"Loudermilk, Barry",1,27,200,1/6/17,1/3/19,0,1,2,1,1,HRES29,Financial Services,44,11,GA,,,,,,,,,,
115,113,21557,"Mooney, Alex",1,28,200,1/6/17,1/3/19,0,1,2,1,1,HRES29,Financial Services,56,2,WV,,,,,,,,,,
115,113,21537,"MacArthur, Tom",1,29,200,1/6/17,1/3/19,0,1,2,1,1,HRES29,Financial Services,12,3,NJ,,,,,,,,,,
115,113,21564,"Davidson, Warren",1,30,200,1/6/17,1/3/19,0,1,2,1,1,HRES29,Financial Services,8,24,OH,,,,,,,,,,
115,113,21708,"Budd, Theodore P. (Ted)",1,31,200,1/6/17,1/3/19,0,1,2,1,1,HRES29,Financial Services,47,13,NC,,,,,,,,,,
115,113,21731,"Kustoff, David F.",1,32,200,1/6/17,1/3/19,0,1,2,1,1,HRES29,Financial Services,54,8,TN,,,,,,,,,,
115,113,21749,"Tenney, Claudia",1,33,200,1/6/17,1/3/19,0,1,2,1,0,HRES29,Financial Services,13,22,NY,,,,,,,,,,
115,113,21725,"Hollingsworth, Joseph A. (Trey)",1,34,200,1/6/17,1/3/19,0,1,2,1,1,HRES29,Financial Services,22,9,IN,,,,,,,,,,
115,134,15603,"Engel, Eliot L.",2,1,100,1/3/17,1/3/19,21,9,4,1,1,HRES7,Foreign Affairs,13,16,NY,,,,,,,,,,
115,134,29707,"Sherman, Brad",2,2,100,1/11/17,1/3/19,0,11,2,1,1,HRES45,Foreign Affairs,71,30,CA,,,,,,,,,,
115,134,29776,"Meeks, Gregory W.",2,3,100,1/11/17,1/3/19,0,10,2,1,1,HRES45,Foreign Affairs,13,5,NY,,,,,,,,,,
115,134,20542,"Sires, Albio",2,4,100,1/11/17,1/3/19,0,6,2,1,1,HRES45,Foreign Affairs,12,8,NJ,,,,,,,,,,
115,134,20952,"Connolly, Gerald E.",2,5,100,1/11/17,1/3/19,0,5,2,1,1,HRES45,Foreign Affairs,40,11,VA,,,,,,,,,,
115,134,20959,"Deutch, Theodore E.",2,6,100,1/11/17,1/3/19,0,5,2,1,1,HRES45,Foreign Affairs,43,21,FL,,,,,,,,,,
115,134,21110,"Bass, Karen",2,7,100,1/11/17,1/3/19,0,4,2,1,1,HRES45,Foreign Affairs,71,37,CA,,,,,,,,,,
115,134,21140,"Keating, William",2,8,100,1/11/17,1/3/19,0,4,2,1,1,HRES45,Foreign Affairs,3,9,MA,,,,,,,,,,
115,134,21172,"Cicilline, David",2,9,100,1/11/17,1/3/19,0,4,2,1,1,HRES45,Foreign Affairs,5,1,RI,,,,,,,,,,
115,134,21304,"Bera, Ami",2,10,100,1/11/17,1/3/19,0,3,2,1,1,HRES45,Foreign Affairs,71,7,CA,,,,,,,,,,
115,134,21321,"Frankel, Lois",2,11,100,1/11/17,1/3/19,0,3,2,1,2,HRES45,Foreign Affairs,43,22,FL,,,,,,,,,,
115,134,21324,"Gabbard, Tulsi",2,12,100,1/11/17,1/3/19,0,3,2,1,2,HRES45,Foreign Affairs,82,2,HI,,,,,,,,,,
115,134,21362,"Castro, Joaquin",2,13,100,1/11/17,1/3/19,0,3,2,1,1,HRES45,Foreign Affairs,49,20,TX,,,,,,,,,,
115,134,21371,"Kelly, Robin",2,14,100,1/11/17,1/3/19,0,2,2,1,2,HRES45,Foreign Affairs,21,2,IL,,,,,,,,,,
115,134,21548,"Boyle, Brendan Francis",2,15,100,1/11/17,1/3/19,0,2,2,1,2,HRES45,Foreign Affairs,14,13,PA,,,,,,,,,,
115,134,20927,"Titus, Dina",2,16,100,1/11/17,1/3/19,0,1,2,1,1,HRES45,Foreign Affairs,65,1,NV,,,,,,,,,,
115,134,21508,"Torres, Norma",2,17,100,1/11/17,1/3/19,0,1,2,1,2,HRES45,Foreign Affairs,71,35,CA,,,,,,,,,,
115,134,21326,"Schneider, Brad",2,18,100,1/11/17,1/3/19,0,1,4,1,2,HRES45,Foreign Affairs,21,10,IL,,,,,,,,,,
115,134,21747,"Suozzi, Thomas R.",2,19,100,1/11/17,1/3/19,0,1,2,1,2,HRES45,Foreign Affairs,13,3,NY,,,,,,,,,,
115,134,21715,"Espaillat Cabral, Adriano",2,20,100,1/11/17,1/3/19,0,1,2,1,1,HRES45,Foreign Affairs,13,13,NY,,,,,,,,,,
115,134,21507,"Lieu, Ted",2,21,100,1/13/17,1/3/19,0,1,2,1,1,HRES52,Foreign Affairs,71,33,CA,,,,,,,,,,
115,134,29321,"Royce, Ed",1,1,200,1/3/17,1/3/19,11,13,2,1,0,HRES6,Foreign Affairs,71,39,CA,,,,,,,,,,
115,134,14863,"Smith, Christopher H.",1,2,200,1/13/17,1/3/19,0,17,2,1,1,HRES51,Foreign Affairs,12,4,NJ,,,,,,,,,,
115,134,15634,"Ros-Lehtinen, Ileana",1,3,200,1/13/17,1/3/19,0,15,2,1,0,HRES51,Foreign Affairs,43,27,FL,,,,,,,,,,
115,134,15621,"Rohrabacher, Dana",1,4,200,1/13/17,1/3/19,0,13,2,1,0,HRES51,Foreign Affairs,71,48,CA,,,,,,,,,,
115,134,29550,"Chabot, Steven J.",1,5,200,1/13/17,1/3/19,0,4,2,1,1,HRES51,Foreign Affairs,24,1,OH,,,,,,,,,,
115,134,20138,"Wilson, Addison G. (Joe)",1,6,200,1/13/17,1/3/19,0,7,2,1,1,HRES51,Foreign Affairs,48,2,SC,,,,,,,,,,
115,134,20530,"McCaul, Michael T.",1,7,200,1/13/17,1/3/19,0,7,2,1,1,HRES51,Foreign Affairs,49,10,TX,,,,,,,,,,
115,134,20528,"Poe, Ted",1,8,200,1/13/17,1/3/19,0,7,2,1,0,HRES51,Foreign Affairs,49,2,TX,,,,,,,,,,
115,134,20107,"Issa, Darrell",1,9,200,1/13/17,1/3/19,0,2,2,1,0,HRES51,Foreign Affairs,71,49,CA,,,,,,,,,,
115,134,21170,"Marino, Tom",1,10,200,1/13/17,1/3/19,0,4,2,1,2,HRES51,Foreign Affairs,14,10,PA,,,,,,,,,,
115,134,21174,"Duncan, Jeff",1,11,200,1/13/17,10/24/17,0,4,2,3,2,HRES51,Foreign Affairs,48,3,SC,Resigned for Energy and Commerce,,,,,,,,,
115,134,21193,"Brooks, Mo",1,12,200,1/13/17,1/3/19,0,3,2,1,2,HRES51,Foreign Affairs,41,5,AL,,,,,,,,,,
115,134,21305,"Cook, Paul",1,13,200,1/13/17,1/3/19,0,3,2,1,2,HRES51,Foreign Affairs,71,8,CA,,,,,,,,,,
115,134,21356,"Perry, Scott",1,14,200,1/13/17,1/3/19,0,3,2,1,1,HRES51,Foreign Affairs,14,4,PA,,,,,,,,,,
115,134,21318,"DeSantis, Ron",1,15,200,1/13/17,9/10/18,0,3,2,6,0,HRES51,Foreign Affairs,43,6,FL,Regisned 09/10/2018 to focus on gubernatorial race,,,,,,,,,
115,134,21348,"Meadows, Mark",1,16,200,1/13/17,1/3/19,0,3,2,1,2,HRES51,Foreign Affairs,47,11,NC,,,,,,,,,,
115,134,21317,"Yoho, Ted",1,17,200,1/13/17,1/3/19,0,3,2,1,1,HRES51,Foreign Affairs,43,3,FL,,,,,,,,,,
115,134,21128,"Kinzinger, Adam",1,18,200,1/13/17,1/3/19,0,3,2,1,1,HRES51,Foreign Affairs,21,16,IL,,,,,,,,,,
115,134,21539,"Zeldin, Lee",1,19,200,1/13/17,1/3/19,0,2,2,1,1,HRES51,Foreign Affairs,13,1,NY,,,,,,,,,,
115,134,21560,"Donovan, Daniel",1,20,200,1/13/17,1/3/19,0,2,2,1,0,HRES51,Foreign Affairs,13,11,NY,,,,,,,,,,
115,134,14657,"Sensenbrenner, F. James, Jr.",1,21,200,1/13/17,1/3/19,0,1,2,1,1,HRES51,Foreign Affairs,25,5,WI,,,,,,,,,,
115,134,21337,"Wagner, Ann",1,22,200,1/13/17,1/3/19,0,1,2,1,1,HRES51,Foreign Affairs,34,2,MO,,,,,,,,,,
115,134,21735,"Mast, Brian",1,23,200,1/13/17,1/3/19,0,1,2,1,1,HRES51,Foreign Affairs,43,18,FL,,,,,,,,,,
115,134,21742,"Rooney III, Laurence F. (Francis)",1,24,200,1/13/17,1/3/19,0,1,2,2,2,HRES51,Foreign Affairs,43,19,FL,,,,,,,,,,
115,134,21718,"Fitzpatrick, Brian K.",1,25,200,1/13/17,1/3/19,0,1,2,1,1,HRES51,Foreign Affairs,14,8,PA,,,,,,,,,,
115,134,21721,"Garrett Jr., Thomas A.",1,26,200,1/13/17,1/3/19,0,1,2,1,0,HRES51,Foreign Affairs,40,5,VA,,,,,,,,,,
115,134,21755,"Curtis, John R.",2,27,200,11/29/17,1/3/19,0,1,2,1,1,HRES634,Foreign Affairs,67,3,UT,,,,,,,,,,
115,251,29368,"Thompson, Bennie",2,1,100,1/3/17,1/3/19,21,8,2,1,1,HRES7,Homeland Security,46,2,MS,,,,,,,,,,
115,251,29573,"Jackson Lee, Sheila",2,2,100,1/11/17,1/3/19,0,8,2,1,1,HRES45,Homeland Security,49,18,TX,,,,,,,,,,
115,251,20136,"Langevin, James",2,3,100,1/11/17,1/3/19,0,2,2,1,1,HRES45,Homeland Security,5,2,RI,,,,,,,,,,
115,251,21137,"Richmond, Cedric",2,4,100,1/11/17,1/3/19,0,4,2,1,1,HRES45,Homeland Security,45,2,LA,,,,,,,,,,
115,251,21140,"Keating, William",2,5,100,1/11/17,1/3/19,0,4,2,1,2,HRES45,Homeland Security,3,9,MA,,,,,,,,,,
115,251,31103,"Payne, Donald, Jr.",2,6,100,1/11/17,1/3/19,0,3,2,1,1,HRES45,Homeland Security,12,10,NJ,,,,,,,,,,
115,251,21366,"Vela, Filemon",2,7,100,1/11/17,1/3/19,0,3,2,1,2,HRES45,Homeland Security,49,34,TX,,,,,,,,,,
115,251,21538,"Watson Coleman, Bonnie",2,8,100,1/11/17,1/3/19,0,2,2,1,1,HRES45,Homeland Security,12,12,NJ,,,,,,,,,,
115,251,21540,"Rice, Kathleen",2,9,100,1/11/17,1/3/19,0,2,2,1,1,HRES45,Homeland Security,13,4,NY,,,,,,,,,,
115,251,21711,"Correa, Jose Luis (Lou)",2,10,100,1/11/17,1/3/19,0,1,2,1,1,HRES45,Homeland Security,71,46,CA,,,,,,,,,,
115,251,21713,"Demings, Valdez V. (Val)",2,11,100,1/11/17,1/3/19,0,1,2,1,1,HRES45,Homeland Security,43,10,FL,,,,,,,,,,
115,251,21703,"Barragán, Nanette D.",2,12,100,1/11/17,1/3/19,0,1,2,1,1,HRES45,Homeland Security,71,44,CA,,,,,,,,,,
115,251,20530,"McCaul, Michael T.",1,1,200,1/3/17,1/3/19,11,7,2,1,1,HRES6,Homeland Security,49,10,TX,,,,,,,,,,
115,251,15445,"Smith, Lamar S.",1,2,200,1/13/17,1/3/19,0,8,2,1,0,HRES51,Homeland Security,49,21,TX,,,,,,,,,,
115,251,29375,"King, Peter T.",1,3,200,1/13/17,1/3/19,0,8,2,1,1,HRES51,Homeland Security,13,2,NY,,,,,,,,,,
115,251,20301,"Rogers, Mike Dennis",1,4,200,1/13/17,1/3/19,0,2,2,1,1,HRES51,Homeland Security,41,3,AL,,,,,,,,,,
115,251,21174,"Duncan, Jeff",1,5,200,1/13/17,10/24/17,0,4,2,3,2,HRES51,Homeland Security,48,3,SC,Left for Energy and Commerce,,,,,,,,,
115,251,21170,"Marino, Tom",1,6,200,1/13/17,6/27/17,0,4,2,3,0,HRES51,Homeland Security,14,10,PA,H5192,,,,,,,,,
115,251,21171,"Barletta, Lou",1,7,200,1/13/17,1/3/19,0,3,2,1,0,HRES51,Homeland Security,14,11,PA,,,,,,,,,,
115,251,21356,"Perry, Scott",1,8,200,1/13/17,1/3/19,0,3,2,1,2,HRES51,Homeland Security,14,4,PA,,,,,,,,,,
115,251,21542,"Katko, John",1,9,200,1/13/17,1/3/19,0,2,2,1,1,HRES51,Homeland Security,13,24,NY,,,,,,,,,,
115,251,21550,"Hurd, Will",1,10,200,1/13/17,1/3/19,0,2,2,1,2,HRES51,Homeland Security,49,23,TX,,,,,,,,,,
115,251,21501,"McSally, Martha",1,11,200,1/13/17,1/3/19,0,2,2,1,0,HRES51,Homeland Security,61,2,AZ,,,,,,,,,,
115,251,21549,"Ratcliffe, John",1,12,200,1/13/17,1/3/19,0,2,2,1,1,HRES51,Homeland Security,49,4,TX,,,,,,,,,,
115,251,21560,"Donovan, Daniel",1,13,200,1/13/17,1/3/19,0,2,2,1,0,HRES51,Homeland Security,13,11,NY,,,,,,,,,,
115,251,21720,"Gallagher, Michael (Mike)",1,14,200,1/13/17,1/3/19,0,1,2,1,2,HRES51,Homeland Security,25,8,WI,,,,,,,,,,
115,251,21724,"Higgins, Glen C. (Clay)",1,15,200,1/13/17,1/3/19,0,1,2,1,1,HRES51,Homeland Security,45,3,LA,,,,,,,,,,
115,251,21744,"Rutherford, John H.",1,16,200,1/13/17,1/3/19,0,1,2,3,2,HRES51,Homeland Security,43,4,FL,Left for appropriations,,,,,,,,,
115,251,21721,"Garrett Jr., Thomas A.",1,17,200,1/13/17,1/3/19,0,1,2,1,0,HRES51,Homeland Security,40,5,VA,,,,,,,,,,
115,251,21718,"Fitzpatrick, Brian K.",1,18,200,1/13/17,1/3/19,0,1,2,1,2,HRES51,Homeland Security,14,8,PA,,,,,,,,,,
115,251,21750,"Estes, Ronald G. (Ron)",6,19,200,6/27/17,1/3/19,0,1,2,1,2,HRES410,Homeland Security,32,4,KS,Replaced Marino,,,,,,,,,
115,251,21701,"Bacon, Donald J. (Don)",4,20,200,11/29/17,1/3/19,0,1,2,1,2,HRES634,Homeland Security,35,2,NE,,,,,,,,,,
115,251,21757,"Lesko, Debbie",4,21,200,5/16/18,1/3/19,0,1,2,1,1,HRES897,Homeland Security,61,8,AZ,,,,,,,,,,
115,142,29777,"Brady, Robert A.",2,1,100,1/3/17,1/3/19,21,1,4,1,0,HRES7,House Administration,14,1,PA,,,,,,,,,,
115,142,29504,"Lofgren, Zoe",2,2,100,1/10/17,1/3/19,0,7,2,1,1,HRES39,House Administration,71,19,CA,,,,,,,,,,
115,142,21741,"Raskin, Jamin B. (Jamie)",2,3,100,1/11/17,1/3/19,0,1,2,1,1,HRES45,House Administration,52,8,MD,,,,,,,,,,
115,142,20925,"Harper, Gregg",1,1,200,1/3/17,1/3/19,11,5,2,1,0,HRES6,House Administration,46,3,MS,,,,,,,,,,
115,142,21328,"Davis, Rodney",1,2,200,1/3/17,1/3/19,0,2,2,1,1,HRES6,House Administration,21,13,IL,,,,,,,,,,
115,142,21555,"Comstock, Barbara",1,3,200,1/3/17,1/3/19,0,2,2,1,0,HRES6,House Administration,40,10,VA,,,,,,,,,,
115,142,21543,"Walker, Mark",1,4,200,1/3/17,1/3/19,0,2,2,1,1,HRES6,House Administration,47,6,NC,,,,,,,,,,
115,142,20729,"Smith, Adrian",1,5,200,1/3/17,1/3/19,0,1,2,1,2,HRES6,House Administration,35,3,NE,,,,,,,,,,
115,142,21515,"Loudermilk, Barry",1,6,200,1/3/17,1/3/19,0,1,2,1,1,HRES6,House Administration,44,11,GA,,,,,,,,,,
115,242,20907,"Himes, James A.",2,2,100,1/9/17,1/3/19,0,3,2,1,1,H227,Intelligence (Select),1,4,CT,,,,,,,,,,
115,242,21102,"Sewell, Terri A.",2,3,100,1/9/17,1/3/19,0,3,2,1,1,H227,Intelligence (Select),41,7,AL,,,,,,,,,,
115,242,20757,"Carson, Andre",2,4,100,1/9/17,1/3/19,0,2,2,1,1,H227,Intelligence (Select),22,7,IN,,,,,,,,,,
115,242,20762,"Speier, Karen Lorraine Jacqueline (Jackie)",2,5,100,1/9/17,1/3/19,0,2,2,1,1,H227,Intelligence (Select),71,14,CA,,,,,,,,,,
115,242,20954,"Quigley, Mike",2,6,100,1/9/17,1/3/19,0,2,2,1,1,H227,Intelligence (Select),21,5,IL,,,,,,,,,,
115,242,21306,"Swalwell, Eric",2,7,100,1/9/17,1/3/19,0,2,2,1,1,H227,Intelligence (Select),71,15,CA,,,,,,,,,,
115,242,21362,"Castro, Joaquin",2,8,100,1/9/17,1/3/19,0,2,2,1,1,H227,Intelligence (Select),49,20,TX,,,,,,,,,,
115,242,21369,"Heck, Denny",2,9,100,1/9/17,1/3/19,0,1,2,1,1,H227,Intelligence (Select),73,10,WA,,,,,,,,,,
115,242,20307,"Nunes, Devin",1,1,200,1/3/17,1/3/19,11,4,2,1,1,H33,Intelligence (Select),71,22,CA,,,,,,,,,,
115,242,20104,"Schiff, Adam",2,1,200,1/6/17,1/3/19,21,2,2,1,1,H190,Intelligence (Select),71,28,CA,,,,,,,,,,
115,242,20531,"Conaway, K. Michael",1,2,200,1/6/17,1/3/19,0,5,2,1,1,H190,Intelligence (Select),49,11,TX,,,,,,,,,,
115,242,29375,"King, Peter T.",1,3,200,1/6/17,1/3/19,0,5,2,1,2,H190,Intelligence (Select),13,2,NY,,,,,,,,,,
115,242,29539,"Lobiondo, Frank A.",1,4,200,1/6/17,1/3/19,0,4,2,1,0,H190,Intelligence (Select),12,2,NJ,Retired,,,,,,,,,
115,242,20910,"Rooney, Thomas J.",1,5,200,1/6/17,1/3/19,0,4,2,1,0,H190,Intelligence (Select),43,17,FL,Retired,,,,,,,,,
115,242,21136,"Pompeo, Mike",1,6,200,1/6/17,1/23/17,0,3,2,6,0,H190,Intelligence (Select),32,4,KS,Resigned to become Director of the CIA,,,,,,,,,
115,242,15634,"Ros-Lehtinen, Ileana",1,7,200,1/6/17,1/3/19,0,2,2,1,0,H190,Intelligence (Select),43,18,FL,Retired,,,,,,,,,
115,242,20342,"Turner, Mike",1,8,200,1/6/17,1/3/19,0,2,2,1,1,H190,Intelligence (Select),24,3,OH,,,,,,,,,,
115,242,21351,"Wenstrup, Brad",1,9,200,1/6/17,1/3/19,0,2,2,1,1,H190,Intelligence (Select),24,2,OH,,,,,,,,,,
115,242,21367,"Stewart, Chris",1,10,200,1/6/17,1/3/19,0,2,2,1,1,H190,Intelligence (Select),67,2,UT,,,,,,,,,,
115,242,21106,"Crawford, Rick",1,11,200,1/13/17,1/3/19,0,1,2,1,1,H535,Intelligence (Select),42,1,AR,,,,,,,,,,
115,242,21175,"Gowdy, Trey",1,12,200,1/13/17,1/3/19,0,1,2,1,0,H535,Intelligence (Select),48,4,SC,Retired,,,,,,,,,
115,242,21550,"Hurd, Will",1,12,200,1/23/17,1/3/19,0,1,2,1,1,H606,Intelligence (Select),49,23,TX,Replaced Pompeo,,,,,,,,,
115,242,21541,"Stefanik, Elise",1,13,200,1/13/17,1/3/19,0,1,2,1,1,H535,Intelligence (Select),13,21,NY,,,,,,,,,,
115,156,10713,"Conyers, John, Jr.",2,1,100,1/11/17,12/5/17,22,27,2,8,0,HRES45,Judiciary,23,13,MI,,,,,,,,,,
115,156,29377,"Nadler, Jerrold",2,2,100,1/11/17,1/3/19,23,13,2,1,1,HRES45,Judiciary,13,10,NY,,,,,,,,,,
115,156,29504,"Lofgren, Zoe",2,3,100,1/11/17,1/3/19,0,12,2,1,1,HRES45,Judiciary,71,19,CA,,,,,,,,,,
115,156,29573,"Jackson Lee, Sheila",2,4,100,1/11/17,1/3/19,0,12,2,1,1,HRES45,Judiciary,49,18,TX,,,,,,,,,,
115,156,20748,"Cohen, Steve",2,5,100,1/11/17,1/3/19,0,6,2,1,1,HRES45,Judiciary,54,9,TN,,,,,,,,,,
115,156,20712,"Johnson, Henry C. ""Hank"", Jr.",2,6,100,1/11/17,1/3/19,0,6,2,1,1,HRES45,Judiciary,44,4,GA,,,,,,,,,,
115,156,20955,"Chu, Judy",2,7,100,1/11/17,2/7/17,0,5,2,2,2,HRES45,Judiciary,71,27,CA,Left for Ways and Means (H1031),,,,,,,,,
115,156,20959,"Deutch, Theodore E.",2,8,100,1/11/17,1/3/19,0,5,2,1,1,HRES45,Judiciary,43,21,FL,,,,,,,,,,
115,156,29348,"Gutierrez, Luis V.",2,9,100,1/11/17,1/3/19,0,3,2,1,0,HRES45,Judiciary,21,4,IL,,,,,,,,,,
115,156,21110,"Bass, Karen",2,10,100,1/11/17,1/3/19,0,3,2,1,1,HRES45,Judiciary,71,37,CA,,,,,,,,,,
115,156,21137,"Richmond, Cedric",2,11,100,1/11/17,1/3/19,0,3,2,1,1,HRES45,Judiciary,45,2,LA,,,,,,,,,,
115,156,21343,"Jeffries, Hakeem",2,12,100,1/11/17,1/3/19,0,3,2,1,1,HRES45,Judiciary,13,8,NY,,,,,,,,,,
115,156,21172,"Cicilline, David",2,13,100,1/11/17,1/3/19,0,4,2,1,1,HRES45,Judiciary,5,1,RI,,,,,,,,,,
115,156,21306,"Swalwell, Eric",2,14,100,1/11/17,1/3/19,0,1,2,1,1,HRES45,Judiciary,71,15,CA,,,,,,,,,,
115,156,21713,"Demings, Valdez V. (Val)",5,15,100,12/20/17,1/3/19,0,1,2,1,1,HRES669,Judiciary,43,10,FL,HRES669,,,,,,,,,
115,156,21507,"Lieu, Ted",2,15,100,1/11/17,1/3/19,0,1,2,1,1,HRES45,Judiciary,71,33,CA,,,,,,,,,,
115,156,21741,"Raskin, Jamin B. (Jamie)",2,16,100,1/11/17,1/3/19,0,1,2,1,1,HRES45,Judiciary,52,8,MD,,,,,,,,,,
115,156,21726,"Jayapal, Pramila",2,17,100,1/11/17,1/3/19,0,1,2,1,1,HRES45,Judiciary,73,7,WA,,,,,,,,,,
115,156,21326,"Schneider, Brad",7,18,100,2/7/17,1/3/19,0,1,2,1,2,HRES95,Judiciary,21,10,IL,Replaced Chu,,,,,,,,,
115,156,39308,"Goodlatte, Robert W.",1,1,200,1/3/17,1/3/19,11,13,2,1,0,HRES6,Judiciary,40,6,VA,,,,,,,,,,
115,156,14657,"Sensenbrenner, F. James, Jr.",1,2,200,1/13/17,1/3/19,0,20,2,1,1,HRES51,Judiciary,25,5,WI,,,,,,,,,,
115,156,15445,"Smith, Lamar S.",1,3,200,1/13/17,1/3/19,0,16,2,1,0,HRES51,Judiciary,49,21,TX,,,,,,,,,,
115,156,29550,"Chabot, Steven J.",1,4,200,1/13/17,1/3/19,0,4,2,1,1,HRES51,Judiciary,24,1,OH,,,,,,,,,,
115,156,20107,"Issa, Darrell",1,5,200,1/13/17,1/3/19,0,7,4,1,0,HRES51,Judiciary,71,49,CA,,,,,,,,,,
115,156,20325,"King, Steve",1,6,200,1/13/17,1/3/19,0,3,2,1,2,HRES51,Judiciary,31,4,IA,,,,,,,,,,
115,156,20304,"Franks, Trent",1,7,200,1/13/17,1/3/19,0,7,2,8,0,HRES51,Judiciary,61,8,AZ,Resigned after sexual misconduct scandal 01/31/2018,,,,,,,,,
115,156,20527,"Gohmert, Louie",1,8,200,1/13/17,1/3/19,0,7,2,1,2,HRES51,Judiciary,49,1,TX,,,,,,,,,,
115,156,20738,"Jordan, Jim",1,9,200,1/13/17,1/3/19,0,6,2,1,2,HRES51,Judiciary,24,4,OH,,,,,,,,,,
115,156,20528,"Poe, Ted",1,10,200,1/13/17,1/3/19,0,5,2,1,0,HRES51,Judiciary,49,2,TX,,,,,,,,,,
115,156,20949,"Chaffetz, Jason",1,11,200,1/13/17,6/27/17,0,5,2,4,0,HRES51,Judiciary,67,3,UT,Resigned from Congress,,,,,,,,,
115,156,21170,"Marino, Tom",1,12,200,1/13/17,1/3/19,0,4,2,1,0,HRES51,Judiciary,14,10,PA,,,,,,,,,,
115,156,21175,"Gowdy, Trey",1,13,200,1/13/17,1/3/19,0,4,2,1,0,HRES51,Judiciary,48,4,SC,,,,,,,,,,
115,156,21125,"Labrador, Raul R.",1,14,200,1/13/17,1/3/19,0,3,2,1,0,HRES51,Judiciary,63,1,ID,,,,,,,,,,
115,156,21184,"Farenthold, Blake",1,15,200,1/13/17,1/3/19,0,3,2,8,0,HRES51,Judiciary,49,27,TX,"Resigned 04/6/2018, sexual harassment and misuse of public funds",,,,,,,,,
115,156,21323,"Collins, Doug",1,16,200,1/13/17,1/3/19,0,3,2,1,1,HRES51,Judiciary,44,9,GA,,,,,,,,,,
115,156,21318,"DeSantis, Ron",1,17,200,1/13/17,1/3/19,0,3,2,1,0,HRES51,Judiciary,43,6,FL,,,,,,,,,,
115,156,21510,"Buck, Ken",1,18,200,1/13/17,1/3/19,0,2,2,1,1,HRES51,Judiciary,62,4,CO,,,,,,,,,,
115,156,21549,"Ratcliffe, John",1,19,200,1/13/17,1/3/19,0,2,2,1,1,HRES51,Judiciary,49,4,TX,,,,,,,,,,
115,156,21527,"Bishop, Mike",1,20,200,1/13/17,2/16/17,0,2,2,2,2,HRES51,Judiciary,23,8,MI,Left for Ways and Means (H1259),,,,,,,,,
115,156,21192,"Roby, Martha",1,21,200,1/13/17,1/3/19,0,1,2,1,1,HRES51,Judiciary,41,2,AL,,,,,,,,,,
115,156,21719,"Gaetz, Matthew (Matt)",1,22,200,1/13/17,1/3/19,0,1,2,1,1,HRES51,Judiciary,43,1,FL,,,,,,,,,,
115,156,21727,"Johnson, James M. (Mike)",1,23,200,1/13/17,1/3/19,0,1,2,1,1,HRES51,Judiciary,45,4,LA,,,,,,,,,,
115,156,21705,"Biggs, Andy",1,24,200,1/13/17,1/3/19,0,1,2,1,1,HRES51,Judiciary,61,5,AZ,,,,,,,,,,
115,156,21744,"Rutherford, John H.",6,25,200,6/13/17,1/3/19,0,1,2,1,2,HRES381,Judiciary,43,3,FL,Replaced Bishop,,,,,,,,,
115,156,21752,"Handel, Karen",6,26,200,6/27/17,1/3/19,0,1,2,1,2,HRES410,Judiciary,44,6,GA,Replaced Chaffetz,,,,,,,,,
115,156,21357,"Rothfus, Keith J.",4,27,200,4/11/18,1/3/19,0,1,2,1,0,HRES814,Judiciary,14,12,PA,,,,,,,,,,
115,500,20925,"Harper, Gregg",1,1,200,2/2/17,1/3/19,12,5,2,2,0,HRES82,Library (Joint),46,3,MS,,,,,,,,,,
115,500,21135,"Yoder, Kevin",1,2,200,2/2/17,1/3/19,0,1,2,2,0,HRES82,Library (Joint),32,3,KS,,,,,,,,,,
115,500,21515,"Loudermilk, Barry",1,3,200,2/2/17,1/3/19,0,1,2,2,2,HRES82,Library (Joint),44,11,GA,,,,,,,,,,
115,500,29777,"Brady, Robert A.",2,1,100,2/2/17,1/3/19,0,5,2,2,0,HRES82,Library (Joint),14,1,PA,,,,,,,,,,
115,500,29504,"Lofgren, Zoe",2,2,100,2/2/17,1/3/19,0,7,2,1,1,HRES82,Library (Joint),71,19,CA,,,,,,,,,,
115,661,20703,"McCarthy, Kevin",1,2,200,1/3/17,1/3/19,41,3,2,1,1,H6,Majority Leader,71,23,CA,,,,,,,,,,
115,661,20759,"Scalise, Steve",1,3,200,1/3/17,1/3/19,51,2,2,1,1,H6,Majority Whip,45,1,LA,,,,,,,,,,
115,661,15448,"Pelosi, Nancy",2,1,100,1/3/17,1/3/19,61,4,4,2,2,H6,Minority Leader,71,12,CA,,,,,,,,,,
115,661,14873,"Hoyer, Steny H.",2,2,100,1/3/17,1/3/19,64,4,2,1,1,H6,Minority Whip,52,5,MD,,,,,,,,,,
115,164,20305,"Grijalva, Raul M",2,1,100,1/3/17,1/3/19,21,8,2,1,1,HRES7,Natural Resources,61,3,AZ,,,,,,,,,,
115,164,29903,"Napolitano, Grace F.",2,2,100,1/11/17,1/3/19,0,10,2,1,1,HRES45,Natural Resources,71,32,CA,,,,,,,,,,
115,164,70701,"Bordallo, Madeleine Z. .",2,3,100,1/11/17,1/3/19,0,8,2,1,0,HRES45,Natural Resources,91,79,GU,,,,,,,,,,
115,164,20501,"Costa, Jim",2,4,100,1/11/17,1/3/19,0,7,2,1,1,HRES45,Natural Resources,71,16,CA,,,,,,,,,,
115,164,70810,"Sablan, Gregorio",2,5,100,1/11/17,1/3/19,0,5,2,1,1,HRES45,Natural Resources,95,1,MP,,,,,,,,,,
115,164,20754,"Tsongas, Nicola S. (Niki)",2,6,100,1/11/17,1/3/19,0,5,2,1,0,HRES45,Natural Resources,3,3,MA,,,,,,,,,,
115,164,21303,"Huffman, Jared",2,7,100,1/11/17,1/3/19,0,3,2,1,1,HRES45,Natural Resources,71,2,CA,,,,,,,,,,
115,164,21313,"Lowenthal, Alan",2,8,100,1/11/17,1/3/19,0,3,2,1,1,HRES45,Natural Resources,71,47,CA,,,,,,,,,,
115,164,21554,"Beyer, Donald",2,9,100,1/11/17,1/3/19,0,2,2,1,2,HRES45,Natural Resources,40,8,VA,,,,,,,,,,
115,164,21508,"Torres, Norma",2,10,100,1/11/17,4/12/18,0,2,2,1,2,HRES45,Natural Resources,71,35,CA,,,,,,,,,,
115,164,21502,"Gallego, Ruben",2,11,100,1/11/17,1/3/19,0,2,2,1,1,HRES45,Natural Resources,61,7,AZ,,,,,,,,,,
115,164,21124,"Hanabusa, Colleen",2,12,100,1/13/17,1/3/19,0,1,2,1,0,HRES52,Natural Resources,82,1,HI,,,,,,,,,,
115,164,21703,"Barragán, Nanette D.",2,13,100,1/13/17,1/3/19,0,1,2,1,2,HRES52,Natural Resources,71,44,CA,,,,,,,,,,
115,164,21746,"Soto, Darren",2,14,100,1/13/17,1/3/19,0,1,2,1,1,HRES52,Natural Resources,43,9,FL,,,,,,,,,,
115,164,21740,"Panetta, James V. (Jimmy)",2,15,100,1/13/17,7/12/17,0,1,2,2,2,HRES52,Natural Resources,71,20,CA,Left for Armed Services,,,,,,,,,
115,164,21736,"McEachin, Aston D. (Donald)",2,16,100,1/13/17,1/3/19,0,1,2,1,1,HRES52,Natural Resources,40,4,VA,,,,,,,,,,
115,164,21707,"Brown, Anthony G.",2,17,100,1/13/17,1/3/19,0,1,2,1,1,HRES52,Natural Resources,52,4,MD,,,,,,,,,,
115,164,20147,"Clay, William L., Jr.",5,18,100,2/7/17,1/3/19,0,1,2,1,1,HRES95,Natural Resources,34,1,MO,,,,,,,,,,
115,164,21754,"Gomez, Jimmy",5,19,100,7/18/17,1/3/19,0,1,2,1,2,HRES453,Natural Resources,71,34,CA,,,,,,,,,,
115,164,29378,"Velazquez, Nydia M.",5,20,100,4/17/18,1/3/19,0,1,2,1,1,HRES833,Natural Resources,13,7,NY,,,,,,,,,,
115,164,20357,"Bishop, Rob",1,1,200,1/3/17,1/3/19,11,6,2,1,1,HRES6,Natural Resources,67,1,UT,,,,,,,,,,
115,164,14066,"Young, Donald E.",1,2,200,1/13/17,1/3/19,0,23,2,1,1,HRES51,Natural Resources,81,1,AK,,,,,,,,,,
115,164,20527,"Gohmert, Louie",1,3,200,1/13/17,1/3/19,0,7,2,1,1,HRES51,Natural Resources,49,1,TX,,,,,,,,,,
115,164,20704,"Lamborn, Doug",1,4,200,1/13/17,1/3/19,0,6,2,1,1,HRES51,Natural Resources,62,5,CO,,,,,,,,,,
115,164,20756,"Wittman, Robert J.",1,5,200,1/13/17,1/3/19,0,6,2,1,1,HRES51,Natural Resources,40,1,VA,,,,,,,,,,
115,164,20903,"McClintock, Tom",1,6,200,1/13/17,1/3/19,0,5,2,1,1,HRES51,Natural Resources,71,4,CA,,,,,,,,,,
115,164,20337,"Pearce, Stevan",1,7,200,1/13/17,1/3/19,0,1,5,1,0,HRES51,Natural Resources,66,2,NM,,,,,,,,,,
115,164,20946,"Thompson, Glenn",1,8,200,1/13/17,1/3/19,0,4,2,1,2,HRES51,Natural Resources,14,5,PA,,,,,,,,,,
115,164,21103,"Gosar, Paul R.",1,9,200,1/13/17,1/3/19,0,4,2,1,1,HRES51,Natural Resources,61,4,AZ,,,,,,,,,,
115,164,21125,"Labrador, Raul R.",1,10,200,1/13/17,1/3/19,0,4,2,1,0,HRES51,Natural Resources,63,1,ID,,,,,,,,,,
115,164,21111,"Tipton, Scott",1,11,200,1/13/17,1/3/19,0,1,5,1,2,HRES51,Natural Resources,62,3,CO,,,,,,,,,,
115,164,21302,"La Malfa, Doug",1,12,200,1/13/17,1/3/19,0,3,2,1,2,HRES51,Natural Resources,71,1,CA,,,,,,,,,,
115,164,21109,"Denham, Jeff",1,13,200,1/13/17,1/3/19,0,2,2,1,0,HRES51,Natural Resources,71,10,CA,,,,,,,,,,
115,164,21305,"Cook, Paul",1,14,200,1/13/17,1/3/19,0,2,2,1,1,HRES51,Natural Resources,71,8,CA,,,,,,,,,,
115,164,21563,"Westerman, Bruce",1,15,200,1/13/17,1/3/19,0,2,2,1,1,HRES51,Natural Resources,42,4,AR,,,,,,,,,,
115,164,21523,"Graves, Garret",1,16,200,1/13/17,1/3/19,0,2,2,1,1,HRES51,Natural Resources,45,6,LA,,,,,,,,,,
115,164,21514,"Hice, Jody",1,17,200,1/13/17,1/3/19,0,2,2,1,1,HRES51,Natural Resources,44,10,GA,,,,,,,,,,
115,164,70901,"Radewagen, Amata",1,18,200,1/13/17,1/3/19,0,2,2,1,1,HRES51,Natural Resources,94,1,AS,,,,,,,,,,
115,164,21562,"LaHood, Darin",1,19,200,1/13/17,1/16/18,0,2,2,2,2,HRES51,Natural Resources,21,18,IL,Left for Ways and Means ,,,,,,,,,
115,164,21116,"Webster, Daniel",1,20,200,1/13/17,1/3/19,0,1,2,1,1,HRES51,Natural Resources,43,11,FL,,,,,,,,,,
115,164,21544,"Rouzer, David",1,21,200,1/13/17,6/27/17,0,1,2,3,2,HRES51,Natural Resources,47,7,NC,H5192,,,,,,,,,
115,164,21704,"Bergman, John W. (Jack)",1,22,200,1/13/17,1/3/19,0,1,2,1,2,HRES51,Natural Resources,23,1,MI,,,,,,,,,,
115,164,21710,"Cheney, Elizabeth L. (Liz)",1,23,200,1/13/17,1/3/19,0,1,2,1,1,HRES51,Natural Resources,68,1,WY,,,,,,,,,,
115,164,21727,"Johnson, James M. (Mike)",1,24,200,1/13/17,1/3/19,0,1,2,1,1,HRES51,Natural Resources,45,4,LA,,,,,,,,,,
115,164,70807,"Gonzalez-Colon, Jenniffer",1,25,200,1/13/17,1/3/19,0,1,2,1,1,HRES51,Natural Resources,92,80,PR,,,,,,,,,,
115,164,21751,"Gianforte, Greg",6,26,200,6/27/17,1/3/19,0,1,2,1,2,HRES410,Natural Resources,64,1,MT,Replaced Rouzer,,,,,,,,,
115,164,21755,"Curtis, John R.",5,27,200,1/30/18,1/3/19,0,1,2,1,1,HRES719,Natural Resources,67,3,UT,,,,,,,,,,
115,138,29587,"Cummings, Elijah E.",2,1,100,1/3/17,1/3/19,21,12,2,1,1,HRES7,Oversight and Government Reform,52,7,MD,,,,,,,,,,
115,138,29379,"Maloney, Carolyn B.",2,2,100,1/11/17,1/3/19,0,13,2,1,1,HRES45,Oversight and Government Reform,13,12,NY,,,,,,,,,,
115,138,70303,"Norton, Eleanor Holmes",2,3,100,1/11/17,1/3/19,0,7,5,1,1,HRES45,Oversight and Government Reform,55,79,DC,,,,,,,,,,
115,138,20147,"Clay, William L., Jr.",2,4,100,1/11/17,1/3/19,0,9,2,1,1,HRES45,Oversight and Government Reform,34,1,MO,,,,,,,,,,
115,138,20119,"Lynch, Stephen F.",2,5,100,1/11/17,1/3/19,0,9,2,1,1,HRES45,Oversight and Government Reform,3,8,MA,,,,,,,,,,
115,138,15019,"Cooper, Jim",2,6,100,1/11/17,1/3/19,0,6,4,1,1,HRES45,Oversight and Government Reform,54,5,TN,,,,,,,,,,
115,138,20952,"Connolly, Gerald E.",2,7,100,1/11/17,1/3/19,0,5,2,1,1,HRES45,Oversight and Government Reform,40,11,VA,,,,,,,,,,
115,138,21371,"Kelly, Robin",2,8,100,1/11/17,1/3/19,0,3,2,1,1,HRES45,Oversight and Government Reform,21,2,IL,,,,,,,,,,
115,138,21530,"Lawrence, Brenda",2,9,100,1/11/17,1/3/19,0,2,2,1,1,HRES45,Oversight and Government Reform,23,14,MI,,,,,,,,,,
115,138,21507,"Lieu, Ted",2,10,100,1/11/17,1/13/17,0,2,2,2,2,HRES45,Oversight and Government Reform,71,33,CA,Left for Foreign Affairs,,,,,,,,,
115,138,21538,"Watson Coleman, Bonnie",2,11,100,1/11/17,1/3/19,0,2,2,1,2,HRES45,Oversight and Government Reform,12,12,NJ,,,,,,,,,,
115,138,70502,"Plaskett, Stacey",2,12,100,1/11/17,1/3/19,0,2,2,1,1,HRES45,Oversight and Government Reform,93,1,VI,,,,,,,,,,
115,138,21548,"Boyle, Brendan Francis",2,13,100,1/11/17,1/13/17,0,2,2,2,2,HRES45,Oversight and Government Reform,14,13,PA,Left for Budget,,,,,,,,,
115,138,21713,"Demings, Valdez V. (Val)",2,14,100,1/13/17,3/6/18,0,1,2,3,2,HRES52,Oversight and Government Reform,43,10,FL,Resigned H1421,,,,,,,,,
115,138,21730,"Krishnamoorthi, Raja",2,15,100,1/13/17,1/3/19,0,1,2,1,1,HRES52,Oversight and Government Reform,21,8,IL,,,,,,,,,,
115,138,21741,"Raskin, Jamin B. (Jamie)",2,16,100,1/13/17,1/3/19,0,1,2,1,1,HRES52,Oversight and Government Reform,52,8,MD,,,,,,,,,,
115,138,21754,"Gomez, Jimmy",7,17,100,3/6/18,1/3/19,0,1,2,1,1,HRES764,Oversight and Government Reform,71,34,CA,Replaced Demings,,,,,,,,,
115,138,20750,"Welch, Peter",7,18,100,2/7/17,1/3/19,0,1,2,1,1,HRES95,Oversight and Government Reform,6,1,VT,Replaced Lieu,,,,,,,,,
115,138,21358,"Cartwright, Matthew",7,19,100,2/7/17,1/3/19,0,1,2,1,2,HRES95,Oversight and Government Reform,14,17,PA,Replaced Boyle,,,,,,,,,
115,138,21504,"DeSaulnier, Mark",5,20,100,2/7/17,1/3/19,0,1,2,1,1,HRES95,Oversight and Government Reform,71,11,CA,,,,,,,,,,
115,138,20724,"Sarbanes, John P.",5,21,100,2/15/17,7/18/17,0,1,2,3,1,HRES127,Oversight and Government Reform,52,3,MD,H5943,,,,,,,,,
115,138,21175,"Gowdy, Trey",1,1,200,1/13/17,1/3/19,13,4,2,1,0,HRES51,Oversight and Government Reform,48,4,SC,Replaced Chaffetz as Chair (HRES381),,,,,,,,,
115,138,15455,"Duncan, John J., Jr.",1,2,200,1/13/17,1/3/19,0,3,2,1,2,HRES51,Oversight and Government Reform,54,2,TN,,,,,,,,,,
115,138,20107,"Issa, Darrell",1,3,200,1/13/17,1/3/19,0,7,2,1,0,HRES51,Oversight and Government Reform,71,49,CA,,,,,,,,,,
115,138,20738,"Jordan, Jim",1,4,200,1/13/17,1/3/19,0,6,2,1,1,HRES51,Oversight and Government Reform,24,4,OH,,,,,,,,,,
115,138,20949,"Chaffetz, Jason",1,5,200,1/3/17,6/27/17,12,5,2,4,0,HRES6,Oversight and Government Reform,67,3,UT,Resigned from Congress (resigned as chair on 6/13),,,,,,,,,
115,138,29565,"Sanford, Marshall (Mark)",1,6,200,1/13/17,1/3/19,0,1,5,1,0,HRES51,Oversight and Government Reform,48,1,SC,,,,,,,,,,
115,138,21143,"Amash, Justin",1,7,200,1/13/17,1/3/19,0,4,2,2,2,HRES51,Oversight and Government Reform,23,3,MI,,,,,,,,,,
115,138,21103,"Gosar, Paul R.",1,8,200,1/13/17,1/3/19,0,4,2,1,1,HRES51,Oversight and Government Reform,61,4,AZ,,,,,,,,,,
115,138,21179,"DesJarlais, Scott",1,9,200,1/13/17,1/3/19,0,4,2,1,2,HRES51,Oversight and Government Reform,54,4,TN,,,,,,,,,,
115,138,21184,"Farenthold, Blake",1,10,200,1/13/17,4/6/18,0,4,2,3,0,HRES51,Oversight and Government Reform,49,27,TX,"Resigned 04/6/2018, sexual harassment and misuse of public funds",,,,,,,,,
115,138,20521,"Foxx, Virginia",1,11,200,1/13/17,1/3/19,0,1,5,1,1,HRES51,Oversight and Government Reform,47,5,NC,,,,,,,,,,
115,138,31102,"Massie, Thomas",1,12,200,1/13/17,1/3/19,0,3,2,1,1,HRES51,Oversight and Government Reform,51,4,KY,,,,,,,,,,
115,138,21348,"Meadows, Mark",1,13,200,1/13/17,1/3/19,0,3,2,1,1,HRES51,Oversight and Government Reform,47,11,NC,,,,,,,,,,
115,138,21318,"DeSantis, Ron",1,14,200,1/13/17,9/10/18,0,3,2,3,0,HRES51,Oversight and Government Reform,43,6,FL,Regisned 09/10/2018 to focus on gubernatorial race,,,,,,,,,
115,138,21117,"Ross, Dennis",1,15,200,1/13/17,1/3/19,0,1,5,1,0,HRES51,Oversight and Government Reform,43,15,FL,,,,,,,,,,
115,138,21543,"Walker, Mark",1,16,200,1/13/17,1/3/19,0,2,2,1,2,HRES51,Oversight and Government Reform,47,6,NC,,,,,,,,,,
115,138,21520,"Blum, Rod",1,17,200,1/13/17,1/3/19,0,2,2,1,0,HRES51,Oversight and Government Reform,31,1,IA,,,,,,,,,,
115,138,21514,"Hice, Jody",1,18,200,1/13/17,1/3/19,0,2,2,1,1,HRES51,Oversight and Government Reform,44,10,GA,,,,,,,,,,
115,138,21546,"Russell, Steve",1,19,200,1/13/17,1/3/19,0,2,2,1,0,HRES51,Oversight and Government Reform,53,5,OK,,,,,,,,,,
115,138,21559,"Grothman, Glenn",1,20,200,1/13/17,1/3/19,0,2,2,1,1,HRES51,Oversight and Government Reform,25,6,WI,,,,,,,,,,
115,138,21550,"Hurd, Will",1,21,200,1/13/17,1/3/19,0,2,2,1,2,HRES51,Oversight and Government Reform,49,23,TX,,,,,,,,,,
115,138,21500,"Palmer, Gary",1,22,200,1/13/17,1/3/19,0,2,2,1,2,HRES51,Oversight and Government Reform,41,6,AL,,,,,,,,,,
115,138,21565,"Comer, James",1,23,200,1/13/17,1/3/19,0,1,2,1,1,HRES51,Oversight and Government Reform,51,1,KY,,,,,,,,,,
115,138,21737,"Mitchell, Paul",1,24,200,1/13/17,1/3/19,0,1,2,1,2,HRES51,Oversight and Government Reform,23,10,MI,,,,,,,,,,
115,138,21751,"Gianforte, Greg",6,25,200,6/27/17,1/3/19,0,1,2,1,2,HRES410,Oversight and Government Reform,64,1,MT,Replaced Chaffetz,,,,,,,,,
115,138,21758,"Cloud, Michael",4,26,200,7/17/18,1/3/19,0,1,2,1,1,HRES1000,Oversight and Government Reform,49,27,TX,,,,,,,,,,
115,501,20925,"Harper, Gregg",1,1,200,2/2/17,1/3/19,11,3,2,2,0,HRES82,Printing (Joint),46,3,MS,,,,,,,,,,
115,501,21328,"Davis, Rodney",1,2,200,2/2/17,1/3/19,0,2,2,1,1,HRES82,Printing (Joint),21,13,IL,,,,,,,,,,
115,501,21543,"Walker, Mark",1,3,200,2/2/17,1/3/19,0,1,2,1,1,HRES82,Printing (Joint),47,6,NC,,,,,,,,,,
115,501,29777,"Brady, Robert A.",2,1,100,2/2/17,1/3/19,0,5,2,2,0,HRES82,Printing (Joint),14,1,PA,,,,,,,,,,
115,501,21741,"Raskin, Jamin B. (Jamie)",2,2,100,2/2/17,1/3/19,0,1,2,1,1,HRES82,Printing (Joint),52,8,MD,,,,,,,,,,
115,176,29759,"Sessions, Pete",1,1,200,1/3/17,1/3/19,11,10,2,1,0,HRES6,Rules,49,32,TX,,,,,,,,,,
115,176,20344,"Cole, Tom",1,2,200,1/3/17,1/3/19,0,3,2,1,1,HRES6,Rules,53,4,OK,,,,,,,,,,
115,176,21122,"Woodall, Robert",1,3,200,1/3/17,1/3/19,0,4,2,1,1,HRES6,Rules,44,7,GA,,,,,,,,,,
115,176,20355,"Burgess, Michael",1,4,200,1/3/17,1/3/19,0,3,2,1,1,HRES6,Rules,49,26,TX,,,,,,,,,,
115,176,21323,"Collins, Doug",1,5,200,1/3/17,1/3/19,0,2,2,1,2,HRES6,Rules,44,9,GA,,,,,,,,,,
115,176,21376,"Byrne, Bradley",1,6,200,1/3/17,1/3/19,0,2,2,1,2,HRES6,Rules,41,1,AL,,,,,,,,,,
115,176,21556,"Newhouse, Dan",1,7,200,1/3/17,1/3/19,0,2,2,1,2,HRES6,Rules,73,4,WA,,,,,,,,,,
115,176,21510,"Buck, Ken",1,8,200,1/3/17,1/3/19,0,1,2,1,2,HRES6,Rules,62,4,CO,,,,,,,,,,
115,176,21710,"Cheney, Elizabeth L. (Liz)",1,9,200,1/3/17,1/3/19,0,1,2,1,2,HRES6,Rules,68,1,WY,,,,,,,,,,
115,176,15444,"Slaughter, Louise M.",2,1,100,1/3/17,3/16/18,21,11,4,5,0,HRES7,Rules,13,25,NY,,,,,,,,,,
115,176,29729,"McGovern, Jim",2,2,100,1/3/17,1/3/19,0,9,2,1,1,HRES7,Rules,3,2,MA,,,,,,,,,,
115,176,29337,"Hastings, Alcee L.",2,3,100,1/3/17,1/3/19,0,9,2,1,1,HRES7,Rules,43,20,FL,,,,,,,,,,
115,176,20904,"Polis, Jared",2,4,100,1/3/17,1/3/19,0,5,2,1,0,HRES7,Rules,62,2,CO,,,,,,,,,,
115,176,21508,"Torres, Norma",2,5,100,4/11/18,1/3/19,0,1,2,1,1,HRES816,Rules,71,35,CA,,,,,,,,,,
115,182,15445,"Smith, Lamar S.",1,1,200,1/3/17,1/3/19,11,10,4,1,0,HRES6,"Science, Space, and Technology",49,21,TX,,,,,,,,,,
115,182,15621,"Rohrabacher, Dana",1,2,200,1/13/17,1/3/19,0,15,2,1,0,HRES51,"Science, Space, and Technology",71,48,CA,,,,,,,,,,
115,182,29393,"Lucas, Frank D.",1,3,200,1/13/17,1/3/19,0,10,2,1,1,HRES51,"Science, Space, and Technology",53,3,OK,,,,,,,,,,
115,182,21193,"Brooks, Mo",1,4,200,1/13/17,1/3/19,0,4,2,1,1,HRES51,"Science, Space, and Technology",41,5,AL,,,,,,,,,,
115,182,21129,"Hultgren, Randy",1,5,200,1/13/17,1/3/19,0,4,2,1,0,HRES51,"Science, Space, and Technology",21,14,IL,,,,,,,,,,
115,182,20909,"Posey, Bill",1,6,200,1/13/17,1/3/19,0,3,2,1,1,HRES51,"Science, Space, and Technology",43,8,FL,,,,,,,,,,
115,182,31102,"Massie, Thomas",1,7,200,1/13/17,1/3/19,0,3,2,1,2,HRES51,"Science, Space, and Technology",51,4,KY,,,,,,,,,,
115,182,21354,"Bridenstine, Jim",1,8,200,1/13/17,4/23/18,0,3,2,6,0,HRES51,"Science, Space, and Technology",53,1,OK,Resigned 04/23/2018 to serve as NASA administrator,,,,,,,,,
115,182,21360,"Weber, Randy",1,9,200,1/13/17,1/3/19,0,3,2,1,1,HRES51,"Science, Space, and Technology",49,14,TX,,,,,,,,,,
115,182,21505,"Knight, Steve",1,10,200,1/13/17,1/3/19,0,2,2,1,0,HRES51,"Science, Space, and Technology",71,25,CA,,,,,,,,,,
115,182,21551,"Babin, Brian",1,11,200,1/13/17,1/3/19,0,2,2,1,1,HRES51,"Science, Space, and Technology",49,36,TX,,,,,,,,,,
115,182,21555,"Comstock, Barbara",1,12,200,1/13/17,1/3/19,0,2,2,1,0,HRES51,"Science, Space, and Technology",40,10,VA,,,,,,,,,,
115,182,21500,"Palmer, Gary",1,13,200,1/13/17,6/27/17,0,2,2,3,2,HRES51,"Science, Space, and Technology",41,6,AL,H5192 and reinstated in HRES897,,,,,,,,,
115,182,21515,"Loudermilk, Barry",1,14,200,1/13/17,9/4/18,0,2,2,3,2,HRES51,"Science, Space, and Technology",44,11,GA,H7807,,,,,,,,,
115,182,21522,"Abraham, Ralph",1,15,200,1/13/17,1/3/19,0,2,2,1,2,HRES51,"Science, Space, and Technology",45,4,LA,,,,,,,,,,
115,182,21562,"LaHood, Darin",1,16,200,1/13/17,1/16/18,0,2,2,2,2,HRES51,"Science, Space, and Technology",21,18,IL,H397 resigned for Committee on Ways and Means,,,,,,,,,
115,182,21116,"Webster, Daniel",1,17,200,1/13/17,1/3/19,0,1,2,1,2,HRES51,"Science, Space, and Technology",43,11,FL,,,,,,,,,,
115,182,21702,"Banks, James E. (Jim)",1,18,200,1/13/17,5/16/18,0,1,2,2,2,HRES51,"Science, Space, and Technology",22,3,IN,H3990 Resigned for Committee on Education and the Workforce,,,,,,,,,
115,182,21705,"Biggs, Andy",1,19,200,1/13/17,1/3/19,0,1,2,1,1,HRES51,"Science, Space, and Technology",61,5,AZ,,,,,,,,,,
115,182,21734,"Marshall, Roger",1,20,200,1/13/17,1/3/19,0,1,2,1,1,HRES51,"Science, Space, and Technology",32,1,KS,,,,,,,,,,
115,182,21714,"Dunn, Neal",1,21,200,1/13/17,1/3/19,0,1,2,1,1,HRES51,"Science, Space, and Technology",43,2,FL,,,,,,,,,,
115,182,21724,"Higgins, Glen C. (Clay)",1,22,200,1/13/17,1/3/19,0,1,2,1,2,HRES51,"Science, Space, and Technology",45,3,LA,,,,,,,,,,
115,182,21753,"Norman, Ralph",6,23,200,6/27/17,1/3/19,0,1,2,1,1,HRES410,"Science, Space, and Technology",48,5,SC,Replaced Palmer,,,,,,,,,
115,182,21758,"Cloud, Michael",6,24,200,5/16/18,1/3/19,0,1,2,1,1,HRES1000,"Science, Space, and Technology",49,27,TX,Replaced Banks,,,,,,,,,
115,182,21759,"Balderson, Troy",4,25,200,9/5/18,1/3/19,0,1,2,1,1,HRES1050,"Science, Space, and Technology",24,12,OH,,,,,,,,,,
115,182,39305,"Johnson, Eddie Bernice",2,1,100,1/11/17,1/3/19,21,13,2,1,1,HRES45,"Science, Space, and Technology",49,30,TX,,,,,,,,,,
115,182,29504,"Lofgren, Zoe",2,2,100,1/11/17,1/3/19,0,4,4,1,1,HRES45,"Science, Space, and Technology",71,19,CA,,,,,,,,,,
115,182,20508,"Lipinski, Daniel",2,3,100,1/11/17,1/3/19,0,7,2,1,1,HRES45,"Science, Space, and Technology",21,3,IL,,,,,,,,,,
115,182,21198,"Bonamici, Suzanne",2,4,100,1/11/17,1/3/19,0,4,2,1,1,HRES45,"Science, Space, and Technology",72,1,OR,,,,,,,,,,
115,182,21304,"Bera, Ami",2,5,100,1/11/17,1/3/19,0,3,2,1,1,HRES45,"Science, Space, and Technology",71,7,CA,,,,,,,,,,
115,182,21316,"Esty, Elizabeth",2,6,100,1/11/17,1/3/19,0,3,2,1,0,HRES45,"Science, Space, and Technology",1,5,CT,,,,,,,,,,
115,182,21365,"Veasey, Marc",2,7,100,1/11/17,1/3/19,0,3,2,1,2,HRES45,"Science, Space, and Technology",49,33,TX,,,,,,,,,,
115,182,21554,"Beyer, Donald",2,8,100,1/11/17,1/3/19,0,2,2,1,1,HRES45,"Science, Space, and Technology",40,8,VA,,,,,,,,,,
115,182,21743,"Rosen, Jacklyn (Jacky)",2,9,100,1/13/17,1/3/19,0,1,2,1,2,HRES52,"Science, Space, and Technology",65,3,NV,,,,,,,,,,
115,182,21756,"Lamb, Conor",5,10,100,4/17/18,1/3/19,0,1,2,1,1,HRES833,"Science, Space, and Technology",14,18,PA,,,,,,,,,,
115,182,20702,"McNerney, Jerry",2,11,100,2/7/17,1/3/19,0,1,2,1,1,HRES95,"Science, Space, and Technology",71,9,CA,,,,,,,,,,
115,182,20705,"Perlmutter, Ed",2,12,100,2/7/17,1/3/19,0,1,2,1,1,HRES95,"Science, Space, and Technology",62,7,CO,,,,,,,,,,
115,182,20934,"Tonko, Paul",2,13,100,2/7/17,1/3/19,0,1,2,1,1,HRES95,"Science, Space, and Technology",13,20,NY,,,,,,,,,,
115,182,20749,"Foster, Bill",2,14,100,2/7/17,1/3/19,0,1,2,1,1,HRES95,"Science, Space, and Technology",21,11,IL,,,,,,,,,,
115,182,21312,"Takano, Mark",2,15,100,2/7/17,1/3/19,0,1,2,1,2,HRES95,"Science, Space, and Technology",71,41,CA,,,,,,,,,,
115,182,21124,"Hanabusa, Colleen",2,16,100,2/7/17,1/3/19,0,1,2,1,0,HRES95,"Science, Space, and Technology",82,1,HI,,,,,,,,,,
115,182,21712,"Crist, Charles J. (Charlie)",2,17,100,2/7/17,1/3/19,0,1,2,1,1,HRES95,"Science, Space, and Technology",43,13,FL,,,,,,,,,,
115,184,29378,"Velazquez, Nydia M.",2,1,100,1/3/17,1/3/19,21,13,2,1,1,HRES7,Small Business,13,7,NY,,,,,,,,,,
115,184,20955,"Chu, Judy",2,2,100,1/11/17,1/3/19,0,5,2,1,1,HRES45,Small Business,71,27,CA,,,,,,,,,,
115,184,21566,"Evans, Dwight E.",2,3,100,1/13/17,1/3/19,0,1,2,1,1,HRES52,Small Business,14,2,PA,,,,,,,,,,
115,184,21738,"Murphy, Stephanie",2,4,100,1/13/17,1/3/19,0,1,2,1,2,HRES52,Small Business,43,7,FL,,,,,,,,,,
115,184,21732,"Lawson Jr., Alfred (Al)",5,6,100,1/24/17,1/3/19,0,1,2,1,2,HRES59,Small Business,43,5,FL,,,,,,,,,,
115,184,20733,"Clarke, Yvette D.",5,7,100,2/7/17,1/3/19,0,1,2,1,2,HRES95,Small Business,13,9,NY,,,,,,,,,,
115,184,21545,"Adams, Alma",5,8,100,2/7/17,1/3/19,0,1,2,1,2,HRES95,Small Business,47,12,NC,,,,,,,,,,
115,184,21715,"Espaillat Cabral, Adriano",5,9,100,2/7/17,1/3/19,0,1,2,1,1,HRES95,Small Business,13,13,NY,,,,,,,,,,
115,184,21326,"Schneider, Brad",5,10,100,2/15/17,1/3/19,0,1,4,1,1,HRES127,Small Business,21,10,IL,,,,,,,,,,
115,184,29550,"Chabot, Steven J.",1,1,200,1/3/17,1/3/19,11,4,2,1,1,HRES6,Small Business,24,1,OH,,,,,,,,,,
115,184,20325,"King, Steve",1,2,200,1/13/17,1/3/19,0,8,2,1,2,HRES51,Small Business,31,4,IA,,,,,,,,,,
115,184,20926,"Luetkemeyer, Blaine",1,3,200,1/13/17,1/3/19,0,3,2,1,2,HRES51,Small Business,34,3,MO,,,,,,,,,,
115,184,21553,"Brat, Dave",1,4,200,1/13/17,1/3/19,0,2,2,1,0,HRES51,Small Business,40,7,VA,,,,,,,,,,
115,184,70901,"Radewagen, Amata",1,5,200,1/13/17,1/3/19,0,2,2,1,1,HRES51,Small Business,94,1,AS,,,,,,,,,,
115,184,21505,"Knight, Steve",1,6,200,1/13/17,1/3/19,0,2,2,1,0,HRES51,Small Business,71,25,CA,,,,,,,,,,
115,184,21561,"Kelly, Trent",1,7,200,1/13/17,1/3/19,0,2,2,1,1,HRES51,Small Business,46,1,MS,,,,,,,,,,
115,184,21520,"Blum, Rod",1,8,200,1/13/17,1/3/19,0,1,2,1,0,HRES51,Small Business,31,1,IA,,,,,,,,,,
115,184,21565,"Comer, James",1,9,200,1/13/17,9/4/18,0,1,2,3,2,HRES51,Small Business,51,1,KY,H7784,,,,,,,,,
115,184,70807,"Gonzalez-Colon, Jenniffer",1,10,200,1/13/17,1/3/19,0,1,2,1,2,HRES51,Small Business,92,80,PR,,,,,,,,,,
115,184,21701,"Bacon, Donald J. (Don)",1,11,200,1/13/17,11/28/17,0,1,2,1,2,HRES51,Small Business,35,2,NE,H9478 left for Committee on Homeland Security,,,,,,,,,
115,184,21718,"Fitzpatrick, Brian K.",1,12,200,1/13/17,1/3/19,0,1,2,1,2,HRES51,Small Business,14,8,PA,,,,,,,,,,
115,184,21734,"Marshall, Roger",1,13,200,1/13/17,1/3/19,0,1,2,1,2,HRES51,Small Business,32,1,KS,,,,,,,,,,
115,184,21750,"Estes, Ronald G. (Ron)",4,14,200,5/2/17,6/27/17,0,1,2,2,2,HRES303,Small Business,32,4,KS,H5192. Left for Homeland Security,,,,,,,,,
115,184,21753,"Norman, Ralph",6,15,200,6/27/17,1/3/19,0,1,2,1,2,HRES410,Small Business,48,5,SC,Replaced Estes,,,,,,,,,
115,184,21755,"Curtis, John",6,16,200,11/29/17,1/3/19,0,1,2,1,2,HRES634,Small Business,67,3,UT,Replaced Bacon,,,,,,,,,
115,184,21759,"Balderson, Troy",6,17,200,9/5/18,1/3/19,0,1,2,1,1,HRES1050,Small Business,12,24,OH,Replaced Comer,,,,,,,,,
115,173,15410,"DeFazio, Peter A.",2,1,100,1/11/17,1/3/19,21,16,2,1,1,HRES45,Transportation and Infrastructure,72,4,OR,,,,,,,,,,
115,173,70303,"Norton, Eleanor Holmes",2,2,100,1/11/17,1/3/19,0,14,2,1,1,HRES45,Transportation and Infrastructure,55,79,DC,,,,,,,,,,
115,173,29377,"Nadler, Jerrold",2,3,100,1/11/17,1/22/18,0,13,2,3,2,HRES45,Transportation and Infrastructure,13,10,NY,H621,,,,,,,,,
115,173,39305,"Johnson, Eddie Bernice",2,4,100,1/11/17,1/3/19,0,13,2,1,1,HRES45,Transportation and Infrastructure,49,30,TX,,,,,,,,,,
115,173,29587,"Cummings, Elijah E.",2,5,100,1/11/17,1/3/19,0,12,2,1,1,HRES45,Transportation and Infrastructure,52,7,MD,,,,,,,,,,
115,173,20145,"Larsen, Rick",2,6,100,1/11/17,1/3/19,0,9,2,1,1,HRES45,Transportation and Infrastructure,73,2,WA,,,,,,,,,,
115,173,29919,"Capuano, Michael E.",2,7,100,1/11/17,1/3/19,0,9,2,1,0,HRES45,Transportation and Infrastructure,3,7,MA,,,,,,,,,,
115,173,29903,"Napolitano, Grace F.",2,8,100,1/11/17,1/3/19,0,6,2,1,1,HRES45,Transportation and Infrastructure,71,32,CA,,,,,,,,,,
115,173,20508,"Lipinski, Daniel",2,9,100,1/11/17,1/3/19,0,6,2,1,1,HRES45,Transportation and Infrastructure,21,3,IL,,,,,,,,,,
115,173,20748,"Cohen, Steve",2,10,100,1/11/17,1/3/19,0,6,2,1,1,HRES45,Transportation and Infrastructure,54,9,TN,,,,,,,,,,
115,173,20542,"Sires, Albio",2,11,100,1/11/17,1/3/19,0,6,2,1,1,HRES45,Transportation and Infrastructure,12,8,NJ,,,,,,,,,,
115,173,20958,"Garamendi, John J.",2,12,100,1/11/17,1/3/19,0,3,2,1,1,HRES45,Transportation and Infrastructure,71,3,CA,,,,,,,,,,
115,173,20712,"Johnson, Henry C. ""Hank"", Jr.",2,13,100,1/11/17,1/3/19,0,1,5,1,1,HRES45,Transportation and Infrastructure,44,4,GA,,,,,,,,,,
115,173,20757,"Carson, Andre",2,14,100,1/11/17,1/3/19,0,3,2,1,1,HRES45,Transportation and Infrastructure,22,7,IN,,,,,,,,,,
115,173,14263,"Nolan, Richard",2,15,100,1/11/17,1/3/19,0,3,2,1,0,HRES45,Transportation and Infrastructure,33,8,MN,,,,,,,,,,
115,173,20927,"Titus, Dina",2,16,100,1/11/17,1/3/19,0,3,2,1,1,HRES45,Transportation and Infrastructure,65,1,NV,,,,,,,,,,
115,173,21344,"Maloney, Sean Patrick",2,17,100,1/11/17,1/3/19,0,3,2,1,1,HRES45,Transportation and Infrastructure,13,18,NY,,,,,,,,,,
115,173,21316,"Esty, Elizabeth",2,18,100,1/11/17,1/3/19,0,3,2,1,0,HRES45,Transportation and Infrastructure,1,5,CT,,,,,,,,,,
115,173,21321,"Frankel, Lois",2,19,100,1/11/17,1/3/19,0,3,2,1,2,HRES45,Transportation and Infrastructure,43,22,FL,,,,,,,,,,
115,173,21329,"Bustos, Cheri",2,20,100,1/11/17,1/3/19,0,3,2,1,2,HRES45,Transportation and Infrastructure,21,17,IL,,,,,,,,,,
115,173,21303,"Huffman, Jared",2,21,100,1/11/17,1/3/19,0,2,2,1,1,HRES45,Transportation and Infrastructure,71,2,CA,,,,,,,,,,
115,173,21308,"Brownley, Julia",2,22,100,1/11/17,1/3/19,0,2,2,1,1,HRES45,Transportation and Infrastructure,71,26,CA,,,,,,,,,,
115,173,21118,"Wilson, Frederica",2,23,100,1/11/17,1/3/19,0,1,2,1,1,HRES45,Transportation and Infrastructure,43,24,FL,,,,,,,,,,
115,173,31103,"Payne, Donald, Jr.",2,24,100,1/11/17,1/3/19,0,1,2,1,1,HRES45,Transportation and Infrastructure,12,9,NJ,,,,,,,,,,
115,173,21313,"Lowenthal, Alan",2,25,100,1/11/17,1/3/19,0,1,2,1,1,HRES45,Transportation and Infrastructure,71,47,CA,,,,,,,,,,
115,173,21530,"Lawrence, Brenda",2,26,100,1/11/17,1/3/19,0,1,2,1,2,HRES45,Transportation and Infrastructure,23,14,MI,,,,,,,,,,
115,173,21504,"DeSaulnier, Mark",2,27,100,1/11/17,1/3/19,0,1,2,1,1,HRES45,Transportation and Infrastructure,71,11,CA,,,,,,,,,,
115,173,70502,"Plaskett, Stacey",7,28,100,1/21/18,1/3/19,0,1,2,1,1,HRES709,Transportation and Infrastructure,93,1,VI,Replaced Nadler,,,,,,,,,
115,173,20134,"Shuster, Bill",1,1,200,1/3/17,1/3/19,11,9,2,1,0,HRES6,Transportation and Infrastructure,14,9,PA,,,,,,,,,,
115,173,14066,"Young, Donald E.",1,2,200,1/13/17,1/3/19,0,12,2,1,1,HRES51,Transportation and Infrastructure,81,1,AK,,,,,,,,,,
115,173,15455,"Duncan, John J., Jr.",1,3,200,1/13/17,1/3/19,81,15,2,1,2,HRES51,Transportation and Infrastructure,54,2,TN,,,,,,,,,,
115,173,29539,"Lobiondo, Frank A.",1,4,200,1/13/17,1/3/19,0,11,2,1,0,HRES51,Transportation and Infrastructure,12,2,NJ,,,,,,,,,,
115,173,20124,"Graves, Samuel",1,5,200,1/13/17,1/3/19,0,9,2,1,1,HRES51,Transportation and Infrastructure,34,6,MO,,,,,,,,,,
115,173,20963,"Hunter, Duncan",1,6,200,1/13/17,8/23/18,0,4,2,3,2,HRES51,Transportation and Infrastructure,71,50,CA,H7761,,,,,,,,,
115,173,21106,"Crawford, Rick",1,7,200,1/13/17,1/3/19,0,4,2,1,1,HRES51,Transportation and Infrastructure,42,1,AR,,,,,,,,,,
115,173,21171,"Barletta, Lou",1,8,200,1/13/17,1/3/19,0,4,2,1,0,HRES51,Transportation and Infrastructure,14,11,PA,,,,,,,,,,
115,173,21184,"Farenthold, Blake",1,9,200,1/13/17,1/3/19,0,4,2,1,0,HRES51,Transportation and Infrastructure,49,27,TX,"Resigned 04/6/2018, sexual harassment and misuse of public funds",,,,,,,,,
115,173,21165,"Gibbs, Bob",1,10,200,1/13/17,1/3/19,0,4,2,1,1,HRES51,Transportation and Infrastructure,24,7,OH,,,,,,,,,,
115,173,21116,"Webster, Daniel",1,11,200,1/13/17,1/3/19,0,3,2,1,1,HRES51,Transportation and Infrastructure,43,10,FL,,,,,,,,,,
115,173,21109,"Denham, Jeff",1,12,200,1/13/17,1/3/19,0,4,2,1,0,HRES51,Transportation and Infrastructure,71,10,CA,,,,,,,,,,
115,173,31102,"Massie, Thomas",1,13,200,1/13/17,1/3/19,0,3,2,1,1,HRES51,Transportation and Infrastructure,51,4,KY,,,,,,,,,,
115,173,21348,"Meadows, Mark",1,14,200,1/13/17,1/3/19,0,3,2,1,1,HRES51,Transportation and Infrastructure,47,11,NC,,,,,,,,,,
115,173,21356,"Perry, Scott",1,15,200,1/13/17,1/3/19,0,3,2,1,1,HRES51,Transportation and Infrastructure,14,4,PA,,,,,,,,,,
115,173,21328,"Davis, Rodney",1,16,200,1/13/17,1/3/19,0,3,2,1,1,HRES51,Transportation and Infrastructure,21,13,IL,,,,,,,,,,
115,173,29565,"Sanford, Marshall (Mark)",1,17,200,1/13/17,1/3/19,0,3,2,1,0,HRES51,Transportation and Infrastructure,48,1,SC,,,,,,,,,,
115,173,21122,"Woodall, Robert",1,18,200,1/13/17,1/3/19,0,2,2,1,1,HRES51,Transportation and Infrastructure,44,7,GA,,,,,,,,,,
115,173,21131,"Rokita, Todd",1,19,200,1/13/17,1/3/19,0,2,2,1,0,HRES51,Transportation and Infrastructure,22,4,IN,,,,,,,,,,
115,173,21542,"Katko, John",1,20,200,1/13/17,1/3/19,0,2,2,1,1,HRES51,Transportation and Infrastructure,13,24,NY,,,,,,,,,,
115,173,21551,"Babin, Brian",1,21,200,1/13/17,1/3/19,0,2,2,1,1,HRES51,Transportation and Infrastructure,49,36,TX,,,,,,,,,,
115,173,21523,"Graves, Garret",1,22,200,1/13/17,1/3/19,0,2,2,1,1,HRES51,Transportation and Infrastructure,45,6,LA,,,,,,,,,,
115,173,21555,"Comstock, Barbara",1,23,200,1/13/17,1/3/19,0,2,2,1,0,HRES51,Transportation and Infrastructure,40,10,VA,,,,,,,,,,
115,173,21544,"Rouzer, David",1,24,200,1/13/17,1/3/19,0,2,2,1,1,HRES51,Transportation and Infrastructure,47,7,NC,,,,,,,,,,
115,173,21519,"Bost, Mike",1,25,200,1/13/17,1/3/19,0,2,2,1,1,HRES51,Transportation and Infrastructure,21,12,IL,,,,,,,,,,
115,173,21360,"Weber, Randy",1,26,200,1/13/17,1/3/19,0,1,2,1,1,HRES51,Transportation and Infrastructure,49,14,TX,,,,,,,,,,
115,173,21302,"La Malfa, Doug",1,27,200,1/13/17,1/3/19,0,1,2,1,1,HRES51,Transportation and Infrastructure,71,1,CA,,,,,,,,,,
115,173,21563,"Westerman, Bruce",1,28,200,1/13/17,1/3/19,0,1,2,1,1,HRES51,Transportation and Infrastructure,42,4,AR,,,,,,,,,,
115,173,21745,"Smucker, Lloyd K.",1,29,200,1/13/17,1/3/19,0,1,2,1,1,HRES51,Transportation and Infrastructure,14,16,PA,,,,,,,,,,
115,173,21737,"Mitchell, Paul",1,30,200,1/13/17,1/3/19,0,1,2,1,1,HRES51,Transportation and Infrastructure,23,10,MI,,,,,,,,,,
115,173,21716,"Faso, John",1,31,200,1/13/17,1/3/19,0,1,2,1,0,HRES51,Transportation and Infrastructure,13,19,NY,,,,,,,,,,
115,173,21717,"Ferguson IV, Drew",1,32,200,1/13/17,1/3/19,0,1,2,1,2,HRES51,Transportation and Infrastructure,44,3,GA,,,,,,,,,,
115,173,21735,"Mast, Brian",1,33,200,1/13/17,1/3/19,0,1,2,1,1,HRES51,Transportation and Infrastructure,43,18,FL,,,,,,,,,,
115,173,21733,"Lewis, Jason M.",1,34,200,1/13/17,1/3/19,0,1,2,1,2,HRES51,Transportation and Infrastructure,33,2,MN,,,,,,,,,,
115,173,21720,"Gallagher, Michael (Mike)",6,35,200,5/16/18,1/3/19,0,1,2,1,1,HRES897,Transportation and Infrastructure,25,8,WI,,,,,,,,,,
115,192,20726,"Walz, Timothy J.",2,1,100,1/11/17,1/3/19,21,2,2,1,0,HRES45,Veterans Affairs,33,1,MN,,,,,,,,,,
115,192,21312,"Takano, Mark",2,2,100,1/11/17,1/3/19,0,3,2,1,1,HRES45,Veterans Affairs,71,41,CA,,,,,,,,,,
115,192,21308,"Brownley, Julia",2,3,100,1/11/17,1/3/19,0,3,2,1,1,HRES45,Veterans Affairs,71,26,CA,,,,,,,,,,
115,192,21340,"Kuster, Ann McLane",2,4,100,1/11/17,1/3/19,0,3,2,1,2,HRES45,Veterans Affairs,4,2,NH,,,,,,,,,,
115,192,21361,"O'Rourke, Beto",2,5,100,1/11/17,1/3/19,0,3,2,1,0,HRES45,Veterans Affairs,49,16,TX,,,,,,,,,,
115,192,21540,"Rice, Kathleen",2,6,100,1/11/17,1/3/19,0,2,2,1,1,HRES45,Veterans Affairs,13,4,NY,,,,,,,,,,
115,192,21711,"Correa, Jose Luis (Lou)",2,7,100,1/13/17,3/16/18,0,1,2,1,2,HRES52,Veterans Affairs,71,46,CA,,,,,,,,,,
115,192,21756,"Lamb, Conor",5,8,100,4/17/18,1/3/19,0,1,2,1,1,HRES833,Veterans Affairs,14,18,PA,,,,,,,,,,
115,192,21316,"Esty, Elizabeth",5,10,100,2/7/17,1/3/19,0,1,2,1,0,HRES95,Veterans Affairs,1,5,CT,,,,,,,,,,
115,192,21315,"Peters, Scott",5,11,100,2/7/17,1/3/19,0,1,2,1,2,HRES95,Veterans Affairs,71,52,CA,,,,,,,,,,
115,192,20947,"Roe, David P.",1,1,200,1/3/17,1/3/19,11,5,2,1,1,HRES6,Veterans Affairs,54,1,TN,,,,,,,,,,
115,192,20758,"Bilirakis, Gus",1,2,200,1/13/17,1/3/19,0,6,2,1,1,HRES51,Veterans Affairs,43,12,FL,,,,,,,,,,
115,192,20906,"Coffman, Mike",1,3,200,1/13/17,1/3/19,0,3,2,1,0,HRES51,Veterans Affairs,62,6,CO,,,,,,,,,,
115,192,21182,"Flores, Bill",4,4,200,6/26/18,1/3/19,0,1,2,1,2,HRES963,Veterans Affairs,49,17,TX,,,,,,,,,,
115,192,21351,"Wenstrup, Brad",1,5,200,1/13/17,5/16/18,0,3,2,2,2,HRES51,Veterans Affairs,24,2,OH,"Resigned 05/16/2018, elected to ways and means",,,,,,,,,
115,192,70901,"Radewagen, Amata",1,6,200,1/13/17,1/3/19,0,2,2,1,1,HRES51,Veterans Affairs,94,1,AS,,,,,,,,,,
115,192,21519,"Bost, Mike",1,7,200,1/13/17,1/3/19,0,2,2,1,1,HRES51,Veterans Affairs,21,12,IL,,,,,,,,,,
115,192,21524,"Poliquin, Bruce",1,8,200,1/13/17,1/3/19,0,1,2,1,0,HRES51,Veterans Affairs,2,2,ME,,,,,,,,,,
115,192,21714,"Dunn, Neal",1,9,200,1/13/17,1/3/19,0,1,2,1,1,HRES51,Veterans Affairs,43,2,FL,,,,,,,,,,
115,192,21700,"Arrington, Jodey Cook",1,10,200,1/13/17,1/3/19,0,1,2,1,2,HRES51,Veterans Affairs,49,19,TX,,,,,,,,,,
115,192,21744,"Rutherford, John H.",1,11,200,1/13/17,5/16/18,0,1,2,1,2,HRES51,Veterans Affairs,43,3,FL,"resigned 05/16/2018 P. H3990, elected to committee on appropriations",,,,,,,,,
115,192,21724,"Higgins, Glen C. (Clay)",1,12,200,1/13/17,1/3/19,0,1,2,1,2,HRES51,Veterans Affairs,45,3,LA,,,,,,,,,,
115,192,21704,"Bergman, John W. (Jack)",1,13,200,1/13/17,1/3/19,0,1,2,1,2,HRES51,Veterans Affairs,23,1,MI,,,,,,,,,,
115,192,21702,"Banks, James E. (Jim)",1,14,200,1/13/17,1/3/19,0,1,2,1,1,HRES51,Veterans Affairs,22,3,IN,,,,,,,,,,
115,192,70807,"Gonzalez-Colon, Jenniffer",1,15,200,1/13/17,1/3/19,0,1,2,1,2,HRES51,Veterans Affairs,92,80,PR,,,,,,,,,,
115,192,21735,"Mast, Brian",4,16,200,5/16/18,1/3/19,0,1,2,1,2,HRES897,Veterans Affairs,43,18,FL,,,,,,,,,,
115,192,70810,"Sablan, Gregorio",5,9,328,2/7/17,4/16/18,0,1,2,1,1,HRES95,Veterans Affairs,95,1,MP,Resigned 04/16/18 P. H3320,,,,,,,,,
115,196,15616,"Neal, Richard E.",2,1,100,1/3/17,1/3/19,21,13,2,1,1,HRES7,Ways and Means,3,1,MA,,,,,,,,,,
115,196,15033,"Levin, Sander M.",2,2,100,1/11/17,1/3/19,0,16,2,1,0,HRES45,Ways and Means,23,9,MI,,,,,,,,,,
115,196,15431,"Lewis, John R.",2,3,100,1/11/17,1/3/19,0,13,2,1,1,HRES45,Ways and Means,44,5,GA,,,,,,,,,,
115,196,29316,"Becerra, Xavier",2,4,100,1/11/17,1/24/17,0,11,2,6,0,HRES45,Ways and Means,71,34,CA,Resigned to become CA Attorney General,,,,,,,,,
115,196,29571,"Doggett, Lloyd",2,5,100,1/11/17,1/3/19,0,10,2,1,1,HRES45,Ways and Means,49,35,TX,,,,,,,,,,
115,196,29901,"Thompson, Mike",2,6,100,1/11/17,1/3/19,0,7,2,1,1,HRES45,Ways and Means,71,5,CA,,,,,,,,,,
115,196,29908,"Larson, John B.",2,7,100,1/11/17,1/3/19,0,7,2,1,1,HRES45,Ways and Means,1,1,CT,,,,,,,,,,
115,196,29588,"Blumenauer, Earl",2,8,100,1/11/17,1/3/19,0,6,2,1,1,HRES45,Ways and Means,72,3,OR,,,,,,,,,,
115,196,29769,"Kind, Ron",2,9,100,1/11/17,1/3/19,0,6,2,1,1,HRES45,Ways and Means,25,3,WI,,,,,,,,,,
115,196,29741,"Pascrell, William J., Jr.",2,10,100,1/11/17,1/3/19,0,6,2,1,1,HRES45,Ways and Means,12,9,NJ,,,,,,,,,,
115,196,29925,"Crowley, Joseph",2,11,100,1/11/17,1/3/19,0,6,2,1,0,HRES45,Ways and Means,13,14,NY,,,,,,,,,,
115,196,29717,"Davis, Danny K.",2,12,100,1/11/17,1/3/19,0,3,2,1,1,HRES45,Ways and Means,21,7,IL,,,,,,,,,,
115,196,20310,"Sanchez, Linda",2,13,100,1/11/17,1/3/19,0,3,2,1,1,HRES45,Ways and Means,71,38,CA,,,,,,,,,,
115,196,20519,"Higgins, Brian",2,14,100,1/11/17,1/3/19,0,1,2,1,1,HRES45,Ways and Means,13,26,NY,,,,,,,,,,
115,196,21102,"Sewell, Terri A.",2,15,100,1/11/17,1/3/19,0,1,2,1,1,HRES45,Ways and Means,41,7,AL,,,,,,,,,,
115,196,31101,"DelBene, Suzan",2,16,100,1/11/17,1/3/19,0,1,2,1,1,HRES45,Ways and Means,73,1,WA,,,,,,,,,,
115,196,20955,"Chu, Judy",6,17,100,2/7/17,1/3/19,0,1,2,1,1,HRES95,Ways and Means,71,27,CA,Replaced Becerra,,,,,,,,,
115,196,29760,"Brady, Kevin",1,1,200,1/3/17,1/3/19,11,9,2,1,1,HRES6,Ways and Means,49,8,TX,,,,,,,,,,
115,196,29143,"Johnson, Sam",1,2,200,1/6/17,1/3/19,0,12,2,1,0,HRES29,Ways and Means,49,3,TX,,,,,,,,,,
115,196,20307,"Nunes, Devin",1,3,200,1/6/17,1/3/19,0,7,2,1,1,HRES29,Ways and Means,71,22,CA,,,,,,,,,,
115,196,20130,"Tiberi, Patrick",1,4,200,1/6/17,1/15/18,0,6,2,3,0,HRES29,Ways and Means,24,12,OH,Resigned 01/15/2018 for private sector work,,,,,,,,,
115,196,20536,"Reichert, David G.",1,5,200,1/6/17,1/3/19,0,5,2,1,0,HRES29,Ways and Means,73,8,WA,,,,,,,,,,
115,196,20715,"Roskam, Peter J.",1,6,200,1/6/17,1/3/19,0,5,2,1,0,HRES29,Ways and Means,21,6,IL,,,,,,,,,,
115,196,20505,"Price, Tom",1,7,200,1/6/17,2/10/17,0,4,2,6,0,HRES29,Ways and Means,44,6,GA,Resigned following confirmation as Secretary of Health and Human Services,,,,,,,,,
115,196,20709,"Buchanan, Vernon G.",1,8,200,1/6/17,1/3/19,0,4,2,1,1,HRES29,Ways and Means,43,16,FL,,,,,,,,,,
115,196,20729,"Smith, Adrian",1,9,200,1/6/17,1/3/19,0,4,2,1,1,HRES29,Ways and Means,35,3,NE,,,,,,,,,,
115,196,20915,"Jenkins, Lynn",1,10,200,1/6/17,1/3/19,0,4,2,1,0,HRES29,Ways and Means,32,2,KS,,,,,,,,,,
115,196,20924,"Paulsen, Erik",1,11,200,1/6/17,1/3/19,0,4,2,1,0,HRES29,Ways and Means,33,3,MN,,,,,,,,,,
115,196,20532,"Marchant, Kenny",1,12,200,1/6/17,1/3/19,0,4,2,1,1,HRES29,Ways and Means,49,24,TX,,,,,,,,,,
115,196,21180,"Black, Diane",1,13,200,1/6/17,1/3/19,0,4,2,1,0,HRES29,Ways and Means,54,6,TN,,,,,,,,,,
115,196,21101,"Reed, Thomas W., II",1,14,200,1/6/17,1/3/19,0,4,2,1,1,HRES29,Ways and Means,13,23,NY,,,,,,,,,,
115,196,21167,"Kelly, Mike",1,15,200,1/6/17,1/3/19,0,3,2,1,1,HRES29,Ways and Means,14,3,PA,,,,,,,,,,
115,196,21164,"Renacci, Jim",1,16,200,1/6/17,1/3/19,0,3,2,1,0,HRES29,Ways and Means,24,16,OH,,,,,,,,,,
115,196,21168,"Meehan, Pat",1,17,200,1/6/17,1/3/19,0,2,2,3,0,HRES29,Ways and Means,14,7,PA,"Resigned 04/27/2018, sexual harassment and fund mismangement scandal",,,,,,,,,
115,196,21177,"Noem, Kristi",1,18,200,1/6/17,1/3/19,0,2,2,1,0,HRES29,Ways and Means,37,1,SD,,,,,,,,,,
115,196,21349,"Holding, George",1,19,200,1/6/17,1/3/19,0,2,2,1,1,HRES29,Ways and Means,47,13,NC,,,,,,,,,,
115,196,21373,"Smith, Jason",1,20,200,1/6/17,1/3/19,0,2,2,1,1,HRES29,Ways and Means,34,8,MO,,,,,,,,,,
115,196,21359,"Rice, Tom",1,21,200,1/6/17,1/3/19,0,2,2,1,1,HRES29,Ways and Means,48,7,SC,,,,,,,,,,
115,196,21105,"Schweikert, David",1,22,200,1/6/17,1/3/19,0,1,2,1,1,HRES29,Ways and Means,61,6,AZ,,,,,,,,,,
115,196,21330,"Walorski, Jackie",1,23,200,1/6/17,1/3/19,0,1,2,1,1,HRES29,Ways and Means,22,2,IN,,,,,,,,,,
115,196,21512,"Curbelo, Carlos",1,24,200,1/6/17,1/3/19,0,1,2,1,0,HRES29,Ways and Means,43,26,FL,,,,,,,,,,
115,196,21527,"Bishop, Mike",6,25,200,2/16/17,1/3/19,0,1,2,1,0,HRES131,Ways and Means,23,8,MI,Replaced Price,,,,,,,,,
115,196,21562,"Lahood, Darin",6,26,200,1/16/18,1/3/19,0,1,2,1,1,HRES695,Ways and Means,21,18,IL,Replaced Tiberi,,,,,,,,,
115,196,21351,"Wenstrup, Brad",4,27,200,5/16/18,1/3/19,0,1,2,1,1,HRES897,Ways and Means,24,2,OH,,,,,,,,,,
115,503,29760,"Brady, Kevin",1,1,200,Unknown,1/3/19,13,3,2,1,2,,Taxation (Joint),49,8,TX,,,,,,,,,,
115,503,20307,"Nunes, Devin",1,2,200,Unknown,1/3/19,0,2,2,1,2,,Taxation (Joint),71,22,CA,,,,,,,,,,
115,503,29143,"Johnson, Sam",1,3,200,Unknown,1/3/19,0,4,2,2,0,,Taxation (Joint),49,3,TX,,,,,,,,,,
115,503,15616,"Neal, Richard Edmund",2,1,100,Unknown,1/3/19,21,1,2,1,2,,Taxation (Joint),3,1,MA,,,,,,,,,,
115,503,15431,"Lewis, John R.",2,2,100,Unknown,1/3/19,0,1,2,1,2,,Taxation (Joint),44,5,GA,,,,,,,,,,
116,102,29127,"Peterson, Collin C.",1,1,100,1/4/19,1/3/21,11,15,2,1,0,HRES24,Agriculture,33,7,MN,,,,,,,,,,
116,102,20321,"Scott, David",1,2,100,1/17/19,1/3/21,0,9,2,1,1,HRES57,Agriculture,44,13,GA,,,,,,,,,,
116,102,20501,"Costa, Jim",1,3,100,1/17/19,1/3/21,0,8,2,1,1,HRES57,Agriculture,71,16,CA,,,,,,,,,,
116,102,20941,"Fudge, Marcia",1,4,100,1/17/19,1/3/21,0,5,2,1,3,HRES57,Agriculture,24,11,OH,"On December 10, 2020, President Biden announced his plan to nominate Fudge for Secretary of Housing and Urban Development",,,,,,,,,
116,102,29729,"McGovern, Jim",1,5,100,1/17/19,1/3/21,0,5,2,1,1,HRES57,Agriculture,3,2,MA,,,,,,,,,,
116,102,21366,"Vela, Filemon",1,6,100,1/17/19,1/3/21,0,4,2,1,1,HRES57,Agriculture,49,34,TX,,,,,,,,,,
116,102,70502,"Plaskett, Stacey",1,7,100,1/17/19,1/3/21,0,3,2,1,1,HRES57,Agriculture,93,1,VI,,,,,,,,,,
116,102,21545,"Adams, Alma",1,8,100,1/17/19,1/3/21,0,3,2,1,1,HRES57,Agriculture,44,12,NC,,,,,,,,,,
116,102,21966,"Spanberger, Abigail",1,9,100,1/17/19,1/3/21,0,1,2,1,1,HRES57,Agriculture,40,7,VA,,,,,,,,,,
116,102,21931,"Hayes, Jahana",1,10,100,1/17/19,1/3/21,0,1,2,1,1,HRES57,Agriculture,1,5,CT,,,,,,,,,,
116,102,21916,"Delgado, Antonio",1,11,100,1/17/19,1/3/21,0,1,2,1,1,HRES57,Agriculture,13,19,NY,,,,,,,,,,
116,102,21909,"Cox, TJ",1,12,100,1/17/19,1/3/21,0,1,2,1,0,HRES57,Agriculture,71,21,CA,,,,,,,,,,
116,102,21910,"Craig, Angela",1,13,100,1/17/19,1/3/21,0,1,2,1,1,HRES57,Agriculture,33,2,MN,,,,,,,,,,
116,102,21904,"Brindisi, Anthony",1,14,100,1/17/19,1/3/21,0,1,2,1,0,HRES57,Agriculture,13,22,NY,,,,,,,,,,
116,102,21980,"Van Drew, Jefferson",1,15,100,1/17/19,1/7/20,0,1,2,2,2,HRES57,Agriculture,12,2,NJ,"Changed party to Republican 1/7/2020, left this committtee",,,,,,,,,
116,102,21930,"Harder, Josh",1,16,100,1/17/19,1/3/21,0,1,2,1,1,HRES57,Agriculture,71,10,CA,,,,,,,,,,
116,102,21962,"Schrier, Kim",1,17,100,1/17/19,1/3/21,0,1,2,1,1,HRES57,Agriculture,73,8,WA,,,,,,,,,,
116,102,20920,"Pingree, Chellie",1,18,100,1/17/19,1/3/21,0,1,2,1,1,HRES57,Agriculture,2,1,ME,,,,,,,,,,
116,102,21329,"Bustos, Cheri",1,19,100,1/17/19,1/3/21,0,4,2,1,1,HRES57,Agriculture,21,17,IL,,,,,,,,,,
116,102,21344,"Maloney, Sean Patrick",1,20,100,1/17/19,1/3/21,0,4,2,1,1,HRES57,Agriculture,13,18,NY,,,,,,,,,,
116,102,21709,"Carbajal, Salud",1,21,100,1/17/19,1/3/21,0,1,2,1,1,HRES57,Agriculture,71,24,CA,,,,,,,,,,
116,102,21732,"Lawson Jr., Alfred (Al)",1,22,100,1/17/19,1/3/21,0,2,2,1,1,HRES57,Agriculture,43,5,FL,,,,,,,,,,
116,102,21739,"O'Halleran, Tom",1,23,100,1/17/19,1/3/21,0,2,2,1,1,HRES57,Agriculture,51,1,AZ,,,,,,,,,,
116,102,21740,"Panetta, James V. (Jimmy)",1,24,100,1/17/19,1/3/21,0,2,2,1,1,HRES57,Agriculture,71,21,CA,,,,,,,,,,
116,102,20902,"Kirkpatrick, Ann",1,25,100,1/17/19,1/3/21,0,1,4,1,1,HRES57,Agriculture,61,2,AZ,,,,,,,,,,
116,102,21902,"Axne, Cynthia",1,26,100,1/17/19,1/3/21,0,1,2,1,1,HRES57,Agriculture,31,3,IA,,,,,,,,,,
116,102,21976,"Torres Small, Xochitl",4,27,100,2/27/20,1/3/21,0,1,2,1,0,HRES870,Agriculture,66,2,NM,,,,,,,,,,
116,102,20531,"Conaway, K. Michael",2,1,200,1/4/19,1/3/21,21,8,2,1,0,HRES25,Agriculture,49,11,TX,Announced retirement at end of 116th congress 7/30/2019,,,,,,,,,
116,102,20946,"Thompson, Glenn",2,2,200,1/23/19,1/3/21,0,6,2,1,1,HRES68,Agriculture,14,5,PA,,,,,,,,,,
116,102,21123,"Scott, Austin",2,3,200,1/23/19,1/3/21,0,5,2,1,1,HRES68,Agriculture,44,8,GA,,,,,,,,,,
116,102,21106,"Crawford, Rick",2,4,200,1/23/19,1/3/21,0,5,2,1,1,HRES68,Agriculture,42,1,AR,,,,,,,,,,
116,102,21179,"DesJarlais, Scott",2,5,200,1/23/19,1/3/21,0,5,2,1,1,HRES68,Agriculture,54,4,TN,,,,,,,,,,
116,102,21149,"Hartzler, Vicky",2,6,200,1/23/19,1/3/21,0,5,2,1,1,HRES68,Agriculture,34,4,MO,,,,,,,,,,
116,102,21302,"La Malfa, Doug",2,7,200,1/23/19,1/3/21,0,5,2,1,1,HRES68,Agriculture,71,1,CA,,,,,,,,,,
116,102,21328,"Davis, Rodney",2,8,200,1/23/19,1/3/21,0,5,2,1,1,HRES68,Agriculture,21,13,IL,,,,,,,,,,
116,102,21317,"Yoho, Ted",2,9,200,1/23/19,1/3/21,0,6,2,1,0,HRES68,Agriculture,43,3,FL,Announced retirement at end of 116th congress,,,,,,,,,
116,102,21516,"Allen, Rick",2,10,200,1/23/19,1/3/21,0,3,2,1,1,HRES68,Agriculture,44,12,GA,,,,,,,,,,
116,102,21519,"Bost, Mike",2,11,200,1/23/19,1/3/21,0,3,2,1,2,HRES68,Agriculture,21,12,IL,,,,,,,,,,
116,102,21544,"Rouzer, David",2,12,200,1/23/19,1/3/21,0,3,2,1,1,HRES68,Agriculture,47,7,NC,,,,,,,,,,
116,102,21522,"Abraham, Ralph",2,13,200,1/23/19,1/3/21,0,3,2,1,0,HRES68,Agriculture,45,5,LA,announced retirement at end of 116th congress 2/26/20,,,,,,,,,
116,102,21561,"Kelly, Trent",2,14,200,1/23/19,1/3/21,0,3,2,1,1,HRES68,Agriculture,46,1,MS,,,,,,,,,,
116,102,21565,"Comer, James",2,15,200,1/23/19,7/7/20,0,2,3,1,2,HRES68,Agriculture,51,1,KY,"Leaves summer 2020, after being made a ranking member on the oversight and reform committee. ",,,,,,,,,
116,102,21734,"Marshall, Roger",2,16,200,1/23/19,1/3/21,0,2,2,1,0,HRES68,Agriculture,32,1,KS,Ran for senate,,,,,,,,,
116,102,21701,"Bacon, Donald J. (Don)",2,17,200,1/23/19,1/3/21,0,2,2,1,1,HRES68,Agriculture,35,2,NE,,,,,,,,,,
116,102,21714,"Dunn, Neal",2,18,200,1/23/19,1/3/21,0,1,2,1,2,HRES68,Agriculture,43,2,FL,,,,,,,,,,
116,102,21935,"Johnson, Dustin",2,19,200,1/23/19,1/3/21,0,1,2,1,1,HRES68,Agriculture,37,1,SD,,,,,,,,,,
116,102,21903,"Baird, James",2,20,200,1/23/19,1/3/21,0,1,2,1,1,HRES68,Agriculture,22,4,IN,,,,,,,,,,
116,102,21929,"Hagedorn, Jim",2,21,200,1/23/19,1/3/21,0,1,2,1,1,HRES68,Agriculture,33,1,MN,,,,,,,,,,
116,102,21990,"Jacobs, Chris",2,22,200,7/21/20,1/3/21,0,1,2,1,1,HRES1058,Agriculture,13,27,NY,"Elected in a special election held on June 23, 2020",,,,,,,,,
116,102,21759,"Balderson, Troy",2,23,200,7/30/20,1/3/21,0,1,2,1,1,HRES1072,Argriculture,24,12,OH,,,,,,,,,,
116,104,15612,"Lowey, Nita M.",1,1,100,1/3/19,1/3/21,11,14,2,1,0,HRES7,Appropriations,13,17,NY,Announced retirement at end of 116th congress 10/10/2019,,,,,,,,,
116,104,15029,"Kaptur, Marcy",1,2,100,1/15/19,1/3/21,0,16,2,1,1,HRES42,Appropriations,24,9,OH,,,,,,,,,,
116,104,15124,"Visclosky, Peter J.",1,3,100,1/15/19,1/3/21,0,15,2,1,0,HRES42,Appropriations,22,1,IN,Announced retirement at end of 116th congress 11/06/2019,,,,,,,,,
116,104,29134,"Serrano, Jose E.",1,4,100,1/15/19,1/3/21,0,13,4,1,0,HRES42,Appropriations,13,15,NY,Announced retirement at end of 116th congress 3/25/2019,,,,,,,,,
116,104,29109,"Delauro, Rosa L.",1,5,100,1/15/19,1/3/21,0,12,4,1,1,HRES42,Appropriations,1,3,CT,,,,,,,,,,
116,104,15438,"Price, David E.",1,6,100,1/15/19,1/3/21,0,12,4,1,1,HRES42,Appropriations,47,4,NC,,,,,,,,,,
116,104,29317,"Roybal-Allard, Lucille",1,7,100,1/15/19,1/3/21,0,11,2,1,1,HRES42,Appropriations,71,40,CA,,,,,,,,,,
116,104,29339,"Bishop, Sanford D., Jr.",1,8,100,1/15/19,1/3/21,0,9,2,1,1,HRES42,Appropriations,44,2,GA,,,,,,,,,,
116,104,29778,"Lee, Barbara",1,9,100,1/15/19,1/3/21,0,7,2,1,1,HRES42,Appropriations,71,13,CA,,,,,,,,,,
116,104,20122,"McCollum, Betty",1,10,100,1/15/19,1/3/21,0,7,2,1,1,HRES42,Appropriations,33,4,MN,,,,,,,,,,
116,104,20343,"Ryan, Timothy J.",1,11,100,1/15/19,1/3/21,0,4,2,1,1,HRES42,Appropriations,24,13,OH,,,,,,,,,,
116,104,20329,"Ruppersberger, C.A. Dutch",1,12,100,1/15/19,1/3/21,0,4,2,1,1,HRES42,Appropriations,52,2,MD,,,,,,,,,,
116,104,20504,"Wasserman Schultz, Debbie",1,13,100,1/15/19,1/3/21,0,4,2,1,1,HRES42,Appropriations,43,20,FL,,,,,,,,,,
116,104,20533,"Cuellar, Henry",1,14,100,1/15/19,1/3/21,0,4,2,1,1,HRES42,Appropriations,49,28,TX,,,,,,,,,,
116,104,20920,"Pingree, Chellie",1,15,100,1/15/19,1/3/21,0,4,2,1,1,HRES42,Appropriations,2,1,ME,,,,,,,,,,
116,104,20954,"Quigley, Mike",1,16,100,1/15/19,1/3/21,0,4,2,1,1,HRES42,Appropriations,21,5,IL,,,,,,,,,,
116,104,21368,"Kilmer, Derek",1,17,100,1/15/19,1/3/21,0,3,2,1,1,HRES42,Appropriations,73,6,WA,,,,,,,,,,
116,104,21358,"Cartwright, Matthew",1,18,100,1/15/19,1/3/21,0,3,2,1,1,HRES42,Appropriations,14,17,PA,,,,,,,,,,
116,104,21342,"Meng, Grace",1,19,100,1/15/19,1/3/21,0,2,2,1,1,HRES42,Appropriations,13,6,NY,,,,,,,,,,
116,104,21370,"Pocan, Mark",1,20,100,1/15/19,1/3/21,0,1,2,1,1,HRES42,Appropriations,25,2,WI,,,,,,,,,,
116,104,21375,"Clark, Katherine Marlea",1,21,100,1/15/19,1/3/21,0,2,2,1,1,HRES42,Appropriations,3,5,MA,,,,,,,,,,
116,104,21506,"Aguilar, Peter Rey",1,22,100,1/15/19,1/3/21,0,2,2,1,1,HRES42,Appropriations,71,31,CA,,,,,,,,,,
116,104,21321,"Frankel, Lois",1,23,100,1/15/19,1/3/21,0,1,2,1,1,HRES42,Appropriations,43,21,FL,,,,,,,,,,
116,104,21329,"Bustos, Cheri",1,24,100,1/15/19,1/3/21,0,1,2,1,1,HRES42,Appropriations,21,17,IL,,,,,,,,,,
116,104,21538,"Watson Coleman, Bonnie",1,25,100,1/15/19,1/3/21,0,1,2,1,1,HRES42,Appropriations,12,12,NJ,,,,,,,,,,
116,104,21530,"Lawrence, Brenda",1,26,100,1/15/19,1/3/21,0,1,2,1,1,HRES42,Appropriations,23,14,MI,,,,,,,,,,
116,104,21508,"Torres, Norma",1,27,100,1/15/19,1/3/21,0,1,2,1,1,HRES42,Appropriations,71,35,CA,,,,,,,,,,
116,104,21712,"Crist, Charles J. (Charlie)",1,28,100,1/15/19,1/3/21,0,1,2,1,1,HRES42,Appropriations,43,13,FL,,,,,,,,,,
116,104,20902,"Kirkpatrick, Ann",1,29,100,1/15/19,1/3/21,0,1,2,1,1,HRES42,Appropriations,61,2,AZ,,,,,,,,,,
116,104,20322,"Case, Ed",1,30,100,1/15/19,1/3/21,0,1,2,1,1,HRES42,Appropriations,82,1,HI,,,,,,,,,,
116,104,29762,"Granger, Kay",2,1,200,1/3/19,1/3/21,21,11,2,1,1,HRES8,Appropriations,49,12,TX,,,,,,,,,,
116,104,14854,"Rogers, Harold",2,2,200,1/23/19,1/3/21,0,19,2,1,1,HRES68,Appropriations,51,5,KY,,,,,,,,,,
116,104,29701,"Aderholt, Robert",2,3,200,1/23/19,1/3/21,0,12,2,1,1,HRES68,Appropriations,41,4,AL,,,,,,,,,,
116,104,29910,"Simpson, Michael K.",2,4,200,1/23/19,1/3/21,0,9,2,1,1,HRES68,Appropriations,63,2,ID,,,,,,,,,,
116,104,20356,"Carter, John R",2,5,200,1/23/19,1/3/21,0,8,2,1,1,HRES68,Appropriations,49,31,TX,,,,,,,,,,
116,104,29323,"Calvert, Ken",2,6,200,1/23/19,1/3/21,0,7,2,1,1,HRES68,Appropriations,71,42,CA,,,,,,,,,,
116,104,20344,"Cole, Tom",2,7,200,1/23/19,1/3/21,0,6,2,1,1,HRES68,Appropriations,53,4,OK,,,,,,,,,,
116,104,20316,"Diaz-Balart, Mario",2,8,200,1/23/19,1/3/21,0,5,2,1,1,HRES68,Appropriations,25,43,FL,,,,,,,,,,
116,104,20962,"Graves, Tom",2,9,200,1/23/19,10/4/20,0,5,2,8,0,HRES68,Appropriations,44,14,GA,"Announced retirement early, effective october 4th",,,,,,,,,
116,104,21108,"Womack, Steve",2,10,200,1/23/19,1/3/21,0,5,2,1,1,HRES68,Appropriations,3,42,AR,,,,,,,,,,
116,104,20518,"Fortenberry, Jeff",2,11,200,1/23/19,1/3/21,0,4,2,1,1,HRES68,Appropriations,35,1,NE,,,,,,,,,,
116,104,21178,"Fleischmann, Chuck",2,12,200,1/23/19,1/3/21,0,4,2,1,1,HRES68,Appropriations,54,3,TN,,,,,,,,,,
116,104,21187,"Herrera Beutler, Jaime",2,13,200,1/23/19,1/3/21,0,4,2,1,1,HRES68,Appropriations,73,3,WA,,,,,,,,,,
116,104,21353,"Joyce, David P.",2,14,200,1/23/19,1/3/21,0,4,2,1,1,HRES68,Appropriations,24,14,OH,,,,,,,,,,
116,104,21139,"Harris, Andy",2,15,200,1/23/19,1/3/21,0,4,2,1,1,HRES68,Appropriations,52,1,MD,,,,,,,,,,
116,104,21192,"Roby, Martha",2,16,200,1/23/19,1/3/21,0,4,2,1,0,HRES68,Appropriations,41,2,AL,Announced retirement at end of 116th congress,,,,,,,,,
116,104,21196,"Amodei, Mark E.",2,17,200,1/23/19,1/3/21,0,4,2,1,1,HRES68,Appropriations,65,2,NV,,,,,,,,,,
116,104,21367,"Stewart, Chris",2,18,200,1/23/19,1/3/21,0,4,2,1,1,HRES68,Appropriations,67,2,UT,,,,,,,,,,
116,104,21148,"Palazzo, Steven",2,19,200,1/23/19,1/3/21,0,3,2,1,1,HRES68,Appropriations,49,4,MS,,,,,,,,,,
116,104,21556,"Newhouse, Dan",2,20,200,1/23/19,1/3/21,0,2,2,1,1,HRES68,Appropriations,73,4,WA,,,,,,,,,,
116,104,21526,"Moolenaar, John",2,21,200,1/23/19,1/3/21,0,2,2,1,1,HRES68,Appropriations,23,4,MI,,,,,,,,,,
116,104,21744,"Rutherford, John H.",2,22,200,1/23/19,1/3/21,0,2,2,1,1,HRES68,Appropriations,43,4,FL,,,,,,,,,,
116,104,21550,"Hurd, Will",2,23,200,1/23/19,1/3/21,0,1,2,1,0,HRES68,Appropriations,49,23,TX,Announced retirement at end of 116th congress 8/1/2019,,,,,,,,,
116,106,29768,"Smith, Adam",1,1,100,1/4/19,1/3/21,11,12,2,1,1,HRES24,Armed Services,73,9,WA,,,,,,,,,,
116,106,20108,"Davis, Susan",1,2,100,1/15/19,1/3/21,0,10,2,1,0,HRES42,Armed Services,71,53,CA,Announced retirement at end of 116th congress,,,,,,,,,
116,106,20136,"Langevin, James",1,3,100,1/15/19,1/3/21,0,7,4,1,1,HRES42,Armed Services,5,2,RI,,,,,,,,,,
116,106,20145,"Larsen, Rick",1,4,100,1/15/19,1/3/21,0,10,2,1,1,HRES42,Armed Services,73,2,WA,,,,,,,,,,
116,106,15019,"Cooper, Jim",1,5,100,1/15/19,1/3/21,0,9,2,1,1,HRES42,Armed Services,54,5,TN,,,,,,,,,,
116,106,20706,"Courtney, Joe",1,6,100,1/15/19,1/3/21,0,7,2,1,1,HRES42,Armed Services,1,2,CT,,,,,,,,,,
116,106,20958,"Garamendi, John J.",1,7,100,1/15/19,1/3/21,0,6,2,1,1,HRES42,Armed Services,71,3,CA,,,,,,,,,,
116,106,20762,"Speier, Karen Lorraine Jacqueline (Jackie)",1,8,100,1/15/19,1/3/21,0,5,2,1,1,HRES42,Armed Services,71,14,CA,,,,,,,,,,
116,106,21324,"Gabbard, Tulsi",1,9,100,1/15/19,1/3/21,0,4,2,1,9,HRES42,Armed Services,82,2,HI,Announced 10/25/19 that she is not running for re-election in 2020 due to presidential bid,,,,,,,,,
116,106,21536,"Norcross, Donald",1,10,100,1/15/19,1/3/21,0,3,2,1,1,HRES42,Armed Services,12,1,NJ,,,,,,,,,,
116,106,21502,"Gallego, Ruben",1,11,100,1/15/19,1/3/21,0,3,2,1,1,HRES42,Armed Services,61,7,AZ,,,,,,,,,,
116,106,21525,"Moulton, Seth",1,12,100,1/15/19,1/3/21,0,3,2,1,1,HRES42,Armed Services,3,6,MA,,,,,,,,,,
116,106,21709,"Carbajal, Salud",1,13,100,1/15/19,1/3/21,0,2,2,1,1,HRES42,Armed Services,71,24,CA,,,,,,,,,,
116,106,21707,"Brown, Anthony G.",1,14,100,1/15/19,1/3/21,0,2,2,1,1,HRES42,Armed Services,52,4,MD,,,,,,,,,,
116,106,21728,"Khanna, Rohit (Ro)",1,15,100,1/15/19,1/3/21,0,2,2,1,1,HRES42,Armed Services,71,17,CA,,,,,,,,,,
116,106,21140,"Keating, William",1,16,100,1/15/19,1/3/21,0,1,2,1,1,HRES42,Armed Services,3,9,MA,,,,,,,,,,
116,106,21366,"Vela, Filemon",1,17,100,1/15/19,1/3/21,0,1,2,1,1,HRES42,Armed Services,49,34,TX,,,,,,,,,,
116,106,21937,"Kim, Andy",1,18,100,1/15/19,1/3/21,0,1,2,1,1,HRES42,Armed Services,12,3,NJ,,,,,,,,,,
116,106,21933,"Horn, Kendra",1,19,100,1/15/19,1/3/21,0,1,2,1,0,HRES42,Armed Services,53,5,OK,,,,,,,,,,
116,106,21907,"Cisneros, Gil",1,20,100,1/15/19,1/3/21,0,1,2,1,0,HRES42,Armed Services,71,39,CA,,,,,,,,,,
116,106,21934,"Houlahan, Christina",1,21,100,1/15/19,1/3/21,0,1,2,1,1,HRES42,Armed Services,14,6,PA,,,,,,,,,,
116,106,21912,"Crow, Jason",1,22,100,1/15/19,1/3/21,0,1,2,1,1,HRES42,Armed Services,62,6,CO,,,,,,,,,,
116,106,21976,"Torres Small, Xochitl",1,23,100,1/15/19,1/3/21,0,1,2,1,0,HRES42,Armed Services,66,2,NM,,,,,,,,,,
116,106,21965,"Slotkin, Elissa",1,24,100,1/15/19,1/3/21,0,1,2,1,1,HRES42,Armed Services,23,8,MI,,,,,,,,,,
116,106,21964,"Sherrill, Mikie",1,25,100,1/15/19,1/3/21,0,1,2,1,1,HRES42,Armed Services,12,11,NJ,,,,,,,,,,
116,106,21932,"Hill, Katie",1,26,100,1/15/19,11/3/19,0,1,2,8,0,HRES42,Armed Services,71,25,CA,Resigned because of allegations that she had relations with a staffer and because her husband released her nudes ,,,,,,,,,
116,106,21917,"Escobar, Veronica",1,27,100,1/15/19,1/3/21,0,1,2,1,1,HRES42,Armed Services,49,16,TX,,,,,,,,,,
116,106,21928,"Haaland, Debra",1,28,100,1/15/19,1/3/21,0,1,2,1,0,HRES42,Armed Services,66,1,NM,"Biden announced on December 17th, 2020 that Haaland would be secretary of the interior",,,,,,,,,
116,106,21923,"Golden, Jared",1,29,100,1/15/19,1/3/21,0,1,2,1,1,HRES42,Armed Services,2,2,ME,,,,,,,,,,
116,106,21977,"Trahan, Lori",1,30,100,1/15/19,1/3/21,0,1,2,1,2,HRES42,Armed Services,3,3,MA,,,,,,,,,,
116,106,21941,"Luria, Elaine",1,31,100,1/15/19,1/3/21,0,1,2,1,1,HRES42,Armed Services,40,2,VA,,,,,,,,,,
116,106,21904,"Brindisi, Anthony",6,1,100,11/19/19,1/3/21,0,1,2,1,0,HRES712,Armed Services,13,22,NY,,,,,,,,,,
116,106,29572,"Thornberry, William M. (Mac)",2,1,200,1/4/19,1/3/21,21,13,2,1,0,HRES25,Armed Services,49,13,TX,"Retired, announced 9/30/2019",,,,,,,,,
116,106,20138,"Wilson, Addison G. (Joe)",2,2,200,1/23/19,1/3/21,0,10,2,1,1,HRES68,Armed Services,48,2,SC,,,,,,,,,,
116,106,20357,"Bishop, Rob",2,3,200,1/23/19,1/3/21,0,4,2,1,0,HRES68,Armed Services,67,1,UT,,,,,,,,,,
116,106,20342,"Turner, Mike",2,4,200,1/23/19,1/3/21,0,9,2,1,1,HRES68,Armed Services,24,10,OH,,,,,,,,,,
116,106,20301,"Rogers, Mike Dennis",2,5,200,1/23/19,1/3/21,0,3,2,1,1,HRES68,Armed Services,41,3,AL,,,,,,,,,,
116,106,20531,"Conaway, K. Michael",2,6,200,1/23/19,1/3/21,0,8,2,1,0,HRES68,Armed Services,49,11,TX,Announced retirement at end of 116th congress 7/30/2019,,,,,,,,,
116,106,20704,"Lamborn, Doug",2,7,200,1/23/19,1/3/21,0,7,2,1,1,HRES68,Armed Services,62,5,CO,,,,,,,,,,
116,106,20756,"Wittman, Robert J.",2,8,200,1/23/19,1/3/21,0,7,2,1,1,HRES68,Armed Services,40,1,VA,,,,,,,,,,
116,106,21149,"Hartzler, Vicky",2,9,200,1/23/19,1/3/21,0,5,2,1,1,HRES68,Armed Services,34,4,MO,,,,,,,,,,
116,106,21123,"Scott, Austin",2,10,200,1/23/19,1/3/21,0,5,2,1,1,HRES68,Armed Services,44,8,GA,,,,,,,,,,
116,106,21193,"Brooks, Mo",2,11,200,1/23/19,1/3/21,0,5,2,1,1,HRES68,Armed Services,41,5,AL,,,,,,,,,,
116,106,21305,"Cook, Paul",2,12,200,1/23/19,1/3/21,0,4,2,1,0,HRES68,Armed Services,71,8,CA,,,,,,,,,,
116,106,21376,"Byrne, Bradley",2,13,200,1/23/19,1/3/21,0,4,2,1,0,HRES68,Armed Services,41,1,AL,,,,,,,,,,
116,106,20124,"Graves, Samuel",2,14,200,1/23/19,1/3/21,0,3,2,1,1,HRES68,Armed Services,34,6,MO,,,,,,,,,,
116,106,21541,"Stefanik, Elise",2,15,200,1/23/19,1/3/21,0,3,2,1,1,HRES68,Armed Services,13,21,NY,,,,,,,,,,
116,106,21179,"DesJarlais, Scott",2,16,200,1/23/19,1/3/21,0,2,2,1,1,HRES68,Armed Services,54,4,TN,,,,,,,,,,
116,106,21522,"Abraham, Ralph",2,17,200,1/23/19,1/3/21,0,2,2,1,0,HRES68,Armed Services,45,5,LA,Announced retirement at end of 116th congress 2/26/20,,,,,,,,,
116,106,21561,"Kelly, Trent",2,18,200,1/23/19,1/3/21,0,2,2,1,1,HRES68,Armed Services,46,1,MS,,,,,,,,,,
116,106,21720,"Gallagher, Michael (Mike)",2,19,200,1/23/19,1/3/21,0,2,2,1,1,HRES68,Armed Services,25,8,WI,,,,,,,,,,
116,106,21719,"Gaetz, Matthew (Matt)",2,20,200,1/23/19,1/3/21,0,2,2,1,1,HRES68,Armed Services,43,1,FL,,,,,,,,,,
116,106,21701,"Bacon, Donald J. (Don)",2,21,200,1/23/19,1/3/21,0,2,2,1,1,HRES68,Armed Services,35,2,NE,,,,,,,,,,
116,106,21702,"Banks, James E. (Jim)",2,22,200,1/23/19,1/3/21,0,2,2,1,1,HRES68,Armed Services,22,3,IN,,,,,,,,,,
116,106,21710,"Cheney, Elizabeth L. (Liz)",2,23,200,1/23/19,1/3/21,0,2,2,1,1,HRES68,Armed Services,68,1,WY,,,,,,,,,,
116,106,21737,"Mitchell, Paul",2,24,200,1/23/19,12/20/20,0,2,2,1,0,HRES68,Armed Services,23,10,MI,Changed party to independent 12/20/2020 and left committees; Announced retirement at end of 116th congress 7/24/2019 ,,,,,,,,,
116,106,21704,"Bergman, John W. (Jack)",2,25,200,1/23/19,1/3/21,0,1,2,1,1,HRES68,Armed Services,23,1,MI,,,,,,,,,,
116,106,21981,"Waltz, Michael",2,26,200,1/23/19,1/3/21,0,1,2,1,1,HRES68,Armed Services,43,6,FL,,,,,,,,,,
116,115,20723,"Yarmuth, John A.",1,1,100,1/3/19,1/3/21,12,6,2,1,1,HRES7,Budget,51,3,KY,,,,,,,,,,
116,115,21525,"Moulton, Seth",1,2,100,1/24/19,1/3/21,13,3,2,1,1,HRES73,Budget,3,6,MA,,,,,,,,,,
116,115,21343,"Jeffries, Hakeem",1,3,100,1/24/19,1/3/21,0,2,5,1,1,HRES73,Budget,13,8,NY,,,,,,,,,,
116,115,20519,"Higgins, Brian",1,4,100,1/24/19,1/3/21,0,2,2,1,1,HRES73,Budget,13,26,NY,to rank immediately after Mr. Jeffries per HRES85,,,,,,,,,
116,115,21548,"Boyle, Brendan Francis",1,5,100,1/29/19,1/3/21,0,2,2,1,1,HRES85,Budget,14,13,PA,to rank immediately after Mr. Higgins of New York,,,,,,,,,
116,115,21728,"Khanna, Rohit (Ro)",1,6,100,1/24/19,1/3/21,0,2,2,1,2,HRES73,Budget,71,17,CA,"Per HRES870, Mr. Khanna (to rank immediately after Mr. Cooper)",,,,,,,,,
116,115,29109,"Delauro, Rosa L.",1,7,100,1/24/19,1/3/21,0,1,4,1,2,HRES73,Budget,1,3,CT,,,,,,,,,,
116,115,29571,"Doggett, Lloyd",1,8,100,1/24/19,1/3/21,0,1,5,1,1,HRES73,Budget,49,35,TX,,,,,,,,,,
116,115,15438,"Price, David E.",1,9,100,1/24/19,1/3/21,0,1,5,1,1,HRES73,Budget,47,4,NC,,,,,,,,,,
116,115,29911,"Schakowsky, Janice D",1,10,100,1/24/19,1/3/21,0,2,2,1,1,HRES73,Budget,21,9,IL,,,,,,,,,,
116,115,21372,"Kildee, Dan",1,11,100,1/24/19,1/3/21,0,1,5,1,1,HRES73,Budget,23,5,MI,,,,,,,,,,
116,115,21740,"Panetta, James V. (Jimmy)",1,12,100,1/24/19,1/3/21,0,1,2,1,2,HRES73,Budget,71,20,CA,,,,,,,,,,
116,115,21761,"Morelle, Joseph",1,13,100,1/24/19,1/3/21,0,1,2,1,1,HRES73,Budget,13,25,NY,,,,,,,,,,
116,115,21339,"Horsford, Steven",1,14,100,1/24/19,1/3/21,0,1,2,1,1,HRES73,Budget,65,4,NV,,,,,,,,,,
116,115,39307,"Scott, Robert C.",1,15,100,1/24/19,1/3/21,0,1,5,1,1,HRES73,Budget,40,3,VA,,,,,,,,,,
116,115,29573,"Jackson Lee, Sheila",1,16,100,1/24/19,1/3/21,0,2,2,1,1,HRES73,Budget,49,18,TX,,,,,,,,,,
116,115,29778,"Lee, Barbara",1,17,100,1/24/19,1/3/21,0,4,2,1,1,HRES73,Budget,71,13,CA,,,,,,,,,,
116,115,21726,"Jayapal, Pramila",1,18,100,1/24/19,1/3/21,0,2,2,1,1,HRES73,Budget,73,7,WA,,,,,,,,,,
116,115,21950,"Omar, Ilhan",1,19,100,1/24/19,1/3/21,0,1,2,1,2,HRES73,Budget,33,5,MN,,,,,,,,,,
116,115,20542,"Sires, Albio",1,20,100,2/13/19,1/3/21,0,1,2,1,1,HRES125,Budget,12,8,NJ,,,,,,,,,,
116,115,21315,"Peters, Scott",1,21,100,2/13/19,1/3/21,0,1,2,1,1,HRES125,Budget,71,52,CA,,,,,,,,,,
116,115,15019,"Cooper, Jim",1,22,100,2/13/19,1/3/21,0,1,5,1,1,HRES125,Budget,54,5,TN,,,,,,,,,,
116,115,21108,"Womack, Steve",2,1,200,1/3/19,1/3/21,22,3,2,1,2,HRES8,Budget,3,42,AR,,,,,,,,,,
116,115,21162,"Johnson, Bill",2,2,200,1/24/19,1/3/21,23,2,2,1,2,HRES74,Budget,24,6,OH,,,,,,,,,,
116,115,21122,"Woodall, Robert",2,3,200,1/24/19,1/3/21,0,5,2,1,0,HRES74,Budget,44,7,GA,Announced retirement at end of 116th congress 2/7/2019,,,,,,,,,
116,115,21373,"Smith, Jason",2,4,200,1/24/19,1/3/21,0,2,2,1,1,HRES74,Budget,34,8,MO,,,,,,,,,,
116,115,21182,"Flores, Bill",2,5,200,1/24/19,1/3/21,0,1,4,1,0,HRES74,Budget,49,17,TX,Announced retirement at end of 116th congress 9/4/2019,,,,,,,,,
116,115,21349,"Holding, George E.B.",2,6,200,1/24/19,1/3/21,0,1,2,1,0,HRES74,Budget,47,2,NC,"Retired, announced 12/6/2019",,,,,,,,,
116,115,21367,"Stewart, Chris",2,7,200,1/24/19,1/3/21,0,1,2,1,2,HRES74,Budget,67,2,UT,,,,,,,,,,
116,115,21753,"Norman, Ralph",2,8,200,1/24/19,1/3/21,0,1,2,1,2,HRES74,Budget,48,5,SC,,,,,,,,,,
116,115,21961,"Roy, Charles",2,9,200,1/24/19,1/3/21,0,1,2,1,2,HRES74,Budget,49,21,TX,,,,,,,,,,
116,115,21945,"Meuser, Dan",2,10,200,1/24/19,1/3/21,0,1,2,1,2,HRES74,Budget,14,9,PA,,,,,,,,,,
116,115,21974,"Timmons, William",2,11,200,1/24/19,1/3/21,0,1,2,1,2,HRES74,Budget,48,4,SC,,,,,,,,,,
116,115,21911,"Crenshaw, Daniel",2,12,200,1/24/19,1/3/21,0,1,2,1,2,HRES74,Budget,49,2,TX,,,,,,,,,,
116,115,21760,"Hern, Kevin",2,13,200,1/24/19,1/3/21,0,1,2,1,2,HRES74,Budget,53,1,OK,,,,,,,,,,
116,115,21905,"Burchett, Timothy",2,14,200,1/24/19,1/3/21,0,1,2,1,2,HRES74,Budget,54,2,TN,,,,,,,,,,
116,115,21990,"Jacobs, Chris",5,15,200,7/21/20,1/3/21,0,1,2,1,1,HRES1058,Budget,13,27,NY,"Elected in a special election held on June 23, 2020",,,,,,,,,
116,124,39307,"Scott, Robert C.",1,1,100,1/4/19,1/3/21,11,8,4,1,1,HRES24,Education and Labor,40,3,VA,,,,,,,,,,
116,124,20108,"Davis, Susan",1,2,100,1/15/19,1/3/21,0,10,2,1,0,HRES42,Education and Labor,71,53,CA,Announced retirement at end of 116th congress,,,,,,,,,
116,124,20305,"Grijalva, Raul M",1,3,100,1/15/19,1/3/21,0,9,2,1,1,HRES42,Education and Labor,61,3,AZ,,,,,,,,,,
116,124,20706,"Courtney, Joe",1,4,100,1/15/19,1/3/21,0,4,2,1,1,HRES42,Education and Labor,1,2,CT,,,,,,,,,,
116,124,20941,"Fudge, Marcia",1,5,100,1/15/19,1/3/21,0,5,2,1,3,HRES42,Education and Labor,24,11,OH,"On December 10, 2020, President Biden announced his plan to nominate Fudge for Secretary of Housing and Urban Development",,,,,,,,,
116,124,70810,"Sablan, Gregorio",1,6,100,1/15/19,1/3/21,0,4,2,1,1,HRES42,Education and Labor,95,1,MP,,,,,,,,,,
116,124,21118,"Wilson, Frederica",1,7,100,1/15/19,1/3/21,0,4,2,1,1,HRES42,Education and Labor,43,24,FL,,,,,,,,,,
116,124,21198,"Bonamici, Suzanne",1,8,100,1/15/19,1/3/21,0,4,2,1,1,HRES42,Education and Labor,72,1,OR,,,,,,,,,,
116,124,21312,"Takano, Mark",1,9,100,1/15/19,1/3/21,0,4,2,1,1,HRES42,Education and Labor,71,41,CA,,,,,,,,,,
116,124,21545,"Adams, Alma",1,10,100,1/15/19,1/3/21,0,3,2,1,1,HRES42,Education and Labor,44,12,NC,,,,,,,,,,
116,124,21504,"DeSaulnier, Mark",1,11,100,1/15/19,1/3/21,0,3,2,1,1,HRES42,Education and Labor,71,11,CA,,,,,,,,,,
116,124,21536,"Norcross, Donald",1,12,100,1/15/19,1/3/21,0,2,2,1,1,HRES42,Education and Labor,12,1,NJ,,,,,,,,,,
116,124,21726,"Jayapal, Pramila",1,15,100,1/15/19,1/3/21,0,1,2,1,1,HRES42,Education and Labor,73,7,WA,,,,,,,,,,
116,124,21761,"Morelle, Joseph",1,16,100,1/15/19,1/3/21,0,1,2,1,1,HRES42,Education and Labor,13,25,NY,,,,,,,,,,
116,124,21763,"Wild, Susan",1,17,100,1/15/19,1/3/21,0,1,2,1,1,HRES42,Education and Labor,14,7,PA,,,,,,,,,,
116,124,21930,"Harder, Josh",1,18,100,1/15/19,1/3/21,0,1,2,1,2,HRES42,Education and Labor,71,10,CA,,,,,  ,,,,,
116,124,21944,"Mcbath, Lucy",1,19,100,1/15/19,1/3/21,0,1,2,1,1,HRES42,Education and Labor,44,6,GA,,,,,,,,,,
116,124,21962,"Schrier, Kim",1,20,100,1/15/19,1/3/21,0,1,2,1,2,HRES42,Education and Labor,73,8,WA,,,,,,,,,,
116,124,21979,"Underwood, Lauren",1,21,100,1/15/19,1/3/21,0,1,2,1,2,HRES42,Education and Labor,21,14,IL,,,,,,,,,,
116,124,21931,"Hayes, Jahana",1,22,100,1/15/19,1/3/21,0,1,2,1,1,HRES42,Education and Labor,1,5,CT,,,,,,,,,,
116,124,21963,"Shalala, Donna",1,23,100,1/15/19,1/3/21,0,1,2,1,0,HRES42,Education and Labor,43,27,FL,Defeated in the general election,,,,,,,,,
116,124,21940,"Levin, Andy",1,24,100,1/15/19,1/3/21,0,1,2,1,1,HRES42,Education and Labor,23,9,MI,,,,,,,,,,
116,124,21950,"Omar, Ilhan",1,25,100,1/15/19,1/3/21,0,1,2,1,1,HRES42,Education and Labor,33,5,MN,,,,,,,,,,
116,124,21978,"Trone, David",1,26,100,1/15/19,1/3/21,0,1,2,1,2,HRES42,Education and Labor,53,6,MD,,,,,,,,,,
116,124,21972,"Stevens, Haley",1,27,100,1/15/19,1/3/21,0,1,2,1,1,HRES42,Education and Labor,23,11,MI,,,,,,,,,,
116,124,21938,"Lee, Susie",1,28,100,1/15/19,1/3/21,0,1,2,1,2,HRES42,Education and Labor,65,3,NV,,,,,,,,,,
116,124,21977,"Trahan, Lori",1,29,100,1/24/19,1/3/21,0,1,2,1,2,HRES73,Education and Labor,3,3,MA,,,,,,,,,,
116,124,21362,"Castro, Joaquin",1,30,100,1/24/19,1/3/21,0,1,2,1,1,HRES73,Education and Labor,49,20,TX,,,,,,,,,,
116,124,20521,"Foxx, Virginia",2,1,200,1/4/19,1/3/21,21,8,2,1,1,HRES25,Education and Labor,47,5,NC,,,,,,,,,,
116,124,20947,"Roe, David P.",2,2,200,1/23/19,1/3/21,0,6,2,1,0,HRES68,Education and Labor,54,1,TN,Announced retirement at end of 116th congress 1/3/2020,,,,,,,,,
116,124,20946,"Thompson, Glenn",2,3,200,1/23/19,1/3/21,0,6,2,1,1,HRES68,Education and Labor,14,5,PA,,,,,,,,,,
116,124,20725,"Walberg, Tim",2,4,200,1/23/19,1/3/21,0,5,2,1,1,HRES68,Education and Labor,23,7,MI,,,,,,,,,,
116,124,20916,"Guthrie, Brett",2,5,200,1/23/19,1/3/21,0,4,2,1,2,HRES68,Education and Labor,51,2,KY,,,,,,,,,,
116,124,21376,"Byrne, Bradley",2,6,200,1/23/19,1/3/21,0,3,2,1,0,HRES68,Education and Labor,41,1,AL,,,,,,,,,,
116,124,21559,"Grothman, Glenn",2,7,200,1/23/19,1/3/21,0,3,2,1,1,HRES68,Education and Labor,25,6,WI,,,,,,,,,,
116,124,21541,"Stefanik, Elise",2,8,200,1/23/19,1/3/21,0,3,2,1,1,HRES68,Education and Labor,13,21,NY,,,,,,,,,,
116,124,21516,"Allen, Rick",2,9,200,1/23/19,1/3/21,0,3,2,1,1,HRES68,Education and Labor,44,12,GA,,,,,,,,,,
116,124,21745,"Smucker, Lloyd K.",2,11,200,1/23/19,1/3/21,0,2,2,1,2,HRES68,Education and Labor,14,16,PA,,,,,,,,,,
116,124,21702,"Banks, James E. (Jim)",2,12,200,1/23/19,1/3/21,0,2,2,1,1,HRES68,Education and Labor,22,3,IN,,,,,,,,,,
116,124,21543,"Walker, Mark",2,13,200,1/23/19,1/3/21,0,2,2,1,0,HRES68,Education and Labor,47,6,NC,Announced retirement at end of 116th congress 12/16/2019,,,,,,,,,
116,124,21565,"Comer, James",2,14,200,1/23/19,1/3/21,0,2,2,1,1,HRES68,Education and Labor,51,1,KY,,,,,,,,,,
116,124,21908,"Cline, Benjamin",2,15,200,1/23/19,1/3/21,0,1,2,1,2,HRES68,Education and Labor,40,6,VA,,,,,,,,,,
116,124,21920,"Fulcher, Russell",2,16,200,1/23/19,1/3/21,0,1,2,1,1,HRES68,Education and Labor,63,1,ID,,,,,,,,,,
116,124,21973,"Taylor, Nicholas",2,17,200,1/23/19,1/15/20,0,1,2,2,2,HRES68,Education and Labor,49,3,TX,Transferred to Financial services,,,,,,,,,
116,124,21982,"Watkins, Steve",2,18,200,1/23/19,1/3/21,0,1,2,4,0,HRES68,Education and Labor,32,2,KS,Resigned from committee assignments 7/17/20 following felony charges for voter fraud in his home state.,,,,,,,,,
116,124,21984,"Wright, Ron",2,19,200,1/23/19,1/3/21,0,1,2,1,1,HRES68,Education and Labor,49,6,TX,,,,,,,,,,
116,124,21945,"Meuser, Dan",2,20,200,1/23/19,1/3/21,0,1,2,1,2,HRES68,Education and Labor,14,9,PA,,,,,,,,,,
116,124,21974,"Timmons, William",2,21,200,1/23/19,1/3/21,0,1,2,2,2,HRES68,Education and Labor,48,4,SC,Transferred to Financial services,,,,,,,,,
116,124,21935,"Johnson, Dustin",2,22,200,1/23/19,1/3/21,0,1,2,1,1,HRES68,Education and Labor,37,1,SD,,,,,,,,,,
116,124,21985,"Keller, Frederick",7,1,200,7/10/19,1/3/21,0,1,2,1,1,HRES481,Education and Labor,14,12,PA,replaced Tom Marino after Marino's resignation,,,,,,,,,
116,124,21987,"Murphy, Greg",7,2,200,9/26/19,1/3/21,0,1,2,1,1,HRES596,Education and Labor,47,3,NC,"Won special election in a runoff 9/10/2019 to replace Walter B. Jones, Jr. ",,,,,,,,,
116,124,91980,"Van Drew, Jefferson",7,3,200,1/16/20,1/3/21,0,1,2,1,2,HRES801,Education and Labor,12,2,NJ,"Changed party to Republican 1/7/2020, newly assigned to this committee",,,,,,,,,
116,128,15454,"Pallone, Frank, Jr.",1,1,100,1/3/19,1/3/21,11,12,4,1,1,HRES7,Energy and Commerce,12,6,NJ,,,,,,,,,,
116,128,29346,"Rush, Bobby L.",1,2,100,1/15/19,1/3/21,0,13,2,1,1,HRES42,Energy and Commerce,21,1,IL,,,,,,,,,,
116,128,29312,"Eshoo, Anna G.",1,3,100,1/15/19,1/3/21,0,13,2,1,1,HRES42,Energy and Commerce,71,18,CA,,,,,,,,,,
116,128,15603,"Engel, Eliot L.",1,4,100,1/15/19,1/3/21,0,13,2,1,0,HRES42,Energy and Commerce,13,16,NY,,,,,,,,,,
116,128,29710,"DeGette, Diana",1,5,100,1/15/19,1/3/21,0,12,2,1,1,HRES42,Energy and Commerce,62,1,CO,,,,,,,,,,
116,128,29561,"Doyle, Michael F.",1,6,100,1/15/19,1/3/21,0,10,2,1,1,HRES42,Energy and Commerce,14,14,PA,,,,,,,,,,
116,128,29911,"Schakowsky, Janice D",1,7,100,1/15/19,1/3/21,0,9,2,1,1,HRES42,Energy and Commerce,21,9,IL,,,,,,,,,,
116,128,20340,"Butterfield, George Kenneth, Jr. (G.K.)",1,8,100,1/15/19,1/3/21,0,7,2,1,1,HRES42,Energy and Commerce,47,1,NC,,,,,,,,,,
116,128,20538,"Matsui, Doris O.",1,9,100,1/15/19,1/3/21,0,7,2,1,1,HRES42,Energy and Commerce,71,6,CA,,,,,,,,,,
116,128,20708,"Castor, Kathy",1,10,100,1/15/19,1/3/21,0,5,2,1,1,HRES42,Energy and Commerce,43,14,FL,,,,,,,,,,
116,128,20724,"Sarbanes, John P.",1,11,100,1/15/19,1/3/21,0,5,2,1,1,HRES42,Energy and Commerce,52,3,MD,,,,,,,,,,
116,128,20702,"McNerney, Jerry",1,12,100,1/15/19,1/3/21,0,4,2,1,1,HRES42,Energy and Commerce,71,9,CA,,,,,,,,,,
116,128,20750,"Welch, Peter",1,13,100,1/15/19,1/3/21,0,4,2,1,1,HRES42,Energy and Commerce,6,1,VT,,,,,,,,,,
116,128,20932,"Luján, Ben Ray",1,14,100,1/15/19,1/3/21,0,4,2,1,0,HRES42,Energy and Commerce,66,3,NM,,,,,,,,,,
116,128,20934,"Tonko, Paul",1,15,100,1/15/19,1/3/21,0,4,2,1,1,HRES42,Energy and Commerce,13,20,NY,,,,,,,,,,
116,128,20733,"Clarke, Yvette D.",1,16,100,1/15/19,1/3/21,0,3,2,1,1,HRES42,Energy and Commerce,13,9,NY,,,,,,,,,,
116,128,20720,"Loebsack, David",1,17,100,1/15/19,1/3/21,0,3,2,1,0,HRES42,Energy and Commerce,31,2,IA,Announced retirement at end of 116th congress 4/12/19,,,,,,,,,
116,128,20944,"Schrader, Kurt",1,18,100,1/15/19,1/3/21,0,3,2,1,2,HRES42,Energy and Commerce,72,5,OR,,,,,,,,,,
116,128,21335,"Kennedy, Joseph P., III",1,19,100,1/15/19,1/3/21,0,3,2,1,0,HRES42,Energy and Commerce,3,4,MA,"Ran for senate, lost in primary",,,,,,,,,
116,128,21309,"Cardenas, Tony",1,20,100,1/15/19,1/3/21,0,3,2,1,1,HRES42,Energy and Commerce,71,29,CA,,,,,,,,,,
116,128,21311,"Ruiz, Raul",1,21,100,1/15/19,1/3/21,0,2,2,1,1,HRES42,Energy and Commerce,71,36,CA,,,,,,,,,,
116,128,21315,"Peters, Scott",1,22,100,1/15/19,1/3/21,0,2,2,1,1,HRES42,Energy and Commerce,71,52,CA,,,,,,,,,,
116,128,21529,"Dingell, Debbie",1,23,100,1/15/19,1/3/21,0,2,2,1,1,HRES42,Energy and Commerce,23,14,MI,,,,,,,,,,
116,128,21365,"Veasey, Marc",1,24,100,1/15/19,1/3/21,0,1,2,1,1,HRES42,Energy and Commerce,49,33,TX,,,,,,,,,,
116,128,21340,"Kuster, Ann McLane",1,25,100,1/15/19,1/3/21,0,1,2,1,1,HRES42,Energy and Commerce,4,2,NH,,,,,,,,,,
116,128,21371,"Kelly, Robin",1,26,100,1/15/19,1/3/21,0,1,2,1,1,HRES42,Energy and Commerce,21,2,IL,,,,,,,,,,
116,128,21703,"Barragán, Nanette D.",1,27,100,1/15/19,1/3/21,0,1,2,1,1,HRES42,Energy and Commerce,71,44,CA,,,,,,,,,,
116,128,21736,"McEachin, Aston D. (Donald)",1,28,100,1/15/19,1/3/21,0,1,2,1,1,HRES42,Energy and Commerce,40,4,VA,,,,,,,,,,
116,128,21706,"Blunt Rochester, Lisa",1,29,100,1/15/19,1/3/21,0,1,2,1,1,HRES42,Energy and Commerce,11,1,DE,,,,,,,,,,
116,128,21746,"Soto, Darren",1,30,100,1/15/19,1/3/21,0,1,2,1,1,HRES42,Energy and Commerce,43,9,FL,,,,,,,,,,
116,128,21739,"O'Halleran, Tom",1,31,100,1/15/19,1/3/21,0,1,2,1,1,HRES42,Energy and Commerce,71,1,AZ,,,,,,,,,,
116,128,29932,"Walden, Greg",2,1,200,1/3/19,1/3/21,21,10,2,1,0,HRES8,Energy and Commerce,72,2,OR,Announced retirement at end of 116th congress10/28/19,,,,,,,,,
116,128,15446,"Upton, Frederick S.",2,2,200,1/23/19,1/3/21,0,15,2,1,1,HRES68,Energy and Commerce,23,6,MI,,,,,,,,,,
116,128,29718,"Shimkus, John M.",2,3,200,1/23/19,1/3/21,0,12,2,1,0,HRES68,Energy and Commerce,21,19,IL,"Retired, announced 8/30/2019",,,,,,,,,
116,128,20355,"Burgess, Michael",2,4,200,1/23/19,1/3/21,0,8,2,1,1,HRES68,Energy and Commerce,49,26,TX,,,,,,,,,,
116,128,20759,"Scalise, Steve",2,5,200,1/23/19,1/3/21,0,6,2,1,1,HRES68,Energy and Commerce,45,1,LA,,,,,,,,,,
116,128,20755,"Latta, Robert E.",2,6,200,1/23/19,1/3/21,0,6,2,1,1,HRES68,Energy and Commerce,24,5,OH,,,,,,,,,,
116,128,20535,"McMorris Rodgers, Cathy",2,7,200,1/23/19,1/3/21,0,5,2,1,1,HRES68,Energy and Commerce,73,5,WA,,,,,,,,,,
116,128,20916,"Guthrie, Brett",2,8,200,1/23/19,1/3/21,0,5,2,1,1,HRES68,Energy and Commerce,51,2,KY,,,,,,,,,,
116,128,20948,"Olson, Pete",2,9,200,1/23/19,1/3/21,0,5,2,1,0,HRES68,Energy and Commerce,49,22,TX,Announced retirement at end of 116th congress7/25/2019,,,,,,,,,
116,128,21188,"McKinley, David",2,10,200,1/23/19,1/3/21,0,5,2,1,1,HRES68,Energy and Commerce,56,1,WV,,,,,,,,,,
116,128,21128,"Kinzinger, Adam",2,11,200,1/23/19,1/3/21,0,5,2,1,1,HRES68,Energy and Commerce,21,16,IL,,,,,,,,,,
116,128,21191,"Griffith, Morgan",2,12,200,1/23/19,1/3/21,0,5,2,1,1,HRES68,Energy and Commerce,40,9,VA,,,,,,,,,,
116,128,20758,"Bilirakis, Gus",2,13,200,1/23/19,1/3/21,0,4,2,1,1,HRES68,Energy and Commerce,43,12,FL,,,,,,,,,,
116,128,21162,"Johnson, Bill",2,14,200,1/23/19,1/3/21,0,4,2,1,1,HRES68,Energy and Commerce,24,6,OH,,,,,,,,,,
116,128,21150,"Long, Billy",2,15,200,1/23/19,1/3/21,0,4,2,1,1,HRES68,Energy and Commerce,34,7,MO,,,,,,,,,,
116,128,21132,"Bucshon, Larry",2,16,200,1/23/19,1/3/21,0,3,2,1,1,HRES68,Energy and Commerce,22,8,IN,,,,,,,,,,
116,128,21182,"Flores, Bill",2,17,200,1/23/19,1/3/21,0,3,2,1,0,HRES68,Energy and Commerce,49,17,TX,Announced retirement at end of 116th congress 9/4/2019,,,,,,,,,
116,128,21331,"Brooks, Susan",2,18,200,1/23/19,1/3/21,0,3,2,1,0,HRES68,Energy and Commerce,22,5,IN,Announced retirement at end of 116th congress 6/14/2019,,,,,,,,,
116,128,21355,"Mullin, Markwayne",2,19,200,1/23/19,1/3/21,0,3,2,1,1,HRES68,Energy and Commerce,53,2,OK,,,,,,,,,,
116,128,21346,"Hudson, Richard",2,20,200,1/23/19,1/3/21,0,3,2,1,1,HRES68,Energy and Commerce,47,8,NC,,,,,,,,,,
116,128,20725,"Walberg, Tim",2,21,200,1/23/19,1/3/21,0,2,2,1,1,HRES68,Energy and Commerce,23,7,MI,,,,,,,,,,
116,128,21513,"Carter, Buddy",2,22,200,1/23/19,1/3/21,0,2,2,1,1,HRES68,Energy and Commerce,44,1,GA,,,,,,,,,,
116,128,21174,"Duncan, Jeff",2,23,200,1/23/19,1/3/21,0,2,2,1,1,HRES68,Energy and Commerce,48,3,SC,,,,,,,,,,
116,128,21751,"Gianforte, Greg",2,24,200,1/23/19,1/3/21,0,1,2,1,0,HRES68,Energy and Commerce,64,1,MT,,,,,,,,,,
116,186,20959,"Deutch, Theodore E.",1,1,100,1/9/19,1/3/21,11,4,2,1,1,HRES31,Ethics,43,21,FL,,,,,,,,,,
116,186,21342,"Meng, Grace",1,2,100,2/13/19,1/3/21,0,1,2,1,2,HRES125,Ethics,13,6,NY,,,,,,,,,,
116,186,21763,"Wild, Susan",1,3,100,2/13/19,1/3/21,0,1,2,1,1,HRES125,Ethics,14,7,PA,,,,,,,,,,
116,186,21953,"Phillips, Dean",1,4,100,2/13/19,1/3/21,0,1,2,1,1,HRES125,Ethics,33,3,MN,,,,,,,,,,
116,186,21707,"Brown, Anthony G.",1,5,100,2/26/19,1/3/21,0,2,2,1,2,HRES148,Ethics,52,4,MD,,,,,,,,,,
116,186,20532,"Marchant, Kenny",2,1,200,1/9/19,1/3/21,21,3,2,1,0,HRES32,Ethics,49,24,TX,Announced retirement at end of 116th congress 8/5/2019,,,,,,,,,
116,186,21549,"Ratcliffe, John",2,2,200,2/8/19,1/3/21,0,2,2,6,0,HRES113,Ethics,49,4,TX,"Resigned May 22, 2020 to become the Director of National Intelligence",,,,,,,,,
116,186,21349,"Holding, George E.B.",2,3,200,2/8/19,1/3/21,0,1,2,1,0,HRES113,Ethics,47,2,NC,Announced retirement at end of 116th congress 12/6/2019,,,,,,,,,
116,186,21330,"Walorski, Jackie",2,4,200,2/8/19,1/3/21,0,1,2,1,1,HRES113,Ethics,22,2,IN,,,,,,,,,,
116,186,21927,"Guest, Michael",2,5,200,2/8/19,1/3/21,0,1,2,1,1,HRES113,Ethics,46,3,MS,,,,,,,,,,
116,113,29106,"Waters, Maxine",1,1,100,1/3/19,1/3/21,11,15,2,1,1,HRES7,Financial Services,71,43,CA,,,,,,,,,,
116,113,29379,"Maloney, Carolyn B.",1,2,100,1/17/19,1/3/21,0,14,2,1,1,HRES57,Financial Services,13,12,NY,,,,,,,,,,
116,113,29378,"Velazquez, Nydia M.",1,3,100,1/17/19,1/3/21,0,14,2,1,1,HRES57,Financial Services,13,7,NY,,,,,,,,,,
116,113,29707,"Sherman, Brad",1,4,100,1/17/19,1/3/21,0,12,2,1,1,HRES57,Financial Services,71,30,CA,,,,,,,,,,
116,113,29776,"Meeks, Gregory W.",1,5,100,1/17/19,1/3/21,0,12,2,1,1,HRES57,Financial Services,13,5,NY,,,,,,,,,,
116,113,20147,"Clay, William L., Jr.",1,6,100,1/17/19,1/3/21,0,10,4,1,0,HRES57,Financial Services,34,1,MO,,,,,,,,,,
116,113,20321,"Scott, David",1,7,100,1/17/19,1/3/21,0,9,2,1,1,HRES57,Financial Services,44,13,GA,,,,,,,,,,
116,113,20529,"Green, Al",1,8,100,1/17/19,1/3/21,0,8,2,1,1,HRES57,Financial Services,49,9,TX,,,,,,,,,,
116,113,20517,"Cleaver, Emanuel",1,9,100,1/17/19,1/3/21,0,8,2,1,1,HRES57,Financial Services,34,5,MO,,,,,,,,,,
116,113,20705,"Perlmutter, Ed",1,10,100,1/17/19,1/3/21,0,7,2,1,1,HRES57,Financial Services,62,7,CO,,,,,,,,,,
116,113,20907,"Himes, James A.",1,11,100,1/17/19,1/3/21,0,6,2,1,1,HRES57,Financial Services,1,4,CT,,,,,,,,,,
116,113,20749,"Foster, Bill",1,12,100,1/17/19,1/3/21,0,4,2,1,1,HRES57,Financial Services,21,11,IL,,,,,,,,,,
116,113,21352,"Beatty, Joyce",1,13,100,1/17/19,1/3/21,0,4,2,1,1,HRES57,Financial Services,24,3,OH,,,,,,,,,,
116,113,21369,"Heck, Denny",1,14,100,1/17/19,1/3/21,0,4,2,1,0,HRES57,Financial Services,73,10,WA,,,,,,,,,,
116,113,21314,"Vargas, Juan",1,15,100,1/17/19,1/3/21,0,3,2,1,1,HRES57,Financial Services,71,51,CA,,,,,,,,,,
116,113,21723,"Gottheimer, Joshua S. (Josh)",1,16,100,1/17/19,1/3/21,0,2,2,1,1,HRES57,Financial Services,12,5,NJ,,,,,,,,,,
116,113,21722,"González, Vicente",1,17,100,1/17/19,1/3/21,0,2,2,1,2,HRES57,Financial Services,49,15,TX,,,,,,,,,,
116,113,21732,"Lawson Jr., Alfred (Al)",1,18,100,1/17/19,1/3/21,0,1,2,1,1,HRES57,Financial Services,43,5,FL,,,,,,,,,,
116,113,70703,"San Nicolas, Michael F. Q. ",1,19,100,1/17/19,1/3/21,0,1,2,1,1,HRES57,Financial Services,91,79,GU,,,,,,,,,,
116,113,21975,"Tlaib, Rashida",1,20,100,1/17/19,1/3/21,0,1,2,1,1,HRES57,Financial Services,23,13,MI,,,,,,,,,,
116,113,21954,"Porter, Katie",1,21,100,1/17/19,1/3/21,0,1,2,1,2,HRES57,Financial Services,71,45,CA,,,,,,,,,,
116,113,21902,"Axne, Cynthia",1,22,100,1/17/19,1/3/21,0,1,2,1,1,HRES57,Financial Services,31,3,IA,,,,,,,,,,
116,113,21906,"Casten, Sean",1,23,100,1/17/19,1/3/21,0,1,2,1,1,HRES57,Financial Services,21,6,IL,,,,,,,,,,
116,113,21955,"Pressley, Ayanna",1,24,100,1/17/19,1/3/21,0,1,2,1,1,HRES57,Financial Services,3,7,MA,,,,,,,,,,
116,113,21943,"Mcadams, Ben",1,25,100,1/17/19,1/3/21,0,1,2,1,0,HRES57,Financial Services,67,4,UT,,,,,,,,,,
116,113,21949,"Ocasio-Cortez, Alexandria",1,26,100,1/17/19,1/3/21,0,1,2,1,1,HRES57,Financial Services,13,14,NY,,,,,,,,,,
116,113,21983,"Wexton, Jennifer",1,27,100,1/17/19,1/3/21,0,1,2,1,2,HRES57,Financial Services,40,10,VA,,,,,,,,,,
116,113,20119,"Lynch, Stephen F.",1,28,100,1/17/19,1/3/21,0,9,2,1,1,HRES57,Financial Services,3,8,MA,,,,,,,,,,
116,113,21324,"Gabbard, Tulsi",1,29,100,1/17/19,1/3/21,0,1,2,1,9,HRES57,Financial Services,82,2,HI,Announced 10/25/19 that she is not running for re-election in 2020 due to presidential bid,,,,,,,,,
116,113,21545,"Adams, Alma",1,30,100,1/17/19,1/3/21,0,1,2,1,1,HRES57,Financial Services,47,12,NC,,,,,,,,,,
116,113,21915,"Dean, Madeleine",1,31,100,1/17/19,1/3/21,0,1,2,1,1,HRES57,Financial Services,14,4,PA,,,,,,,,,,
116,113,21921,"Garcia, Jesus",1,32,100,1/17/19,1/3/21,0,1,2,1,1,HRES57,Financial Services,21,4,IL,,,,,,,,,,
116,113,21922,"Garcia, Sylvia",1,33,100,1/17/19,1/3/21,0,1,2,1,1,HRES57,Financial Services,49,29,TX,,,,,,,,,,
116,113,21953,"Phillips, Dean",1,34,100,1/17/19,1/3/21,0,1,2,1,2,HRES57,Financial Services,33,3,MN,,,,,,,,,,
116,113,20522,"McHenry, Patrick T.",2,1,200,1/3/19,1/3/21,21,8,2,1,1,HRES8,Financial Services,47,10,NC,,,,,,,,,,
116,113,29375,"King, Peter T.",2,2,200,1/23/19,1/15/20,0,7,4,,0,HRES68,Financial Services,13,2,NY,Leaves committee to make room for Van Taylor of Texas due to Van Drew's arrival in congress,,,,,,,,,
116,113,29393,"Lucas, Frank D.",2,3,200,1/23/19,1/3/21,0,13,2,1,1,HRES68,Financial Services,53,3,OK,,,,,,,,,,
116,113,20909,"Posey, Bill",2,4,200,1/23/19,1/3/21,0,6,2,1,1,HRES68,Financial Services,43,8,FL,,,,,,,,,,
116,113,20926,"Luetkemeyer, Blaine",2,5,200,1/23/19,1/3/21,0,5,2,1,1,HRES68,Financial Services,34,3,MO,,,,,,,,,,
116,113,21142,"Huizenga, Bill",2,6,200,1/23/19,1/3/21,0,5,2,1,1,HRES68,Financial Services,23,2,MI,,,,,,,,,,
116,113,21189,"Duffy, Sean P.",2,7,200,1/23/19,9/23/19,0,5,2,8,0,HRES68,Financial Services,25,7,WI,resigned for the birth of his child on 09/23/2019,,,,,,,,,
116,113,21163,"Stivers, Steve",2,8,200,1/23/19,1/3/21,0,5,2,1,1,HRES68,Financial Services,24,15,OH,,,,,,,,,,
116,113,21337,"Wagner, Ann",2,9,200,1/23/19,1/3/21,0,4,2,1,1,HRES68,Financial Services,34,2,MO,,,,,,,,,,
116,113,21333,"Barr, Andy",2,10,200,1/23/19,1/3/21,0,4,2,1,1,HRES68,Financial Services,51,6,KY,,,,,,,,,,
116,113,21111,"Tipton, Scott",2,11,200,1/23/19,1/3/21,0,3,2,1,0,HRES68,Financial Services,62,3,CO,Defeated in primary,,,,,,,,,
116,113,21364,"Williams, Roger",2,12,200,1/23/19,1/3/21,0,3,2,1,1,HRES68,Financial Services,49,25,TX,,,,,,,,,,
116,113,21503,"Hill, French",2,13,200,1/23/19,1/3/21,0,3,2,1,1,HRES68,Financial Services,42,2,AR,,,,,,,,,,
116,113,21531,"Emmer, Tom",2,14,200,1/23/19,1/3/21,0,3,2,1,1,HRES68,Financial Services,33,6,MN,,,,,,,,,,
116,113,21539,"Zeldin, Lee",2,15,200,1/23/19,1/3/21,0,2,2,1,1,HRES68,Financial Services,13,1,NY,,,,,,,,,,
116,113,21515,"Loudermilk, Barry",2,16,200,1/23/19,1/3/21,0,2,2,1,1,HRES68,Financial Services,44,11,GA,,,,,,,,,,
116,113,21557,"Mooney, Alex",2,17,200,1/23/19,1/3/21,0,2,2,1,1,HRES68,Financial Services,56,2,WV,,,,,,,,,,
116,113,21564,"Davidson, Warren",2,18,200,1/23/19,1/3/21,0,2,2,1,1,HRES68,Financial Services,8,24,OH,,,,,,,,,,
116,113,21708,"Budd, Theodore P. (Ted)",2,19,200,1/23/19,1/3/21,0,2,2,1,1,HRES68,Financial Services,47,13,NC,,,,,,,,,,
116,113,21731,"Kustoff, David F.",2,20,200,1/23/19,1/3/21,0,2,2,1,1,HRES68,Financial Services,54,8,TN,,,,,,,,,,
116,113,21725,"Hollingsworth, Joseph A. (Trey)",2,21,200,1/23/19,1/3/21,0,2,2,1,1,HRES68,Financial Services,22,9,IN,,,,,,,,,,
116,113,21924,"Gonzalez, Anthony",2,22,200,1/23/19,1/3/21,0,1,2,1,1,HRES68,Financial Services,24,16,OH,,,,,,,,,,
116,113,21959,"Rose, John",2,23,200,1/23/19,1/3/21,0,1,2,1,1,HRES68,Financial Services,54,6,TN,,,,,,,,,,
116,113,21970,"Steil, Bryan",2,24,200,1/23/19,1/3/21,0,1,2,1,1,HRES68,Financial Services,25,1,WI,,,,,,,,,,
116,113,21925,"Gooden, Lance",2,25,200,1/23/19,1/3/21,0,1,2,1,1,HRES68,Financial Services,49,5,TX,,,,,,,,,,
116,113,21957,"Riggleman, Denver",2,26,200,1/23/19,1/3/21,0,1,2,1,0,HRES68,Financial Services,40,5,VA,,,,,,,,,,
116,113,21974,"Timmons, William",7,1,200,9/26/19,1/3/21,0,1,2,1,1,HRES596,Financial Services,48,4,SC,,,,,,,,,,
116,113,21973,"Taylor, Nicholas",7,2,200,1/16/20,1/3/21,0,1,2,1,1,HRES68,Financial Services,49,3,TX,,,,,,,,,,
116,134,15603,"Engel, Eliot L.",1,1,100,1/4/19,1/3/21,11,10,4,1,0,HRES24,Foreign Affairs,13,16,NY,,,,,,,,,,
116,134,29707,"Sherman, Brad",1,2,100,1/17/19,1/3/21,0,12,2,1,1,HRES57,Foreign Affairs,71,30,CA,,,,,,,,,,
116,134,29776,"Meeks, Gregory W.",1,3,100,1/17/19,1/3/21,0,11,2,1,1,HRES57,Foreign Affairs,13,5,NY,,,,,,,,,,
116,134,20542,"Sires, Albio",1,4,100,1/17/19,1/3/21,0,7,2,1,1,HRES57,Foreign Affairs,12,8,NJ,,,,,,,,,,
116,134,20952,"Connolly, Gerald E.",1,5,100,1/17/19,1/3/21,0,6,2,1,1,HRES57,Foreign Affairs,40,11,VA,,,,,,,,,,
116,134,20959,"Deutch, Theodore E.",1,6,100,1/17/19,1/3/21,0,6,2,1,1,HRES57,Foreign Affairs,43,21,FL,,,,,,,,,,
116,134,21110,"Bass, Karen",1,7,100,1/17/19,1/3/21,0,5,2,1,1,HRES57,Foreign Affairs,71,37,CA,,,,,,,,,,
116,134,21140,"Keating, William",1,8,100,1/17/19,1/3/21,0,5,2,1,1,HRES57,Foreign Affairs,3,9,MA,,,,,,,,,,
116,134,21172,"Cicilline, David",1,9,100,1/17/19,1/3/21,0,5,2,1,1,HRES57,Foreign Affairs,5,1,RI,,,,,,,,,,
116,134,21304,"Bera, Ami",1,10,100,1/17/19,1/3/21,0,4,2,1,1,HRES57,Foreign Affairs,71,7,CA,,,,,,,,,,
116,134,21362,"Castro, Joaquin",1,11,100,1/17/19,1/3/21,0,4,2,1,1,HRES57,Foreign Affairs,49,20,TX,,,,,,,,,,
116,134,20927,"Titus, Dina",1,12,100,1/17/19,1/3/21,0,2,2,1,1,HRES57,Foreign Affairs,65,1,NV,,,,,,,,,,
116,134,21715,"Espaillat Cabral, Adriano",1,13,100,1/17/19,1/3/21,0,2,2,1,2,HRES57,Foreign Affairs,13,13,NY,,,,,,,,,,
116,134,21507,"Lieu, Ted",1,14,100,1/17/19,1/3/21,0,2,2,1,1,HRES57,Foreign Affairs,71,33,CA,,,,,,,,,,
116,134,21763,"Wild, Susan",1,15,100,1/17/19,1/3/21,0,1,2,1,1,HRES57,Foreign Affairs,14,7,PA,,,,,,,,,,
116,134,21953,"Phillips, Dean",1,16,100,1/17/19,1/3/21,0,1,2,1,1,HRES57,Foreign Affairs,33,3,MN,,,,,,,,,,
116,134,21950,"Omar, Ilhan",1,17,100,1/17/19,1/3/21,0,1,2,1,1,HRES57,Foreign Affairs,33,5,MN,,,,,,,,,,
116,134,21900,"Allred, Colin",1,18,100,1/17/19,1/3/21,0,1,2,1,1,HRES57,Foreign Affairs,49,32,TX,,,,,,,,,,
116,134,21940,"Levin, Andy",1,19,100,1/17/19,1/3/21,0,1,2,1,1,HRES57,Foreign Affairs,23,9,MI,,,,,,,,,,
116,134,21966,"Spanberger, Abigail",1,20,100,1/17/19,1/3/21,0,1,2,1,1,HRES57,Foreign Affairs,40,7,VA,,,,,,,,,,
116,134,21934,"Houlahan, Christina",1,21,100,1/17/19,1/3/21,0,1,2,1,1,HRES57,Foreign Affairs,14,6,PA,,,,,,,,,,
116,134,21942,"Malinowski, Tomaz",1,22,100,1/17/19,1/3/21,0,1,2,1,1,HRES57,Foreign Affairs,12,7,NJ,,,,,,,,,,
116,134,21978,"Trone, David",1,23,100,1/17/19,1/3/21,0,1,2,1,2,HRES57,Foreign Affairs,52,6,MD,,,,,,,,,,
116,134,20501,"Costa, Jim",1,24,100,1/17/19,1/3/21,0,1,4,1,1,HRES57,Foreign Affairs,71,16,CA,,,,,,,,,,
116,134,21314,"Vargas, Juan",1,25,100,1/17/19,1/3/21,0,1,4,1,1,HRES57,Foreign Affairs,71,51,CA,,,,,,,,,,
116,134,21722,"González, Vicente",1,26,100,1/17/19,1/3/21,0,1,2,1,1,HRES57,Foreign Affairs,49,15,TX,,,,,,,,,,
116,134,20530,"McCaul, Michael T.",2,1,200,1/4/19,1/3/21,21,8,2,1,1,HRES25,Foreign Affairs,49,10,TX,,,,,,,,,,
116,134,14863,"Smith, Christopher H.",2,2,200,1/23/19,1/3/21,0,18,2,1,1,HRES68,Foreign Affairs,12,4,NJ,,,,,,,,,,
116,134,29550,"Chabot, Steven J.",2,3,200,1/23/19,1/3/21,0,5,2,1,1,HRES68,Foreign Affairs,24,1,OH,,,,,,,,,,
116,134,20138,"Wilson, Addison G. (Joe)",2,4,200,1/23/19,1/3/21,0,8,2,1,1,HRES68,Foreign Affairs,48,2,SC,,,,,,,,,,
116,134,21356,"Perry, Scott",2,5,200,1/23/19,1/3/21,0,4,2,1,1,HRES68,Foreign Affairs,14,4,PA,,,,,,,,,,
116,134,21317,"Yoho, Ted",2,6,200,1/23/19,1/3/21,0,4,2,1,0,HRES68,Foreign Affairs,43,3,FL,Announced retirement at end of 116th congress,,,,,,,,,
116,134,21128,"Kinzinger, Adam",2,7,200,1/23/19,1/3/21,0,4,2,1,1,HRES68,Foreign Affairs,21,16,IL,,,,,,,,,,
116,134,21539,"Zeldin, Lee",2,8,200,1/23/19,1/3/21,0,3,2,1,1,HRES68,Foreign Affairs,13,1,NY,,,,,,,,,,
116,134,14657,"Sensenbrenner, F. James, Jr.",2,9,200,1/23/19,1/3/21,0,2,2,1,0,HRES68,Foreign Affairs,25,5,WI,Announced retirement at the end of 116th congress 9/4/2019,,,,,,,,,
116,134,21337,"Wagner, Ann",2,10,200,1/23/19,1/3/21,0,2,2,1,1,HRES68,Foreign Affairs,34,2,MO,,,,,,,,,,
116,134,21735,"Mast, Brian",2,11,200,1/23/19,1/3/21,0,2,2,1,1,HRES68,Foreign Affairs,43,18,FL,,,,,,,,,,
116,134,21742,"Rooney, Francis",2,12,200,1/23/19,1/3/21,0,2,2,1,0,HRES68,Foreign Affairs,43,19,FL,"Retired, announced 10/19/19",,,,,,,,,
116,134,21718,"Fitzpatrick, Brian K.",2,13,200,1/23/19,1/3/21,0,2,2,1,1,HRES68,Foreign Affairs,14,8,PA,,,,,,,,,,
116,134,21755,"Curtis, John R.",2,14,200,1/23/19,1/3/21,0,2,2,1,2,HRES68,Foreign Affairs,67,3,UT,,,,,,,,,,
116,134,21510,"Buck, Ken",2,15,200,1/23/19,1/3/21,0,1,2,1,1,HRES68,Foreign Affairs,62,4,CO,,,,,,,,,,
116,134,21984,"Wright, Ron",2,16,200,1/23/19,1/3/21,0,1,2,1,1,HRES68,Foreign Affairs,49,6,TX,,,,,,,,,,
116,134,21956,"Reschenthaler, Guy",2,17,200,1/23/19,1/3/21,0,1,2,1,2,HRES68,Foreign Affairs,14,14,PA,,,,,,,,,,
116,134,21905,"Burchett, Timothy",2,18,200,1/23/19,1/3/21,0,1,2,1,1,HRES68,Foreign Affairs,54,2,TN,,,,,,,,,,
116,134,21952,"Pence, Gregory",2,19,200,1/23/19,1/3/21,0,1,2,1,2,HRES68,Foreign Affairs,22,6,IN,,,,,,,,,,
116,134,21982,"Watkins, Steve",2,20,200,1/23/19,1/3/21,0,1,2,4,0,HRES68,Foreign Affairs,32,2,KS,Resigned from committee assignments 7/17/20 following felony charges for voter fraud in his home state.,,,,,,,,,
116,134,21927,"Guest, Michael",2,21,200,1/23/19,1/3/21,0,1,2,1,2,HRES68,Foreign Affairs,46,3,MS,,,,,,,,,,
116,134,21926,"Green, Mark",7,1,200,7/30/20,1/3/21,0,1,2,1,1,HRES1072,Foreign Affairs,54,7,TN,,,,,,,,,,
116,142,29504,"Lofgren, Zoe",1,1,100,1/9/19,1/3/21,12,8,2,1,1,HRES31,House Administration,71,19,CA,,,,,,,,,,
116,142,21741,"Raskin, Jamin B. (Jamie)",1,2,100,1/29/19,1/3/21,13,2,2,1,1,HRES85,House Administration,52,8,MD,,,,,,,,,,
116,142,20108,"Davis, Susan",1,3,100,1/29/19,1/3/21,0,1,4,1,0,HRES85,House Administration,71,53,CA,Announced retirement at end of 116th congress,,,,,,,,,
116,142,20340,"Butterfield, George Kenneth, Jr. (G.K.)",1,4,100,1/29/19,1/3/21,0,1,2,1,1,HRES85,House Administration,47,1,NC,,,,,,,,,,
116,142,20941,"Fudge, Marcia",1,5,100,1/29/19,1/3/21,0,1,2,1,3,HRES85,House Administration,24,11,OH,"On December 10, 2020, President Biden announced his plan to nominate Fudge for Secretary of Housing and Urban Development",,,,,,,,,
116,142,21506,"Aguilar, Peter Rey",1,6,100,1/29/19,1/3/21,0,1,2,1,1,HRES85,House Administration,71,31,CA,,,,,,,,,,
116,142,21328,"Davis, Rodney",2,1,200,1/9/19,1/3/21,21,3,2,1,1,HRES32,House Administration,21,13,IL,,,,,,,,,,
116,142,21543,"Walker, Mark",2,2,200,2/6/19,1/3/21,0,3,2,1,0,HRES103,House Administration,47,6,NC,Announced retirement at end of 116th congress 12/16/2019,,,,,,,,,
116,142,21515,"Loudermilk, Barry",2,3,200,2/6/19,1/3/21,0,2,2,1,1,HRES103,House Administration,44,11,GA,,,,,,,,,,
116,251,29368,"Thompson, Bennie",1,1,100,1/4/19,1/3/21,11,9,2,1,1,HRES24,Homeland Security,46,2,MS,,,,,,,,,,
116,251,29573,"Jackson Lee, Sheila",1,2,100,1/23/19,1/3/21,0,9,2,1,1,HRES67,Homeland Security,49,18,TX,,,,,,,,,,
116,251,20136,"Langevin, James",1,3,100,1/23/19,1/3/21,0,3,2,1,1,HRES67,Homeland Security,5,2,RI,,,,,,,,,,
116,251,21137,"Richmond, Cedric",1,4,100,1/23/19,9/22/20,0,5,2,2,0,HRES67,Homeland Security,45,2,LA,"Transferred to Ways and Means Committee, On November 17, 2020, he announced that he will join the Biden administration, Resignation offical January 15",,,,,,,,,
116,251,31103,"Payne, Donald, Jr.",1,5,100,1/23/19,1/3/21,0,4,2,1,1,HRES67,Homeland Security,12,10,NJ,,,,,,,,,,
116,251,21540,"Rice, Kathleen",1,6,100,1/23/19,1/3/21,0,3,2,1,1,HRES67,Homeland Security,13,4,NY,,,,,,,,,,
116,251,21711,"Correa, Jose Luis (Lou)",1,7,100,1/23/19,1/3/21,0,2,2,1,1,HRES67,Homeland Security,71,46,CA,,,,,,,,,,
116,251,21976,"Torres Small, Xochitl",1,8,100,1/23/19,1/3/21,0,1,2,1,0,HRES67,Homeland Security,66,2,NM,,,,,,,,,,
116,251,21958,"Rose, Max",1,9,100,1/23/19,1/3/21,0,1,2,1,0,HRES67,Homeland Security,13,11,NY,,,,,,,,,,
116,251,21979,"Underwood, Lauren",1,10,100,1/23/19,1/3/21,0,1,2,1,2,HRES67,Homeland Security,21,14,IL,,,,,,,,,,
116,251,21965,"Slotkin, Elissa",1,11,100,1/23/19,1/3/21,0,1,2,1,1,HRES67,Homeland Security,23,8,MI,,,,,,,,,,
116,251,20517,"Cleaver, Emanuel",1,12,100,1/23/19,1/3/21,0,1,4,1,1,HRES67,Homeland Security,34,5,MO,,,,,,,,,,
116,251,20529,"Green, Al",1,13,100,1/23/19,1/3/21,0,1,4,1,1,HRES67,Homeland Security,49,9,TX,,,,,,,,,,
116,251,20733,"Clarke, Yvette D.",1,14,100,1/23/19,1/3/21,0,1,4,1,1,HRES67,Homeland Security,13,9,NY,,,,,,,,,,
116,251,20927,"Titus, Dina",1,15,100,1/23/19,1/3/21,0,1,4,1,1,HRES67,Homeland Security,65,1,NV,,,,,,,,,,
116,251,21538,"Watson Coleman, Bonnie",1,16,100,1/23/19,1/3/21,0,3,2,1,1,HRES67,Homeland Security,12,12,NJ,,,,,,,,,,
116,251,21703,"Barragán, Nanette D.",1,17,100,1/23/19,1/3/21,0,2,2,1,1,HRES67,Homeland Security,71,44,CA,,,,,,,,,,
116,251,21713,"Demings, Valdez V. (Val)",1,18,100,1/23/19,1/3/21,0,2,2,1,1,HRES67,Homeland Security,43,10,FL,,,,,,,,,,
116,251,20301,"Rogers, Mike Dennis",2,1,200,1/4/19,1/3/21,21,3,2,1,2,HRES25,Homeland Security,41,3,AL,,,,,,,,,,
116,251,20530,"McCaul, Michael T.",2,2,200,1/23/19,1/3/21,0,8,2,1,1,HRES68,Homeland Security,49,10,TX,,,,,,,,,,
116,251,29375,"King, Peter T.",2,3,200,1/23/19,1/3/21,0,9,2,1,0,HRES68,Homeland Security,13,2,NY,,,,,,,,,,
116,251,21542,"Katko, John",2,4,200,1/23/19,1/3/21,0,3,2,1,1,HRES68,Homeland Security,13,24,NY,,,,,,,,,,
116,251,21549,"Ratcliffe, John",2,5,200,1/23/19,1/3/21,0,3,2,6,0,HRES68,Homeland Security,49,4,TX,"Resigned May 22, 2020 to become the Director of National Intelligence",,,,,,,,,
116,251,21724,"Higgins, Glen C. (Clay)",2,6,200,1/23/19,1/3/21,0,2,2,1,1,HRES68,Homeland Security,45,3,LA,,,,,,,,,,
116,251,21543,"Walker, Mark",2,7,200,1/23/19,1/3/21,0,1,4,1,0,HRES68,Homeland Security,47,6,NC,Announced retirement at end of 116th congress 12/16/2019,,,,,,,,,
116,251,21757,"Lesko, Debbie",2,8,200,1/23/19,1/3/21,0,2,2,1,2,HRES68,Homeland Security,61,8,AZ,,,,,,,,,,
116,251,21926,"Green, Mark",2,9,200,1/23/19,1/3/21,0,1,2,1,2,HRES68,Homeland Security,54,7,TN,,,,,,,,,,
116,251,21973,"Taylor, Nicholas",2,10,200,1/23/19,1/15/20,0,1,2,2,2,HRES68,Homeland Security,49,3,TX,Transferred to financial services,,,,,,,,,
116,251,21936,"Joyce, John",2,11,200,1/23/19,1/3/21,0,1,2,1,2,HRES68,Homeland Security,14,13,PA,,,,,,,,,,
116,251,21911,"Crenshaw, Daniel",2,12,200,1/23/19,1/3/21,0,1,2,1,2,HRES68,Homeland Security,49,2,TX,,,,,,,,,,
116,251,21927,"Guest, Michael",2,13,200,1/23/19,1/3/21,0,1,2,1,1,HRES68,Homeland Security,46,3,MS,,,,,,,,,,
116,251,21986,"Bishop, Dan",7,1,200,9/26/19,1/3/21,0,1,2,1,1,HRES596,Homeland Security,47,9,NC,won special election on 09/10/2019,,,,,,,,,
116,251,91980,"Van Drew, Jefferson",7,2,200,1/16/20,1/3/21,0,1,2,1,1,HRES801,Homeland Security,12,2,NJ,"Changed party to Republican 1/7/2020, newly assigned to this committee",,,,,,,,,
116,251,21988,"Garcia, Mike",5,15,100,7/30/20,1/3/21,0,1,2,1,2,HRES1072,Homeland Security,71,25,CA,"Special election held March 3, 2020, but no candidate won the majority, so there was a runoff May 12, 2020",,,,,,,,,
116,156,29377,"Nadler, Jerrold",1,1,100,1/4/19,1/3/21,12,14,2,1,1,HRES24,Judiciary,13,10,NY,,,,,,,,,,
116,156,21762,"Scanlon, Mary Gay",1,2,100,1/16/19,1/3/21,13,1,2,1,1,HRES46,Judiciary,14,5,PA,,,,,,,,,,
116,156,29504,"Lofgren, Zoe",1,3,100,1/16/19,1/3/21,0,13,2,1,1,HRES46,Judiciary,71,19,CA,,,,,,,,,,
116,156,29573,"Jackson Lee, Sheila",1,4,100,1/16/19,1/3/21,0,13,2,1,1,HRES46,Judiciary,49,18,TX,,,,,,,,,,
116,156,20748,"Cohen, Steve",1,5,100,1/16/19,1/3/21,0,7,2,1,1,HRES46,Judiciary,54,9,TN,,,,,,,,,,
116,156,20712,"Johnson, Henry C. ""Hank"", Jr.",1,6,100,1/16/19,1/3/21,0,7,2,1,1,HRES46,Judiciary,44,4,GA,,,,,,,,,,
116,156,20959,"Deutch, Theodore E.",1,7,100,1/16/19,1/3/21,0,6,2,1,1,HRES46,Judiciary,43,21,FL,,,,,,,,,,
116,156,21110,"Bass, Karen",1,8,100,1/16/19,1/3/21,0,4,2,1,1,HRES46,Judiciary,71,37,CA,,,,,,,,,,
116,156,21137,"Richmond, Cedric",1,9,100,1/16/19,9/22/20,0,4,2,2,0,HRES46,Judiciary,45,2,LA,"Transferred to Ways and Means Committee, On November 17, 2020, he announced that he will join the Biden administration, Resignation offical January 15",,,,,,,,,
116,156,21343,"Jeffries, Hakeem",1,10,100,1/16/19,1/3/21,0,4,2,1,1,HRES46,Judiciary,13,8,NY,,,,,,,,,,
116,156,21172,"Cicilline, David",1,11,100,1/16/19,1/3/21,0,5,2,1,1,HRES46,Judiciary,5,1,RI,,,,,,,,,,
116,156,21306,"Swalwell, Eric",1,12,100,1/16/19,1/3/21,0,2,2,1,1,HRES46,Judiciary,71,15,CA,,,,,,,,,,
116,156,21507,"Lieu, Ted",1,13,100,1/16/19,1/3/21,0,2,2,1,1,HRES46,Judiciary,71,33,CA,,,,,,,,,,
116,156,21741,"Raskin, Jamin B. (Jamie)",1,14,100,1/16/19,1/3/21,0,2,2,1,1,HRES46,Judiciary,52,8,MD,,,,,,,,,,
116,156,21726,"Jayapal, Pramila",1,15,100,1/16/19,1/3/21,0,2,2,1,1,HRES46,Judiciary,73,7,WA,,,,,,,,,,
116,156,21713,"Demings, Valdez V. (Val)",1,16,100,1/16/19,1/3/21,0,2,2,1,1,HRES46,Judiciary,43,10,FL,,,,,,,,,,
116,156,21711,"Correa, Jose Luis (Lou)",1,17,100,1/16/19,1/3/21,0,1,2,1,1,HRES46,Judiciary,71,46,CA,,,,,,,,,,
116,156,21922,"Garcia, Sylvia",1,18,100,1/16/19,1/3/21,0,1,2,1,1,HRES46,Judiciary,49,29,TX,,,,,,,,,,
116,156,21948,"Neguse, Joseph",1,19,100,1/16/19,1/3/21,0,1,2,1,1,HRES46,Judiciary,62,2,CO,,,,,,,,,,
116,156,21944,"Mcbath, Lucy",1,20,100,1/16/19,1/3/21,0,1,2,1,1,HRES46,Judiciary,44,6,GA,,,,,,,,,,
116,156,21968,"Stanton, Greg",1,21,100,1/16/19,1/3/21,0,1,2,1,1,HRES46,Judiciary,61,9,AZ,,,,,,,,,,
116,156,21915,"Dean, Madeleine",1,22,100,1/16/19,1/3/21,0,1,2,1,1,HRES46,Judiciary,14,4,PA,,,,,,,,,,
116,156,21947,"Mucarsel-Powell, Debbie",1,23,100,1/16/19,1/3/21,0,1,2,1,0,HRES46,Judiciary,43,26,FL,,,,,,,,,,
116,156,21917,"Escobar, Veronica",1,24,100,1/16/19,1/3/21,0,1,2,1,1,HRES46,Judiciary,49,16,TX,,,,,,,,,,
116,156,21323,"Collins, Doug",2,1,200,1/4/19,1/3/21,21,4,2,1,0,HRES25,Judiciary,44,9,GA,,,,,,,,,,
116,156,14657,"Sensenbrenner, F. James, Jr.",2,2,200,1/23/19,1/3/21,0,21,2,1,0,HRES68,Judiciary,25,5,WI,Announced retirement at end of 116th congress 9/4/2019,,,,,,,,,
116,156,29550,"Chabot, Steven J.",2,3,200,1/23/19,1/3/21,0,5,2,1,1,HRES68,Judiciary,24,1,OH,,,,,,,,,,
116,156,20527,"Gohmert, Louie",2,4,200,1/23/19,1/3/21,0,8,2,1,1,HRES68,Judiciary,49,1,TX,,,,,,,,,,
116,156,20738,"Jordan, Jim",2,5,200,1/23/19,1/3/21,0,7,2,1,1,HRES68,Judiciary,24,4,OH,"Per HRES903 3/14/2020 Mr. Jordan, to rank before Mr. Collins of Georgia",,,,,,,,,
116,156,21510,"Buck, Ken",2,6,200,1/23/19,1/3/21,0,3,2,1,1,HRES68,Judiciary,62,4,CO,,,,,,,,,,
116,156,21549,"Ratcliffe, John",2,7,200,1/23/19,1/3/21,0,3,2,6,0,HRES68,Judiciary,49,4,TX,"Resigned May 22, 2020 to become the Director of National Intelligence",,,,,,,,,
116,156,21192,"Roby, Martha",2,8,200,1/23/19,1/3/21,0,2,2,1,0,HRES68,Judiciary,41,2,AL,Retired,,,,,,,,,
116,156,21719,"Gaetz, Matthew (Matt)",2,9,200,1/23/19,1/3/21,0,2,2,1,1,HRES68,Judiciary,43,1,FL,,,,,,,,,,
116,156,21727,"Johnson, James M. (Mike)",2,10,200,1/23/19,1/3/21,0,2,2,1,1,HRES68,Judiciary,45,4,LA,,,,,,,,,,
116,156,21705,"Biggs, Andy",2,11,200,1/23/19,1/3/21,0,2,2,1,1,HRES68,Judiciary,61,5,AZ,,,,,,,,,,
116,156,20903,"Mcclintock, Tom",2,12,200,1/23/19,1/3/21,0,1,2,1,1,HRES68,Judiciary,71,4,CA,,,,,,,,,,
116,156,21757,"Lesko, Debbie",2,13,200,1/23/19,1/3/21,0,1,2,1,2,HRES68,Judiciary,61,8,AZ,,,,,,,,,,
116,156,21956,"Reschenthaler, Guy",2,14,200,1/23/19,1/3/21,0,1,2,1,2,HRES68,Judiciary,14,14,PA,,,,,,,,,,
116,156,21908,"Cline, Benjamin",2,15,200,1/23/19,1/3/21,0,1,2,1,2,HRES68,Judiciary,41,6,VA,,,,,,,,,,
116,156,21901,"Armstrong, Kelly",2,16,200,1/23/19,1/3/21,0,1,2,1,2,HRES68,Judiciary,36,1,ND,,,,,,,,,,
116,156,21971,"Steube, William",2,17,200,1/23/19,1/3/21,0,1,2,1,1,HRES68,Judiciary,34,17,FL,,,,,,,,,,
116,156,21989,"Tiffany, Thomas ",5,18,200,7/1/20,1/3/21,0,1,2,1,1,HRES1037,Judiciary,25,7,WI,"Elected in a special election May 12, 2020",,,,,,,,,
116,164,20305,"Grijalva, Raul M",1,1,100,1/4/19,1/3/21,11,9,2,1,1,HRES24,Natural Resources,61,3,AZ,,,,,,,,,,
116,164,29903,"Napolitano, Grace F.",1,2,100,1/24/19,1/3/21,0,11,2,1,1,HRES73,Natural Resources,71,32,CA,,,,,,,,,,
116,164,20501,"Costa, Jim",1,3,100,1/24/19,1/3/21,0,8,2,1,1,HRES73,Natural Resources,71,16,CA,,,,,,,,,,
116,164,70810,"Sablan, Gregorio",1,4,100,1/24/19,1/3/21,0,6,2,1,1,HRES73,Natural Resources,95,1,MP,,,,,,,,,,
116,164,21303,"Huffman, Jared",1,5,100,1/24/19,1/3/21,0,4,2,1,1,HRES73,Natural Resources,71,2,CA,,,,,,,,,,
116,164,21313,"Lowenthal, Alan",1,6,100,1/24/19,1/3/21,0,4,2,1,1,HRES73,Natural Resources,71,47,CA,,,,,,,,,,
116,164,21502,"Gallego, Ruben",1,7,100,1/24/19,1/3/21,0,3,2,1,1,HRES73,Natural Resources,61,7,AZ,,,,,,,,,,
116,164,21909,"Cox, TJ",1,8,100,1/24/19,1/3/21,0,1,2,1,0,HRES73,Natural Resources,71,21,CA,,,,,,,,,,
116,164,21948,"Neguse, Joseph",1,9,100,1/24/19,1/3/21,0,1,2,1,1,HRES73,Natural Resources,62,2,CO,,,,,,,,,,
116,164,21939,"Levin, Mike",1,10,100,1/24/19,1/3/21,0,1,2,1,1,HRES73,Natural Resources,71,49,CA,,,,,,,,,,
116,164,21928,"Haaland, Debra",1,11,100,1/24/19,1/3/21,0,1,2,1,0,HRES73,Natural Resources,66,1,NM,"Biden announced on December 17th, 2020 that Haaland would be secretary of the interior",,,,,,,,,
116,164,21980,"Van Drew, Jefferson",1,12,100,1/24/19,1/7/20,0,1,2,2,2,HRES73,Natural Resources,12,2,NJ,"Changed party to Republican 1/7/2020, left this committtee",,,,,,,,,
116,164,21913,"Cunningham, Joe",1,13,100,1/24/19,1/3/21,0,1,2,1,0,HRES73,Natural Resources,48,1,SC,,,,,,,,,,
116,164,29378,"Velazquez, Nydia M.",1,14,100,1/24/19,1/3/21,0,2,2,1,1,HRES73,Natural Resources,13,7,NY,,,,,,,,,,
116,164,29710,"Degette, Diana",1,15,100,1/24/19,1/3/21,0,1,4,1,1,HRES73,Natural Resources,62,1,CO,,,,,,,,,,
116,164,20147,"Clay, William L., Jr.",1,16,100,1/24/19,1/3/21,0,2,2,1,0,HRES73,Natural Resources,34,1,MO,,,,,,,,,,
116,164,21529,"Dingell, Debbie",1,17,100,1/24/19,1/3/21,0,1,4,1,1,HRES73,Natural Resources,23,12,MI,,,,,,,,,,
116,164,21707,"Brown, Anthony G.",1,18,100,1/24/19,1/3/21,0,2,2,1,2,HRES73,Natural Resources,52,4,MD,,,,,,,,,,
116,164,21736,"McEachin, Aston D. (Donald)",1,19,100,1/24/19,1/3/21,0,2,2,1,1,HRES73,Natural Resources,40,4,VA,,,,,,,,,,
116,164,21746,"Soto, Darren",1,20,100,1/24/19,1/3/21,0,2,2,1,1,HRES73,Natural Resources,43,9,FL,,,,,,,,,,
116,164,20322,"Case, Ed",1,21,100,1/24/19,1/3/21,0,1,2,1,1,HRES73,Natural Resources,82,1,HI,,,,,,,,,,
116,164,21339,"Horsford, Steven",1,22,100,1/24/19,1/3/21,0,1,2,1,2,HRES73,Natural Resources,65,4,NV,,,,,,,,,,
116,164,70703,"San Nicolas, Michael F. Q. ",1,23,100,1/24/19,1/3/21,0,1,2,1,1,HRES73,Natural Resources,91,79,GU,,,,,,,,,,
116,164,21358,"Cartwright, Matthew",1,24,100,2/13/19,1/3/21,0,1,4,1,2,HRES125,Natural Resources,14,8,PA,,,,,,,,,,
116,164,20934,"Tonko, Paul",1,25,100,2/26/19,1/3/21,0,1,4,1,1,HRES148,Natural Resources,13,20,NY,,,,,,,,,,
116,164,21921,"Garcia, Jesus",6,1,100,1/14/20,1/3/21,0,1,2,1,1,HRES793,Natural Resources,21,4,IL,,,,,,,,,,
116,164,21703,"Barragán, Nanette D.",4,26,100,9/22/20,1/3/21,0,1,2,1,2,HRES1135,Natural Resources,71,44,CA,,,,,,,,,,
116,164,20357,"Bishop, Rob",2,1,200,1/4/19,1/3/21,21,7,2,1,0,HRES25,Natural Resources,67,1,UT,,,,,,,,,,
116,164,14066,"Young, Donald E.",2,2,200,1/24/19,1/3/21,0,24,2,1,1,HRES74,Natural Resources,81,1,AK,,,,,,,,,,
116,164,20527,"Gohmert, Louie",2,3,200,1/24/19,1/3/21,0,8,2,1,1,HRES74,Natural Resources,49,1,TX,,,,,,,,,,
116,164,20704,"Lamborn, Doug",2,4,200,1/24/19,1/3/21,0,7,2,1,1,HRES74,Natural Resources,62,5,CO,,,,,,,,,,
116,164,20756,"Wittman, Robert J.",2,5,200,1/24/19,1/3/21,0,7,2,1,1,HRES74,Natural Resources,40,1,VA,,,,,,,,,,
116,164,20903,"McClintock, Tom",2,6,200,1/24/19,1/3/21,0,6,2,1,1,HRES74,Natural Resources,71,4,CA,,,,,,,,,,
116,164,21103,"Gosar, Paul R.",2,7,200,1/24/19,1/3/21,0,5,2,1,1,HRES74,Natural Resources,61,4,AZ,,,,,,,,,,
116,164,21305,"Cook, Paul",2,8,200,1/24/19,1/3/21,0,3,2,1,0,HRES74,Natural Resources,71,8,CA,,,,,,,,,,
116,164,21563,"Westerman, Bruce",2,9,200,1/24/19,1/3/21,0,3,2,1,1,HRES74,Natural Resources,42,4,AR,,,,,,,,,,
116,164,21523,"Graves, Garret",2,10,200,1/24/19,1/3/21,0,3,2,1,1,HRES74,Natural Resources,45,6,LA,,,,,,,,,,
116,164,21514,"Hice, Jody",2,11,200,1/24/19,1/3/21,0,3,2,1,1,HRES74,Natural Resources,44,10,GA,,,,,,,,,,
116,164,70901,"Radewagen, Amata",2,12,200,1/24/19,1/3/21,0,3,2,1,1,HRES74,Natural Resources,94,1,AS,,,,,,,,,,
116,164,21116,"Webster, Daniel",2,13,200,1/24/19,1/3/21,0,2,2,1,1,HRES74,Natural Resources,43,11,FL,,,,,,,,,,
116,164,21710,"Cheney, Elizabeth L. (Liz)",2,14,200,1/24/19,1/3/21,0,2,2,1,2,HRES74,Natural Resources,68,1,WY,,,,,,,,,,
116,164,21727,"Johnson, James M. (Mike)",2,15,200,1/24/19,1/3/21,0,2,2,1,2,HRES74,Natural Resources,45,4,LA,,,,,,,,,,
116,164,70807,"Gonzalez-Colon, Jenniffer",2,16,200,1/24/19,1/3/21,0,2,2,1,1,HRES74,Natural Resources,92,80,PR,,,,,,,,,,
116,164,21755,"Curtis, John R.",2,17,200,1/24/19,1/3/21,0,2,2,1,2,HRES74,Natural Resources,67,3,UT,,,,,,,,,,
116,164,21760,"Hern, Kevin",2,18,200,1/24/19,1/3/21,0,1,2,1,2,HRES74,Natural Resources,53,1,OK,,,,,,,,,,
116,164,21920,"Fulcher, Russell",2,19,200,1/24/19,1/3/21,0,1,2,1,1,HRES74,Natural Resources,63,1,ID,,,,,,,,,,
116,164,21969,"Stauber, Peter",2,20,200,7/30/20,1/3/21,0,1,2,1,1,HRES1072,Natural Resources,33,8,MN,,,,,,,,,,
116,138,29587,"Cummings, Elijah E.",1,1,100,1/4/19,10/17/19,11,13,2,5,0,HRES24,Oversight and Reform,52,7,MD,died 10/17/19,,,,,,,,,
116,138,29379,"Maloney, Carolyn B.",1,1,100,1/23/19,1/3/21,11,14,2,1,1,HRES67,Oversight and Reform,13,12,NY,Elected as chair per H. Res. 725 on 11/21/2019,,,,,,,,,
116,138,70303,"Norton, Eleanor Holmes",1,2,100,1/23/19,1/3/21,0,8,5,1,1,HRES67,Oversight and Reform,55,79,DC,,,,,,,,,,
116,138,20147,"Clay, William L., Jr.",1,3,100,1/23/19,1/3/21,0,10,2,1,0,HRES67,Oversight and Reform,34,1,MO,,,,,,,,,,
116,138,20119,"Lynch, Stephen F.",1,4,100,1/23/19,1/3/21,0,10,2,1,1,HRES67,Oversight and Reform,3,8,MA,,,,,,,,,,
116,138,15019,"Cooper, Jim",1,5,100,1/23/19,1/3/21,0,7,4,1,1,HRES67,Oversight and Reform,54,5,TN,,,,,,,,,,
116,138,20952,"Connolly, Gerald E.",1,6,100,1/23/19,1/3/21,0,6,2,1,1,HRES67,Oversight and Reform,40,11,VA,,,,,,,,,,
116,138,21730,"Krishnamoorthi, Raja",1,7,100,1/23/19,1/3/21,0,2,2,1,1,HRES67,Oversight and Reform,21,8,IL,,,,,,,,,,
116,138,21741,"Raskin, Jamin B. (Jamie)",1,8,100,1/23/19,1/3/21,0,2,2,1,1,HRES67,Oversight and Reform,52,8,MD,,,,,,,,,,
116,138,21960,"Rouda, Harley",1,9,100,1/23/19,1/3/21,0,1,2,1,0,HRES67,Oversight and Reform,71,48,CA,,,,,,,,,,
116,138,21932,"Hill, Katie",1,10,100,1/23/19,11/3/19,0,1,2,8,0,HRES67,Oversight and Reform,71,25,CA,Resigned because of allegations that she had relations with a staffer and because her husband released her nudes ,,,,,,,,,
116,138,20504,"Wasserman Schultz, Debbie",1,11,100,1/23/19,1/3/21,0,1,2,1,1,HRES67,Oversight and Reform,43,23,FL,,,,,,,,,,
116,138,20724,"Sarbanes, John P.",1,12,100,1/23/19,1/3/21,0,2,2,1,1,HRES67,Oversight and Reform,52,3,MD,,,,,,,,,,
116,138,20750,"Welch, Peter",1,13,100,1/23/19,1/3/21,0,2,2,1,1,HRES67,Oversight and Reform,6,1,VT,,,,,,,,,,
116,138,20762,"Speier, Karen Lorraine Jacqueline (Jackie)",1,14,100,1/23/19,1/3/21,0,1,4,1,1,HRES67,Oversight and Reform,71,14,CA,,,,,,,,,,
116,138,21371,"Kelly, Robin",1,15,100,1/23/19,1/3/21,0,4,2,1,1,HRES67,Oversight and Reform,21,2,IL,,,,,,,,,,
116,138,21504,"DeSaulnier, Mark",1,16,100,1/23/19,1/3/21,0,2,2,1,1,HRES67,Oversight and Reform,23,14,MI,,,,,,,,,,
116,138,21530,"Lawrence, Brenda",1,17,100,1/23/19,1/3/21,0,3,2,1,1,HRES67,Oversight and Reform,71,11,CA,,,,,,,,,,
116,138,70502,"Plaskett, Stacey",1,18,100,1/23/19,1/3/21,0,3,2,1,2,HRES67,Oversight and Reform,93,1,VI,,,,,,,,,,
116,138,21728,"Khanna, Rohit (Ro)",1,19,100,1/23/19,1/3/21,0,1,2,1,1,HRES67,Oversight and Reform,71,17,CA,Per HRES870 Mr. Khanna (to rank immediately after Mr. Rouda) 2/27/2020,,,,,,,,,
116,138,21754,"Gomez, Jimmy",1,20,100,1/23/19,1/3/21,0,2,2,1,1,HRES67,Oversight and Reform,71,34,CA,,,,,,,,,,
116,138,21949,"Ocasio-Cortez, Alexandria",1,21,100,1/23/19,1/3/21,0,1,2,1,2,HRES67,Oversight and Reform,13,14,NY,,,,,,,,,,
116,138,21955,"Pressley, Ayanna",1,22,100,1/23/19,1/3/21,0,1,2,1,1,HRES67,Oversight and Reform,3,7,MA,,,,,,,,,,
116,138,21975,"Tlaib, Rashida",1,23,100,1/23/19,1/3/21,0,1,2,1,2,HRES67,Oversight and Reform,23,13,MI,,,,,,,,,,
116,138,21954,"Porter, Katie",6,1,100,12/19/19,1/3/21,0,1,2,1,2,HRES773,Oversight and Reform,71,45,CA,,,,,,,,,,
116,138,15433,"Mfume, Kweisi",6,2,100,6/8/20,1/3/21,0,1,2,1,2,HRES995,Oversight and Reform,52,7,MD,"Elected in a special election 4/28/2020, (to rank immediately after Mr. Khanna)",,,,,,,,,
116,138,20738,"Jordan, Jim",2,1,200,1/4/19,1/3/21,21,7,2,1,1,HRES25,Oversight and Reform,24,4,OH,,,,,,,,,,
116,138,21103,"Gosar, Paul R.",2,3,200,1/23/19,1/3/21,0,5,2,1,1,HRES68,Oversight and Reform,61,4,AZ,,,,,,,,,,
116,138,20521,"Foxx, Virginia",2,4,200,1/23/19,1/3/21,0,2,5,1,1,HRES68,Oversight and Reform,47,5,NC,,,,,,,,,,
116,138,31102,"Massie, Thomas",2,5,200,1/23/19,1/3/21,0,4,2,1,2,HRES68,Oversight and Reform,51,4,KY,,,,,,,,,,
116,138,21348,"Meadows, Mark",2,6,200,1/23/19,3/30/20,0,4,2,0,0,HRES68,Oversight and Reform,47,11,NC,"Resigned March 30, 2020 to become White House Chief of Staff",,,,,,,,,
116,138,21514,"Hice, Jody",2,7,200,1/23/19,1/3/21,0,3,2,1,1,HRES68,Oversight and Reform,44,10,GA,,,,,,,,,,
116,138,21559,"Grothman, Glenn",2,8,200,1/23/19,1/3/21,0,3,2,1,2,HRES68,Oversight and Reform,25,6,WI,,,,,,,,,,
116,138,21565,"Comer, James",2,9,200,1/23/19,1/3/21,0,2,2,1,1,HRES68,Oversight and Reform,51,1,KY,"Per HRES1037 7/1/20 Mr. Comer, to rank before Mr. Jordan.",,,,,,,,,
116,138,21758,"Cloud, Michael",2,10,200,1/23/19,1/3/21,0,2,2,1,1,HRES68,Oversight and Reform,49,27,TX,,,,,,,,,,
116,138,21165,"Gibbs, Bob",2,11,200,1/23/19,1/3/21,0,1,2,1,1,HRES68,Oversight and Reform,24,7,OH,,,,,,,,,,
116,138,21724,"Higgins, Glen C. (Clay)",2,12,200,1/23/19,1/3/21,0,1,2,1,1,HRES68,Oversight and Reform,45,3,LA,,,,,,,,,,
116,138,21753,"Norman, Ralph",2,13,200,1/23/19,1/3/21,0,1,2,1,1,HRES68,Oversight and Reform,48,5,SC,,,,,,,,,,
116,138,21961,"Roy, Charles",2,14,200,1/23/19,1/3/21,0,1,2,1,2,HRES68,Oversight and Reform,49,21,TX,,,,,,,,,,
116,138,21946,"Miller, Carol",2,15,200,1/23/19,1/3/21,0,1,2,1,2,HRES68,Oversight and Reform,56,3,WV,,,,,,,,,,
116,138,21926,"Green, Mark",2,16,200,1/23/19,1/3/21,0,1,2,1,2,HRES68,Oversight and Reform,54,7,TN,,,,,,,,,,
116,138,21901,"Armstrong, Kelly",2,17,200,1/23/19,1/3/21,0,1,2,1,2,HRES68,Oversight and Reform,36,1,ND,,,,,,,,,,
116,138,21971,"Steube, William",2,18,200,1/23/19,1/3/21,0,1,2,1,2,HRES68,Oversight and Reform,43,17,FL,,,,,,,,,,
116,138,21985,"Keller, Frederick",2,19,200,7/10/19,1/3/21,0,1,2,1,1,HRES481,Oversight and Reform,14,12,PA,Elected special election to replace Marino,,,,,,,,,
116,138,21500,"Palmer, Gary James",7,1,200,7/1/20,1/3/21,0,1,2,1,2,HRES1037,Oversight and Reform,41,6,LA,to rank immediately before Mr. Cloud.,,,,,,,,,
116,176,29729,"McGovern, Jim",1,1,100,1/3/19,1/3/21,11,10,2,1,1,HRES7,Rules,3,2,MA,,,,,,,,,,
116,176,29337,"Hastings, Alcee L.",1,2,100,1/4/19,1/3/21,0,10,2,1,1,HRES24,Rules,43,20,FL,,,,,,,,,,
116,176,21508,"Torres, Norma",1,3,100,1/4/19,1/3/21,0,2,2,1,1,HRES24,Rules,71,35,CA,,,,,,,,,,
116,176,20705,"Perlmutter, Ed",1,4,200,1/8/19,1/3/21,0,2,2,1,1,HRES26,Rules,62,7,CO,,,,,,,,,,
116,176,21741,"Raskin, Jamin B. (Jamie)",1,5,100,1/4/19,1/3/21,0,1,2,1,1,HRES24,Rules,52,8,MD,,,,,,,,,,
116,176,21762,"Scanlon, Mary Gay",1,6,100,1/4/19,1/3/21,0,1,2,1,1,HRES24,Rules,14,7,PA,,,,,,,,,,
116,176,21761,"Morelle, Joseph",1,7,100,1/4/19,1/3/21,0,1,2,1,1,HRES24,Rules,13,25,NY,,,,,,,,,,
116,176,21963,"Shalala, Donna",1,8,100,1/4/19,1/3/21,0,1,2,1,0,HRES24,Rules,43,27,FL,Defeated in the general election,,,,,,,,,
116,176,21504,"DeSaulnier, Mark",1,9,100,2/13/19,1/3/21,0,1,2,1,1,HRES125,Rules,71,11,CA,,,,,,,,,,
116,176,20538,"Matsui, Doris O.",6,1,100,4/22/20,1/3/21,0,1,4,,2,,Rules,71,6,CA,Temporary replacement for DeSaulnier while he recovers from Covid-19,,,,,,,,,
116,176,20344,"Cole, Tom",2,1,200,1/3/19,1/3/21,21,4,2,1,1,HRES8,Rules,53,4,OK,,,,,,,,,,
116,176,21122,"Woodall, Robert",2,2,200,1/4/19,1/3/21,0,5,2,1,0,HRES25,Rules,44,7,GA,,,,,,,,,,
116,176,20355,"Burgess, Michael",2,3,200,1/4/19,1/3/21,0,4,2,1,1,HRES25,Rules,49,26,TX,,,,,,,,,,
116,176,21757,"Lesko, Debbie",2,4,200,1/4/19,1/3/21,0,1,2,1,1,HRES25,Rules,61,8,AZ,,,,,,,,,,
116,182,39305,"Johnson, Eddie Bernice",1,1,100,1/4/19,1/3/21,11,14,2,1,1,HRES24,"Science, Space, and Technology",49,30,TX,,,,,,,,,,
116,182,29504,"Lofgren, Zoe",1,2,100,1/23/19,1/3/21,0,5,4,1,1,HRES67,"Science, Space, and Technology",71,19,CA,,,,,,,,,,
116,182,20508,"Lipinski, Daniel",1,3,100,1/23/19,1/3/21,0,8,2,1,0,HRES67,"Science, Space, and Technology",21,3,IL,,,,,,,,,,
116,182,21198,"Bonamici, Suzanne",1,4,100,1/23/19,1/3/21,0,5,2,1,1,HRES67,"Science, Space, and Technology",72,1,OR,,,,,,,,,,
116,182,21304,"Bera, Ami",1,5,100,1/23/19,1/3/21,0,4,2,1,1,HRES67,"Science, Space, and Technology",71,7,CA,,,,,,,,,,
116,182,21756,"Lamb, Conor",1,6,100,1/23/19,1/3/21,0,2,2,1,1,HRES67,"Science, Space, and Technology",14,18,PA,"Per HRES712, to rank immediately after Ms. Wexton",,,,,,,,,
116,182,21919,"Fletcher, Elizabeth",1,7,100,1/23/19,1/3/21,0,1,2,1,1,HRES67,"Science, Space, and Technology",49,7,TX,,,,,,,,,,
116,182,21972,"Stevens, Haley",1,8,100,1/23/19,1/3/21,0,1,2,1,1,HRES67,"Science, Space, and Technology",23,11,MI,,,,,,,,,,
116,182,21933,"Horn, Kendra",1,9,100,1/23/19,1/3/21,0,1,2,1,0,HRES67,"Science, Space, and Technology",53,5,OK,,,,,,,,,,
116,182,21964,"Sherrill, Mikie",1,10,100,1/23/19,1/3/21,0,1,2,1,1,HRES67,"Science, Space, and Technology",12,11,NJ,,,,,,,,,,
116,182,29707,"Sherman, Brad",1,11,100,1/23/19,1/3/21,0,1,5,1,1,HRES67,"Science, Space, and Technology",71,30,CA,,,,,,,,,,
116,182,20748,"Cohen, Steve",1,12,100,1/24/19,1/3/21,0,1,2,1,2,HRES73,"Science, Space, and Technology",54,9,TN,,,,,,,,,,
116,182,20702,"McNerney, Jerry",1,13,100,1/23/19,1/3/21,0,2,2,1,1,HRES67,"Science, Space, and Technology",71,9,CA,,,,,,,,,,
116,182,20705,"Perlmutter, Ed",1,14,100,1/23/19,1/3/21,0,2,2,1,1,HRES67,"Science, Space, and Technology",62,7,CO,,,,,,,,,,
116,182,20934,"Tonko, Paul",1,15,100,1/23/19,1/3/21,0,2,2,1,1,HRES67,"Science, Space, and Technology",13,20,NY,,,,,,,,,,
116,182,20749,"Foster, Bill",1,16,100,1/23/19,1/3/21,0,2,2,1,1,HRES67,"Science, Space, and Technology",21,11,IL,,,,,,,,,,
116,182,21554,"Beyer, Donald",1,17,100,1/23/19,1/3/21,0,3,2,1,1,HRES67,"Science, Space, and Technology",40,8,VA,,,,,,,,,,
116,182,21712,"Crist, Charles J. (Charlie)",1,18,100,1/23/19,1/3/21,0,2,2,1,1,HRES67,"Science, Space, and Technology",43,13,FL,,,,,,,,,,
116,182,21906,"Casten, Sean",1,19,100,1/23/19,1/3/21,0,1,2,1,1,HRES67,"Science, Space, and Technology",21,6,IL,,,,,,,,,,
116,182,21932,"Hill, Katie",1,20,100,1/23/19,11/3/19,0,1,2,8,0,HRES67,"Science, Space, and Technology",71,25,CA,Resigned because of allegations that she had relations with a staffer and because her husband released her nudes ,,,,,,,,,
116,182,21943,"Mcadams, Ben",1,21,100,1/23/19,1/3/21,0,1,2,1,0,HRES67,"Science, Space, and Technology",67,4,UT,,,,,,,,,,
116,182,21983,"Wexton, Jennifer",1,22,100,1/23/19,1/3/21,0,1,2,1,2,HRES67,"Science, Space, and Technology",40,10,VA,,,,,,,,,,
116,182,29393,"Lucas, Frank D.",2,1,200,1/4/19,1/3/21,21,11,2,1,1,HRES25,"Science, Space, and Technology",53,3,OK,,,,,,,,,,
116,182,21193,"Brooks, Mo",2,2,200,1/23/19,1/3/21,0,5,2,1,1,HRES68,"Science, Space, and Technology",41,5,AL,,,,,,,,,,
116,182,20909,"Posey, Bill",2,3,200,1/23/19,1/3/21,0,4,2,1,1,HRES68,"Science, Space, and Technology",43,8,FL,,,,,,,,,,
116,182,21360,"Weber, Randy",2,4,200,1/23/19,1/3/21,0,4,2,1,1,HRES68,"Science, Space, and Technology",49,14,TX,,,,,,,,,,
116,182,21551,"Babin, Brian",2,5,200,1/23/19,1/3/21,0,3,2,1,1,HRES68,"Science, Space, and Technology",49,36,TX,,,,,,,,,,
116,182,21705,"Biggs, Andy",2,6,200,1/23/19,1/3/21,0,2,2,1,2,HRES68,"Science, Space, and Technology",61,5,AZ,,,,,,,,,,
116,182,21734,"Marshall, Roger",2,7,200,1/23/19,1/3/21,0,2,2,1,0,HRES68,"Science, Space, and Technology",32,1,KS,Ran for senate,,,,,,,,,
116,182,21714,"Dunn, Neal",2,8,200,1/23/19,7/12/19,0,2,2,3,2,HRES68,"Science, Space, and Technology",43,2,FL,leaves committee,,,,,,,,,
116,182,21753,"Norman, Ralph",2,9,200,1/23/19,1/3/21,0,2,2,1,2,HRES68,"Science, Space, and Technology",48,5,SC,,,,,,,,,,
116,182,21758,"Cloud, Michael",2,10,200,1/23/19,1/3/21,0,2,2,1,2,HRES68,"Science, Space, and Technology",49,27,TX,,,,,,,,,,
116,182,21759,"Balderson, Troy",2,11,200,1/23/19,1/3/21,0,2,2,1,2,HRES68,"Science, Space, and Technology",24,12,OH,,,,,,,,,,
116,182,20948,"Olson, Pete",2,12,200,1/23/19,1/3/21,0,1,4,3,0,HRES68,"Science, Space, and Technology",49,22,TX,Announced retirement at end of 116th congress 7/25/2019,,,,,,,,,
116,182,21924,"Gonzalez, Anthony",2,13,200,1/23/19,1/3/21,0,1,2,1,1,HRES68,"Science, Space, and Technology",24,16,OH,,,,,,,,,,
116,182,21981,"Waltz, Michael",2,14,200,1/23/19,1/3/21,0,1,2,1,1,HRES68,"Science, Space, and Technology",43,6,FL,,,,,,,,,,
116,182,21903,"Baird, James",2,15,200,1/23/19,1/3/21,0,1,2,1,1,HRES68,"Science, Space, and Technology",22,4,IN,,,,,,,,,,
116,182,21187,"Herrera Beutler, Jaime",2,16,200,3/28/19,2/5/20,0,1,2,3,2,HRES264,"Science, Space, and Technology",73,3,WA,,,,,,,,,,
116,182,70807,"Gonzalez-Colon, Jenniffer",2,17,200,3/28/19,12/31/19,0,1,2,1,2,HRES264,"Science, Space, and Technology",92,80,PR,,,,,,,,,,
116,182,21742,"Rooney, Francis",2,18,200,7/24/19,1/3/21,0,1,2,1,0,HRES516,"Science, Space, and Technology",43,19,FL,"Retired, announced 10/19/19",,,,,,,,,
116,182,21987,"Murphy, Greg",7,1,200,9/26/19,1/3/21,0,1,2,1,2,HRES596,"Science, Space, and Technology",47,3,NC,Replaced Dunn,,,,,,,,,
116,182,21988,"Garcia, Mike",5,19,200,7/1/20,1/3/21,0,1,2,1,1,HRES1037,"Science, Space, and Technology",71,25,CA,"Special election held March 3, 2020, but no candidate won the majority, so there was a runoff May 12, 2020",,,,,,,,,
116,182,21989,"Tiffany, Thomas ",5,20,200,7/1/20,1/3/21,0,1,2,1,2,HRES1037,"Science, Space, and Technology",25,7,WI,"Elected in a special election May 12, 2020",,,,,,,,,
116,184,29378,"Velazquez, Nydia M.",1,1,100,1/4/19,1/3/21,11,14,2,1,1,HRES24,Small Business,13,7,NY,,,,,,,,,,
116,184,21918,"Finkenauer, Abby",1,2,100,1/24/19,1/3/21,0,1,2,1,0,HRES73,Small Business,31,1,IA,,,,,,,,,,
116,184,21923,"Golden, Jared",1,3,100,1/24/19,1/3/21,0,1,2,1,1,HRES73,Small Business,2,2,ME,,,,,,,,,,
116,184,21937,"Kim, Andy",1,4,100,1/24/19,1/3/21,0,1,2,1,1,HRES73,Small Business,12,3,NJ,,,,,,,,,,
116,184,21912,"Crow, Jason",1,5,100,1/24/19,1/3/21,0,1,2,1,2,HRES73,Small Business,62,6,CO,,,,,,,,,,
116,184,21914,"Davids, Sharice",1,6,100,1/24/19,1/3/21,0,1,2,1,1,HRES73,Small Business,32,3,KS,,,,,,,,,,
116,184,20955,"Chu, Judy",1,7,100,1/24/19,1/3/21,0,6,2,1,1,HRES73,Small Business,71,27,CA,,,,,,,,,,
116,184,21365,"Veasey, Marc",1,8,100,1/24/19,6/15/20,0,1,2,1,2,HRES73,Small Business,49,33,TX,Vacates seat to be filled by Mfume,,,,,,,,,
116,184,21566,"Evans, Dwight E.",1,9,100,1/24/19,1/3/21,0,2,2,1,1,HRES73,Small Business,14,2,PA,,,,,,,,,,
116,184,21326,"Schneider, Brad",1,10,100,1/24/19,1/3/21,0,2,4,1,2,HRES73,Small Business,21,10,IL,,,,,,,,,,
116,184,21715,"Espaillat Cabral, Adriano",1,11,100,1/24/19,1/3/21,0,2,2,1,2,HRES73,Small Business,13,13,NY,,,,,,,,,,
116,184,21916,"Delgado, Antonio",1,12,100,1/24/19,1/3/21,0,1,2,1,1,HRES73,Small Business,13,19,NY,,,,,,,,,,
116,184,21934,"Houlahan, Christina",1,13,100,1/24/19,1/3/21,0,1,2,1,1,HRES73,Small Business,14,6,PA,,,,,,,,,,
116,184,21910,"Craig, Angela",1,14,100,2/26/19,1/3/21,0,1,2,1,1,HRES148,Small Business,33,2,MN,,,,,,,,,,
116,184,15433,"Mfume, Kweisi",6,1,100,5/8/20,1/3/21,0,1,4,1,1,HRES954,Small Business,52,7,MD,Elected in a special election 4/28/2020 (to rank immediately after Ms. Davids of Kansas); replaces Mark Veasy,,,,,,,,,
116,184,29550,"Chabot, Steven J.",2,1,200,1/4/19,1/3/21,21,5,2,1,2,HRES25,Small Business,24,1,OH,,,,,,,,,,
116,184,70901,"Radewagen, Amata",2,2,200,1/24/19,1/3/21,0,3,2,1,2,HRES74,Small Business,94,1,AS,,,,,,,,,,
116,184,21561,"Kelly, Trent",2,3,200,1/24/19,10/12/19,0,3,2,3,2,HRES74,Small Business,46,1,MS,,,,,,,,,,
116,184,21759,"Balderson, Troy",2,4,200,1/24/19,1/3/21,0,2,2,1,2,HRES74,Small Business,12,24,OH,,,,,,,,,,
116,184,21760,"Hern, Kevin",2,5,200,1/24/19,1/3/21,0,1,2,1,2,HRES74,Small Business,53,1,OK,,,,,,,,,,
116,184,21929,"Hagedorn, Jim",2,6,200,1/24/19,1/3/21,0,1,2,1,1,HRES74,Small Business,33,1,MN,,,,,,,,,,
116,184,21969,"Stauber, Peter",2,7,200,1/24/19,1/3/21,0,1,2,1,1,HRES74,Small Business,33,8,MN,,,,,,,,,,
116,184,21905,"Burchett, Timothy",2,8,200,1/24/19,1/3/21,0,1,2,1,2,HRES74,Small Business,54,2,TN,,,,,,,,,,
116,184,21967,"Spano, Ross",2,9,200,1/24/19,1/3/21,0,1,2,1,0,HRES74,Small Business,43,15,FL,defeated for re-election in primary,,,,,,,,,
116,184,21936,"Joyce, John",2,10,200,1/24/19,1/3/21,0,1,2,1,2,HRES74,Small Business,14,13,PA,,,,,,,,,,
116,184,21986,"Bishop, Dan",7,1,200,9/26/19,1/3/21,0,1,2,1,2,HRES596,Small Business,47,9,NC,won special election on 09/10/2019,,,,,,,,,
116,173,15410,"DeFazio, Peter A.",1,1,100,1/4/19,1/3/21,11,17,2,1,1,HRES24,Transportation and Infrastructure,72,4,OR,,,,,,,,,,
116,173,70303,"Norton, Eleanor Holmes",1,2,100,1/17/19,1/3/21,0,15,2,1,1,HRES57,Transportation and Infrastructure,55,79,DC,,,,,,,,,,
116,173,39305,"Johnson, Eddie Bernice",1,3,100,1/17/19,1/3/21,0,14,2,1,1,HRES57,Transportation and Infrastructure,49,30,TX,,,,,,,,,,
116,173,29587,"Cummings, Elijah E.",1,4,100,1/17/19,10/17/19,0,13,2,5,0,HRES57,Transportation and Infrastructure,52,7,MD,Died,,,,,,,,,
116,173,20145,"Larsen, Rick",1,5,100,1/17/19,1/3/21,0,10,2,1,1,HRES57,Transportation and Infrastructure,73,2,WA,,,,,,,,,,
116,173,29903,"Napolitano, Grace F.",1,6,100,1/17/19,1/3/21,0,7,2,1,1,HRES57,Transportation and Infrastructure,71,32,CA,,,,,,,,,,
116,173,20508,"Lipinski, Daniel",1,7,100,1/17/19,1/3/21,0,7,2,1,0,HRES57,Transportation and Infrastructure,21,3,IL,,,,,,,,,,
116,173,20748,"Cohen, Steve",1,8,100,1/17/19,1/3/21,0,7,2,1,1,HRES57,Transportation and Infrastructure,54,9,TN,,,,,,,,,,
116,173,20542,"Sires, Albio",1,9,100,1/17/19,1/3/21,0,7,2,1,1,HRES57,Transportation and Infrastructure,12,8,NJ,,,,,,,,,,
116,173,20958,"Garamendi, John J.",1,10,100,1/17/19,1/3/21,0,4,2,1,1,HRES57,Transportation and Infrastructure,71,3,CA,,,,,,,,,,
116,173,20712,"Johnson, Henry C. ""Hank"", Jr.",1,11,100,1/17/19,1/3/21,0,2,5,1,1,HRES57,Transportation and Infrastructure,44,4,GA,,,,,,,,,,
116,173,20757,"Carson, Andre",1,12,100,1/17/19,1/3/21,0,4,2,1,1,HRES57,Transportation and Infrastructure,22,7,IN,,,,,,,,,,
116,173,20927,"Titus, Dina",1,13,100,1/17/19,1/3/21,0,4,2,1,1,HRES57,Transportation and Infrastructure,65,1,NV,,,,,,,,,,
116,173,21344,"Maloney, Sean Patrick",1,14,100,1/17/19,1/3/21,0,4,2,1,1,HRES57,Transportation and Infrastructure,13,18,NY,,,,,,,,,,
116,173,21303,"Huffman, Jared",1,15,100,1/17/19,1/3/21,0,3,2,1,1,HRES57,Transportation and Infrastructure,71,2,CA,,,,,,,,,,
116,173,21308,"Brownley, Julia",1,16,100,1/17/19,1/3/21,0,3,2,1,1,HRES57,Transportation and Infrastructure,71,26,CA,,,,,,,,,,
116,173,21118,"Wilson, Frederica",1,17,100,1/17/19,1/3/21,0,2,2,1,1,HRES57,Transportation and Infrastructure,43,24,FL,,,,,,,,,,
116,173,31103,"Payne, Donald, Jr.",1,18,100,1/17/19,1/3/21,0,2,2,1,1,HRES57,Transportation and Infrastructure,12,9,NJ,,,,,,,,,,
116,173,21313,"Lowenthal, Alan",1,19,100,1/17/19,1/3/21,0,2,2,1,1,HRES57,Transportation and Infrastructure,71,47,CA,,,,,,,,,,
116,173,21504,"DeSaulnier, Mark",1,20,100,1/17/19,1/3/21,0,2,2,1,1,HRES57,Transportation and Infrastructure,23,14,MI,,,,,,,,,,
116,173,70502,"Plaskett, Stacey",1,21,100,1/17/19,1/3/21,0,2,2,1,2,HRES57,Transportation and Infrastructure,93,1,VI,,,,,,,,,,
116,173,20119,"Lynch, Stephen F.",1,22,100,1/17/19,1/3/21,0,1,2,1,1,HRES57,Transportation and Infrastructure,3,8,MA,,,,,,,,,,
116,173,21709,"Carbajal, Salud",1,23,100,1/17/19,1/3/21,0,1,2,1,1,HRES57,Transportation and Infrastructure,71,24,CA,,,,,,,,,,
116,173,21707,"Brown, Anthony G.",1,24,100,1/17/19,1/3/21,0,1,2,1,1,HRES57,Transportation and Infrastructure,52,4,MD,,,,,,,,,,
116,173,21715,"Espaillat Cabral, Adriano",1,25,100,1/17/19,1/3/21,0,1,2,1,2,HRES57,Transportation and Infrastructure,13,13,NY,,,,,,,,,,
116,173,21942,"Malinowski, Tomaz",1,26,100,1/17/19,1/3/21,0,1,2,1,1,HRES57,Transportation and Infrastructure,12,7,NJ,,,,,,,,,,
116,173,21968,"Stanton, Greg",1,27,100,1/17/19,1/3/21,0,1,2,1,1,HRES57,Transportation and Infrastructure,61,9,AZ,,,,,,,,,,
116,173,21947,"Mucarsel-Powell, Debbie",1,28,100,1/17/19,1/3/21,0,1,1,1,0,HRES57,Transportation and Infrastructure,43,26,FL,,,,,,,,,,
116,173,21919,"Fletcher, Elizabeth",1,29,100,1/17/19,1/3/21,0,1,2,1,2,HRES57,Transportation and Infrastructure,49,7,TX,,,,,,,,,,
116,173,21900,"Allred, Colin",1,30,100,1/17/19,1/3/21,0,1,2,1,1,HRES57,Transportation and Infrastructure,49,32,TX,,,,,,,,,,
116,173,21914,"Davids, Sharice",1,31,100,1/17/19,1/3/21,0,1,2,1,1,HRES57,Transportation and Infrastructure,32,3,KS,,,,,,,,,,
116,173,21918,"Finkenauer, Abby",1,32,100,1/17/19,1/3/21,0,1,2,1,0,HRES57,Transportation and Infrastructure,31,1,IA,,,,,,,,,,
116,173,21921,"Garcia, Jesus",1,33,100,1/17/19,1/3/21,0,1,2,1,1,HRES57,Transportation and Infrastructure,21,4,IL,,,,,,,,,,
116,173,21916,"Delgado, Antonio",1,34,100,1/17/19,1/3/21,0,1,2,1,1,HRES57,Transportation and Infrastructure,13,19,NY,,,,,,,,,,
116,173,21951,"Pappas, Chris",1,35,100,1/17/19,1/3/21,0,1,2,1,1,HRES57,Transportation and Infrastructure,4,1,NH,,,,,,,,,,
116,173,21910,"Craig, Angela",1,36,100,1/17/19,1/3/21,0,1,2,1,2,HRES57,Transportation and Infrastructure,33,2,MN,,,,,,,,,,
116,173,21960,"Rouda, Harley",1,37,100,1/17/19,1/3/21,0,1,2,1,0,HRES57,Transportation and Infrastructure,71,48,CA,,,,,,,,,,
116,173,21756,"Lamb, Conor",6,1,100,11/19/19,1/3/21,0,1,2,1,1,HRES712,Transportation and Infrastructure,14,18,PA,Replaced Cummings,,,,,,,,,
116,173,20124,"Graves, Samuel",2,1,200,1/4/19,1/3/21,21,10,2,1,1,HRES25,Transportation and Infrastructure,34,6,MO,,,,,,,,,,
116,173,14066,"Young, Donald E.",2,2,200,1/23/19,1/3/21,0,13,2,1,1,HRES68,Transportation and Infrastructure,81,1,AK,,,,,,,,,,
116,173,21106,"Crawford, Rick",2,3,200,1/23/19,1/3/21,0,5,2,1,1,HRES68,Transportation and Infrastructure,42,1,AR,,,,,,,,,,
116,173,21165,"Gibbs, Bob",2,4,200,1/23/19,1/3/21,0,5,2,1,1,HRES68,Transportation and Infrastructure,24,7,OH,,,,,,,,,,
116,173,21116,"Webster, Daniel",2,5,200,1/23/19,1/3/21,0,4,2,1,1,HRES68,Transportation and Infrastructure,43,10,FL,,,,,,,,,,
116,173,31102,"Massie, Thomas",2,6,200,1/23/19,1/3/21,0,4,2,1,1,HRES68,Transportation and Infrastructure,51,4,KY,,,,,,,,,,
116,173,21348,"Meadows, Mark",2,7,200,1/23/19,3/30/20,0,4,2,6,0,HRES68,Transportation and Infrastructure,47,11,NC,"Resigned March 30, 2020 to become White House Chief of Staff",,,,,,,,,
116,173,21356,"Perry, Scott",2,8,200,1/23/19,1/3/21,0,4,2,1,1,HRES68,Transportation and Infrastructure,14,4,PA,,,,,,,,,,
116,173,21328,"Davis, Rodney",2,9,200,1/23/19,1/3/21,0,4,2,1,1,HRES68,Transportation and Infrastructure,21,13,IL,,,,,,,,,,
116,173,21122,"Woodall, Robert",2,10,200,1/23/19,1/3/21,0,3,2,1,0,HRES68,Transportation and Infrastructure,44,7,GA,,,,,,,,,,
116,173,21542,"Katko, John",2,11,200,1/23/19,1/3/21,0,3,2,1,1,HRES68,Transportation and Infrastructure,13,24,NY,,,,,,,,,,
116,173,21551,"Babin, Brian",2,12,200,1/23/19,1/3/21,0,2,2,1,1,HRES68,Transportation and Infrastructure,49,36,TX,,,,,,,,,,
116,173,21523,"Graves, Garret",2,13,200,1/23/19,1/3/21,0,3,2,1,1,HRES68,Transportation and Infrastructure,45,6,LA,,,,,,,,,,
116,173,21544,"Rouzer, David",2,14,200,1/23/19,1/3/21,0,3,2,1,1,HRES68,Transportation and Infrastructure,47,7,NC,,,,,,,,,,
116,173,21519,"Bost, Mike",2,15,200,1/23/19,1/3/21,0,3,2,1,1,HRES68,Transportation and Infrastructure,21,12,IL,,,,,,,,,,
116,173,21360,"Weber, Randy",2,16,200,1/23/19,1/3/21,0,2,2,1,1,HRES68,Transportation and Infrastructure,49,14,TX,,,,,,,,,,
116,173,21302,"La Malfa, Doug",2,17,200,1/23/19,1/3/21,0,2,2,1,1,HRES68,Transportation and Infrastructure,71,1,CA,,,,,,,,,,
116,173,21563,"Westerman, Bruce",2,18,200,1/23/19,1/3/21,0,2,2,1,1,HRES68,Transportation and Infrastructure,42,4,AR,,,,,,,,,,
116,173,21745,"Smucker, Lloyd K.",2,19,200,1/23/19,1/3/21,0,2,2,1,2,HRES68,Transportation and Infrastructure,14,16,PA,,,,,,,,,,
116,173,21737,"Mitchell, Paul",2,20,200,1/23/19,12/20/20,0,2,2,1,0,HRES68,Transportation and Infrastructure,23,10,MI,"Changed party to independent 12/20/2020 and left committees; Retired, announced 7/24/2019 ",,,,,,,,,
116,173,21735,"Mast, Brian",2,21,200,1/23/19,1/3/21,0,2,2,1,1,HRES68,Transportation and Infrastructure,43,18,FL,,,,,,,,,,
116,173,21720,"Gallagher, Michael (Mike)",2,22,200,1/23/19,1/3/21,0,2,2,1,1,HRES68,Transportation and Infrastructure,25,8,WI,,,,,,,,,,
116,173,21500,"Palmer, Gary James",2,23,200,1/23/19,1/3/21,0,1,2,1,2,HRES68,Transportation and Infrastructure,41,6,AL,,,,,,,,,,
116,173,21718,"Fitzpatrick, Brian K.",2,24,200,1/23/19,1/3/21,0,1,2,1,1,HRES68,Transportation and Infrastructure,14,8,PA,,,,,,,,,,
116,173,70807,"Gonzalez-Colon, Jenniffer",2,25,200,1/23/19,1/3/21,0,1,2,1,1,HRES68,Transportation and Infrastructure,92,80,PR,,,,,,,,,,
116,173,21759,"Balderson, Troy",2,26,200,1/23/19,1/3/21,0,1,2,1,1,HRES68,Transportation and Infrastructure,24,12,OH,,,,,,,,,,
116,173,21967,"Spano, Ross",2,27,200,1/23/19,1/3/21,0,1,2,1,0,HRES68,Transportation and Infrastructure,43,15,FL,defeated for re-election in primary,,,,,,,,,
116,173,21969,"Stauber, Peter",2,28,200,1/23/19,1/3/21,0,1,2,1,1,HRES68,Transportation and Infrastructure,33,8,MN,,,,,,,,,,
116,173,21946,"Miller, Carol",2,29,200,1/23/19,1/3/21,0,1,2,1,2,HRES68,Transportation and Infrastructure,56,3,WV,,,,,,,,,,
116,173,21952,"Pence, Gregory",2,30,200,1/23/19,1/3/21,0,1,2,1,2,HRES68,Transportation and Infrastructure,22,6,IN,,,,,,,,,,
116,173,21988,"Garcia, Mike",7,1,200,7/1/20,1/3/21,0,1,2,1,2,HRES1037,Transportation and Infrastructure,71,25,CA,Replaced Meadows,,,,,,,,,
116,192,21312,"Takano, Mark",1,1,100,1/4/19,1/3/21,11,4,2,1,1,HRES24,Veterans Affairs,71,41,CA,,,,,,,,,,
116,192,21308,"Brownley, Julia",1,2,100,1/17/19,1/3/21,0,4,2,1,1,HRES57,Veterans Affairs,71,26,CA,,,,,,,,,,
116,192,21540,"Rice, Kathleen",1,3,100,1/17/19,1/3/21,0,3,2,1,2,HRES57,Veterans Affairs,13,4,NY,,,,,,,,,,
116,192,21756,"Lamb, Conor",1,4,100,1/17/19,1/3/21,0,2,2,1,1,HRES57,Veterans Affairs,14,18,PA,,,,,,,,,,
116,192,21939,"Levin, Mike",1,5,100,2/26/19,1/3/21,0,1,2,1,1,HRES148,Veterans Affairs,71,49,CA,,,,,,,,,,
116,192,21904,"Brindisi, Anthony",1,6,100,1/17/19,1/3/21,0,1,2,1,0,HRES57,Veterans Affairs,13,22,NY,"Per HRES712, to rank immediately after Ms. Underwood",,,,,,,,,
116,192,21958,"Rose, Max",1,7,100,1/17/19,1/3/21,0,1,2,1,0,HRES57,Veterans Affairs,13,11,NY,,,,,,,,,,
116,192,21951,"Pappas, Chris",1,8,100,1/17/19,1/3/21,0,1,2,1,1,HRES57,Veterans Affairs,4,1,NH,,,,,,,,,,
116,192,21941,"Luria, Elaine",1,9,100,1/17/19,1/3/21,0,1,2,1,1,HRES57,Veterans Affairs,40,2,VA,,,,,,,,,,
116,192,21938,"Lee, Susie",1,10,100,1/17/19,1/3/21,0,1,2,1,2,HRES57,Veterans Affairs,65,3,NV,,,,,,,,,,
116,192,21913,"Cunningham, Joe",1,11,100,1/17/19,1/3/21,0,1,2,1,0,HRES57,Veterans Affairs,48,1,SC,,,,,,,,,,
116,192,21907,"Cisneros, Gil",1,12,100,1/17/19,1/3/21,0,1,2,1,0,HRES57,Veterans Affairs,71,39,CA,,,,,,,,,,
116,192,29127,"Peterson, Collin C.",1,13,100,1/17/19,1/3/21,0,1,4,1,0,HRES57,Veterans Affairs,33,7,MN,,,,,,,,,,
116,192,70810,"Sablan, Gregorio",1,14,100,1/17/19,1/3/21,0,2,2,1,1,HRES57,Veterans Affairs,95,1,MP,,,,,,,,,,
116,192,21900,"Allred, Colin",1,15,100,1/17/19,1/3/21,0,1,2,1,1,HRES57,Veterans Affairs,49,32,TX,,,,,,,,,,
116,192,21979,"Underwood, Lauren",1,16,100,1/17/19,1/3/21,0,1,2,1,1,HRES57,Veterans Affairs,21,14,IL,,,,,,,,,,
116,192,20947,"Roe, David P.",2,1,200,1/4/19,1/3/21,21,6,2,1,0,HRES25,Veterans Affairs,54,1,TN,Announced retirement at end of 116th congress 1/3/2020,,,,,,,,,
116,192,20758,"Bilirakis, Gus",2,2,200,1/23/19,1/3/21,0,7,2,1,2,HRES68,Veterans Affairs,43,12,FL,,,,,,,,,,
116,192,70901,"Radewagen, Amata",2,3,200,1/23/19,1/3/21,0,3,2,1,1,HRES68,Veterans Affairs,94,1,AS,,,,,,,,,,
116,192,21519,"Bost, Mike",2,4,200,1/23/19,1/3/21,0,3,2,1,1,HRES68,Veterans Affairs,21,12,IL,,,,,,,,,,
116,192,21714,"Dunn, Neal",2,5,200,1/23/19,1/3/21,0,2,2,1,2,HRES68,Veterans Affairs,43,2,FL,,,,,,,,,,
116,192,21704,"Bergman, John W. (Jack)",2,6,200,1/23/19,1/3/21,0,2,2,1,1,HRES68,Veterans Affairs,23,1,MI,,,,,,,,,,
116,192,21702,"Banks, James E. (Jim)",2,7,200,1/23/19,1/3/21,0,2,2,1,1,HRES68,Veterans Affairs,22,3,IN,,,,,,,,,,
116,192,21333,"Barr, Andy",2,8,200,1/23/19,1/3/21,0,1,2,1,2,HRES68,Veterans Affairs,51,6,KY,,,,,,,,,,
116,192,21945,"Meuser, Dan",2,9,200,1/23/19,1/3/21,0,1,2,1,2,HRES68,Veterans Affairs,14,9,PA,,,,,,,,,,
116,192,21982,"Watkins, Steve",2,10,200,1/23/19,7/17/20,0,1,2,4,0,HRES68,Veterans Affairs,32,2,KS,Resigned from committee assignments 7/17/20 following felony charges for voter fraud in his home state.,,,,,,,,,
116,192,21961,"Roy, Charles",2,11,200,1/23/19,1/3/21,0,1,2,1,1,HRES68,Veterans Affairs,49,21,TX,,,,,,,,,,
116,192,21971,"Steube, William",2,12,200,1/23/19,1/3/21,0,1,2,1,2,HRES68,Veterans Affairs,43,17,FL,,,,,,,,,,
116,196,15616,"Neal, Richard E.",1,1,100,1/3/19,1/3/21,11,14,2,1,1,HRES7,Ways and Means,3,1,MA,,,,,,,,,,
116,196,15431,"Lewis, John R.",1,2,100,1/15/19,1/3/21,0,14,2,8,0,HRES42,Ways and Means,44,5,GA,"Died July 17, 2020. ",,,,,,,,,
116,196,29571,"Doggett, Lloyd",1,3,100,1/15/19,1/3/21,0,11,2,1,1,HRES42,Ways and Means,49,35,TX,,,,,,,,,,
116,196,29901,"Thompson, Mike",1,4,100,1/15/19,1/3/21,0,8,2,1,1,HRES42,Ways and Means,71,5,CA,,,,,,,,,,
116,196,29908,"Larson, John B.",1,5,100,1/15/19,1/3/21,0,8,2,1,1,HRES42,Ways and Means,1,1,CT,,,,,,,,,,
116,196,29588,"Blumenauer, Earl",1,6,100,1/15/19,1/3/21,0,7,2,1,1,HRES42,Ways and Means,72,3,OR,,,,,,,,,,
116,196,29769,"Kind, Ron",1,7,100,1/15/19,1/3/21,0,7,2,1,1,HRES42,Ways and Means,25,3,WI,,,,,,,,,,
116,196,29741,"Pascrell, William J., Jr.",1,8,100,1/15/19,1/3/21,0,7,2,1,1,HRES42,Ways and Means,12,9,NJ,,,,,,,,,,
116,196,29717,"Davis, Danny K.",1,9,100,1/15/19,1/3/21,0,4,2,1,1,HRES42,Ways and Means,21,7,IL,,,,,,,,,,
116,196,20310,"Sanchez, Linda",1,10,100,1/15/19,1/3/21,0,4,2,1,1,HRES42,Ways and Means,71,38,CA,,,,,,,,,,
116,196,20519,"Higgins, Brian",1,11,100,1/15/19,1/3/21,0,2,2,1,1,HRES42,Ways and Means,13,26,NY,,,,,,,,,,
116,196,21102,"Sewell, Terri A.",1,12,100,1/15/19,1/3/21,0,2,2,1,1,HRES42,Ways and Means,41,7,AL,,,,,,,,,,
116,196,31101,"Delbene, Suzan K.",1,13,100,1/15/19,1/3/21,0,2,2,1,1,HRES42,Ways and Means,73,1,WA,,,,,,,,,,
116,196,20955,"Chu, Judy",1,14,100,1/15/19,1/3/21,0,2,2,1,1,HRES42,Ways and Means,71,27,CA,,,,,,,,,,
116,196,20537,"Moore, Gwendolynne S. (Gwen)",1,15,100,1/15/19,1/3/21,0,1,2,1,1,HRES42,Ways and Means,25,4,WI,,,,,,,,,,
116,196,21372,"Kildee, Dan",1,16,100,1/15/19,1/3/21,0,1,2,1,1,HRES42,Ways and Means,23,5,MI,,,,,,,,,,
116,196,21548,"Boyle, Brendan Francis",1,17,100,1/15/19,1/3/21,0,1,2,1,1,HRES42,Ways and Means,14,2,PA,,,,,,,,,,
116,196,21554,"Beyer, Donald Sternoff Jr.",1,18,100,1/15/19,1/3/21,0,1,2,1,2,HRES42,Ways and Means,40,8,VA,,,,,,,,,,
116,196,21566,"Evans, Dwight E.",1,19,100,1/15/19,1/3/21,0,1,2,1,1,HRES42,Ways and Means,14,3,PA,,,,,,,,,,
116,196,21326,"Schneider, Brad",1,20,100,1/15/19,1/3/21,0,1,2,1,1,HRES42,Ways and Means,21,10,IL,,,,,,,,,,
116,196,21747,"Suozzi, Thomas",1,21,100,1/15/19,1/3/21,0,1,2,1,1,HRES42,Ways and Means,13,3,NY,,,,,,,,,,
116,196,21740,"Panetta, James V. (Jimmy)",1,22,100,1/15/19,1/3/21,0,1,2,1,1,HRES42,Ways and Means,71,20,CA,,,,,,,,,,
116,196,21738,"Murphy, Stephanie",1,23,100,1/15/19,1/3/21,0,1,2,1,1,HRES42,Ways and Means,43,7,FL,,,,,,,,,,
116,196,21754,"Gomez, Jimmy",1,24,100,1/15/19,1/3/21,0,1,2,1,1,HRES42,Ways and Means,71,34,CA,,,,,,,,,,
116,196,21339,"Horsford, Steven",1,25,100,1/15/19,1/3/21,0,1,2,1,1,HRES42,Ways and Means,65,4,NV,,,,,,,,,,
116,196,21137,"Richmond, Cedric",6,1,100,9/22/20,1/3/21,0,1,2,1,0,HRES1135,Ways and Means,45,2,LA,"On November 17, 2020, he announced that he will join the Biden administration, Resignation offical January 15",,,,,,,,,
116,196,29760,"Brady, Kevin",2,1,200,1/3/19,1/3/21,21,10,2,1,1,HRES8,Ways and Means,49,8,TX,,,,,,,,,,
116,196,20307,"Nunes, Devin",2,2,200,1/23/19,1/3/21,0,8,2,1,1,HRES68,Ways and Means,71,22,CA,,,,,,,,,,
116,196,20709,"Buchanan, Vernon G.",2,3,200,1/23/19,1/3/21,0,5,2,1,1,HRES68,Ways and Means,43,16,FL,,,,,,,,,,
116,196,20729,"Smith, Adrian",2,4,200,1/23/19,1/3/21,0,5,2,1,1,HRES68,Ways and Means,35,3,NE,,,,,,,,,,
116,196,20532,"Marchant, Kenny",2,5,200,1/23/19,1/3/21,0,5,2,1,0,HRES68,Ways and Means,49,24,TX,Announced retirement at the end of 116th congress 8/5/2019,,,,,,,,,
116,196,21101,"Reed, Thomas W., II",2,6,200,1/23/19,1/3/21,0,5,2,1,1,HRES68,Ways and Means,13,23,NY,,,,,,,,,,
116,196,21167,"Kelly, Mike",2,7,200,1/23/19,1/3/21,0,4,2,1,1,HRES68,Ways and Means,14,3,PA,,,,,,,,,,
116,196,21349,"Holding, George E.B.",2,8,200,1/23/19,1/3/21,0,3,2,1,0,HRES68,Ways and Means,47,13,NC,"Retired, announced 12/6/2019",,,,,,,,,
116,196,21373,"Smith, Jason",2,9,200,1/23/19,1/3/21,0,3,2,1,1,HRES68,Ways and Means,34,8,MO,,,,,,,,,,
116,196,21359,"Rice, Tom",2,10,200,1/23/19,1/3/21,0,3,2,1,1,HRES68,Ways and Means,48,7,SC,,,,,,,,,,
116,196,21105,"Schweikert, David",2,11,200,1/23/19,1/3/21,0,2,2,1,1,HRES68,Ways and Means,61,6,AZ,,,,,,,,,,
116,196,21330,"Walorski, Jackie",2,12,200,1/23/19,1/3/21,0,2,2,1,1,HRES68,Ways and Means,22,2,IN,,,,,,,,,,
116,196,21562,"Lahood, Darin",2,13,200,1/23/19,1/3/21,0,2,2,1,1,HRES68,Ways and Means,21,18,IL,,,,,,,,,,
116,196,21351,"Wenstrup, Brad",2,14,200,1/23/19,1/3/21,0,2,2,1,1,HRES68,Ways and Means,24,2,OH,,,,,,,,,,
116,196,21700,"Arrington, Jodey Cook",2,15,200,1/23/19,1/3/21,0,1,2,1,1,HRES68,Ways and Means,49,19,TX,,,,,,,,,,
116,196,21717,"Ferguson, Anderson Drew IV",2,16,200,1/23/19,1/3/21,0,1,2,1,1,HRES68,Ways and Means,44,3,GA,,,,,,,,,,
116,196,21750,"Estes, Ron",2,17,200,1/23/19,1/3/21,0,1,2,1,1,HRES68,Ways and Means,32,2,KS,,,,,,,,,,
116,242,20104,"Schiff, Adam",1,1,100,1/16/19,1/3/21,11,3,2,1,1,H198,Intelligence (Select),71,28,CA,,,,,,,,,,
116,242,20907,"Himes, James A.",1,2,100,1/16/19,1/3/21,0,4,2,1,,H665,Intelligence (Select),1,4,CT,,,,,,,,,,
116,242,21102,"Sewell, Terri A.",1,3,100,1/16/19,1/3/21,0,4,2,1,,H665,Intelligence (Select),41,7,AL,,,,,,,,,,
116,242,20757,"Carson, Andre",1,4,100,1/16/19,1/3/21,0,3,2,1,1,H665,Intelligence (Select),22,7,IN,,,,,,,,,,
116,242,20762,"Speier, Karen Lorraine Jacqueline (Jackie)",1,5,100,1/16/19,1/3/21,0,3,2,1,,H665,Intelligence (Select),71,14,CA,,,,,,,,,,
116,242,20954,"Quigley, Mike",1,6,100,1/16/19,1/3/21,0,3,2,1,1,H665,Intelligence (Select),21,5,IL,,,,,,,,,,
116,242,21306,"Swalwell, Eric",1,7,100,1/16/19,1/3/21,0,3,2,1,1,H665,Intelligence (Select),71,15,CA,,,,,,,,,,
116,242,21362,"Castro, Joaquin",1,8,100,1/16/19,1/3/21,0,3,2,1,1,H665,Intelligence (Select),49,20,TX,,,,,,,,,,
116,242,21369,"Heck, Denny",1,9,100,1/16/19,1/3/21,0,2,2,1,0,H665,Intelligence (Select),73,10,WA,,,,,,,,,,
116,242,21344,"Maloney, Sean Patrick",1,10,100,1/16/19,1/3/21,0,1,2,1,,H665,Intelligence (Select),13,18,NY,,,,,,,,,,
116,242,21713,"Demings, Valdez V. (Val)",1,11,100,1/16/19,1/3/21,0,1,2,1,1,H665,Intelligence (Select),43,10,FL,,,,,,,,,,
116,242,21730,"Krishnamoorthi, Raja",1,12,100,1/16/19,1/3/21,0,1,2,1,,H665,Intelligence (Select),21,8,IL,,,,,,,,,,
116,242,20750,"Welch, Peter",1,13,100,1/17/19,1/3/21,0,1,2,1,1,H687,Intelligence (Select),6,1,VT,To rank immediately after Mr. Heck,,,,,,,,,
116,242,20307,"Nunes, Devin",2,1,200,1/16/19,1/3/21,21,5,2,1,1,H198,Intelligence (Select),71,22,CA,,,,,,,,,,
116,242,20531,"Conaway, K. Michael",2,2,200,1/16/19,1/3/21,0,6,2,1,0,H1321,Intelligence (Select),49,11,TX,Announced retirement at the end of 116th congress 7/30/2019,,,,,,,,,
116,242,20342,"Turner, Mike",2,3,200,1/16/19,1/3/21,0,3,2,1,,H1321,Intelligence (Select),24,3,OH,,,,,,,,,,
116,242,21351,"Wenstrup, Brad",2,4,200,1/16/19,1/3/21,0,3,2,1,1,H1321,Intelligence (Select),24,2,OH,,,,,,,,,,
116,242,21367,"Stewart, Chris",2,5,200,1/16/19,1/3/21,0,3,2,1,1,H1321,Intelligence (Select),67,2,UT,,,,,,,,,,
116,242,21106,"Crawford, Rick",2,6,200,1/16/19,1/3/21,0,2,2,1,1,H1321,Intelligence (Select),42,1,AR,,,,,,,,,,
116,242,21541,"Stefanik, Elise",2,7,200,1/16/19,1/3/21,0,2,2,1,1,H1321,Intelligence (Select),13,21,NY,,,,,,,,,,
116,242,21550,"Hurd, Will",2,8,200,1/16/19,1/3/21,0,2,2,1,0,H1321,Intelligence (Select),49,23,TX,Announced retirement at the end of 116th congress 8/1/2019,,,,,,,,,
116,242,21549,"Ratcliffe, John",2,9,200,1/16/19,1/3/21,0,1,2,6,0,H1321,Intelligence (Select),49,4,TX,"Resigned May 22, 2020 to become the Director of National Intelligence",,,,,,,,,
116,255,20708,"Castor, Kathy",1,1,100,3/4/19,1/3/21,11,1,2,1,1,H2319,Climate Crisis (select),43,14,FL,,,,,,,,,,
116,255,20932,"Luján, Ben Ray",1,2,100,3/4/19,1/3/21,0,1,2,1,0,H2319,Climate Crisis (select),66,3,NM,,,,,,,,,,
116,255,21198,"Bonamici, Suzanne",1,3,100,3/4/19,1/3/21,0,1,2,1,1,H2319,Climate Crisis (select),72,1,OR,,,,,,,,,,
116,255,21308,"Brownley, Julia",1,4,100,3/4/19,1/3/21,0,1,2,1,1,H2319,Climate Crisis (select),71,26,CA,,,,,,,,,,
116,255,21303,"Huffman, Jared",1,5,100,3/4/19,1/3/21,0,1,2,1,1,H2319,Climate Crisis (select),71,2,CA,,,,,,,,,,
116,255,21736,"McEachin, Aston D. (Donald)",1,6,100,3/4/19,1/3/21,0,1,2,1,1,H2319,Climate Crisis (select),40,4,VA,,,,,,,,,,
116,255,21939,"Levin, Mike",1,7,100,3/4/19,1/3/21,0,1,2,1,1,H2319,Climate Crisis (select),71,49,CA,,,,,,,,,,
116,255,21906,"Casten, Sean",1,8,100,3/4/19,1/3/21,0,1,2,1,,H2319,Climate Crisis (select),21,6,IL,,,,,,,,,,
116,255,21948,"Neguse, Joseph",1,9,100,3/4/19,1/3/21,0,1,2,1,1,H2319,Climate Crisis (select),62,2,CO,,,,,,,,,,
116,255,21523,"Graves, Garret",2,1,200,3/4/19,1/3/21,21,1,2,1,1,H2319,Climate Crisis (select),45,6,LA,,,,,,,,,,
116,255,21191,"Griffith, Morgan",2,2,200,3/4/19,1/3/21,0,1,2,1,,H2319,Climate Crisis (select),40,9,VA,,,,,,,,,,
116,255,21500,"Palmer, Gary James",2,3,200,3/4/19,1/3/21,0,1,2,1,1,H2319,Climate Crisis (select),41,6,AL,,,,,,,,,,
116,255,21513,"Carter, Buddy",2,4,200,3/4/19,1/3/21,0,1,2,1,1,H2319,Climate Crisis (select),44,1,GA,,,,,,,,,,
116,255,21946,"Miller, Carol",2,5,200,3/4/19,1/3/21,0,1,2,1,1,H2319,Climate Crisis (select),56,3,WV,,,,,,,,,,
116,255,21901,"Armstrong, Kelly",2,6,200,3/4/19,1/3/21,0,1,2,1,,H2319,Climate Crisis (select),36,1,ND,,,,,,,,,,
116,256,21368,"Kilmer, Derek",1,1,100,1/29/19,1/3/21,12,1,2,1,1,H1280,Modernization of Congress (select),73,6,WA,,,,,,,,,,
116,256,20517,"Cleaver, Emanuel",1,2,100,1/29/19,1/3/21,0,1,2,1,1,H1280,Modernization of Congress (select),34,5,MO,,,,,,,,,,
116,256,31101,"Delbene, Suzan K.",1,3,100,1/29/19,1/3/21,0,1,2,1,2,H1280,Modernization of Congress (select),73,1,WA,,,,,,,,,,
116,256,29504,"Lofgren, Zoe",1,4,100,1/29/19,1/3/21,0,1,2,1,1,H1280,Modernization of Congress (select),71,19,CA,,,,,,,,,,
116,256,21370,"Pocan, Mark",1,5,100,1/29/19,1/3/21,0,1,2,1,2,H1280,Modernization of Congress (select),25,2,WI,,,,,,,,,,
116,256,21762,"Scanlon, Mary Gay",1,6,100,1/29/19,1/3/21,0,1,2,1,2,H1280,Modernization of Congress (select),14,5,PA,,,,,,,,,,
116,256,20962,"Graves, Tom",2,1,200,2/8/19,10/4/20,13,1,2,8,0,H1490,Modernization of Congress (select),44,14,GA,"Announced retirement early, effective october 4th",,,,,,,,,
116,256,21122,"Woodall, Robert",2,2,200,2/8/19,1/3/21,0,1,2,1,0,H1490,Modernization of Congress (select),44,7,GA,,,,,,,,,,
116,256,21331,"Brooks, Susan",2,3,200,2/8/19,1/3/21,0,1,2,1,0,H1490,Modernization of Congress (select),22,5,IN,Announced retirement at end of 116th congress 6/14/2019,,,,,,,,,
116,256,21328,"Davis, Rodney",2,4,200,2/8/19,1/3/21,0,1,2,1,1,H1490,Modernization of Congress (select),21,13,IL,,,,,,,,,,
116,256,21556,"Newhouse, Dan",2,5,200,2/8/19,1/3/21,0,1,2,1,2,H1490,Modernization of Congress (select),73,4,WA,,,,,,,,,,
116,256,21974,"Timmons, William",2,6,200,2/8/19,1/3/21,0,1,2,1,1,H1490,Modernization of Congress (select),48,4,SC,,,,,,,,,,
116,550,15616,"Neal, Richard Edmund",1,1,100,2/23/18,,0,1,2,,,H1224,"Solvency of Multiemployer Pension Plans (Joint, Select)",3,1,MA,,,,,,,,,,
116,550,39307,"Scott, Robert C.",1,2,100,2/23/18,,0,1,2,,,H1224,"Solvency of Multiemployer Pension Plans (Joint, Select)",40,3,VA,,,,,,,,,,
116,550,21536,"Norcross, Donald",1,3,100,2/23/18,,0,1,2,,,H1224,"Solvency of Multiemployer Pension Plans (Joint, Select)",12,1,NJ,,,,,,,,,,
116,550,21529,"Dingell, Debbie",1,4,100,2/23/18,,0,1,2,,,H1224,"Solvency of Multiemployer Pension Plans (Joint, Select)",23,12,MI,,,,,,,,,,
116,550,20521,"Foxx, Virginia Ann",2,1,200,2/23/18,,0,1,2,,,H1224,"Solvency of Multiemployer Pension Plans (Joint, Select)",47,5,NC,,,,,,,,,,
116,550,20947,"Roe, David P. (Phil)",2,2,200,2/23/18,,0,1,2,,,H1224,"Solvency of Multiemployer Pension Plans (Joint, Select)",54,1,TN,,,,,,,,,,
116,550,20709,"Buchanan, Vernon G.",2,3,200,2/23/18,,0,1,2,,,H1224,"Solvency of Multiemployer Pension Plans (Joint, Select)",43,16,FL,,,,,,,,,,
116,550,21105,"Schweikert, David",2,4,200,2/23/18,,0,1,2,,,H1224,"Solvency of Multiemployer Pension Plans (Joint, Select)",61,6,AZ,,,,,,,,,,
116,507,29379,"Maloney, Carolyn B.",1,1,100,1/10/19,1/3/21,13,10,2,1,2,H440,Economic (Joint),13,12,NY,,,,,,,,,,
116,507,21554,"Beyer, Donald Sternoff Jr.",1,2,100,2/14/19,1/3/21,0,3,2,1,1,H2007,Economic (Joint),40,8,VA,,,,,,,,,,
116,507,21369,"Heck, Denny",1,3,100,2/14/19,1/3/21,0,1,2,1,0,H2007,Economic (Joint),73,10,WA,,,,,,,,,,
116,507,21978,"Trone, David",1,4,100,2/14/19,1/3/21,0,1,2,1,1,H2007,Economic (Joint),52,6,MD,,,,,,,,,,
116,507,21352,"Beatty, Joyce",1,5,100,2/14/19,1/3/21,0,1,2,1,1,H2007,Economic (Joint),24,3,OH,,,,,,,,,,
116,507,21321,"Frankel, Lois",1,6,100,2/14/19,1/3/21,0,1,2,1,2,H2007,Economic (Joint),43,21,FL,,,,,,,,,,
116,507,21105,"Schweikert, David",2,1,200,3/18/19,1/3/21,0,3,2,1,1,H2750,Economic (Joint),61,6,AZ,,,,,,,,,,
116,507,21562,"Lahood, Darin",2,2,200,3/18/19,1/3/21,0,2,2,1,1,H2750,Economic (Joint),21,18,IL,,,,,,,,,,
116,507,20532,"Marchant, Kenny",2,3,200,3/18/19,1/3/21,0,1,2,1,0,H2750,Economic (Joint),49,24,TX,Announced retirement at end of 116th congress 8/5/2019,,,,,,,,,
116,507,21187,"Herrera Beutler, Jaime",2,4,200,3/18/19,1/3/21,0,1,2,1,1,H2750,Economic (Joint),73,3,WA,,,,,,,,,,
116,500,29504,"Lofgren, Zoe",1,1,100,4/9/19,1/3/21,12,8,2,1,,H3169,Library (Joint),71,19,CA,,,,,,,,,,
116,500,20340,"Butterfield, George Kenneth, Jr. (G.K.)",1,2,100,4/9/19,1/3/21,0,1,2,1,,H3169,Library (Joint),47,1,NC,,,,,,,,,,
116,500,20343,"Ryan, Timothy J.",1,3,100,Unknown,1/3/21,0,1,2,1,,House Clerk,Library (Joint),24,13,OH,,,,,,,,,,
116,500,21328,"Davis, Rodney",2,1,200,4/9/19,1/3/21,21,1,2,1,,H3169,Library (Joint),21,13,IL,,,,,,,,,,
116,500,21543,"Walker, Mark",2,2,200,Unknown,1/3/21,0,1,2,1,0,House Clerk,Library (Joint),47,6,NC,Announced retirement at end of 116th congress 12/16/2019,,,,,,,,,
116,501,29504,"Lofgren, Zoe",1,1,100,4/9/19,1/3/21,12,1,2,1,,H3169,Printing (Joint),71,19,CA,,,,,,,,,,
116,501,21741,"Raskin, Jamin B. (Jamie)",1,2,100,4/9/19,1/3/21,13,3,2,1,,H226,Printing (Joint),52,8,MD,,,,,,,,,,
116,501,20108,"Davis, Susan",1,3,100,4/9/19,1/3/21,0,1,4,1,0,H226,Printing (Joint),71,53,CA,Announced retirment at end of 116th congress,,,,,,,,,
116,501,20340,"Butterfield, George Kenneth, Jr. (G.K.)",1,4,100,4/9/19,1/3/21,0,1,2,1,,H3169,Printing (Joint),47,1,NC,,,,,,,,,,
116,501,20941,"Fudge, Marcia",1,5,100,Unknown,1/3/21,0,1,2,1,3,House Clerk,Printing (Joint),24,11,OH,"On December 10, 2020, President Biden announced his plan to nominate Fudge for Secretary of Housing and Urban Development",,,,,,,,,
116,501,21506,"Aguilar, Peter Rey",1,6,100,Unknown,1/3/21,0,1,2,1,,House Clerk,Printing (Joint),71,31,CA,,,,,,,,,,
116,501,21328,"Davis, Rodney",2,1,200,4/9/19,1/3/21,21,4,2,1,,H3169,Printing (Joint),21,13,IL,,,,,,,,,,
116,501,21543,"Walker, Mark",2,2,200,Unknown,1/3/21,0,3,2,1,0,House Clerk,Printing (Joint),47,6,NC,Announced retirement at end of 116th congress 12/16/2019,,,,,,,,,
116,501,21515,"Loudermilk, Barry",2,3,200,4/9/19,1/3/21,0,1,2,1,,H3169,Printing (Joint),44,11,GA,,,,,,,,,,
116,503,15616,"Neal, Richard E.",1,1,100,Unknown,1/3/21,12,2,2,1,,House Clerk,Taxation (Joint),3,1,MA,,,,,,,,,,
116,503,15431,"Lewis, John R.",1,2,100,Unknown,1/3/21,0,2,2,8,0,House Clerk,Taxation (Joint),44,5,GA,"Died July 17, 2020. ",,,,,,,,,
116,503,29571,"Doggett, Lloyd",1,3,100,Unknown,1/3/21,0,1,2,1,,House Clerk,Taxation (Joint),49,35,TX,,,,,,,,,,
116,503,29760,"Brady, Kevin",2,1,200,Unknown,1/3/21,21,4,2,1,,House Clerk,Taxation (Joint),49,8,TX,,,,,,,,,,
116,503,20307,"Nunes, Devin",2,2,200,Unknown,1/3/21,0,3,2,1,,House Clerk,Taxation (Joint),71,22,CA,,,,,,,,,,
117,102,20321,"Scott, David",1,1,100,1/4/21,,11,11,2,,,HRES9,Agriculture,44,13,GA,,,,,,,,,,
117,102,20501,"Costa, Jim",1,2,100,1/28/21,,0,9,2,,,HRES62,Agriculture,71,16,CA,,,,,,,,,,
117,102,29729,"McGovern, Jim",1,3,100,1/28/21,,0,6,2,,,HRES62,Agriculture,3,2,MA,,,,,,,,,,
117,102,21366,"Vela, Filemon",1,4,100,1/28/21,,0,5,2,,,HRES62,Agriculture,49,34,TX,,,,,,,,,,
117,102,21545,"Adams, Alma",1,5,100,1/28/21,,0,4,2,,,HRES62,Agriculture,44,12,NC,,,,,,,,,,
117,102,21966,"Spanberger, Abigail",1,6,100,1/28/21,,0,2,2,,,HRES62,Agriculture,40,7,VA,,,,,,,,,,
117,102,21931,"Hayes, Jahana",1,7,100,1/28/21,,0,2,2,,,HRES62,Agriculture,1,5,CT,,,,,,,,,,
117,102,21916,"Delgado, Antonio",1,8,100,1/28/21,,0,2,2,,,HRES62,Agriculture,13,19,NY,,,,,,,,,,
117,102,29346,"Rush, Bobby L.",1,9,100,1/28/21,,0,1,2,,,HRES62,Agriculture,21,1,IL,,,,,,,,,,
117,102,20920,"Pingree, Chellie",1,10,100,1/28/21,,0,2,2,,,HRES62,Agriculture,2,1,ME,,,,,,,,,,
117,102,70810,"Sablan, Gregorio",1,11,328,1/28/21,,0,1,2,,,HRES62,Agriculture,95,79,MP,,,,,,,,,,
117,102,21340,"Kuster, Ann McLane",1,12,100,1/28/21,,0,1,4,,,HRES62,Agriculture,4,2,NH,,,,,,,,,,
117,102,21329,"Bustos, Cheri",1,13,100,1/28/21,,0,5,2,,,HRES62,Agriculture,21,17,IL,,,,,,,,,,
117,102,21344,"Maloney, Sean Patrick",1,14,100,1/28/21,,0,5,2,,,HRES62,Agriculture,13,18,NY,,,,,,,,,,
117,102,70502,"Plaskett, Stacey",1,15,100,1/28/21,,0,4,2,,,HRES62,Agriculture,93,1,VI,,,,,,,,,,
117,102,21739,"O'Halleran, Tom",1,16,100,1/28/21,,0,3,2,,,HRES62,Agriculture,51,1,AZ,,,,,,,,,,
117,102,21709,"Carbajal, Salud",1,17,100,1/28/21,,0,2,2,,,HRES62,Agriculture,71,24,CA,,,,,,,,,,
117,102,21728,"Khanna, Rohit (Ro)",1,18,100,1/28/21,,0,1,2,,,HRES62,Agriculture,71,17,CA,,,,,,,,,,
117,102,21732,"Lawson Jr., Alfred (Al)",1,19,100,1/28/21,,0,3,2,,,HRES62,Agriculture,43,5,FL,,,,,,,,,,
117,102,21711,"Correa, Jose Luis (Lou)",1,20,100,1/28/21,,0,1,2,,,HRES62,Agriculture,71,46,CA,,,,,,,,,,
117,102,21910,"Craig, Angela",1,21,100,1/28/21,,0,2,2,,,HRES62,Agriculture,33,2,MN,,,,,,,,,,
117,102,21930,"Harder, Josh",1,22,100,1/28/21,,0,2,2,,,HRES62,Agriculture,71,10,CA,,,,,,,,,,
117,102,21902,"Axne, Cynthia",1,23,100,1/28/21,,0,2,2,,,HRES62,Agriculture,31,3,IA,,,,,,,,,,
117,102,21962,"Schrier, Kim",1,24,100,1/28/21,,0,2,2,,,HRES62,Agriculture,73,8,WA,,,,,,,,,,
117,102,21740,"Panetta, James V. (Jimmy)",1,25,100,2/3/21,,0,3,2,,,HRES92,Agriculture,71,21,CA,,,,,,,,,,
117,102,20902,"Kirkpatrick, Ann",1,26,100,2/24/21,,0,2,4,,,HRES154,Agriculture,61,2,AZ,,,,,,,,,,
117,102,29339,"Bishop, Sanford D., Jr.",1,27,100,3/17/21,,0,1,4,,,HRES244,Agriculture,44,2,GA,,,,,,,,,,
117,102,20946,"Thompson, Glenn",2,1,200,1/4/21,,0,7,2,,,HRES10,Agriculture,14,5,PA,,,,,,,,,,
117,102,21123,"Scott, Austin",2,2,200,1/28/21,,0,6,2,,,HRES63,Agriculture,44,8,GA,,,,,,,,,,
117,102,21106,"Crawford, Rick",2,3,200,1/28/21,,0,6,2,,,HRES63,Agriculture,42,1,AR,,,,,,,,,,
117,102,21179,"DesJarlais, Scott",2,4,200,1/28/21,,0,6,2,,,HRES63,Agriculture,54,4,TN,,,,,,,,,,
117,102,21149,"Hartzler, Vicky",2,5,200,1/28/21,,0,6,2,,,HRES63,Agriculture,34,4,MO,,,,,,,,,,
117,102,21302,"La Malfa, Doug",2,6,200,1/28/21,,0,6,2,,,HRES63,Agriculture,71,1,CA,,,,,,,,,,
117,102,21328,"Davis, Rodney",2,7,200,1/28/21,,0,6,2,,,HRES63,Agriculture,21,13,IL,,,,,,,,,,
117,102,21516,"Allen, Rick",2,8,200,1/28/21,,0,4,2,,,HRES63,Agriculture,44,12,GA,,,,,,,,,,
117,102,21544,"Rouzer, David",2,9,200,1/28/21,,0,4,2,,,HRES63,Agriculture,47,7,NC,,,,,,,,,,
117,102,21561,"Kelly, Trent",2,10,200,1/28/21,,0,4,2,,,HRES63,Agriculture,46,1,MS,,,,,,,,,,
117,102,21701,"Bacon, Donald J. (Don)",2,11,200,1/28/21,,0,3,2,,,HRES63,Agriculture,35,2,NE,,,,,,,,,,
117,102,21935,"Johnson, Dustin",2,12,200,1/28/21,,0,2,2,,,HRES63,Agriculture,37,1,SD,,,,,,,,,,
117,102,21903,"Baird, James",2,13,200,1/28/21,,0,2,2,,,HRES63,Agriculture,22,4,IN,,,,,,,,,,
117,102,21929,"Hagedorn, Jim",2,14,200,1/28/21,,0,2,2,,,HRES63,Agriculture,33,1,MN,,,,,,,,,,
117,102,21990,"Jacobs, Chris",2,15,200,1/28/21,,0,2,2,,,HRES63,Agriculture,13,27,NY,,,,,,,,,,
117,102,21759,"Balderson, Troy",2,16,200,1/28/21,,0,2,2,,,HRES63,Agriculture,24,12,OH,,,,,,,,,,
117,102,21758,"Cloud, Michael",2,17,200,1/28/21,,0,1,2,,,HRES63,Agriculture,49,27,TX,,,,,,,,,,
117,102,22134,"Mann, Tracey",2,18,200,1/28/21,,0,1,2,,,HRES63,Agriculture,32,1,KS,,,,,,,,,,
117,102,22113,"Feenstra, Randy",2,19,200,1/28/21,,0,1,2,,,HRES63,Agriculture,31,4,IA,,,,,,,,,,
117,102,22138,"Miller, Mary",2,20,200,1/28/21,,0,1,2,,,HRES63,Agriculture,21,15,IL,,,,,,,,,,
117,102,22140,"Moore, Barry",2,21,200,1/28/21,,0,1,2,,,HRES63,Agriculture,41,2,AL,,,,,,,,,,
117,102,22107,"Cammack, Kat",2,22,200,1/28/21,,0,1,2,,,HRES63,Agriculture,43,3,FL,,,,,,,,,,
117,102,22114,"Fischbach, Michelle",2,23,200,1/28/21,,0,1,2,,,HRES63,Agriculture,33,7,MN,,,,,,,,,,
117,102,22157,"Letlow, Julia",2,24,200,4/14/21,,0,1,2,,,HRES311,Agriculture,45,5,LA,,,,,,,,,,
117,104,29109,"DeLauro, Rosa",1,1,100,1/4/21,,11,13,4,,,HRES9,Appropriations,1,3,CT,,,,,,,,,,
117,104,15029,"Kaptur, Marcy",1,2,100,1/28/21,,0,17,2,,,HRES62,Appropriations,24,9,OH,,,,,,,,,,
117,104,15438,"Price, David E.",1,3,100,1/28/21,,0,13,4,,,HRES62,Appropriations,47,4,NC,,,,,,,,,,
117,104,29317,"Roybal-Allard, Lucille",1,4,100,1/28/21,,0,12,2,,,HRES62,Appropriations,71,40,CA,,,,,,,,,,
117,104,29339,"Bishop, Sanford D., Jr.",1,5,100,1/28/21,,0,10,2,,,HRES62,Appropriations,44,2,GA,,,,,,,,,,
117,104,29778,"Lee, Barbara",1,6,100,1/28/21,,0,8,2,,,HRES62,Appropriations,71,13,CA,,,,,,,,,,
117,104,20122,"McCollum, Betty",1,7,100,1/28/21,,0,8,2,,,HRES62,Appropriations,33,4,MN,,,,,,,,,,
117,104,20343,"Ryan, Timothy J.",1,8,100,1/28/21,,0,5,2,,,HRES62,Appropriations,24,13,OH,,,,,,,,,,
117,104,20329,"Ruppersberger, C.A. Dutch",1,9,100,1/28/21,,0,5,2,,,HRES62,Appropriations,52,2,MD,,,,,,,,,,
117,104,20504,"Wasserman Schultz, Debbie",1,10,100,1/28/21,,0,5,2,,,HRES62,Appropriations,43,20,FL,,,,,,,,,,
117,104,20533,"Cuellar, Henry",1,11,100,1/28/21,,0,5,2,,,HRES62,Appropriations,49,28,TX,,,,,,,,,,
117,104,20920,"Pingree, Chellie",1,12,100,1/28/21,,0,5,2,,,HRES62,Appropriations,2,1,ME,,,,,,,,,,
117,104,20954,"Quigley, Mike",1,13,100,1/28/21,,0,5,2,,,HRES62,Appropriations,21,5,IL,,,,,,,,,,
117,104,21368,"Kilmer, Derek",1,14,100,1/28/21,,0,4,2,,,HRES62,Appropriations,73,6,WA,,,,,,,,,,
117,104,21358,"Cartwright, Matthew",1,15,100,1/28/21,,0,4,2,,,HRES62,Appropriations,14,17,PA,,,,,,,,,,
117,104,21342,"Meng, Grace",1,16,100,1/28/21,,0,3,2,,,HRES62,Appropriations,13,6,NY,,,,,,,,,,
117,104,21370,"Pocan, Mark",1,17,100,1/28/21,,0,2,2,,,HRES62,Appropriations,25,2,WI,,,,,,,,,,
117,104,21375,"Clark, Katherine Marlea",1,18,100,1/28/21,,0,3,2,,,HRES62,Appropriations,3,5,MA,,,,,,,,,,
117,104,21506,"Aguilar, Peter Rey",1,19,100,1/28/21,,0,3,2,,,HRES62,Appropriations,71,31,CA,,,,,,,,,,
117,104,21321,"Frankel, Lois",1,20,100,1/28/21,,0,2,2,,,HRES62,Appropriations,43,21,FL,,,,,,,,,,
117,104,21329,"Bustos, Cheri",1,21,100,1/28/21,,0,2,2,,,HRES62,Appropriations,21,17,IL,,,,,,,,,,
117,104,21538,"Watson Coleman, Bonnie",1,22,100,1/28/21,,0,2,2,,,HRES62,Appropriations,12,12,NJ,,,,,,,,,,
117,104,21530,"Lawrence, Brenda",1,23,100,1/28/21,,0,2,2,,,HRES62,Appropriations,23,14,MI,,,,,,,,,,
117,104,21508,"Torres, Norma",1,24,100,1/28/21,,0,2,2,,,HRES62,Appropriations,71,35,CA,,,,,,,,,,
117,104,21712,"Crist, Charles J. (Charlie)",1,25,100,1/28/21,,0,2,2,,,HRES62,Appropriations,43,13,FL,,,,,,,,,,
117,104,20902,"Kirkpatrick, Ann",1,26,100,1/28/21,,0,2,2,,,HRES62,Appropriations,61,2,AZ,,,,,,,,,,
117,104,20322,"Case, Ed",1,27,100,1/28/21,,0,2,2,,,HRES62,Appropriations,82,1,HI,,,,,,,,,,
117,104,21715,"Espaillat Cabral, Adriano",1,28,100,1/28/21,,0,1,2,,,HRES62,Appropriations,13,13,NY,,,,,,,,,,
117,104,21930,"Harder, Josh",1,29,100,1/28/21,,0,1,2,,,HRES62,Appropriations,71,10,CA,,,,,,,,,,
117,104,21983,"Wexton, Jennifer",1,30,100,1/28/21,,0,1,2,,,HRES62,Appropriations,40,10,VA,,,,,,,,,,
117,104,21978,"Trone, David",1,31,100,1/28/21,,0,1,2,,,HRES62,Appropriations,52,6,MD,,,,,,,,,,
117,104,21979,"Underwood, Lauren",1,32,100,1/28/21,,0,1,2,,,HRES62,Appropriations,21,14,IL,,,,,,,,,,
117,104,21938,"Lee, Susie",1,33,100,1/28/21,,0,1,2,,,HRES62,Appropriations,65,3,NV,,,,,,,,,,
117,104,29762,"Granger, Kay",2,1,200,1/4/21,,21,11,2,,,HRES10,Appropriations,49,12,TX,,,,,,,,,,
117,104,14854,"Rogers, Harold",2,2,200,1/28/21,,0,20,2,,,HRES63,Appropriations,51,5,KY,,,,,,,,,,
117,104,29701,"Aderholt, Robert",2,3,200,1/28/21,,0,13,2,,,HRES63,Appropriations,41,4,AL,,,,,,,,,,
117,104,29910,"Simpson, Michael K.",2,4,200,1/28/21,,0,10,2,,,HRES63,Appropriations,63,2,ID,,,,,,,,,,
117,104,20356,"Carter, John R",2,5,200,1/28/21,,0,9,2,,,HRES63,Appropriations,49,31,TX,,,,,,,,,,
117,104,29323,"Calvert, Ken",2,6,200,1/28/21,,0,7,2,,,HRES63,Appropriations,71,42,CA,,,,,,,,,,
117,104,20344,"Cole, Tom",2,7,200,1/28/21,,0,6,2,,,HRES63,Appropriations,53,4,OK,,,,,,,,,,
117,104,20316,"Diaz-Balart, Mario",2,8,200,1/28/21,,0,6,2,,,HRES63,Appropriations,25,43,FL,,,,,,,,,,
117,104,21108,"Womack, Steve",2,9,200,1/28/21,,0,6,2,,,HRES63,Appropriations,3,42,AR,,,,,,,,,,
117,104,20518,"Fortenberry, Jeff",2,10,200,1/28/21,,0,5,2,,,HRES63,Appropriations,35,1,NE,,,,,,,,,,
117,104,21178,"Fleischmann, Chuck",2,11,200,1/28/21,,0,5,2,,,HRES63,Appropriations,54,3,TN,,,,,,,,,,
117,104,21187,"Herrera Beutler, Jaime",2,12,200,1/28/21,,0,5,2,,,HRES63,Appropriations,73,3,WA,,,,,,,,,,
117,104,21353,"Joyce, David P.",2,13,200,1/28/21,,0,5,2,,,HRES63,Appropriations,24,14,OH,,,,,,,,,,
117,104,21139,"Harris, Andy",2,14,200,1/28/21,,0,5,2,,,HRES63,Appropriations,52,1,MD,,,,,,,,,,
117,104,21196,"Amodei, Mark E.",2,15,200,1/28/21,,0,5,2,,,HRES63,Appropriations,65,2,NV,,,,,,,,,,
117,104,21367,"Stewart, Chris",2,16,200,1/28/21,,0,5,2,,,HRES63,Appropriations,67,2,UT,,,,,,,,,,
117,104,21148,"Palazzo, Steven",2,17,200,1/28/21,,0,4,2,,,HRES63,Appropriations,49,4,MS,,,,,,,,,,
117,104,21307,"Valadao, David",2,18,200,1/28/21,,0,1,2,,,HRES63,Appropriations,71,21,CA,,,,,,,,,,
117,104,21556,"Newhouse, Dan",2,19,200,1/28/21,,0,2,2,,,HRES63,Appropriations,73,4,WA,,,,,,,,,,
117,104,21526,"Moolenaar, John",2,20,200,1/28/21,,0,2,2,,,HRES63,Appropriations,23,4,MI,,,,,,,,,,
117,104,21744,"Rutherford, John H.",2,21,200,1/28/21,,0,2,2,,,HRES63,Appropriations,43,4,FL,,,,,,,,,,
117,104,21908,"Cline, Benjamin",2,22,200,1/28/21,,0,1,2,,,HRES63,Appropriations,40,6,VA,,,,,,,,,,
117,104,21956,"Reschenthaler, Guy",2,23,200,1/28/21,,0,1,2,,,HRES63,Appropriations,14,14,PA,,,,,,,,,,
117,104,21988,"Garcia, Mike",2,24,200,1/28/21,,0,1,2,,,HRES63,Appropriations,71,25,CA,,,,,,,,,,
117,104,22124,"Hinson, Ashley",2,25,200,1/28/21,,0,1,2,,,HRES63,Appropriations,31,1,IA,,,,,,,,,,
117,104,22119,"Gonzales, Tony",2,26,200,1/28/21,,0,1,2,,,HRES63,Appropriations,49,23,TX,,,,,,,,,,
117,106,29768,"Smith, Adam",1,1,100,1/4/21,,11,13,2,,,HRES9,Armed Services,73,9,WA,,,,,,,,,,
117,106,20136,"Langevin, James",1,2,100,1/28/21,,0,8,4,,,HRES62,Armed Services,5,2,RI,,,,,,,,,,
117,106,20145,"Larsen, Rick",1,3,100,1/28/21,,0,11,2,,,HRES62,Armed Services,73,2,WA,,,,,,,,,,
117,106,15019,"Cooper, Jim",1,4,100,1/28/21,,0,10,2,,,HRES62,Armed Services,54,5,TN,,,,,,,,,,
117,106,20706,"Courtney, Joe",1,5,100,1/28/21,,0,8,2,,,HRES62,Armed Services,1,2,CT,,,,,,,,,,
117,106,20958,"Garamendi, John J.",1,6,100,1/28/21,,0,7,2,,,HRES62,Armed Services,71,3,CA,,,,,,,,,,
117,106,20762,"Speier, Karen Lorraine Jacqueline (Jackie)",1,7,100,1/28/21,,0,6,2,,,HRES62,Armed Services,71,14,CA,,,,,,,,,,
117,106,21536,"Norcross, Donald",1,8,100,1/28/21,,0,4,2,,,HRES62,Armed Services,12,1,NJ,,,,,,,,,,
117,106,21502,"Gallego, Ruben",1,9,100,1/28/21,,0,4,2,,,HRES62,Armed Services,61,7,AZ,,,,,,,,,,
117,106,21525,"Moulton, Seth",1,10,100,1/28/21,,0,4,2,,,HRES62,Armed Services,3,6,MA,,,,,,,,,,
117,106,21709,"Carbajal, Salud",1,11,100,1/28/21,,0,3,2,,,HRES62,Armed Services,71,24,CA,,,,,,,,,,
117,106,21707,"Brown, Anthony G.",1,12,100,1/28/21,,0,3,2,,,HRES62,Armed Services,52,4,MD,,,,,,,,,,
117,106,21728,"Khanna, Rohit (Ro)",1,13,100,1/28/21,,0,3,2,,,HRES62,Armed Services,71,17,CA,,,,,,,,,,
117,106,21140,"Keating, William",1,14,100,1/28/21,,0,2,2,,,HRES62,Armed Services,3,9,MA,,,,,,,,,,
117,106,21366,"Vela, Filemon",1,15,100,1/28/21,,0,2,2,,,HRES62,Armed Services,49,34,TX,,,,,,,,,,
117,106,21937,"Kim, Andy",1,16,100,1/28/21,,0,2,2,,,HRES62,Armed Services,12,3,NJ,,,,,,,,,,
117,106,21934,"Houlahan, Christina",1,17,100,1/28/21,,0,2,2,,,HRES62,Armed Services,14,6,PA,,,,,,,,,,
117,106,21912,"Crow, Jason",1,18,100,1/28/21,,0,2,2,,,HRES62,Armed Services,62,6,CO,,,,,,,,,,
117,106,21965,"Slotkin, Elissa",1,19,100,1/28/21,,0,2,2,,,HRES62,Armed Services,23,8,MI,,,,,,,,,,
117,106,21964,"Sherrill, Mikie",1,20,100,1/28/21,,0,2,2,,,HRES62,Armed Services,12,11,NJ,,,,,,,,,,
117,106,21917,"Escobar, Veronica",1,21,100,1/28/21,,0,2,2,,,HRES62,Armed Services,49,16,TX,,,,,,,,,,
117,106,21923,"Golden, Jared",1,22,100,1/28/21,,0,2,2,,,HRES62,Armed Services,2,2,ME,,,,,,,,,,
117,106,21941,"Luria, Elaine",1,23,100,1/28/21,,0,2,2,,,HRES62,Armed Services,40,2,VA,,,,,,,,,,
117,106,21761,"Morelle, Joseph",1,24,100,1/28/21,,0,1,2,,,HRES62,Armed Services,13,25,NY,,,,,,,,,,
117,106,22126,"Jacobs, Sara",1,25,100,1/28/21,,0,1,2,,,HRES62,Armed Services,71,53,CA,,,,,,,,,,
117,106,22128,"Kahele, Kaiali'i ",1,26,100,1/28/21,,0,1,2,,,HRES62,Armed Services,82,2,HI,,,,,,,,,,
117,106,22153,"Strickland, Marilyn",1,27,100,1/28/21,,0,1,2,,,HRES62,Armed Services,73,10,WA,,,,,,,,,,
117,106,21365,"Veasey, Marc",1,28,100,1/28/21,,0,1,2,,,HRES62,Armed Services,49,33,TX,,,,,,,,,,
117,106,21740,"Panetta, James V. (Jimmy)",1,29,100,1/28/21,,0,1,2,,,HRES62,Armed Services,71,20,CA,,,,,,,,,,
117,106,21738,"Murphy, Stephanie",1,30,100,1/28/21,,0,1,2,,,HRES62,Armed Services,43,7,FL,,,,,,,,,,
117,106,,[vacant],,,100,,,,,,,,,Armed Services,,,,,,,,,,,,,
117,106,20301,"Rogers, Mike Dennis",2,1,200,1/4/21,,11,4,2,,,HRES10,Armed Services,41,3,AL,,,,,,,,,,
117,106,20138,"Wilson, Addison G. (Joe)",2,2,200,1/28/21,,0,11,2,,,HRES63,Armed Services,48,2,SC,,,,,,,,,,
117,106,20342,"Turner, Mike",2,3,200,1/28/21,,0,10,2,,,HRES63,Armed Services,24,10,OH,,,,,,,,,,
117,106,20704,"Lamborn, Doug",2,4,200,1/28/21,,0,8,2,,,HRES63,Armed Services,62,5,CO,,,,,,,,,,
117,106,20756,"Wittman, Robert J.",2,5,200,1/28/21,,0,8,2,,,HRES63,Armed Services,40,1,VA,,,,,,,,,,
117,106,21149,"Hartzler, Vicky",2,6,200,1/28/21,,0,6,2,,,HRES63,Armed Services,34,4,MO,,,,,,,,,,
117,106,21123,"Scott, Austin",2,7,200,1/28/21,,0,6,2,,,HRES63,Armed Services,44,8,GA,,,,,,,,,,
117,106,21193,"Brooks, Mo",2,8,200,1/28/21,,0,6,2,,,HRES63,Armed Services,41,5,AL,,,,,,,,,,
117,106,20124,"Graves, Samuel",2,9,200,1/28/21,,0,4,2,,,HRES63,Armed Services,34,6,MO,,,,,,,,,,
117,106,21541,"Stefanik, Elise",2,10,200,1/28/21,,0,4,2,,,HRES63,Armed Services,13,21,NY,,,,,,,,,,
117,106,21179,"DesJarlais, Scott",2,11,200,1/28/21,,0,3,2,,,HRES63,Armed Services,54,4,TN,,,,,,,,,,
117,106,21561,"Kelly, Trent",2,12,200,1/28/21,,0,3,2,,,HRES63,Armed Services,46,1,MS,,,,,,,,,,
117,106,21720,"Gallagher, Michael (Mike)",2,13,200,1/28/21,,0,3,2,,,HRES63,Armed Services,25,8,WI,,,,,,,,,,
117,106,21719,"Gaetz, Matthew (Matt)",2,14,200,1/28/21,,0,3,2,,,HRES63,Armed Services,43,1,FL,,,,,,,,,,
117,106,21701,"Bacon, Donald J. (Don)",2,15,200,1/28/21,,0,3,2,,,HRES63,Armed Services,35,2,NE,,,,,,,,,,
117,106,21702,"Banks, James E. (Jim)",2,16,200,1/28/21,,0,3,2,,,HRES63,Armed Services,22,3,IN,,,,,,,,,,
117,106,21710,"Cheney, Elizabeth L. (Liz)",2,17,200,1/28/21,,0,3,2,,,HRES63,Armed Services,68,1,WY,,,,,,,,,,
117,106,21704,"Bergman, John W. (Jack)",2,18,200,1/28/21,,0,2,2,,,HRES63,Armed Services,23,1,MI,,,,,,,,,,
117,106,21981,"Waltz, Michael",2,19,200,1/28/21,,0,2,2,,,HRES63,Armed Services,43,6,FL,,,,,,,,,,
117,106,21727,"Johnson, James M. (Mike)",2,20,200,1/28/21,,0,1,2,,,HRES63,Armed Services,45,4,LA,,,,,,,,,,
117,106,21926,"Green, Mark",2,21,200,1/28/21,,0,1,2,,,HRES63,Armed Services,54,7,TN,,,,,,,,,,
117,106,22102,"Bice, Stephanie",2,22,200,1/28/21,,0,1,2,,,HRES63,Armed Services,53,5,OK,,,,,,,,,,
117,106,22116,"Franklin, C. Scott",2,23,200,1/28/21,,0,1,2,,,HRES63,Armed Services,43,15,FL,,,,,,,,,,
117,106,22136,"McClain, Lisa",2,24,200,1/28/21,,0,1,2,,,HRES63,Armed Services,23,10,MI,,,,,,,,,,
117,106,22125,"Jackson, Ronny",2,25,200,1/28/21,,0,1,2,,,HRES63,Armed Services,49,13,TX,,,,,,,,,,
117,106,22108,"Carl, Jerry",2,26,200,1/28/21,,0,1,2,,,HRES63,Armed Services,41,1,AL,,,,,,,,,,
117,106,20357,"Moore, Blake",2,27,200,1/28/21,,0,1,2,,,HRES63,Armed Services,67,1,UT,,,,,,,,,,
117,106,22112,"Fallon, Pat",2,28,200,1/28/21,,0,1,2,,,HRES63,Armed Services,49,4,TX,,,,,,,,,,
117,115,20723,"Yarmuth, John A.",1,1,100,1/4/21,,12,7,2,,,HRES9,Budget,51,3,KY,,,,,,,,,,
117,115,21343,"Jeffries, Hakeem",1,2,100,1/28/21,,0,3,5,,,HRES62,Budget,13,8,NY,,,,,,,,,,
117,115,20519,"Higgins, Brian",1,3,100,1/28/21,,0,3,2,,,HRES62,Budget,13,26,NY,,,,,,,,,,
117,115,21548,"Boyle, Brendan Francis",1,4,100,1/28/21,,0,3,2,,,HRES62,Budget,14,13,PA,,,,,,,,,,
117,115,29571,"Doggett, Lloyd",1,5,100,1/28/21,,0,2,5,,,HRES62,Budget,49,35,TX,,,,,,,,,,
117,115,15438,"Price, David E.",1,6,100,1/28/21,,0,2,5,,,HRES62,Budget,47,4,NC,,,,,,,,,,
117,115,29911,"Schakowsky, Janice D",1,7,100,1/28/21,,0,3,2,,,HRES62,Budget,21,9,IL,,,,,,,,,,
117,115,21372,"Kildee, Dan",1,8,100,1/28/21,,0,2,5,,,HRES62,Budget,23,5,MI,,,,,,,,,,
117,115,21761,"Morelle, Joseph",1,9,100,1/28/21,,0,2,2,,,HRES62,Budget,13,25,NY,,,,,,,,,,
117,115,21339,"Horsford, Steven",1,10,100,1/28/21,,0,2,2,,,HRES62,Budget,65,4,NV,,,,,,,,,,
117,115,29778,"Lee, Barbara",1,11,100,1/28/21,,0,5,2,,,HRES62,Budget,71,13,CA,,,,,,,,,,
117,115,20955,"Chu, Judy",1,12,100,1/28/21,,0,1,2,,,HRES62,Budget,71,27,CA,,,,,,,,,,
117,115,70502,"Plaskett, Stacey",1,13,100,1/28/21,,0,1,2,,,HRES62,Budget,93,1,VI,,,,,,,,,,
117,115,21983,"Wexton, Jennifer",1,14,100,1/28/21,,0,1,2,,,HRES62,Budget,40,10,VA,,,,,,,,,,
117,115,39307,"Scott, Robert C.",1,15,100,1/28/21,,0,1,2,,,HRES62,Budget,40,3,VA,,,,,,,,,,
117,115,29573,"Jackson Lee, Sheila",1,16,100,1/28/21,,0,3,2,,,HRES62,Budget,49,18,TX,,,,,,,,,,
117,115,15019,"Cooper, Jim",1,17,100,1/28/21,,0,2,5,,,HRES62,Budget,54,5,TN,,,,,,,,,,
117,115,20542,"Sires, Albio",1,18,100,1/28/21,,0,2,2,,,HRES62,Budget,12,8,NJ,,,,,,,,,,
117,115,21315,"Peters, Scott",1,19,100,1/28/21,,0,2,2,,,HRES62,Budget,71,52,CA,,,,,,,,,,
117,115,21525,"Moulton, Seth",1,20,100,1/28/21,,0,4,2,,,HRES62,Budget,3,6,MA,,,,,,,,,,
117,115,21726,"Jayapal, Pramila",1,21,100,1/28/21,,0,3,2,,,HRES62,Budget,73,7,WA,,,,,,,,,,
117,115,21373,"Smith, Jason",2,1,200,1/4/21,,21,3,2,,,HRES10,Budget,34,8,MO,,,,,,,,,,
117,115,21561,"Kelly, Trent",2,2,200,2/15/21,,0,1,2,,,HRES122,Budget,46,1,MS,,,,,,,,,,
117,115,20903,"Mcclintock, Tom",2,3,200,1/28/21,,0,1,2,,,HRES63,Budget,71,4,CA,,,,,,,,,,
117,115,21559,"Grothman, Glenn",2,4,200,2/4/21,,0,1,4,,,HRES95,Budget,25,6,WI,Rankings changed based on HRES95,,,,,,,,,
117,115,21745,"Smucker, Lloyd K.",2,5,200,2/4/21,,0,1,4,,,HRES95,Budget,14,16,PA,Rankings changed based on HRES96,,,,,,,,,
117,115,21990,"Jacobs, Chris",2,6,200,1/28/21,,0,2,2,,,HRES63,Budget,13,27,NY,,,,,,,,,,
117,115,20355,"Burgess, Michael",2,7,200,1/28/21,,0,1,2,,,HRES63,Budget,49,26,TX,,,,,,,,,,
117,115,21513,"Carter, Buddy",2,8,200,2/4/21,,0,1,2,,,HRES95,Budget,44,1,GA,Rankings changed based on HRES96,,,,,,,,,
117,115,21908,"Cline, Benjamin",2,9,200,1/28/21,,0,1,2,,,HRES63,Budget,40,6,VA,,,,,,,,,,
117,115,22124,"Hinson, Ashley",2,10,200,1/28/21,,0,1,2,,,HRES63,Budget,31,1,IA,,,,,,,,,,
117,115,22120,"Good, Robert (Bob)",2,11,200,1/28/21,,0,1,2,,,HRES63,Budget,40,5,VA,,,,,,,,,,
117,115,22121,"Greene, Marjorie Taylor",2,12,200,1/28/21,2/4/21,0,1,2,,,HRES63,Budget,44,14,GA,House voted to strip Greene of her committee posts in response to her support of conspiracy theories,,,,,,,,,
117,115,22111,"Donalds, Byron",2,13,200,1/28/21,,0,1,2,,,HRES63,Budget,43,19,FL,,,,,,,,,,
117,115,22145,"Obernolte, Jay",2,14,200,1/28/21,,0,1,2,,,HRES63,Budget,71,8,CA,,,,,,,,,,
117,115,22113,"Feenstra, Randy",2,15,200,1/28/21,,0,1,2,,,HRES63,Budget,31,4,IA,,,,,,,,,,
117,115,22103,"Boebert, Lauren",2,16,200,1/28/21,,0,1,2,,,HRES63,Budget,62,3,CO,,,,,,,,,,
117,115,,[vacant],,17,200,,,,,,,,,Budget,,,,,,,,,,,,,
117,124,39307,"Scott, Robert C.",1,1,100,1/4/21,,11,9,4,,,HRES9,Education and Labor,40,3,VA,,,,,,,,,,
117,124,20305,"Grijalva, Raul M",1,2,100,1/28/21,,0,10,2,,,HRES62,Education and Labor,61,3,AZ,,,,,,,,,,
117,124,20706,"Courtney, Joe",1,3,100,1/28/21,,0,5,2,,,HRES62,Education and Labor,1,2,CT,,,,,,,,,,
117,124,70810,"Sablan, Gregorio",1,4,100,1/28/21,,0,5,2,,,HRES62,Education and Labor,95,1,MP,,,,,,,,,,
117,124,21118,"Wilson, Frederica",1,5,100,1/28/21,,0,5,2,,,HRES62,Education and Labor,43,24,FL,,,,,,,,,,
117,124,21198,"Bonamici, Suzanne",1,6,100,1/28/21,,0,5,2,,,HRES62,Education and Labor,72,1,OR,,,,,,,,,,
117,124,21312,"Takano, Mark",1,7,100,1/28/21,,0,5,2,,,HRES62,Education and Labor,71,41,CA,,,,,,,,,,
117,124,21545,"Adams, Alma",1,8,100,1/28/21,,0,4,2,,,HRES62,Education and Labor,44,12,NC,,,,,,,,,,
117,124,21504,"DeSaulnier, Mark",1,9,100,1/28/21,,0,4,2,,,HRES62,Education and Labor,71,11,CA,,,,,,,,,,
117,124,21536,"Norcross, Donald",1,10,100,1/28/21,,0,3,2,,,HRES62,Education and Labor,12,1,NJ,,,,,,,,,,
117,124,21726,"Jayapal, Pramila",1,11,100,1/28/21,,0,2,2,,,HRES62,Education and Labor,73,7,WA,,,,,,,,,,
117,124,21761,"Morelle, Joseph",1,12,100,1/28/21,,0,2,2,,,HRES62,Education and Labor,13,25,NY,,,,,,,,,,
117,124,21763,"Wild, Susan",1,13,100,1/28/21,,0,2,2,,,HRES62,Education and Labor,14,7,PA,,,,,,,,,,
117,124,21944,"Mcbath, Lucy",1,14,100,1/28/21,,0,2,2,,,HRES62,Education and Labor,44,6,GA,,,,,,,,,,
117,124,21931,"Hayes, Jahana",1,15,100,1/28/21,,0,2,2,,,HRES62,Education and Labor,1,5,CT,,,,,,,,,,
117,124,21940,"Levin, Andy",1,16,100,1/28/21,,0,2,2,,,HRES62,Education and Labor,23,9,MI,,,,,,,,,,
117,124,21950,"Omar, Ilhan",1,17,100,1/28/21,,0,2,2,,,HRES62,Education and Labor,33,5,MN,,,,,,,,,,
117,124,21972,"Stevens, Haley",1,18,100,1/28/21,,0,2,2,,,HRES62,Education and Labor,23,11,MI,,,,,,,,,,
117,124,22131,"Leger Fernandez, Teresa",1,19,100,1/28/21,,0,1,2,,,HRES62,Education and Labor,66,3,NM,,,,,,,,,,
117,124,22127,"Jones, Mondaire",1,20,100,1/28/21,,0,1,2,,,HRES62,Education and Labor,13,17,NY,,,,,,,,,,
117,124,22135,"Manning, Kathy",1,21,100,1/28/21,,0,1,2,,,HRES62,Education and Labor,47,6,NC,,,,,,,,,,
117,124,22142,"Mrvan, Frank",1,22,100,1/28/21,,0,1,2,,,HRES62,Education and Labor,22,1,IN,,,,,,,,,,
117,124,22105,"Bowman, Jamaal",1,23,100,1/28/21,,0,1,2,,,HRES62,Education and Labor,13,16,NY,,,,,,,,,,
117,124,21370,"Pocan, Mark",1,24,100,1/28/21,,0,1,2,,,HRES62,Education and Labor,25,2,WI,,,,,,,,,,
117,124,21362,"Castro, Joaquin",1,25,100,1/28/21,,0,2,2,,,HRES62,Education and Labor,49,20,TX,,,,,,,,,,
117,124,21964,"Sherrill, Mikie",1,26,100,1/28/21,,0,1,2,,,HRES62,Education and Labor,12,11,NJ,,,,,,,,,,
117,124,20723,"Yarmuth, John A.",1,27,100,2/3/21,,0,1,4,,,HRES92,Education and Labor,51,3,KY,,,,,,,,,,
117,124,21715,"Espaillat Cabral, Adriano",1,28,100,2/3/21,,0,1,2,,,HRES92,Education and Labor,13,13,NY,,,,,,,,,,
117,124,15433,"Mfume, Kweisi",1,29,100,2/11/21,,0,1,2,,,HRES111,Education and Labor,52,7,MD,,,,,,,,,,
117,124,20521,"Foxx, Virginia",2,1,200,1/4/21,,21,9,2,,,HRES10,Education and Labor,47,5,NC,,,,,,,,,,
117,124,20138,"Wilson, Addison G. (Joe)",2,2,200,1/28/21,,0,1,4,,,HRES63,Education and Labor,48,2,SC,,,,,,,,,,
117,124,20946,"Thompson, Glenn",2,3,200,1/28/21,,0,7,2,,,HRES63,Education and Labor,14,5,PA,,,,,,,,,,
117,124,20725,"Walberg, Tim",2,4,200,1/28/21,,0,6,2,,,HRES63,Education and Labor,23,7,MI,,,,,,,,,,
117,124,21559,"Grothman, Glenn",2,5,200,1/28/21,,0,4,2,,,HRES63,Education and Labor,25,6,WI,,,,,,,,,,
117,124,21541,"Stefanik, Elise",2,6,200,1/28/21,,0,4,2,,,HRES63,Education and Labor,13,21,NY,,,,,,,,,,
117,124,21516,"Allen, Rick",2,7,200,1/28/21,,0,4,2,,,HRES63,Education and Labor,44,12,GA,,,,,,,,,,
117,124,21702,"Banks, James E. (Jim)",2,8,200,1/28/21,,0,3,2,,,HRES63,Education and Labor,22,3,IN,,,,,,,,,,
117,124,21565,"Comer, James",2,9,200,1/28/21,,0,3,2,,,HRES63,Education and Labor,51,1,KY,,,,,,,,,,
117,124,21920,"Fulcher, Russell",2,10,200,1/28/21,,0,2,2,,,HRES63,Education and Labor,63,1,ID,,,,,,,,,,
117,124,21984,"Wright, Ron",2,11,200,1/28/21,2/2/21,0,2,2,,,HRES63,Education and Labor,49,6,TX,"Died on February 7, 2021 of complications due to Covid-19",,,,,,,,,
117,124,21985,"Keller, Frederick",2,12,200,1/28/21,,0,2,2,,,HRES63,Education and Labor,14,12,PA,,,,,,,,,,
117,124,21987,"Murphy, Greg",2,13,200,1/28/21,,0,2,2,,,HRES63,Education and Labor,47,3,NC,,,,,,,,,,
117,124,22139,"Miller-Meeks, Mariannette",2,14,200,1/28/21,,0,1,2,,,HRES63,Education and Labor,31,2,IA,,,,,,,,,,
117,124,22146,"Owens, Burgess",2,15,200,1/28/21,,0,1,2,,,HRES63,Education and Labor,67,4,UT,,,,,,,,,,
117,124,22120,"Good, Robert (Bob)",2,16,200,1/28/21,,0,1,2,,,HRES63,Education and Labor,40,5,VA,,,,,,,,,,
117,124,22136,"McClain, Lisa",2,17,200,1/28/21,,0,1,2,,,HRES63,Education and Labor,23,10,MI,,,,,,,,,,
117,124,22121,"Greene, Marjorie Taylor",2,18,200,1/28/21,2/4/21,0,1,2,3,,HRES63,Education and Labor,44,14,GA,House voted to strip Greene of her committee posts in response to her support of conspiracy theories,,,,,,,,,
117,124,22122,"Harshbarger, Diana",2,19,200,1/28/21,,0,1,2,,,HRES63,Education and Labor,54,1,TN,,,,,,,,,,
117,124,22138,"Miller, Mary",2,20,200,1/28/21,,0,1,2,,,HRES63,Education and Labor,21,15,IL,,,,,,,,,,
117,124,22151,"Spartz, Victoria",2,21,200,1/28/21,,0,1,2,,,HRES63,Education and Labor,22,5,IN,,,,,,,,,,
117,124,22115,"Fitzgerald, Scott",2,22,200,1/28/21,,0,1,2,,,HRES63,Education and Labor,25,5,WI,,,,,,,,,,
117,124,22109,"Cawthorn, Madison",2,23,200,1/28/21,,0,1,2,,,HRES63,Education and Labor,47,11,NC,,,,,,,,,,
117,124,22152,"Steel, Michelle",2,24,200,1/28/21,,0,1,2,,,HRES63,Education and Labor,71,48,CA,,,,,,,,,,
117,124,22157,"Letlow, Julia",2,25,200,4/14/21,,0,1,2,,,HRES311,Education and Labor,,,,,,,,,,,,,
117,124,,[vacant],,26,200,,,,,,,,,Education and Labor,,,,,,,,,,,,,
117,128,15454,"Pallone, Frank, Jr.",1,1,100,1/4/21,,11,13,4,,,HRES9,Energy and Commerce,12,6,NJ,,,,,,,,,,
117,128,29346,"Rush, Bobby L.",1,2,100,1/28/21,,0,14,2,,,HRES62,Energy and Commerce,21,1,IL,,,,,,,,,,
117,128,29312,"Eshoo, Anna G.",1,3,100,1/28/21,,0,14,2,,,HRES62,Energy and Commerce,71,18,CA,,,,,,,,,,
117,128,29710,"DeGette, Diana",1,4,100,1/28/21,,0,13,2,,,HRES62,Energy and Commerce,62,1,CO,,,,,,,,,,
117,128,29561,"Doyle, Michael F.",1,5,100,1/28/21,,0,11,2,,,HRES62,Energy and Commerce,14,14,PA,,,,,,,,,,
117,128,29911,"Schakowsky, Janice D",1,6,100,1/28/21,,0,10,2,,,HRES62,Energy and Commerce,21,9,IL,,,,,,,,,,
117,128,20340,"Butterfield, George Kenneth, Jr. (G.K.)",1,7,100,1/28/21,,0,8,2,,,HRES62,Energy and Commerce,47,1,NC,,,,,,,,,,
117,128,20538,"Matsui, Doris O.",1,8,100,1/28/21,,0,8,2,,,HRES62,Energy and Commerce,71,6,CA,,,,,,,,,,
117,128,20708,"Castor, Kathy",1,9,100,1/28/21,,0,6,2,,,HRES62,Energy and Commerce,43,14,FL,,,,,,,,,,
117,128,20724,"Sarbanes, John P.",1,10,100,1/28/21,,0,6,2,,,HRES62,Energy and Commerce,52,3,MD,,,,,,,,,,
117,128,20702,"McNerney, Jerry",1,11,100,1/28/21,,0,5,2,,,HRES62,Energy and Commerce,71,9,CA,,,,,,,,,,
117,128,20750,"Welch, Peter",1,12,100,1/28/21,,0,5,2,,,HRES62,Energy and Commerce,6,1,VT,,,,,,,,,,
117,128,20934,"Tonko, Paul",1,13,100,1/28/21,,0,5,2,,,HRES62,Energy and Commerce,13,20,NY,,,,,,,,,,
117,128,20733,"Clarke, Yvette D.",1,14,100,1/28/21,,0,4,2,,,HRES62,Energy and Commerce,13,9,NY,,,,,,,,,,
117,128,20944,"Schrader, Kurt",1,15,100,1/28/21,,0,4,2,,,HRES42,Energy and Commerce,72,5,OR,,,,,,,,,,
117,128,21309,"Cardenas, Tony",1,16,100,1/28/21,,0,4,2,,,HRES62,Energy and Commerce,71,29,CA,,,,,,,,,,
117,128,21311,"Ruiz, Raul",1,17,100,1/28/21,,0,3,2,,,HRES62,Energy and Commerce,71,36,CA,,,,,,,,,,
117,128,21315,"Peters, Scott",1,18,100,1/28/21,,0,3,2,,,HRES62,Energy and Commerce,71,52,CA,,,,,,,,,,
117,128,21529,"Dingell, Debbie",1,19,100,1/28/21,,0,3,2,,,HRES62,Energy and Commerce,23,14,MI,,,,,,,,,,
117,128,21365,"Veasey, Marc",1,20,100,1/28/21,,0,2,2,,,HRES62,Energy and Commerce,49,33,TX,,,,,,,,,,
117,128,21340,"Kuster, Ann McLane",1,21,100,1/28/21,,0,2,2,,,HRES62,Energy and Commerce,4,2,NH,,,,,,,,,,
117,128,21371,"Kelly, Robin",1,22,100,1/28/21,,0,2,2,,,HRES62,Energy and Commerce,21,2,IL,,,,,,,,,,
117,128,21703,"Barragán, Nanette D.",1,23,100,1/28/21,,0,2,2,,,HRES62,Energy and Commerce,71,44,CA,,,,,,,,,,
117,128,21736,"McEachin, Aston D. (Donald)",1,24,100,1/28/21,,0,2,2,,,HRES62,Energy and Commerce,40,4,VA,,,,,,,,,,
117,128,21706,"Blunt Rochester, Lisa",1,25,100,1/28/21,,0,2,2,,,HRES62,Energy and Commerce,11,1,DE,,,,,,,,,,
117,128,21746,"Soto, Darren",1,26,100,1/28/21,,0,2,2,,,HRES62,Energy and Commerce,43,9,FL,,,,,,,,,,
117,128,21739,"O'Halleran, Tom",1,27,100,1/28/21,,0,2,2,,,HRES62,Energy and Commerce,71,1,AZ,,,,,,,,,,
117,128,21540,"Rice, Kathleen Maura",1,28,100,1/28/21,,0,1,2,,,HRES62,Energy and Commerce,13,4,NY,,,,,,,,,,
117,128,21910,"Craig, Angela",1,29,100,1/28/21,,0,1,2,,,HRES62,Energy and Commerce,33,2,MN,,,,,,,,,,
117,128,21962,"Schrier, Kim",1,30,100,1/28/21,,0,1,2,,,HRES62,Energy and Commerce,73,8,WA,,,,,,,,,,
117,128,21977,"Trahan, Lori",1,31,100,1/28/21,,0,1,2,,,HRES62,Energy and Commerce,3,3,MA,,,,,,,,,,
117,128,21919,"Fletcher, Elizabeth",1,32,100,1/28/21,,0,1,2,,,HRES62,Energy and Commerce,49,7,TX,,,,,,,,,,
117,128,20535,"McMorris Rodgers, Cathy",2,1,200,1/4/21,,21,6,2,,,HRES10,Energy and Commerce,73,5,WA,,,,,,,,,,
117,128,15446,"Upton, Frederick S.",2,2,200,1/28/21,,0,16,2,,,HRES63,Energy and Commerce,23,6,MI,,,,,,,,,,
117,128,20355,"Burgess, Michael",2,3,200,1/28/21,,0,9,2,,,HRES63,Energy and Commerce,49,26,TX,,,,,,,,,,
117,128,20759,"Scalise, Steve",2,4,200,1/28/21,,0,7,2,,,HRES63,Energy and Commerce,45,1,LA,,,,,,,,,,
117,128,20755,"Latta, Robert E.",2,5,200,1/28/21,,0,7,2,,,HRES63,Energy and Commerce,24,5,OH,,,,,,,,,,
117,128,20916,"Guthrie, Brett",2,6,200,1/28/21,,0,6,2,,,HRES63,Energy and Commerce,51,2,KY,,,,,,,,,,
117,128,21188,"McKinley, David",2,7,200,1/28/21,,0,6,2,,,HRES63,Energy and Commerce,56,1,WV,,,,,,,,,,
117,128,21128,"Kinzinger, Adam",2,8,200,1/28/21,,0,6,2,,,HRES63,Energy and Commerce,21,16,IL,,,,,,,,,,
117,128,21191,"Griffith, Morgan",2,9,200,1/28/21,,0,6,2,,,HRES63,Energy and Commerce,40,9,VA,,,,,,,,,,
117,128,20758,"Bilirakis, Gus",2,10,200,1/28/21,,0,5,2,,,HRES63,Energy and Commerce,43,12,FL,,,,,,,,,,
117,128,21162,"Johnson, Bill",2,11,200,1/28/21,,0,5,2,,,HRES63,Energy and Commerce,24,6,OH,,,,,,,,,,
117,128,21150,"Long, Billy",2,12,200,1/28/21,,0,5,2,,,HRES63,Energy and Commerce,34,7,MO,,,,,,,,,,
117,128,21132,"Bucshon, Larry",2,13,200,1/28/21,,0,4,2,,,HRES63,Energy and Commerce,22,8,IN,,,,,,,,,,
117,128,21355,"Mullin, Markwayne",2,14,200,1/28/21,,0,4,2,,,HRES63,Energy and Commerce,53,2,OK,,,,,,,,,,
117,128,21346,"Hudson, Richard",2,15,200,1/28/21,,0,4,2,,,HRES63,Energy and Commerce,47,8,NC,,,,,,,,,,
117,128,20725,"Walberg, Tim",2,16,200,1/28/21,,0,3,2,,,HRES63,Energy and Commerce,23,7,MI,,,,,,,,,,
117,128,21513,"Carter, Buddy",2,17,200,1/28/21,,0,3,2,,,HRES63,Energy and Commerce,44,1,GA,,,,,,,,,,
117,128,21174,"Duncan, Jeff",2,18,200,1/28/21,,0,3,2,,,HRES63,Energy and Commerce,48,3,SC,,,,,,,,,,
117,128,21500,"Palmer, Gary James",2,19,200,1/28/21,,0,1,2,,,HRES63,Energy and Commerce,41,6,AL,,,,,,,,,,
117,128,21714,"Dunn, Neal",2,20,200,1/28/21,,0,1,2,,,HRES63,Energy and Commerce,43,2,FL,,,,,,,,,,
117,128,21755,"Curtis, John R.",2,21,200,1/28/21,,0,1,2,,,HRES63,Energy and Commerce,67,3,UT,,,,,,,,,,
117,128,21757,"Lesko, Debbie",2,22,200,1/28/21,,0,1,2,,,HRES63,Energy and Commerce,61,8,AZ,,,,,,,,,,
117,128,21952,"Pence, Gregory",2,23,200,1/28/21,,0,1,2,,,HRES63,Energy and Commerce,22,6,IN,,,,,,,,,,
117,128,21911,"Crenshaw, Daniel",2,24,200,1/28/21,,0,1,2,,,HRES63,Energy and Commerce,49,2,TX,,,,,,,,,,
117,128,21936,"Joyce, John",2,25,200,1/28/21,,0,1,2,,,HRES63,Energy and Commerce,14,13,PA,,,,,,,,,,
117,128,21901,"Armstrong, Kelly",2,26,200,1/28/21,,0,1,2,,,HRES63,Energy and Commerce,36,1,ND,,,,,,,,,,
117,186,20959,"Deutch, Theodore E.",1,1,100,1/12/21,,11,5,2,,,HRES35,Ethics,43,21,FL,,,,,,,,,,
117,186,21763,"Wild, Susan",1,2,100,1/28/21,,0,2,2,,,HRES62,Ethics,14,7,PA,,,,,,,,,,
117,186,21953,"Phillips, Dean",1,3,100,1/28/21,,0,2,2,,,HRES62,Ethics,33,3,MN,,,,,,,,,,
117,186,21917,"Escobar, Veronica",1,4,100,1/28/21,,0,1,2,,,HRES62,Ethics,49,16,TX,,,,,,,,,,
117,186,22127,"Jones, Mondaire",1,5,100,1/28/21,,0,1,2,,,HRES62,Ethics,13,17,NY,,,,,,,,,,
117,186,21330,"Walorski, Jackie",2,1,200,1/12/21,,21,2,2,,,HRES36,Ethics,22,2,IN,,,,,,,,,,
117,186,21927,"Guest, Michael",2,2,200,1/28/21,,0,2,2,,,HRES63,Ethics,46,3,MS,,,,,,,,,,
117,186,21353,"Joyce, David P.",2,3,200,2/4/21,,0,1,2,,,HRES95,Ethics,24,14,OH,,,,,,,,,,
117,186,21744,"Rutherford, John H.",2,4,200,2/4/21,,0,1,2,,,HRES95,Ethics,43,4,FL,,,,,,,,,,
117,186,21901,"Armstrong, Kelly",2,5,200,2/4/21,,0,1,2,,,HRES95,Ethics,36,1,ND,,,,,,,,,,
117,113,29106,"Waters, Maxine",1,1,100,1/4/21,,11,16,2,,,HRES9,Financial Services,71,43,CA,,,,,,,,,,
117,113,29379,"Maloney, Carolyn B.",1,2,100,1/28/21,,0,15,2,,,HRES62,Financial Services,13,12,NY,,,,,,,,,,
117,113,29378,"Velazquez, Nydia M.",1,3,100,1/28/21,,0,15,2,,,HRES62,Financial Services,13,7,NY,,,,,,,,,,
117,113,29707,"Sherman, Brad",1,4,100,1/28/21,,0,13,2,,,HRES62,Financial Services,71,30,CA,,,,,,,,,,
117,113,29776,"Meeks, Gregory W.",1,5,100,1/28/21,,0,13,2,,,HRES62,Financial Services,13,5,NY,,,,,,,,,,
117,113,20529,"Green, Al",1,6,100,1/28/21,,0,9,2,,,HRES62,Financial Services,49,9,TX,,,,,,,,,,
117,113,20517,"Cleaver, Emanuel",1,7,100,1/28/21,,0,9,2,,,HRES62,Financial Services,34,5,MO,,,,,,,,,,
117,113,20705,"Perlmutter, Ed",1,8,100,1/28/21,,0,8,2,,,HRES62,Financial Services,62,7,CO,,,,,,,,,,
117,113,20907,"Himes, James A.",1,9,100,1/28/21,,0,7,2,,,HRES62,Financial Services,1,4,CT,,,,,,,,,,
117,113,20749,"Foster, Bill",1,10,100,1/28/21,,0,5,2,,,HRES62,Financial Services,21,11,IL,,,,,,,,,,
117,113,21352,"Beatty, Joyce",1,11,100,1/28/21,,0,5,2,,,HRES62,Financial Services,24,3,OH,,,,,,,,,,
117,113,21314,"Vargas, Juan",1,12,100,1/28/21,,0,4,2,,,HRES62,Financial Services,71,51,CA,,,,,,,,,,
117,113,21723,"Gottheimer, Joshua S. (Josh)",1,13,100,1/28/21,,0,3,2,,,HRES62,Financial Services,12,5,NJ,,,,,,,,,,
117,113,21722,"González, Vicente",1,14,100,1/28/21,,0,3,2,,,HRES62,Financial Services,49,15,TX,,,,,,,,,,
117,113,21732,"Lawson Jr., Alfred (Al)",1,15,100,1/28/21,,0,2,2,,,HRES62,Financial Services,43,5,FL,,,,,,,,,,
117,113,70703,"San Nicolas, Michael F. Q. ",1,16,100,1/28/21,,0,2,2,,,HRES62,Financial Services,91,79,GU,,,,,,,,,,
117,113,21902,"Axne, Cynthia",1,17,100,1/28/21,,0,2,2,,,HRES62,Financial Services,31,3,IA,,,,,,,,,,
117,113,21906,"Casten, Sean",1,18,100,1/28/21,,0,2,2,,,HRES62,Financial Services,21,6,IL,,,,,,,,,,
117,113,21955,"Pressley, Ayanna",1,19,100,1/28/21,,0,2,2,,,HRES62,Financial Services,3,7,MA,,,,,,,,,,
117,113,22154,"Torres, Ritchie",1,20,100,1/28/21,,0,1,2,,,HRES62,Financial Services,13,15,NY,,,,,,,,,,
117,113,20321,"Scott, David",1,21,100,1/28/21,,0,10,2,,,HRES62,Financial Services,44,13,GA,,,,,,,,,,
117,113,20119,"Lynch, Stephen F.",1,22,100,1/28/21,,0,10,2,,,HRES62,Financial Services,3,8,MA,,,,,,,,,,
117,113,21545,"Adams, Alma",1,23,100,1/28/21,,0,2,2,,,HRES62,Financial Services,47,12,NC,,,,,,,,,,
117,113,21975,"Tlaib, Rashida",1,24,100,1/28/21,,0,2,2,,,HRES62,Financial Services,23,13,MI,,,,,,,,,,
117,113,21915,"Dean, Madeleine",1,25,100,1/28/21,,0,2,2,,,HRES62,Financial Services,14,4,PA,,,,,,,,,,
117,113,21949,"Ocasio-Cortez, Alexandria",1,26,100,1/28/21,,0,2,2,,,HRES62,Financial Services,13,14,NY,,,,,,,,,,
117,113,21921,"Garcia, Jesus",1,27,100,1/28/21,,0,2,2,,,HRES62,Financial Services,21,4,IL,,,,,,,,,,
117,113,21922,"Garcia, Sylvia",1,28,100,1/28/21,,0,2,2,,,HRES62,Financial Services,49,29,TX,,,,,,,,,,
117,113,22156,"Williams, Nikema",1,29,100,1/28/21,,0,1,2,,,HRES62,Financial Services,44,5,GA,,,,,,,,,,
117,113,22100,"Auchincloss, Jake",1,30,100,1/28/21,,0,1,2,,,HRES62,Financial Services,3,4,MA,,,,,,,,,,
117,113,20522,"McHenry, Patrick T.",2,1,200,1/4/21,,21,9,2,,,HRES10,Financial Services,47,10,NC,,,,,,,,,,
117,113,29393,"Lucas, Frank D.",2,2,200,1/28/21,,0,14,2,,,HRES63,Financial Services,53,3,OK,,,,,,,,,,
117,113,20909,"Posey, Bill",2,3,200,1/28/21,,0,7,2,,,HRES63,Financial Services,43,8,FL,,,,,,,,,,
117,113,20926,"Luetkemeyer, Blaine",2,4,200,1/28/21,,0,6,2,,,HRES63,Financial Services,34,3,MO,,,,,,,,,,
117,113,21142,"Huizenga, Bill",2,5,200,1/28/21,,0,6,2,,,HRES63,Financial Services,23,2,MI,,,,,,,,,,
117,113,21163,"Stivers, Steve",2,6,200,1/28/21,,0,6,2,,,HRES63,Financial Services,24,15,OH,,,,,,,,,,
117,113,21337,"Wagner, Ann",2,7,200,1/28/21,,0,5,2,,,HRES63,Financial Services,34,2,MO,,,,,,,,,,
117,113,21333,"Barr, Andy",2,8,200,1/28/21,,0,5,2,,,HRES63,Financial Services,51,6,KY,,,,,,,,,,
117,113,21364,"Williams, Roger",2,9,200,1/28/21,,0,4,2,,,HRES63,Financial Services,49,25,TX,,,,,,,,,,
117,113,21503,"Hill, French",2,10,200,1/28/21,,0,4,2,,,HRES63,Financial Services,42,2,AR,,,,,,,,,,
117,113,21531,"Emmer, Tom",2,11,200,1/28/21,,0,4,2,,,HRES63,Financial Services,33,6,MN,,,,,,,,,,
117,113,21539,"Zeldin, Lee",2,12,200,1/28/21,,0,3,2,,,HRES63,Financial Services,13,1,NY,,,,,,,,,,
117,113,21515,"Loudermilk, Barry",2,13,200,1/28/21,,0,3,2,,,HRES63,Financial Services,44,11,GA,,,,,,,,,,
117,113,21557,"Mooney, Alex",2,14,200,1/28/21,,0,3,2,,,HRES63,Financial Services,56,2,WV,,,,,,,,,,
117,113,21564,"Davidson, Warren",2,15,200,1/28/21,,0,3,2,,,HRES63,Financial Services,8,24,OH,,,,,,,,,,
117,113,21708,"Budd, Theodore P. (Ted)",2,16,200,1/28/21,,0,3,2,,,HRES63,Financial Services,47,13,NC,,,,,,,,,,
117,113,21731,"Kustoff, David F.",2,17,200,1/28/21,,0,3,2,,,HRES63,Financial Services,54,8,TN,,,,,,,,,,
117,113,21725,"Hollingsworth, Joseph A. (Trey)",2,18,200,1/28/21,,0,3,2,,,HRES63,Financial Services,22,9,IN,,,,,,,,,,
117,113,21924,"Gonzalez, Anthony",2,19,200,1/28/21,,0,2,2,,,HRES63,Financial Services,24,16,OH,,,,,,,,,,
117,113,21959,"Rose, John",2,20,200,1/28/21,,0,2,2,,,HRES63,Financial Services,54,6,TN,,,,,,,,,,
117,113,21970,"Steil, Bryan",2,21,200,1/28/21,,0,2,2,,,HRES63,Financial Services,25,1,WI,,,,,,,,,,
117,113,21925,"Gooden, Lance",2,22,200,1/28/21,,0,2,2,,,HRES63,Financial Services,49,5,TX,,,,,,,,,,
117,113,21974,"Timmons, William",2,23,200,1/28/21,,0,2,2,,,HRES63,Financial Services,48,4,SC,,,,,,,,,,
117,113,21973,"Taylor, Nicholas",2,24,200,1/28/21,,0,2,2,,,HRES63,Financial Services,49,3,TX,,,,,,,,,,
117,134,29776,"Meeks, Gregory W.",1,1,100,1/4/21,,11,12,2,,,HRES9,Foreign Affairs,13,5,NY,,,,,,,,,,
117,134,29707,"Sherman, Brad",1,2,100,1/28/21,,0,13,2,,,HRES62,Foreign Affairs,71,30,CA,,,,,,,,,,
117,134,20542,"Sires, Albio",1,3,100,1/28/21,,0,8,2,,,HRES62,Foreign Affairs,12,8,NJ,,,,,,,,,,
117,134,20952,"Connolly, Gerald E.",1,4,100,1/28/21,,0,7,2,,,HRES62,Foreign Affairs,40,11,VA,,,,,,,,,,
117,134,20959,"Deutch, Theodore E.",1,5,100,1/28/21,,0,7,2,,,HRES62,Foreign Affairs,43,21,FL,,,,,,,,,,
117,134,21110,"Bass, Karen",1,6,100,1/28/21,,0,6,2,,,HRES62,Foreign Affairs,71,37,CA,,,,,,,,,,
117,134,21140,"Keating, William",1,7,100,1/28/21,,0,6,2,,,HRES62,Foreign Affairs,3,9,MA,,,,,,,,,,
117,134,21172,"Cicilline, David",1,8,100,1/28/21,,0,6,2,,,HRES62,Foreign Affairs,5,1,RI,,,,,,,,,,
117,134,21304,"Bera, Ami",1,9,100,1/28/21,,0,5,2,,,HRES62,Foreign Affairs,71,7,CA,,,,,,,,,,
117,134,21362,"Castro, Joaquin",1,10,100,1/28/21,,0,5,2,,,HRES62,Foreign Affairs,49,20,TX,,,,,,,,,,
117,134,20927,"Titus, Dina",1,11,100,1/28/21,,0,3,2,,,HRES62,Foreign Affairs,65,1,NV,,,,,,,,,,
117,134,21507,"Lieu, Ted",1,12,100,1/28/21,,0,3,2,,,HRES62,Foreign Affairs,71,33,CA,,,,,,,,,,
117,134,21763,"Wild, Susan",1,13,100,1/28/21,,0,2,2,,,HRES62,Foreign Affairs,14,7,PA,,,,,,,,,,
117,134,21953,"Phillips, Dean",1,14,100,1/28/21,,0,2,2,,,HRES62,Foreign Affairs,33,3,MN,,,,,,,,,,
117,134,21950,"Omar, Ilhan",1,15,100,1/28/21,,0,2,2,,,HRES62,Foreign Affairs,33,5,MN,,,,,,,,,,
117,134,21900,"Allred, Colin",1,16,100,1/28/21,,0,2,2,,,HRES62,Foreign Affairs,49,32,TX,,,,,,,,,,
117,134,21940,"Levin, Andy",1,17,100,1/28/21,,0,2,2,,,HRES62,Foreign Affairs,23,9,MI,,,,,,,,,,
117,134,21966,"Spanberger, Abigail",1,18,100,1/28/21,,0,2,2,,,HRES62,Foreign Affairs,40,7,VA,,,,,,,,,,
117,134,21934,"Houlahan, Christina",1,19,100,1/28/21,,0,2,2,,,HRES62,Foreign Affairs,14,6,PA,,,,,,,,,,
117,134,21942,"Malinowski, Tomaz",1,20,100,1/28/21,,0,2,2,,,HRES62,Foreign Affairs,12,7,NJ,,,,,,,,,,
117,134,21937,"Kim, Andy",1,21,100,1/28/21,,0,1,2,,,HRES62,Foreign Affairs,12,3,NJ,,,,,,,,,,
117,134,22126,"Jacobs, Sara",1,22,100,1/28/21,,0,1,2,,,HRES62,Foreign Affairs,71,53,CA,,,,,,,,,,
117,134,22135,"Manning, Kathy",1,23,100,1/28/21,,0,1,2,,,HRES62,Foreign Affairs,47,6,NC,,,,,,,,,,
117,134,20501,"Costa, Jim",1,24,100,1/28/21,,0,2,4,,,HRES62,Foreign Affairs,71,16,CA,,,,,,,,,,
117,134,21314,"Vargas, Juan",1,25,100,1/28/21,,0,2,4,,,HRES62,Foreign Affairs,71,51,CA,,,,,,,,,,
117,134,21722,"Gonzalez, Vicente Jr.",1,26,100,1/28/21,,0,2,2,,,HRES62,Foreign Affairs,49,15,TX,,,,,,,,,,
117,134,21326,"Schneider, Brad",1,27,100,1/28/21,,0,1,2,,,HRES62,Foreign Affairs,21,10,IL,,,,,,,,,,
117,134,20530,"McCaul, Michael T.",2,1,200,1/4/21,,21,9,2,,,HRES10,Foreign Affairs,49,10,TX,,,,,,,,,,
117,134,14863,"Smith, Christopher H.",2,2,200,1/28/21,,0,19,2,,,HRES63,Foreign Affairs,12,4,NJ,,,,,,,,,,
117,134,29550,"Chabot, Steven J.",2,3,200,1/28/21,,0,6,2,,,HRES63,Foreign Affairs,24,1,OH,,,,,,,,,,
117,134,20138,"Wilson, Addison G. (Joe)",2,4,200,1/28/21,,0,9,2,,,HRES63,Foreign Affairs,48,2,SC,,,,,,,,,,
117,134,21356,"Perry, Scott",2,5,200,1/28/21,,0,5,2,,,HRES63,Foreign Affairs,14,4,PA,,,,,,,,,,
117,134,20107,"Issa, Darrell",2,6,200,1/28/21,,0,1,4,,,HRES63,Foreign Affairs,71,50,CA,,,,,,,,,,
117,134,21128,"Kinzinger, Adam",2,7,200,1/28/21,,0,5,2,,,HRES63,Foreign Affairs,21,16,IL,,,,,,,,,,
117,134,21539,"Zeldin, Lee",2,8,200,1/28/21,,0,4,2,,,HRES63,Foreign Affairs,13,1,NY,,,,,,,,,,
117,134,21337,"Wagner, Ann",2,9,200,1/28/21,,0,3,2,,,HRES63,Foreign Affairs,34,2,MO,,,,,,,,,,
117,134,21735,"Mast, Brian",2,10,200,1/28/21,,0,3,2,,,HRES63,Foreign Affairs,43,18,FL,,,,,,,,,,
117,134,21718,"Fitzpatrick, Brian K.",2,11,200,1/28/21,,0,3,2,,,HRES63,Foreign Affairs,14,1,PA,Chaanged districts ,,,,,,,,,
117,134,21510,"Buck, Ken",2,12,200,1/28/21,,0,2,2,,,HRES63,Foreign Affairs,62,4,CO,,,,,,,,,,
117,134,21984,"Wright, Ron",2,13,200,1/28/21,2/2/21,0,2,2,,,HRES63,Foreign Affairs,49,6,TX,"Died on February 7, 2021 of complications due to Covid-19",,,,,,,,,
117,134,21905,"Burchett, Timothy",2,14,200,1/28/21,,0,2,2,,,HRES63,Foreign Affairs,54,2,TN,,,,,,,,,,
117,134,21926,"Green, Mark",2,15,200,1/28/21,,0,2,2,,,HRES63,Foreign Affairs,54,7,TN,,,,,,,,,,
117,134,21333,"Barr, Andy",2,16,200,1/28/21,,0,,,,,HRES63,Foreign Affairs,51,6,KY,,,,,,,,,,
117,134,21971,"Steube, William",2,17,200,1/28/21,,0,1,2,,,HRES63,Foreign Affairs,43,17,FL,,,,,,,,,,
117,134,21945,"Meuser, Dan",2,18,200,1/28/21,,0,1,2,,,HRES63,Foreign Affairs,14,9,PA,,,,,,,,,,
117,134,22147,"Pfluger, August",2,19,200,1/28/21,,0,1,2,,,HRES63,Foreign Affairs,49,11,TX,,,,,,,,,,
117,134,21958,"Malliotakis, Nicole",2,20,200,1/28/21,,0,1,2,,,HRES63,Foreign Affairs,13,11,NY,,,,,,,,,,
117,134,22137,"Meijer, Peter",2,21,200,1/28/21,,0,1,2,,,HRES63,Foreign Affairs,23,3,MI,,,,,,,,,,
117,134,22125,"Jackson, Ronny",2,22,200,1/28/21,,0,1,2,,,HRES63,Foreign Affairs,49,13,TX,,,,,,,,,,
117,134,22129,"Kim, Young",2,23,200,1/28/21,,0,1,2,,,HRES63,Foreign Affairs,71,39,CA,,,,,,,,,,
117,134,22150,"Salazar, Maria Elvira",2,24,200,1/28/21,,0,1,2,,,HRES63,Foreign Affairs,43,27,FL,,,,,,,,,,
117,134,21749,"Tenney, Claudia",2,25,200,2/23/21,,0,1,2,,,HRES146,Foreign Affairs,13,22,NY,replaced Representative Wright; to rank immediately after Mr. Meuser,,,,,,,,,
117,142,29504,"Lofgren, Zoe",1,1,100,1/11/21,,12,9,2,,,HRES22,House Administration,71,19,CA,,,,,,,,,,
117,142,21741,"Raskin, Jamin B. (Jamie)",1,2,100,1/28/21,,13,3,2,,,HRES62,House Administration,52,8,MD,,,,,,,,,,
117,142,20340,"Butterfield, George Kenneth, Jr. (G.K.)",1,3,100,1/28/21,,0,2,2,,,HRES62,House Administration,47,1,NC,,,,,,,,,,
117,142,21506,"Aguilar, Peter Rey",1,4,100,1/28/21,,0,2,2,,,HRES62,House Administration,71,31,CA,,,,,,,,,,
117,142,21762,"Scanlon, Mary Gay",1,5,100,1/28/21,,0,1,2,,,HRES62,House Administration,14,5,PA,,,,,,,,,,
117,142,22131,"Leger Fernandez, Teresa",1,6,100,1/28/21,,0,1,2,,,HRES62,House Administration,66,3,NM,,,,,,,,,,
117,142,21328,"Davis, Rodney",2,1,200,1/11/21,,21,4,2,,,HRES23,House Administration,21,13,IL,,,,,,,,,,
117,142,21515,"Loudermilk, Barry",2,2,200,1/28/21,,0,3,2,,,HRES63,House Administration,44,11,GA,,,,,,,,,,
117,142,21970,"Steil, Bryan",2,3,200,1/28/21,,0,1,2,,,HRES63,House Administration,25,1,WI,,,,,,,,,,
117,251,29368,"Thompson, Bennie",1,1,100,1/4/21,,11,10,2,,,HRES9,Homeland Security,46,2,MS,,,,,,,,,,
117,251,29573,"Jackson Lee, Sheila",1,2,100,1/28/21,,0,10,2,,,HRES62,Homeland Security,49,18,TX,,,,,,,,,,
117,251,20136,"Langevin, James",1,3,100,1/28/21,,0,4,2,,,HRES62,Homeland Security,5,2,RI,,,,,,,,,,
117,251,31103,"Payne, Donald, Jr.",1,4,100,1/28/21,,0,5,2,,,HRES62,Homeland Security,12,10,NJ,,,,,,,,,,
117,251,21711,"Correa, Jose Luis (Lou)",1,5,100,1/28/21,,0,3,2,,,HRES62,Homeland Security,71,46,CA,,,,,,,,,,
117,251,21965,"Slotkin, Elissa",1,6,100,1/28/21,,0,2,2,,,HRES62,Homeland Security,23,8,MI,,,,,,,,,,
117,251,20517,"Cleaver, Emanuel",1,7,100,1/28/21,,0,2,4,,,HRES62,Homeland Security,34,5,MO,,,,,,,,,,
117,251,20529,"Green, Al",1,8,100,1/28/21,,0,2,4,,,HRES62,Homeland Security,49,9,TX,,,,,,,,,,
117,251,20733,"Clarke, Yvette D.",1,9,100,1/28/21,,0,2,4,,,HRES62,Homeland Security,13,9,NY,,,,,,,,,,
117,251,21306,"Swalwell, Eric",1,10,100,1/28/21,,0,1,4,,,HRES62,Homeland Security,71,15,CA,,,,,,,,,,
117,251,20927,"Titus, Dina",1,11,100,1/28/21,,0,2,4,,,HRES62,Homeland Security,65,1,NV,,,,,,,,,,
117,251,21538,"Watson Coleman, Bonnie",1,12,100,1/28/21,,0,4,2,,,HRES62,Homeland Security,12,12,NJ,,,,,,,,,,
117,251,21540,"Rice, Kathleen",1,13,100,1/28/21,,0,4,2,,,HRES62,Homeland Security,13,4,NY,,,,,,,,,,
117,251,21713,"Demings, Valdez V. (Val)",1,14,100,1/28/21,,0,3,2,,,HRES62,Homeland Security,43,10,FL,,,,,,,,,,
117,251,21703,"Barragán, Nanette D.",1,15,100,1/28/21,,0,3,2,,,HRES62,Homeland Security,71,44,CA,,,,,,,,,,
117,251,21723,"Gottheimer, Joshua S. (Josh)",1,16,100,1/28/21,,0,1,2,,,HRES62,Homeland Security,12,5,NJ,,,,,,,,,,
117,251,21941,"Luria, Elaine",1,17,100,1/28/21,,0,1,2,,,HRES62,Homeland Security,40,2,VA,,,,,,,,,,
117,251,21942,"Malinowski, Tomaz",1,18,100,1/28/21,,0,1,2,,,HRES62,Homeland Security,12,7,NJ,,,,,,,,,,
117,251,22154,"Torres, Ritchie",1,19,100,1/28/21,,0,1,2,,,HRES62,Homeland Security,13,15,NY,,,,,,,,,,
117,251,21542,"Katko, John",2,1,200,1/4/21,,21,4,2,,,HRES10,Homeland Security,13,24,NY,,,,,,,,,,
117,251,20530,"McCaul, Michael T.",2,2,200,1/28/21,,0,9,2,,,HRES63,Homeland Security,49,10,TX,,,,,,,,,,
117,251,21724,"Higgins, Glen C. (Clay)",2,3,200,1/28/21,,0,3,2,,,HRES63,Homeland Security,45,3,LA,,,,,,,,,,
117,251,21927,"Guest, Michael",2,4,200,1/28/21,,0,2,2,,,HRES63,Homeland Security,46,3,MS,,,,,,,,,,
117,251,21986,"Bishop, Dan",2,5,200,1/28/21,,0,2,2,,,HRES63,Homeland Security,47,9,NC,,,,,,,,,,
117,251,91980,"Van Drew, Jefferson",2,6,200,1/28/21,,0,2,2,,,HRES63,Homeland Security,12,2,NJ,,,,,,,,,,
117,251,21753,"Norman, Ralph",2,7,200,1/28/21,,0,1,2,,,HRES63,Homeland Security,48,5,SC,,,,,,,,,,
117,251,22139,"Miller-Meeks, Mariannette",2,8,200,1/28/21,,0,1,2,,,HRES63,Homeland Security,31,2,IA,,,,,,,,,,
117,251,22122,"Harshbarger, Diana",2,9,200,1/28/21,,0,1,2,,,HRES63,Homeland Security,54,1,TN,,,,,,,,,,
117,251,22110,"Clyde, Andrew",2,10,200,1/28/21,,0,1,2,,,HRES63,Homeland Security,44,9,GA,,,,,,,,,,
117,251,22118,"Gimenez, Carlos",2,11,200,1/28/21,,0,1,2,,,HRES63,Homeland Security,43,26,FL,,,,,,,,,,
117,251,22130,"Laturner, Jake",2,12,200,1/28/21,,0,1,2,,,HRES63,Homeland Security,32,2,KS,,,,,,,,,,
117,251,22137,"Meijer, Peter",2,13,200,1/28/21,,0,1,2,,,HRES63,Homeland Security,23,3,MI,,,,,,,,,,
117,251,22107,"Cammack, Kat",2,14,200,1/28/21,,0,1,2,,,HRES63,Homeland Security,43,3,FL,,,,,,,,,,
117,251,22147,"Pfluger, August",2,15,200,1/28/21,,0,1,2,,,HRES63,Homeland Security,49,11,TX,,,,,,,,,,
117,251,22117,"Garbarino, Andrew R.",2,16,200,1/28/21,,0,1,2,,,HRES63,Homeland Security,13,2,NY,,,,,,,,,,
117,156,29377,"Nadler, Jerrold",1,1,100,1/4/21,,12,15,2,,,HRES9,Judiciary,13,10,NY,,,,,,,,,,
117,156,29504,"Lofgren, Zoe",1,2,100,1/28/21,,0,14,2,,,HRES62,Judiciary,71,19,CA,,,,,,,,,,
117,156,29573,"Jackson Lee, Sheila",1,3,100,1/28/21,,0,14,2,,,HRES62,Judiciary,49,18,TX,,,,,,,,,,
117,156,20748,"Cohen, Steve",1,4,100,1/28/21,,0,8,2,,,HRES62,Judiciary,54,9,TN,,,,,,,,,,
117,156,20712,"Johnson, Henry C. ""Hank"", Jr.",1,5,100,1/28/21,,0,8,2,,,HRES62,Judiciary,44,4,GA,,,,,,,,,,
117,156,20959,"Deutch, Theodore E.",1,6,100,1/28/21,,0,7,2,,,HRES62,Judiciary,43,21,FL,,,,,,,,,,
117,156,21110,"Bass, Karen",1,7,100,1/28/21,,0,5,2,,,HRES62,Judiciary,71,37,CA,,,,,,,,,,
117,156,21343,"Jeffries, Hakeem",1,8,100,1/28/21,,0,5,2,,,HRES62,Judiciary,13,8,NY,,,,,,,,,,
117,156,21172,"Cicilline, David",1,9,100,1/28/21,,0,6,2,,,HRES62,Judiciary,5,1,RI,,,,,,,,,,
117,156,21306,"Swalwell, Eric",1,10,100,1/28/21,,0,3,2,,,HRES62,Judiciary,71,15,CA,,,,,,,,,,
117,156,21507,"Lieu, Ted",1,11,100,1/28/21,,0,3,2,,,HRES62,Judiciary,71,33,CA,,,,,,,,,,
117,156,21741,"Raskin, Jamin B. (Jamie)",1,12,100,1/28/21,,0,3,2,,,HRES62,Judiciary,52,8,MD,,,,,,,,,,
117,156,21726,"Jayapal, Pramila",1,13,100,1/28/21,,0,3,2,,,HRES62,Judiciary,73,7,WA,,,,,,,,,,
117,156,21713,"Demings, Valdez V. (Val)",1,14,100,1/28/21,,0,3,2,,,HRES62,Judiciary,43,10,FL,,,,,,,,,,
117,156,21711,"Correa, Jose Luis (Lou)",1,15,100,1/28/21,,0,2,2,,,HRES62,Judiciary,71,46,CA,,,,,,,,,,
117,156,21762,"Scanlon, Mary Gay",1,16,100,1/28/21,,0,2,2,,,HRES62,Judiciary,14,5,PA,,,,,,,,,,
117,156,21922,"Garcia, Sylvia",1,17,100,1/28/21,,0,2,2,,,HRES62,Judiciary,49,29,TX,,,,,,,,,,
117,156,21948,"Neguse, Joseph",1,18,100,1/28/21,,0,2,2,,,HRES62,Judiciary,62,2,CO,,,,,,,,,,
117,156,21944,"Mcbath, Lucy",1,19,100,1/28/21,,0,2,2,,,HRES62,Judiciary,44,6,GA,,,,,,,,,,
117,156,21968,"Stanton, Greg",1,20,100,1/28/21,,0,2,2,,,HRES62,Judiciary,61,9,AZ,,,,,,,,,,
117,156,21915,"Dean, Madeleine",1,21,100,1/28/21,,0,2,2,,,HRES62,Judiciary,14,4,PA,,,,,,,,,,
117,156,21917,"Escobar, Veronica",1,22,100,1/28/21,,0,2,2,,,HRES62,Judiciary,49,16,TX,,,,,,,,,,
117,156,22127,"Jones, Mondaire",1,23,100,1/28/21,,0,1,2,,,HRES62,Judiciary,13,17,NY,,,,,,,,,,
117,156,22149,"Ross, Deborah",1,24,100,1/28/21,,0,1,2,,,HRES62,Judiciary,47,2,NC,,,,,,,,,,
117,156,22106,"Bush, Cori",1,25,100,1/28/21,,0,1,2,,,HRES62,Judiciary,34,1,MO,,,,,,,,,,
117,156,20738,"Jordan, Jim",2,1,200,1/4/21,,21,8,2,,,HRES10,Judiciary,24,4,OH,,,,,,,,,,
117,156,29550,"Chabot, Steven J.",2,2,200,1/28/21,,0,6,2,,,HRES63,Judiciary,24,1,OH,,,,,,,,,,
117,156,20527,"Gohmert, Louie",2,3,200,1/28/21,,0,9,2,,,HRES63,Judiciary,49,1,TX,,,,,,,,,,
117,156,20107,"Issa, Darrell",2,4,200,1/28/21,,0,1,4,,,HRES63,Judiciary,71,50,CA,,,,,,,,,,
117,156,21510,"Buck, Ken",2,5,200,1/28/21,,0,4,2,,,HRES63,Judiciary,62,4,CO,,,,,,,,,,
117,156,21719,"Gaetz, Matthew (Matt)",2,6,200,1/28/21,,0,3,2,,,HRES63,Judiciary,43,1,FL,,,,,,,,,,
117,156,21727,"Johnson, James M. (Mike)",2,7,200,1/28/21,,0,3,2,,,HRES63,Judiciary,45,4,LA,,,,,,,,,,
117,156,21705,"Biggs, Andy",2,8,200,1/28/21,,0,3,2,,,HRES63,Judiciary,61,5,AZ,,,,,,,,,,
117,156,20903,"Mcclintock, Tom",2,9,200,1/28/21,,0,2,2,,,HRES63,Judiciary,71,4,CA,,,,,,,,,,
117,156,21971,"Steube, William",2,10,200,1/28/21,,0,2,2,,,HRES63,Judiciary,34,17,FL,,,,,,,,,,
117,156,21989,"Tiffany, Thomas ",2,11,200,1/28/21,,0,2,2,,,HRES63,Judiciary,25,7,WI,,,,,,,,,,
117,156,31102,"Massie, Thomas",2,12,200,1/28/21,,0,1,2,,,HRES63,Judiciary,51,4,KY,,,,,,,,,,
117,156,21961,"Roy, Charles",2,13,200,1/28/21,,0,1,2,,,HRES63,Judiciary,49,21,TX,,,,,,,,,,
117,156,21986,"Bishop, Dan",2,14,200,1/28/21,,0,1,2,,,HRES63,Judiciary,47,9,NC,,,,,,,,,,
117,156,22114,"Fischbach, Michelle",2,15,200,1/28/21,,0,1,2,,,HRES63,Judiciary,33,7,MN,,,,,,,,,,
117,156,22151,"Spartz, Victoria",2,16,200,1/28/21,,0,1,2,,,HRES63,Judiciary,22,5,IN,,,,,,,,,,
117,156,22115,"Fitzgerald, Scott",2,17,200,1/28/21,,0,1,2,,,HRES63,Judiciary,25,5,WI,,,,,,,,,,
117,156,22101,"Bentz, Cliff",2,18,200,1/28/21,,0,1,2,,,HRES63,Judiciary,72,5,OR,,,,,,,,,,
117,156,22146,"Owens, Burgess",2,19,200,1/28/21,,0,1,2,,,HRES63,Judiciary,67,4,UT,,,,,,,,,,
117,164,20305,"Grijalva, Raul M",1,1,100,1/4/21,,11,10,2,,,HRES9,Natural Resources,61,3,AZ,,,,,,,,,,
117,164,29903,"Napolitano, Grace F.",1,2,100,1/28/21,,0,12,2,,,HRES62,Natural Resources,71,32,CA,,,,,,,,,,
117,164,20501,"Costa, Jim",1,3,100,1/28/21,,0,9,2,,,HRES62,Natural Resources,71,16,CA,,,,,,,,,,
117,164,70810,"Sablan, Gregorio",1,4,100,1/28/21,,0,7,2,,,HRES62,Natural Resources,95,1,MP,,,,,,,,,,
117,164,21303,"Huffman, Jared",1,5,100,1/28/21,,0,5,2,,,HRES62,Natural Resources,71,2,CA,,,,,,,,,,
117,164,21313,"Lowenthal, Alan",1,6,100,1/28/21,,0,5,2,,,HRES62,Natural Resources,71,47,CA,,,,,,,,,,
117,164,21502,"Gallego, Ruben",1,7,100,1/28/21,,0,4,2,,,HRES62,Natural Resources,61,7,AZ,,,,,,,,,,
117,164,21948,"Neguse, Joseph",1,8,100,1/28/21,,0,2,2,,,HRES62,Natural Resources,62,2,CO,,,,,,,,,,
117,164,21939,"Levin, Mike",1,9,100,1/28/21,,0,2,2,,,HRES62,Natural Resources,71,49,CA,,,,,,,,,,
117,164,21954,"Porter, Katie",1,10,100,1/28/21,,0,1,2,,,HRES62,Natural Resources,71,45,CA,,,,,,,,,,
117,164,22131,"Leger Fernandez, Teresa",1,11,100,1/28/21,,0,1,2,,,HRES62,Natural Resources,66,3,NM,,,,,,,,,,
117,164,29378,"Velazquez, Nydia M.",1,12,100,1/28/21,,0,3,2,,,HRES62,Natural Resources,13,7,NY,,,,,,,,,,
117,164,29710,"DeGette, Diana",1,13,100,1/28/21,,0,2,4,,,HRES62,Natural Resources,,,,,,,,,,,,,
117,164,21308,"Brownley, Julia",1,14,100,1/28/21,,0,1,2,,,HRES62,Natural Resources,71,26,CA,,,,,,,,,,
117,164,21529,"Dingell, Debbie",1,15,100,1/28/21,,0,2,4,,,HRES62,Natural Resources,23,12,MI,,,,,,,,,,
117,164,21736,"McEachin, Aston D. (Donald)",1,16,100,1/28/21,,0,3,2,,,HRES62,Natural Resources,40,4,VA,,,,,,,,,,
117,164,21746,"Soto, Darren",1,17,100,1/28/21,,0,3,2,,,HRES62,Natural Resources,43,9,FL,,,,,,,,,,
117,164,70703,"San Nicolas, Michael F. Q. ",1,18,100,1/28/21,,0,2,2,,,HRES62,Natural Resources,91,79,GU,,,,,,,,,,
117,164,21921,"Garcia, Jesus",1,19,100,1/28/21,,0,2,2,,,HRES62,Natural Resources,21,4,IL,,,,,,,,,,
117,164,20322,"Case, Ed",1,20,100,1/28/21,,0,2,2,,,HRES62,Natural Resources,82,1,HI,,,,,,,,,,
117,164,20122,"McCollum, Betty",1,21,100,2/3/21,,0,1,2,,,HRES92,Natural Resources,33,4,MN,,,,,,,,,,
117,164,20748,"Cohen, Steve",1,22,100,2/3/21,,0,1,2,,,HRES92,Natural Resources,54,9,TN,,,,,,,,,,
117,164,20934,"Tonko, Paul",1,23,100,2/3/21,,0,2,4,,,HRES92,Natural Resources,13,20,NY,,,,,,,,,,
117,164,21975,"Tlaib, Rashida",1,24,100,2/3/21,,0,1,2,,,HRES92,Natural Resources,23,13,MI,,,,,,,,,,
117,164,20538,"Matsui, Doris O.",1,25,100,2/11/21,,0,1,2,,,HRES111,Natural Resources,71,6,CA,,,,,,,,,,
117,164,21977,"Trahan, Lori",1,26,100,2/11/21,,0,1,2,,,HRES111,Natural Resources,3,3,MA,,,,,,,,,,
117,164,21563,"Westerman, Bruce",2,1,200,1/4/21,,0,4,2,,,HRES10,Natural Resources,42,4,AR,,,,,,,,,,
117,164,14066,"Young, Donald E.",2,2,200,1/28/21,,0,25,2,,,HRES63,Natural Resources,81,1,AK,,,,,,,,,,
117,164,20527,"Gohmert, Louie",2,3,200,1/28/21,,0,9,2,,,HRES63,Natural Resources,49,1,TX,,,,,,,,,,
117,164,20704,"Lamborn, Doug",2,4,200,1/28/21,,0,8,2,,,HRES63,Natural Resources,62,5,CO,,,,,,,,,,
117,164,20756,"Wittman, Robert J.",2,5,200,1/28/21,,0,8,2,,,HRES63,Natural Resources,40,1,VA,,,,,,,,,,
117,164,20903,"McClintock, Tom",2,6,200,1/28/21,,0,7,2,,,HRES63,Natural Resources,71,4,CA,,,,,,,,,,
117,164,21103,"Gosar, Paul R.",2,7,200,1/28/21,,0,6,2,,,HRES63,Natural Resources,61,4,AZ,,,,,,,,,,
117,164,21523,"Graves, Garret",2,8,200,1/28/21,,0,1,4,,,HRES63,Natural Resources,45,6,LA,,,,,,,,,,
117,164,21514,"Hice, Jody",2,9,200,1/28/21,,0,4,2,,,HRES63,Natural Resources,44,10,GA,,,,,,,,,,
117,164,70901,"Radewagen, Amata",2,10,200,1/28/21,,0,4,2,,,HRES63,Natural Resources,94,1,AS,,,,,,,,,,
117,164,21116,"Webster, Daniel",2,11,200,1/28/21,,0,3,2,,,HRES63,Natural Resources,43,11,FL,,,,,,,,,,
117,164,70807,"Gonzalez-Colon, Jenniffer",2,12,200,1/28/21,,0,3,2,,,HRES63,Natural Resources,92,80,PR,,,,,,,,,,
117,164,21920,"Fulcher, Russell",2,13,200,1/28/21,,0,2,2,,,HRES63,Natural Resources,63,1,ID,,,,,,,,,,
117,164,21969,"Stauber, Peter",2,14,200,1/28/21,,0,2,2,,,HRES63,Natural Resources,33,8,MN,,,,,,,,,,
117,164,21989,"Tiffany, Thomas ",2,15,200,1/28/21,,0,1,2,,,HRES63,Natural Resources,25,7,WI,,,,,,,,,,
117,164,22108,"Carl, Jerry",2,16,200,1/28/21,,0,1,2,,,HRES63,Natural Resources,41,1,AL,,,,,,,,,,
117,164,22148,"Rosendale, Matt",2,17,200,1/28/21,,0,1,2,,,HRES63,Natural Resources,64,1,MT,,,,,,,,,,
117,164,20357,"Moore, Blake",2,18,200,1/28/21,,0,1,2,,,HRES63,Natural Resources,67,1,UT,,,,,,,,,,
117,164,22123,"Herrell, Yvette",2,19,200,1/28/21,,0,1,2,,,HRES63,Natural Resources,66,2,NM,,,,,,,,,,
117,164,22103,"Boebert, Lauren ",2,20,100,1/28/21,,0,1,2,,,HRES63,Natural Resources,62,3,CO,,,,,,,,,,
117,164,22145,"Obernolte, Jay",2,21,200,1/28/21,,0,1,2,,,HRES63,Natural Resources,71,8,CA,,,,,,,,,,
117,164,22101,"Bentz, Cliff",2,22,200,1/28/21,,0,1,2,,,HRES63,Natural Resources,72,5,OR,,,,,,,,,,
117,138,29379,"Maloney, Carolyn B.",1,1,100,1/4/21,,11,15,2,,,HRES9,Oversight and Reform,13,12,NY,,,,,,,,,,
117,138,70303,"Norton, Eleanor Holmes",1,2,100,1/28/21,,0,9,5,,,HRES62,Oversight and Reform,55,79,DC,,,,,,,,,,
117,138,20119,"Lynch, Stephen F.",1,3,100,1/28/21,,0,11,2,,,HRES62,Oversight and Reform,3,8,MA,,,,,,,,,,
117,138,15019,"Cooper, Jim",1,4,100,1/28/21,,0,8,4,,,HRES62,Oversight and Reform,54,5,TN,,,,,,,,,,
117,138,20952,"Connolly, Gerald E.",1,5,100,1/28/21,,0,7,2,,,HRES62,Oversight and Reform,40,11,VA,,,,,,,,,,
117,138,21730,"Krishnamoorthi, Raja",1,6,100,1/28/21,,0,3,2,,,HRES62,Oversight and Reform,21,8,IL,,,,,,,,,,
117,138,21741,"Raskin, Jamin B. (Jamie)",1,7,100,1/28/21,,0,3,2,,,HRES62,Oversight and Reform,52,8,MD,,,,,,,,,,
117,138,21728,"Khanna, Rohit (Ro)",1,8,100,1/28/21,,0,2,2,,,HRES62,Oversight and Reform,71,17,CA,,,,,,,,,,
117,138,15433,"Mfume, Kweisi",1,9,100,1/28/21,,0,2,2,,,HRES62,Oversight and Reform,52,7,MD,,,,,,,,,,
117,138,21949,"Ocasio-Cortez, Alexandria",1,10,100,1/28/21,,0,2,2,,,HRES62,Oversight and Reform,13,14,NY,,,,,,,,,,
117,138,21975,"Tlaib, Rashida",1,11,100,1/28/21,,0,2,2,,,HRES62,Oversight and Reform,23,13,MI,,,,,,,,,,
117,138,21954,"Porter, Katie",1,12,100,1/28/21,,0,2,,,,HRES62,Oversight and Reform,71,45,CA,,,,,,,,,,
117,138,22106,"Bush, Cori",1,13,100,1/28/21,,0,1,2,,,HRES62,Oversight and Reform,34,1,MO,,,,,,,,,,
117,138,29717,"Davis, Danny K.",1,14,100,1/28/21,,0,9,2,1,,HRES62,Oversight and Reform,21,7,IL,,,,,,,,,,
117,138,20504,"Wasserman Schultz, Debbie",1,15,100,1/28/21,,0,2,2,,,HRES62,Oversight and Reform,43,23,FL,,,,,,,,,,
117,138,20750,"Welch, Peter",1,16,100,1/28/21,,0,3,2,,,HRES62,Oversight and Reform,6,1,VT,,,,,,,,,,
117,138,20712,"Johnson, Henry C. ""Hank"", Jr.",1,17,100,1/28/21,,0,1,2,,,HRES62,Oversight and Reform,44,4,GA,,,,,,,,,,
117,138,20724,"Sarbanes, John P.",1,18,100,1/28/21,,0,3,2,,,HRES62,Oversight and Reform,52,3,MD,,,,,,,,,,
117,138,20762,"Speier, Karen Lorraine Jacqueline (Jackie)",1,19,100,1/28/21,,0,2,4,,,HRES62,Oversight and Reform,71,14,CA,,,,,,,,,,
117,138,21371,"Kelly, Robin",1,20,100,1/28/21,,0,5,2,,,HRES62,Oversight and Reform,21,2,IL,,,,,,,,,,
117,138,21530,"Lawrence, Brenda",1,21,100,1/28/21,,0,4,2,,,HRES62,Oversight and Reform,71,11,CA,,,,,,,,,,
117,138,21504,"DeSaulnier, Mark",1,22,100,1/28/21,,0,3,2,,,HRES62,Oversight and Reform,23,14,MI,,,,,,,,,,
117,138,21754,"Gomez, Jimmy",1,23,100,1/28/21,,0,3,2,,,HRES62,Oversight and Reform,71,34,CA,,,,,,,,,,
117,138,21955,"Pressley, Ayanna",1,24,100,1/28/21,,0,2,2,,,HRES62,Oversight and Reform,3,7,MA,,,,,,,,,,
117,138,20954,"Quigley, Mike",1,25,100,4/14/21,,0,1,2,,,HRES310,Oversight and Reform,21,5,IL,,,,,,,,,,
117,138,21565,"Comer, James",2,1,200,1/4/21,,0,3,2,,,HRES10,Oversight and Reform,51,1,KY,,,,,,,,,,
117,138,20738,"Jordan, Jim",2,2,200,1/28/21,,21,8,2,,,HRES63,Oversight and Reform,24,4,OH,,,,,,,,,,
117,138,21103,"Gosar, Paul R.",2,3,200,1/28/21,,0,6,2,,,HRES63,Oversight and Reform,61,4,AZ,,,,,,,,,,
117,138,20521,"Foxx, Virginia",2,4,200,1/28/21,,0,3,5,,,HRES63,Oversight and Reform,47,5,NC,,,,,,,,,,
117,138,21514,"Hice, Jody",2,5,200,1/28/21,,0,4,2,,,HRES63,Oversight and Reform,44,10,GA,,,,,,,,,,
117,138,21559,"Grothman, Glenn",2,6,200,1/28/21,,0,4,2,,,HRES63,Oversight and Reform,25,6,WI,,,,,,,,,,
117,138,21758,"Cloud, Michael",2,7,200,1/28/21,,0,3,2,,,HRES63,Oversight and Reform,49,27,TX,,,,,,,,,,
117,138,21165,"Gibbs, Bob",2,8,200,1/28/21,,0,2,2,,,HRES63,Oversight and Reform,24,7,OH,,,,,,,,,,
117,138,21724,"Higgins, Glen C. (Clay)",2,9,200,1/28/21,,0,2,2,,,HRES63,Oversight and Reform,45,3,LA,,,,,,,,,,
117,138,21753,"Norman, Ralph",2,10,200,1/28/21,,0,2,2,,,HRES63,Oversight and Reform,48,5,SC,,,,,,,,,,
117,138,29759,"Sessions, Pete",2,11,200,1/28/21,,0,1,2,,,HRES63,Oversight and Reform,49,32,TX,,,,,,,,,,
117,138,21985,"Keller, Frederick",2,12,200,1/28/21,,0,2,2,,,HRES63,Oversight and Reform,14,12,PA,,,,,,,,,,
117,138,21705,"Biggs, Andy",2,13,200,1/28/21,,0,,,,,HRES63,Oversight and Reform,61,5,AZ,,,,,,,,,,
117,138,22110,"Clyde, Andrew",2,14,200,1/28/21,,0,1,2,,,HRES63,Oversight and Reform,44,9,GA,,,,,,,,,,
117,138,22132,"Mace, Nancy",2,15,200,1/28/21,,0,1,2,,,HRES63,Oversight and Reform,48,1,SC,,,,,,,,,,
117,138,22116,"Franklin, C. Scott",2,16,200,1/28/21,,0,1,2,,,HRES63,Oversight and Reform,43,15,FL,,,,,,,,,,
117,138,22130,"Laturner, Jake",2,17,200,1/28/21,,0,1,2,,,HRES63,Oversight and Reform,32,2,KS,,,,,,,,,,
117,138,22112,"Fallon, Pat",2,18,200,1/28/21,,0,1,2,,,HRES63,Oversight and Reform,49,4,TX,,,,,,,,,,
117,138,22123,"Herrell, Yvette",2,19,200,1/28/21,,0,1,2,,,HRES63,Oversight and Reform,66,2,NM,,,,,,,,,,
117,138,22111,"Donalds, Byron",2,20,200,1/28/21,,0,1,2,,,HRES63,Oversight and Reform,43,19,FL,,,,,,,,,,
117,176,29729,"McGovern, Jim",1,1,100,1/12/21,,11,11,2,,,HRES35,Rules,3,2,MA,,,,,,,,,,
117,176,29337,"Hastings, Alcee L.",1,2,100,1/12/21,,0,11,2,,,HRES35,Rules,43,20,FL,,,,,,,,,,
117,176,21508,"Torres, Norma",1,3,100,1/12/21,,0,3,2,,,HRES35,Rules,71,35,CA,,,,,,,,,,
117,176,20705,"Perlmutter, Ed",1,4,200,1/12/21,,0,3,2,,,HRES35,Rules,62,7,CO,,,,,,,,,,
117,176,21741,"Raskin, Jamin B. (Jamie)",1,5,100,1/12/21,,0,2,2,,,HRES35,Rules,52,8,MD,,,,,,,,,,
117,176,21762,"Scanlon, Mary Gay",1,6,100,1/12/21,,0,2,2,,,HRES35,Rules,14,7,PA,,,,,,,,,,
117,176,21761,"Morelle, Joseph",1,7,100,1/12/21,,0,2,2,,,HRES35,Rules,13,25,NY,,,,,,,,,,
117,176,21504,"DeSaulnier, Mark",1,8,100,1/12/21,,0,2,2,,,HRES35,Rules,71,11,CA,,,,,,,,,,
117,176,22149,"Ross, Deborah",1,9,100,1/12/21,,0,1,2,,,HRES35,Rules,,,,,,,,,,,,,
117,176,20344,"Cole, Tom",2,1,200,1/12/21,,21,5,2,,,HRES36,Rules,53,4,OK,,,,,,,,,,
117,176,20355,"Burgess, Michael",2,2,200,1/12/21,,0,5,2,,,HRES36,Rules,49,26,TX,,,,,,,,,,
117,176,21757,"Lesko, Debbie",2,3,200,1/12/21,,0,2,2,,,HRES36,Rules,61,8,AZ,,,,,,,,,,
117,176,21956,"Reschenthaler, Guy",2,4,200,1/12/21,,0,1,2,,,HRES36,Rules,14,14,PA,,,,,,,,,,
117,182,39305,"Johnson, Eddie Bernice",1,1,100,1/4/21,,11,15,2,,,HRES9,"Science, Space, and Technology",49,30,TX,,,,,,,,,,
117,182,29504,"Lofgren, Zoe",1,2,100,1/28/21,,0,6,4,,,HRES62,"Science, Space, and Technology",71,19,CA,,,,,,,,,,
117,182,21198,"Bonamici, Suzanne",1,3,100,1/28/21,,0,6,2,,,HRES62,"Science, Space, and Technology",72,1,OR,,,,,,,,,,
117,182,21304,"Bera, Ami",1,4,100,1/28/21,,0,5,2,,,HRES62,"Science, Space, and Technology",71,7,CA,,,,,,,,,,
117,182,21972,"Stevens, Haley",1,5,100,1/28/21,,0,2,2,,,HRES62,"Science, Space, and Technology",23,11,MI,,,,,,,,,,
117,182,21964,"Sherrill, Mikie",1,6,100,1/28/21,,0,2,2,,,HRES62,"Science, Space, and Technology",12,11,NJ,,,,,,,,,,
117,182,22105,"Bowman, Jamaal",1,7,100,1/28/21,,0,1,2,,,HRES62,"Science, Space, and Technology",13,16,NY,,,,,,,,,,
117,182,29707,"Sherman, Brad",1,8,100,1/28/21,,0,2,5,,,HRES62,"Science, Space, and Technology",71,30,CA,,,,,,,,,,
117,182,20705,"Perlmutter, Ed",1,9,100,1/28/21,,0,3,2,,,HRES62,"Science, Space, and Technology",62,7,CO,,,,,,,,,,
117,182,20702,"McNerney, Jerry",1,10,100,1/28/21,,0,3,2,,,HRES62,"Science, Space, and Technology",71,9,CA,,,,,,,,,,
117,182,20934,"Tonko, Paul",1,11,100,1/28/21,,0,3,2,,,HRES62,"Science, Space, and Technology",13,20,NY,,,,,,,,,,
117,182,20749,"Foster, Bill",1,12,100,1/28/21,,0,3,2,,,HRES62,"Science, Space, and Technology",21,11,IL,,,,,,,,,,
117,182,21536,"Norcross, Donald",1,13,100,1/28/21,,0,1,2,,,HRES62,"Science, Space, and Technology",12,1,NJ,,,,,,,,,,
117,182,21554,"Beyer, Donald Sternoff Jr.",1,14,100,1/28/21,,0,4,2,,,HRES62,"Science, Space, and Technology",40,8,VA,,,,,,,,,,
117,182,21712,"Crist, Charles J. (Charlie)",1,15,100,1/28/21,,0,3,2,,,HRES62,"Science, Space, and Technology",43,13,FL,,,,,,,,,,
117,182,21906,"Casten, Sean",1,16,100,1/28/21,,0,2,2,,,HRES62,"Science, Space, and Technology",21,6,IL,,,,,,,,,,
117,182,21756,"Lamb, Conor",1,17,100,1/28/21,,0,3,2,,,HRES62,"Science, Space, and Technology",14,18,PA,,,,,,,,,,
117,182,22149,"Ross, Deborah",1,18,100,1/28/21,,0,1,2,,,HRES62,"Science, Space, and Technology",47,2,NC,,,,,,,,,,
117,182,20537,"Moore, Gwendolynne S. (Gwen)",1,19,100,2/11/21,,0,1,2,,,HRES111,"Science, Space, and Technology",25,4,WI,,,,,,,,,,
117,182,21372,"Kildee, Dan",1,20,100,2/11/21,,0,1,2,,,HRES111,"Science, Space, and Technology",23,5,MI,,,,,,,,,,
117,182,21763,"Wild, Susan",1,21,100,2/11/21,,0,1,2,,,HRES111,"Science, Space, and Technology",14,7,PA,,,,,,,,,,
117,182,21919,"Fletcher, Elizabeth",1,22,100,2/11/21,,0,2,2,,,HRES111,"Science, Space, and Technology",49,7,TX,,,,,,,,,,
117,182,,[vacant],1,23,100,,,,,,,,,"Science, Space, and Technology",,,,,,,,,,,,,
117,182,29393,"Lucas, Frank D.",2,1,200,1/4/21,,21,12,2,,,HRES10,"Science, Space, and Technology",53,3,OK,,,,,,,,,,
117,182,21193,"Brooks, Mo",2,2,200,1/28/21,,0,6,2,,,HRES63,"Science, Space, and Technology",41,5,AL,,,,,,,,,,
117,182,20909,"Posey, Bill",2,3,200,1/28/21,,0,5,2,,,HRES63,"Science, Space, and Technology",43,8,FL,,,,,,,,,,
117,182,21360,"Weber, Randy",2,4,200,1/28/21,,0,5,2,,,HRES63,"Science, Space, and Technology",49,14,TX,,,,,,,,,,
117,182,21551,"Babin, Brian",2,5,200,1/28/21,,0,4,2,,,HRES63,"Science, Space, and Technology",49,36,TX,,,,,,,,,,
117,182,21924,"Gonzalez, Anthony",2,6,200,1/28/21,,0,2,2,,,HRES63,"Science, Space, and Technology",24,16,OH,,,,,,,,,,
117,182,21981,"Waltz, Michael",2,7,200,1/28/21,,0,2,2,,,HRES63,"Science, Space, and Technology",43,6,FL,,,,,,,,,,
117,182,21903,"Baird, James",2,8,200,1/28/21,,0,2,2,,,HRES63,"Science, Space, and Technology",22,4,IN,,,,,,,,,,
117,182,29759,"Sessions, Pete",2,9,200,1/28/21,,0,1,2,,,HRES63,"Science, Space, and Technology",49,32,TX,,,,,,,,,,
117,182,21116,"Webster, Daniel",2,10,200,1/28/21,,0,1,4,,,HRES63,"Science, Space, and Technology",43,10,FL,,,,,,,,,,
117,182,21988,"Garcia, Mike",2,11,200,1/28/21,,0,2,2,,,HRES63,"Science, Space, and Technology",71,25,CA,,,,,,,,,,
117,182,22102,"Bice, Stephanie",2,12,200,1/28/21,,0,1,2,,,HRES63,"Science, Space, and Technology",53,5,OK,,,,,,,,,,
117,182,22129,"Kim, Young",2,13,200,1/28/21,,0,1,2,,,HRES63,"Science, Space, and Technology",71,39,CA,,,,,,,,,,
117,182,22113,"Feenstra, Randy",2,14,200,1/28/21,,0,1,2,,,HRES63,"Science, Space, and Technology",31,4,IA,,,,,,,,,,
117,182,22130,"Laturner, Jake",2,15,200,1/28/21,,0,1,2,,,HRES63,"Science, Space, and Technology",32,2,KS,,,,,,,,,,
117,182,22118,"Gimenez, Carlos",2,16,200,1/28/21,,0,1,2,,,HRES63,"Science, Space, and Technology",,,,,,,,,,,,,
117,182,22145,"Obernolte, Jay",2,17,200,1/28/21,,0,1,2,,,HRES63,"Science, Space, and Technology",71,8,CA,,,,,,,,,,
117,182,22137,"Meijer, Peter",2,18,200,1/28/21,,0,1,2,,,HRES63,"Science, Space, and Technology",23,3,MI,,,,,,,,,,
117,182,,[vacant],2,19,200,,,,,,,,,"Science, Space, and Technology",,,,,,,,,,,,,
117,184,29378,"Velazquez, Nydia M.",1,1,100,1/4/21,,11,15,2,,,HRES9,Small Business,13,7,NY,,,,,,,,,,
117,184,21923,"Golden, Jared",1,2,100,1/28/21,,0,2,2,,,HRES62,Small Business,2,2,ME,,,,,,,,,,
117,184,21914,"Davids, Sharice",1,3,100,1/28/21,,0,2,2,,,HRES62,Small Business,32,3,KS,,,,,,,,,,
117,184,15433,"Mfume, Kweisi",1,4,100,1/28/21,,0,2,4,,,HRES62,Small Business,52,7,MD,,,,,,,,,,
117,184,21953,"Phillips, Dean",1,5,100,1/28/21,,0,1,2,,,HRES62,Small Business,33,3,MN,,,,,,,,,,
117,184,22144,"Newman, Marie",1,6,100,1/28/21,,0,1,2,,,HRES62,Small Business,21,3,IL,,,,,,,,,,
117,184,22104,"Bordeaux, Carolyn",1,7,100,1/28/21,,0,1,2,,,HRES62,Small Business,44,7,GA,,,,,,,,,,
117,184,20955,"Chu, Judy",1,8,100,1/28/21,,0,7,2,,,HRES62,Small Business,71,27,CA,,,,,,,,,,
117,184,21315,"Peters, Scott",1,9,100,1/28/21,,0,1,2,,,HRES62,Small Business,71,52,CA,,,,,,,,,,
117,184,21566,"Evans, Dwight E.",1,11,100,1/28/21,,0,3,2,,,HRES62,Small Business,14,2,PA,,,,,,,,,,
117,184,21916,"Delgado, Antonio",1,12,100,1/28/21,,0,2,2,,,HRES62,Small Business,13,19,NY,,,,,,,,,,
117,184,21934,"Houlahan, Christina",1,13,100,1/28/21,,0,2,2,,,HRES62,Small Business,14,6,PA,,,,,,,,,,
117,184,21937,"Kim, Andy",1,14,100,1/28/21,,0,2,2,,,HRES62,Small Business,12,3,NJ,,,,,,,,,,
117,184,21910,"Craig, Angela",1,15,100,1/28/21,,0,2,2,,,HRES62,Small Business,33,2,MN,,,,,,,,,,
117,184,20926,"Luetkemeyer, Blaine",2,1,200,1/4/21,,21,1,4,,,HRES51,Small Business,34,3,MO,,,,,,,,,,
117,184,21929,"Hagedorn, Jim",2,2,200,1/28/21,,0,2,2,,,HRES63,Small Business,33,1,MN,,,,,,,,,,
117,184,21969,"Stauber, Peter",2,3,200,1/28/21,,0,2,2,,,HRES63,Small Business,33,8,MN,,,,,,,,,,
117,184,21364,"Williams, Roger",2,4,200,1/28/21,,0,1,2,,,HRES63,Small Business,49,25,TX,,,,,,,,,,
117,184,21945,"Meuser, Dan",2,5,200,1/28/21,,0,1,2,,,HRES63,Small Business,14,9,PA,,,,,,,,,,
117,184,21749,"Tenney, Claudia",2,6,200,2/23/21,,0,1,2,,,HRES146,Small Business,13,22,NY,to rank immediately after Mr. Meuser,,,,,,,,,
117,184,22117,"Garbarino, Andrew R.",2,7,200,1/28/21,,0,1,2,,,HRES63,Small Business,13,2,NY,,,,,,,,,,
117,184,22129,"Kim, Young",2,8,200,1/28/21,,0,1,2,,,HRES63,Small Business,71,39,CA,,,,,,,,,,
117,184,22155,"Van Duyne, Beth",2,9,200,1/28/21,,0,1,2,,,HRES63,Small Business,49,24,TX,,,,,,,,,,
117,184,22111,"Donalds, Byron",2,10,200,1/28/21,,0,1,2,,,HRES63,Small Business,43,19,FL,,,,,,,,,,
117,184,22150,"Salazar, Maria Elvira",2,11,200,1/28/21,,0,1,2,,,HRES63,Small Business,43,27,FL,,,,,,,,,,
117,184,22115,"Fitzgerald, Scott",2,12,200,1/28/21,,0,1,2,,,HRES63,Small Business,25,5,WI,,,,,,,,,,
117,173,15410,"DeFazio, Peter A.",1,1,100,1/4/21,,11,18,2,,,HRES9,Transportation and Infrastructure,72,4,OR,,,,,,,,,,
117,173,70303,"Norton, Eleanor Holmes",1,2,100,1/28/21,,0,16,2,,,HRES62,Transportation and Infrastructure,55,79,DC,,,,,,,,,,
117,173,39305,"Johnson, Eddie Bernice",1,3,100,1/28/21,,0,15,2,,,HRES62,Transportation and Infrastructure,49,30,TX,,,,,,,,,,
117,173,20145,"Larsen, Rick",1,4,100,1/28/21,,0,11,2,,,HRES62,Transportation and Infrastructure,73,2,WA,,,,,,,,,,
117,173,29903,"Napolitano, Grace F.",1,5,100,1/28/21,,0,8,2,,,HRES62,Transportation and Infrastructure,71,32,CA,,,,,,,,,,
117,173,20748,"Cohen, Steve",1,6,100,1/28/21,,0,8,2,,,HRES62,Transportation and Infrastructure,54,9,TN,,,,,,,,,,
117,173,20542,"Sires, Albio",1,7,100,1/28/21,,0,8,2,,,HRES62,Transportation and Infrastructure,12,8,NJ,,,,,,,,,,
117,173,20958,"Garamendi, John J.",1,8,100,1/28/21,,0,5,2,,,HRES62,Transportation and Infrastructure,71,3,CA,,,,,,,,,,
117,173,20712,"Johnson, Henry C. ""Hank"", Jr.",1,9,100,1/28/21,,0,3,5,,,HRES62,Transportation and Infrastructure,44,4,GA,,,,,,,,,,
117,173,20757,"Carson, Andre",1,10,100,1/28/21,,0,5,2,,,HRES62,Transportation and Infrastructure,22,7,IN,,,,,,,,,,
117,173,20927,"Titus, Dina",1,11,100,1/28/21,,0,5,2,,,HRES62,Transportation and Infrastructure,65,1,NV,,,,,,,,,,
117,173,21344,"Maloney, Sean Patrick",1,12,100,1/28/21,,0,5,2,,,HRES62,Transportation and Infrastructure,13,18,NY,,,,,,,,,,
117,173,21303,"Huffman, Jared",1,13,100,1/28/21,,0,4,2,,,HRES62,Transportation and Infrastructure,71,2,CA,,,,,,,,,,
117,173,21308,"Brownley, Julia",1,14,100,1/28/21,,0,4,2,,,HRES62,Transportation and Infrastructure,71,26,CA,,,,,,,,,,
117,173,21118,"Wilson, Frederica",1,15,100,1/28/21,,0,3,2,,,HRES62,Transportation and Infrastructure,43,24,FL,,,,,,,,,,
117,173,31103,"Payne, Donald, Jr.",1,16,100,1/28/21,,0,3,2,,,HRES62,Transportation and Infrastructure,12,9,NJ,,,,,,,,,,
117,173,21313,"Lowenthal, Alan",1,17,100,1/28/21,,0,3,2,,,HRES62,Transportation and Infrastructure,71,47,CA,,,,,,,,,,
117,173,21504,"DeSaulnier, Mark",1,18,100,1/28/21,,0,3,2,,,HRES62,Transportation and Infrastructure,23,14,MI,,,,,,,,,,
117,173,20119,"Lynch, Stephen F.",1,19,100,1/28/21,,0,2,2,,,HRES62,Transportation and Infrastructure,3,8,MA,,,,,,,,,,
117,173,21709,"Carbajal, Salud",1,20,100,1/28/21,,0,2,2,,,HRES62,Transportation and Infrastructure,71,24,CA,,,,,,,,,,
117,173,21707,"Brown, Anthony G.",1,21,100,1/28/21,,0,2,2,,,HRES62,Transportation and Infrastructure,52,4,MD,,,,,,,,,,
117,173,21942,"Malinowski, Tomaz",1,22,100,1/28/21,,0,2,2,,,HRES62,Transportation and Infrastructure,12,7,NJ,,,,,,,,,,
117,173,21968,"Stanton, Greg",1,23,100,1/28/21,,0,2,2,,,HRES62,Transportation and Infrastructure,61,9,AZ,,,,,,,,,,
117,173,21900,"Allred, Colin",1,24,100,1/28/21,,0,2,2,,,HRES62,Transportation and Infrastructure,49,32,TX,,,,,,,,,,
117,173,21914,"Davids, Sharice",1,25,100,1/28/21,,0,2,2,,,HRES62,Transportation and Infrastructure,32,3,KS,,,,,,,,,,
117,173,21921,"Garcia, Jesus",1,26,100,1/28/21,,0,2,2,,,HRES62,Transportation and Infrastructure,21,4,IL,,,,,,,,,,
117,173,21916,"Delgado, Antonio",1,27,100,1/28/21,,0,2,2,,,HRES62,Transportation and Infrastructure,13,19,NY,,,,,,,,,,
117,173,21951,"Pappas, Chris",1,28,100,1/28/21,,0,2,2,,,HRES62,Transportation and Infrastructure,4,1,NH,,,,,,,,,,
117,173,21756,"Lamb, Conor",1,29,100,1/28/21,,0,2,2,,,HRES62,Transportation and Infrastructure,14,18,PA,,,,,,,,,,
117,173,21525,"Moulton, Seth",1,30,100,1/28/21,,0,1,2,,,HRES62,Transportation and Infrastructure,3,6,MA,,,,,,,,,,
117,173,22100,"Auchincloss, Jake",1,31,100,1/28/21,,0,1,2,,,HRES62,Transportation and Infrastructure,3,4,MA,,,,,,,,,,
117,173,22104,"Bordeaux, Carolyn",1,32,100,1/28/21,,0,1,2,,,HRES62,Transportation and Infrastructure,44,7,GA,,,,,,,,,,
117,173,22128,"Kahele, Kaiali'i ",1,33,100,1/28/21,,0,1,2,,,HRES62,Transportation and Infrastructure,82,2,HI,,,,,,,,,,
117,173,22153,"Strickland, Marilyn",1,34,100,1/28/21,,0,1,2,,,HRES62,Transportation and Infrastructure,73,10,WA,,,,,,,,,,
117,173,22156,"Williams, Nikema",1,35,100,1/28/21,,0,1,2,,,HRES62,Transportation and Infrastructure,44,5,GA,,,,,,,,,,
117,173,22144,"Newman, Marie",1,36,100,1/28/21,,0,1,2,,,HRES62,Transportation and Infrastructure,21,3,IL,,,,,,,,,,
117,173,,[vacant],,37,100,,,,,,,,,Transportation and Infrastructure,,,,,,,,,,,,,
117,173,20124,"Graves, Samuel",2,1,200,1/4/21,,21,11,2,,,HRES10,Transportation and Infrastructure,34,6,MO,,,,,,,,,,
117,173,14066,"Young, Donald E.",2,2,200,1/28/21,,0,14,2,,,HRES63,Transportation and Infrastructure,81,1,AK,,,,,,,,,,
117,173,21106,"Crawford, Rick",2,3,200,1/28/21,,0,6,2,,,HRES63,Transportation and Infrastructure,42,1,AR,,,,,,,,,,
117,173,21165,"Gibbs, Bob",2,4,200,1/28/21,,0,6,2,,,HRES63,Transportation and Infrastructure,24,7,OH,,,,,,,,,,
117,173,21116,"Webster, Daniel",2,5,200,1/28/21,,0,5,2,,,HRES63,Transportation and Infrastructure,43,10,FL,,,,,,,,,,
117,173,31102,"Massie, Thomas",2,6,200,1/28/21,,0,5,2,,,HRES63,Transportation and Infrastructure,51,4,KY,,,,,,,,,,
117,173,21356,"Perry, Scott",2,7,200,1/28/21,,0,5,2,,,HRES63,Transportation and Infrastructure,14,4,PA,,,,,,,,,,
117,173,21328,"Davis, Rodney",2,8,200,1/28/21,,0,5,2,,,HRES63,Transportation and Infrastructure,21,13,IL,,,,,,,,,,
117,173,21542,"Katko, John",2,9,200,1/28/21,,0,4,2,,,HRES63,Transportation and Infrastructure,13,24,NY,,,,,,,,,,
117,173,21551,"Babin, Brian",2,10,200,1/28/21,,0,3,2,,,HRES63,Transportation and Infrastructure,49,36,TX,,,,,,,,,,
117,173,21523,"Graves, Garret",2,11,200,1/28/21,,0,4,2,,,HRES63,Transportation and Infrastructure,45,6,LA,,,,,,,,,,
117,173,21544,"Rouzer, David",2,12,200,1/28/21,,0,4,2,,,HRES63,Transportation and Infrastructure,47,7,NC,,,,,,,,,,
117,173,21519,"Bost, Mike",2,13,200,1/28/21,,0,4,2,,,HRES63,Transportation and Infrastructure,21,12,IL,,,,,,,,,,
117,173,21360,"Weber, Randy",2,14,200,1/28/21,,0,3,2,,,HRES63,Transportation and Infrastructure,49,14,TX,,,,,,,,,,
117,173,21302,"La Malfa, Doug",2,15,200,1/28/21,,0,3,2,,,HRES63,Transportation and Infrastructure,71,1,CA,,,,,,,,,,
117,173,21563,"Westerman, Bruce",2,16,200,1/28/21,,0,3,2,,,HRES63,Transportation and Infrastructure,42,4,AR,,,,,,,,,,
117,173,21735,"Mast, Brian",2,17,200,1/28/21,,0,3,2,,,HRES63,Transportation and Infrastructure,43,18,FL,,,,,,,,,,
117,173,21720,"Gallagher, Michael (Mike)",2,18,200,1/28/21,,0,3,2,,,HRES63,Transportation and Infrastructure,25,8,WI,,,,,,,,,,
117,173,21718,"Fitzpatrick, Brian K.",2,19,200,1/28/21,,0,2,2,,,HRES63,Transportation and Infrastructure,14,1,PA,,,,,,,,,,
117,173,70807,"Gonzalez-Colon, Jenniffer",2,20,200,1/28/21,,0,2,2,,,HRES63,Transportation and Infrastructure,92,80,PR,,,,,,,,,,
117,173,21759,"Balderson, Troy",2,21,200,1/28/21,,0,2,2,,,HRES63,Transportation and Infrastructure,24,12,OH,,,,,,,,,,
117,173,21969,"Stauber, Peter",2,22,200,1/28/21,,0,2,2,,,HRES63,Transportation and Infrastructure,33,8,MN,,,,,,,,,,
117,173,21905,"Burchett, Timothy",2,23,200,1/28/21,,0,1,2,,,HRES63,Transportation and Infrastructure,54,2,TN,,,,,,,,,,
117,173,21935,"Johnson, Dustin",2,24,200,1/28/21,,0,1,2,,,HRES63,Transportation and Infrastructure,37,1,SD,,,,,,,,,,
117,173,21980,"Van Drew, Jefferson",2,25,200,1/28/21,,0,1,2,,,HRES63,Transportation and Infrastructure,12,2,NJ,,,,,,,,,,
117,173,21927,"Guest, Michael",2,26,200,1/28/21,,0,1,2,,,HRES63,Transportation and Infrastructure,46,3,MS,,,,,,,,,,
117,173,22143,"Nehls, Troy",2,27,200,1/28/21,,0,1,2,,,HRES63,Transportation and Infrastructure,49,22,TX,,,,,,,,,,
117,173,22132,"Mace, Nancy",2,28,200,1/28/21,,0,1,2,,,HRES63,Transportation and Infrastructure,48,1,SC,,,,,,,,,,
117,173,21958,"Malliotakis, Nicole",2,29,200,1/28/21,,0,1,2,,,HRES63,Transportation and Infrastructure,13,11,NY,,,,,,,,,,
117,173,22155,"Van Duyne, Beth",2,30,200,1/28/21,,0,1,2,,,HRES63,Transportation and Infrastructure,49,24,TX,,,,,,,,,,
117,173,22118,"Gimenez, Carlos",2,31,200,1/28/21,,0,1,2,,,HRES63,Transportation and Infrastructure,43,26,FL,,,,,,,,,,
117,173,22152,"Steel, Michelle",2,32,200,1/28/21,,0,1,2,,,HRES63,Transportation and Infrastructure,71,48,CA,,,,,,,,,,
117,192,21312,"Takano, Mark",1,1,100,1/4/21,,11,5,2,,,HRES9,Veterans Affairs,71,41,CA,,,,,,,,,,
117,192,21308,"Brownley, Julia",1,2,100,1/28/21,,0,5,2,,,HRES62,Veterans Affairs,71,26,CA,,,,,,,,,,
117,192,21756,"Lamb, Conor",1,3,100,1/28/21,,0,3,2,,,HRES62,Veterans Affairs,14,18,PA,,,,,,,,,,
117,192,21939,"Levin, Mike",1,4,100,1/28/21,,0,2,2,,,HRES62,Veterans Affairs,71,49,CA,,,,,,,,,,
117,192,21951,"Pappas, Chris",1,5,100,1/28/21,,0,2,2,,,HRES62,Veterans Affairs,4,1,NH,,,,,,,,,,
117,192,21941,"Luria, Elaine",1,6,100,1/28/21,,0,2,2,,,HRES62,Veterans Affairs,40,2,VA,,,,,,,,,,
117,192,22142,"Mrvan, Frank",1,7,100,1/28/21,,0,1,2,,,HRES62,Veterans Affairs,22,1,IN,,,,,,,,,,
117,192,70810,"Sablan, Gregorio",1,8,100,1/28/21,,0,3,2,,,HRES62,Veterans Affairs,95,1,MP,,,,,,,,,,
117,192,21979,"Underwood, Lauren",1,9,100,1/28/21,,0,2,2,,,HRES62,Veterans Affairs,21,14,IL,,,,,,,,,,
117,192,21900,"Allred, Colin",1,10,100,1/28/21,,0,2,2,,,HRES62,Veterans Affairs,49,32,TX,,,,,,,,,,
117,192,21321,"Frankel, Lois",1,11,100,2/3/21,,0,1,2,,,HRES92,Veterans Affairs,43,21,FL,,,,,,,,,,
117,192,21707,"Brown, Anthony G.",1,12,100,2/3/21,,0,1,2,,,HRES92,Veterans Affairs,52,4,MD,,,,,,,,,,
117,192,21965,"Slotkin, Elissa",1,13,100,2/3/21,,0,1,2,,,HRES92,Veterans Affairs,23,8,MI,,,,,,,,,,
117,192,21978,"Trone, David",1,14,100,2/3/21,,0,1,2,,,HRES92,Veterans Affairs,52,6,MD,,,,,,,,,,
117,192,15029,"Kaptur, Marcy",1,15,100,2/11/21,,0,1,2,,,HRES111,Veterans Affairs,24,9,OH,,,,,,,,,,
117,192,21311,"Ruiz, Raul",1,16,100,2/11/21,,0,1,4,,,HRES111,Veterans Affairs,71,36,CA,,,,,,,,,,
117,192,21502,"Gallego, Ruben",1,17,100,2/11/21,,0,1,2,,,HRES111,Veterans Affairs,61,7,AZ,,,,,,,,,,
117,192,21519,"Bost, Mike",2,1,200,1/4/21,,21,4,2,,,HRES10,Veterans Affairs,21,12,IL,,,,,,,,,,
117,192,70901,"Radewagen, Amata",2,2,200,1/28/21,,0,4,2,,,HRES63,Veterans Affairs,94,1,AS,,,,,,,,,,
117,192,21704,"Bergman, John W. (Jack)",2,3,200,1/28/21,,0,3,2,,,HRES63,Veterans Affairs,23,1,MI,,,,,,,,,,
117,192,21702,"Banks, James E. (Jim)",2,4,200,1/28/21,,0,3,2,,,HRES63,Veterans Affairs,22,3,IN,,,,,,,,,,
117,192,21961,"Roy, Charles",2,5,200,1/28/21,,0,2,2,,,HRES63,Veterans Affairs,49,21,TX,,,,,,,,,,
117,192,21987,"Murphy, Greg",2,6,200,1/28/21,,0,1,2,,,HRES63,Veterans Affairs,47,3,NC,,,,,,,,,,
117,192,22134,"Mann, Tracey",2,7,200,1/28/21,,0,1,2,,,HRES63,Veterans Affairs,32,1,KS,,,,,,,,,,
117,192,22140,"Moore, Barry",2,8,200,1/28/21,,0,1,2,,,HRES63,Veterans Affairs,41,2,AL,,,,,,,,,,
117,192,22132,"Mace, Nancy",2,9,200,1/28/21,,0,1,2,,,HRES63,Veterans Affairs,48,1,SC,,,,,,,,,,
117,192,22109,"Cawthorn, Madison",2,10,200,1/28/21,,0,1,2,,,HRES63,Veterans Affairs,47,11,NC,,,,,,,,,,
117,192,22143,"Nehls, Troy",2,11,200,1/28/21,,0,1,2,,,HRES63,Veterans Affairs,49,22,TX,,,,,,,,,,
117,192,22148,"Rosendale, Matt",2,12,200,1/28/21,,0,1,2,,,HRES63,Veterans Affairs,64,1,MT,,,,,,,,,,
117,192,22139,"Miller-Meeks, Mariannette",2,13,200,1/28/21,,0,1,2,,,HRES63,Veterans Affairs,31,2,IA,,,,,,,,,,
117,192,,[vacant],2,14,200,,,,,,,,,Veterans Affairs,,,,,,,,,,,,,
117,196,15616,"Neal, Richard E.",1,1,100,1/4/21,,11,15,2,,,HRES9,Ways and Means,3,1,MA,,,,,,,,,,
117,196,29571,"Doggett, Lloyd",1,2,100,1/28/21,,0,12,2,,,HRES62,Ways and Means,49,35,TX,,,,,,,,,,
117,196,29901,"Thompson, Mike",1,3,100,1/28/21,,0,9,2,,,HRES62,Ways and Means,71,5,CA,,,,,,,,,,
117,196,29908,"Larson, John B.",1,4,100,1/28/21,,0,9,2,,,HRES62,Ways and Means,1,1,CT,,,,,,,,,,
117,196,29588,"Blumenauer, Earl",1,5,100,1/28/21,,0,8,2,,,HRES62,Ways and Means,72,3,OR,,,,,,,,,,
117,196,29769,"Kind, Ron",1,6,100,1/28/21,,0,8,2,,,HRES62,Ways and Means,25,3,WI,,,,,,,,,,
117,196,29741,"Pascrell, William J., Jr.",1,7,100,1/28/21,,0,8,2,,,HRES62,Ways and Means,12,9,NJ,,,,,,,,,,
117,196,29717,"Davis, Danny K.",1,8,100,1/28/21,,0,5,2,,,HRES62,Ways and Means,21,7,IL,,,,,,,,,,
117,196,20310,"Sanchez, Linda",1,9,100,1/28/21,,0,5,2,,,HRES62,Ways and Means,71,38,CA,,,,,,,,,,
117,196,20519,"Higgins, Brian",1,10,100,1/28/21,,0,3,2,,,HRES62,Ways and Means,13,26,NY,,,,,,,,,,
117,196,21102,"Sewell, Terri A.",1,11,100,1/28/21,,0,3,2,,,HRES62,Ways and Means,41,7,AL,,,,,,,,,,
117,196,31101,"DelBene, Suzan",1,12,100,1/28/21,,0,3,2,,,HRES62,Ways and Means,73,1,WA,,,,,,,,,,
117,196,20955,"Chu, Judy",1,13,100,1/28/21,,0,3,2,,,HRES62,Ways and Means,71,27,CA,,,,,,,,,,
117,196,20537,"Moore, Gwendolynne S. (Gwen)",1,14,100,1/28/21,,0,2,2,,,HRES62,Ways and Means,25,4,WI,,,,,,,,,,
117,196,21372,"Kildee, Dan",1,15,100,1/28/21,,0,2,2,,,HRES62,Ways and Means,23,5,MI,,,,,,,,,,
117,196,21548,"Boyle, Brendan Francis",1,16,100,1/28/21,,0,2,2,,,HRES62,Ways and Means,14,2,PA,,,,,,,,,,
117,196,21554,"Beyer, Donald Sternoff Jr.",1,17,100,1/28/21,,0,2,2,,,HRES62,Ways and Means,40,8,VA,,,,,,,,,,
117,196,21566,"Evans, Dwight E.",1,18,100,1/28/21,,0,2,2,,,HRES62,Ways and Means,14,3,PA,,,,,,,,,,
117,196,21326,"Schneider, Brad",1,19,100,1/28/21,,0,2,2,,,HRES62,Ways and Means,21,10,IL,,,,,,,,,,
117,196,21747,"Suozzi, Thomas",1,20,100,1/28/21,,0,2,2,,,HRES62,Ways and Means,13,3,NY,,,,,,,,,,
117,196,21740,"Panetta, James V. (Jimmy)",1,21,100,1/28/21,,0,2,2,,,HRES62,Ways and Means,71,20,CA,,,,,,,,,,
117,196,21738,"Murphy, Stephanie",1,22,100,1/28/21,,0,2,2,,,HRES62,Ways and Means,43,7,FL,,,,,,,,,,
117,196,21754,"Gomez, Jimmy",1,23,100,1/28/21,,0,2,2,,,HRES62,Ways and Means,71,34,CA,,,,,,,,,,
117,196,21339,"Horsford, Steven",1,24,100,1/28/21,,0,2,2,,,HRES62,Ways and Means,65,4,NV,,,,,,,,,,
117,196,70502,"Plaskett, Stacey",1,25,100,1/28/21,,0,1,2,,,HRES62,Ways and Means,93,1,VI,,,,,,,,,,
117,196,29760,"Brady, Kevin",2,1,200,1/4/21,,21,11,2,,,HRES10,Ways and Means,49,8,TX,,,,,,,,,,
117,196,20307,"Nunes, Devin",2,2,200,1/28/21,,0,9,2,,,HRES63,Ways and Means,71,22,CA,,,,,,,,,,
117,196,20709,"Buchanan, Vernon G.",2,3,200,1/28/21,,0,6,2,,,HRES63,Ways and Means,43,16,FL,,,,,,,,,,
117,196,20729,"Smith, Adrian",2,4,200,1/28/21,,0,6,2,,,HRES63,Ways and Means,35,3,NE,,,,,,,,,,
117,196,21101,"Reed, Thomas W., II",2,5,200,1/28/21,,0,6,2,,,HRES63,Ways and Means,13,23,NY,,,,,,,,,,
117,196,21167,"Kelly, Mike",2,6,200,1/28/21,,0,5,2,,,HRES63,Ways and Means,14,3,PA,,,,,,,,,,
117,196,21373,"Smith, Jason",2,7,200,1/28/21,,0,4,2,,,HRES63,Ways and Means,34,8,MO,,,,,,,,,,
117,196,21359,"Rice, Tom",2,8,200,1/28/21,,0,4,2,,,HRES63,Ways and Means,48,7,SC,,,,,,,,,,
117,196,21105,"Schweikert, David",2,9,200,1/28/21,,0,3,2,,,HRES63,Ways and Means,61,6,AZ,,,,,,,,,,
117,196,21330,"Walorski, Jackie",2,10,200,1/28/21,,0,3,2,,,HRES63,Ways and Means,22,2,IN,,,,,,,,,,
117,196,21562,"Lahood, Darin",2,11,200,1/28/21,,0,3,2,,,HRES63,Ways and Means,21,18,IL,,,,,,,,,,
117,196,21351,"Wenstrup, Brad",2,12,200,1/28/21,,0,3,2,,,HRES63,Ways and Means,24,2,OH,,,,,,,,,,
117,196,21700,"Arrington, Jodey Cook",2,13,200,1/28/21,,0,2,2,,,HRES63,Ways and Means,49,19,TX,,,,,,,,,,
117,196,21717,"Ferguson, Anderson Drew IV",2,14,200,1/28/21,,0,2,2,,,HRES63,Ways and Means,44,3,GA,,,,,,,,,,
117,196,21750,"Estes, Ron",2,15,200,1/28/21,,0,2,2,,,HRES63,Ways and Means,32,2,KS,,,,,,,,,,
117,196,21745,"Smucker, Lloyd K.",2,16,200,1/28/21,,0,1,2,,,HRES63,Ways and Means,14,16,PA,,,,,,,,,,
117,196,21760,"Hern, Kevin",2,17,200,1/28/21,,0,1,2,,,HRES63,Ways and Means,53,1,OK,,,,,,,,,,
117,196,21946,"Miller, Carol",2,18,200,1/28/21,,0,1,2,,,HRES63,Ways and Means,56,3,WV,,,,,,,,,,
117,242,20104,"Schiff, Adam",1,1,100,1/13/21,,11,4,2,,,H192,Intelligence (Select),71,28,CA,,,,,,,,,,
117,242,20907,"Himes, James A.",1,2,100,3/12/21,,0,5,2,,,H1362,Intelligence (Select),1,4,CT,,,,,,,,,,
117,242,20757,"Carson, Andre",1,3,100,3/12/21,,0,4,2,,,H1362,Intelligence (Select),22,7,IN,,,,,,,,,,
117,242,20762,"Speier, Karen Lorraine Jacqueline (Jackie)",1,4,100,3/12/21,,0,4,2,,,H1362,Intelligence (Select),71,14,CA,,,,,,,,,,
117,242,20954,"Quigley, Mike",1,5,100,3/12/21,,0,4,2,,,H1362,Intelligence (Select),21,5,IL,,,,,,,,,,
117,242,21306,"Swalwell, Eric",1,6,100,3/12/21,,0,4,2,,,H1362,Intelligence (Select),71,15,CA,,,,,,,,,,
117,242,21362,"Castro, Joaquin",1,7,100,3/12/21,,0,4,2,,,H1362,Intelligence (Select),49,20,TX,,,,,,,,,,
117,242,20750,"Welch, Peter",1,8,100,3/12/21,,0,2,2,,,H1362,Intelligence (Select),6,1,VT,,,,,,,,,,
117,242,21344,"Maloney, Sean Patrick",1,9,100,3/12/21,,0,2,2,,,H1362,Intelligence (Select),13,18,NY,,,,,,,,,,
117,242,21713,"Demings, Valdez V. (Val)",1,10,100,3/12/21,,0,2,2,,,H1362,Intelligence (Select),43,10,FL,,,,,,,,,,
117,242,21730,"Krishnamoorthi, Raja",1,11,100,3/12/21,,0,2,2,,,H1362,Intelligence (Select),21,8,IL,,,,,,,,,,
117,242,15019,"Cooper, Jim",1,12,100,3/12/21,,0,1,2,,,H1362,Intelligence (Select),54,5,TN,,,,,,,,,,
117,242,21912,"Crow, Jason",1,13,100,3/12/21,,0,1,2,,,H1362,Intelligence (Select),62,6,CO,,,,,,,,,,
117,242,20307,"Nunes, Devin",2,1,200,1/13/21,,21,6,2,,,H192,Intelligence (Select),71,22,CA,,,,,,,,,,
117,242,20342,"Turner, Mike",2,2,200,3/12/21,,0,4,2,,,H1362,Intelligence (Select),24,3,OH,,,,,,,,,,
117,242,21351,"Wenstrup, Brad",2,3,200,3/12/21,,0,4,2,,,H1362,Intelligence (Select),24,2,OH,,,,,,,,,,
117,242,21367,"Stewart, Chris",2,4,200,3/12/21,,0,4,2,,,H1362,Intelligence (Select),67,2,UT,,,,,,,,,,
117,242,21106,"Crawford, Rick",2,5,200,3/12/21,,0,3,2,,,H1362,Intelligence (Select),42,1,AR,,,,,,,,,,
117,242,21541,"Stefanik, Elise",2,6,200,3/12/21,,0,3,2,,,H1362,Intelligence (Select),13,21,NY,,,,,,,,,,
117,242,21355,"Mullin, Markwayne",2,7,200,3/12/21,,0,5,2,,,H1362,Intelligence (Select),53,2,OK,,,,,,,,,,
117,242,21561,"Kelly, Trent",2,8,200,3/12/21,,0,1,2,,,H1362,Intelligence (Select),46,1,MS,,,,,,,,,,
117,242,21562,"Lahood, Darin",2,9,200,3/12/21,,0,1,2,,,H1362,Intelligence (Select),21,18,IL,,,,,,,,,,
117,242,21718,"Fitzpatrick, Brian K.",2,10,200,3/12/21,,0,1,2,,,H1362,Intelligence (Select),14,1,PA,,,,,,,,,,
117,255,20708,"Castor, Kathy",1,1,100,2/22/21,,11,2,2,,,H541,Climate Crisis (select),43,14,FL,,,,,,,,,,
117,255,21198,"Bonamici, Suzanne",1,2,100,2/22/21,,0,2,2,,,H541,Climate Crisis (select),72,1,OR,,,,,,,,,,
117,255,21308,"Brownley, Julia",1,3,100,2/22/21,,0,2,2,,,H541,Climate Crisis (select),71,26,CA,,,,,,,,,,
117,255,21303,"Huffman, Jared",1,4,100,2/22/21,,0,2,2,,,H541,Climate Crisis (select),71,2,CA,,,,,,,,,,
117,255,21736,"McEachin, Aston D. (Donald)",1,5,100,2/22/21,,0,2,2,,,H541,Climate Crisis (select),40,4,VA,,,,,,,,,,
117,255,21939,"Levin, Mike",1,6,100,2/22/21,,0,2,2,,,H541,Climate Crisis (select),71,49,CA,,,,,,,,,,
117,255,21906,"Casten, Sean",1,7,100,2/22/21,,0,2,2,,,H541,Climate Crisis (select),21,6,IL,,,,,,,,,,
117,255,21948,"Neguse, Joseph",1,8,100,2/22/21,,0,2,2,,,H541,Climate Crisis (select),62,2,CO,,,,,,,,,,
117,255,21917,"Escobar, Veronica",1,9,100,2/22/21,,0,1,2,,,H541,Climate Crisis (select),49,16,TX,,,,,,,,,,
117,255,21523,"Graves, Garret",2,1,200,2/22/21,,21,2,2,,,H541,Climate Crisis (select),45,6,LA,,,,,,,,,,
117,255,21500,"Palmer, Gary James",2,2,200,3/9/21,,0,2,2,,,H1178,Climate Crisis (select),41,6,AL,,,,,,,,,,
117,255,21513,"Carter, Buddy",2,3,200,3/9/21,,0,2,2,,,H1178,Climate Crisis (select),44,1,GA,,,,,,,,,,
117,255,21946,"Miller, Carol",2,4,200,3/9/21,,0,2,2,,,H1178,Climate Crisis (select),56,3,WV,,,,,,,,,,
117,255,21901,"Armstrong, Kelly",2,5,200,3/9/21,,0,2,2,,,H1178,Climate Crisis (select),36,1,ND,,,,,,,,,,
117,255,21911,"Crenshaw, Daniel",2,6,200,3/9/21,,0,1,2,,,H1178,Climate Crisis (select),49,2,TX,,,,,,,,,,
117,255,21924,"Gonzalez, Anthony",2,7,200,3/9/21,,0,1,2,,,H1178,Climate Crisis (select),24,16,OH,,,,,,,,,,
117,256,21368,"Kilmer, Derek",1,1,100,2/22/21,,12,2,2,,,H541,Modernization of Congress (select),73,6,WA,,,,,,,,,,
117,256,29504,"Lofgren, Zoe",1,2,100,2/22/21,,0,2,2,,,H541,Modernization of Congress (select),71,19,CA,,,,,,,,,,
117,256,20517,"Cleaver, Emanuel",1,3,100,2/22/21,,0,2,2,,,H541,Modernization of Congress (select),34,5,MO,,,,,,,,,,
117,256,20705,"Perlmutter, Ed",1,4,100,2/22/21,,0,1,2,,,H541,Modernization of Congress (select),62,7,CO,,,,,,,,,,
117,256,21953,"Phillips, Dean",1,5,100,2/22/21,,0,1,2,,,H541,Modernization of Congress (select),33,3,MN,,,,,,,,,,
117,256,22156,"Williams, Nikema",1,6,100,2/22/21,,0,1,2,,,H541,Modernization of Congress (select),44,5,GA,,,,,,,,,,
117,256,21974,"Timmons, William",2,1,200,2/22/21,,21,1,2,,,H541,Modernization of Congress (select),48,4,SC,,,,,,,,,,
117,256,21328,"Davis, Rodney",2,2,200,2/22/21,,0,2,2,,,H541,Modernization of Congress (select),21,13,IL,,,,,,,,,,
117,256,20755,"Latta, Robert E.",2,3,200,2/22/21,,0,1,2,,,H541,Modernization of Congress (select),24,5,OH,,,,,,,,,,
117,256,21353,"Joyce, David P.",2,4,200,3/19/21,,0,1,2,,,H1605,Modernization of Congress (select),24,14,OH,,,,,,,,,,
117,256,21956,"Reschenthaler, Guy",2,5,200,2/22/21,,0,1,2,,,H541,Modernization of Congress (select),14,14,PA,,,,,,,,,,
117,256,22155,"Van Duyne, Beth",2,6,200,2/22/21,,0,1,2,,,H541,Modernization of Congress (select),49,24,TX,,,,,,,,,,
117,507,21554,"Beyer, Donald Sternoff Jr.",1,1,100,2/18/21,,11,4,2,,,H517,Economic (Joint),40,8,VA,,,,,,,,,,
117,507,21978,"Trone, David",1,2,100,3/12/21,,0,2,2,,,H1362,Economic (Joint),52,6,MD,,,,,,,,,,
117,507,21352,"Beatty, Joyce",1,3,100,3/12/21,,0,2,2,,,H1362,Economic (Joint),24,3,OH,,,,,,,,,,
117,507,21370,"Pocan, Mark",1,4,100,3/12/21,,0,1,2,,,H1362,Economic (Joint),25,2,WI,,,,,,,,,,
117,507,21315,"Peters, Scott",1,5,100,3/12/21,,0,1,2,,,H1362,Economic (Joint),71,52,CA,,,,,,,,,,
117,507,21914,"Davids, Sharice",1,6,100,3/12/21,,0,1,2,,,H1362,Economic (Joint),32,3,KS,,,,,,,,,,
117,507,21105,"Schweikert, David",2,1,200,2/18/21,,0,4,2,,,H517,Economic (Joint),61,6,AZ,,,,,,,,,,
117,507,21562,"Lahood, Darin",2,2,200,3/12/21,,0,3,2,,,H1362,Economic (Joint),21,18,IL,,,,,,,,,,
117,507,21187,"Herrera Beutler, Jaime",2,3,200,3/12/21,,0,2,2,,,H1362,Economic (Joint),73,3,WA,,,,,,,,,,
117,507,21700,"Arrington, Jodey Cook",2,4,200,3/19/21,,0,1,2,,,H1605,Economic (Joint),49,19,TX,,,,,,,,,,
117,507,21750,"Estes, Ron",2,5,200,3/12/21,,0,1,2,,,H1362,Economic (Joint),32,2,KS,,,,,,,,,,