congress,chamber,icpsr,state_icpsr,district_code,state_abbrev,party_code,occupancy,last_means,bioname,bioguide_id,born,died,nominate_dim1,nominate_dim2,nominate_log_likelihood,nominate_geo_mean_probability,nominate_number_of_votes,nominate_number_of_errors,conditional,nokken_poole_dim1,nokken_poole_dim2
112,President,99911,99,0,USA,100,0,0,"OBAMA, Barack",O000167,1961,,-0.358,-0.197,-50.85915,0.83,273,21,,,
112,House,20300,41,1,AL,200,0,1,"BONNER, Jr., Josiah Robins (Jo)",B001244,1959,,0.367,0.513,-146.62502,0.9,1390,57,,0.31,0.506
112,House,20301,41,3,AL,200,0,1,"ROGERS, Mike Dennis",R000575,1958,,0.379,0.38,-168.08632,0.88866,1424,74,,0.291,0.659
112,House,21102,41,7,AL,100,0,1,"SEWELL, Terri",S001185,1965,,-0.402,0.394,-260.104,0.8299,1395,100,,-0.364,0.329
112,House,21192,41,2,AL,200,0,1,"ROBY, Martha",R000591,1976,,0.362,0.658,-149.44841,0.9005,1426,61,,0.36,0.59
112,House,21193,41,5,AL,200,0,1,"BROOKS, Mo",B001274,1954,,0.652,-0.417,-244.96145,0.84247,1429,100,,0.564,-0.142
112,House,29301,41,6,AL,200,0,1,"BACHUS, Spencer T., III",B000013,1947,,0.387,0.228,-182.54918,0.876,1382,78,,0.339,0.342
112,House,29701,41,4,AL,200,0,1,"ADERHOLT, Robert",A000055,1965,,0.405,0.469,-191.15579,0.8743,1423,90,,0.327,0.601
112,House,14066,81,1,AK,200,0,1,"YOUNG, Donald Edwin",Y000033,1933,2022.0,0.283,0.022,-370.59878,0.7476,1274,154,,0.338,-0.052
112,House,20100,61,6,AZ,200,0,1,"FLAKE, Jeff",F000444,1962,,0.855,-0.518,-192.73056,0.8707,1392,71,,0.913,-0.408
112,House,20304,61,2,AZ,200,0,1,"FRANKS, Trent",F000448,1957,,0.749,0.087,-198.19888,0.86938,1416,83,,0.689,0.002
112,House,20305,61,7,AZ,100,0,1,"GRIJALVA, Raúl M.",G000551,1948,,-0.598,-0.264,-171.38853,0.88376,1387,69,,-0.655,-0.113
112,House,20701,61,8,AZ,100,1,1,"GIFFORDS, Gabrielle",G000554,1970,,-0.11,0.076,,,,,,-0.542,0.841
112,House,21103,61,1,AZ,200,0,1,"GOSAR, Paul",G000565,1958,,0.704,-0.522,-314.03819,0.79594,1376,111,,0.507,-0.069
112,House,21104,61,3,AZ,200,0,1,"QUAYLE, Ben",Q000024,1976,,0.712,0.222,-154.5331,0.893,1371,74,,0.705,0.179
112,House,21105,61,5,AZ,200,0,1,"SCHWEIKERT, David",S001183,1962,,0.552,-0.221,-195.1937,0.87182,1423,75,,0.644,-0.256
112,House,21199,61,8,AZ,100,2,2,"BARBER, Ron",B001279,1945,,-0.123,0.001,-73.55459,0.727,231,26,,-0.3,0.226
112,House,29101,61,4,AZ,100,0,1,"PASTOR, Ed",P000099,1943,2018.0,-0.421,0.12,-300.85852,0.808,1412,152,,-0.475,0.267
112,House,20102,42,4,AR,100,0,1,"ROSS, Michael Avery",R000573,1961,,-0.201,0.89,-422.32622,0.738,1387,192,,-0.114,0.722
112,House,21106,42,1,AR,200,0,1,"CRAWFORD, Rick",C001087,1966,,0.461,0.307,-168.17437,0.88868,1425,76,,0.322,0.604
112,House,21107,42,2,AR,200,0,1,"GRIFFIN, Tim",G000567,1968,,0.41,0.421,-162.76919,0.892,1423,74,,0.424,0.292
112,House,21108,42,3,AR,200,0,1,"WOMACK, Steve",W000809,1957,,0.347,0.636,-127.26435,0.91508,1434,55,,0.308,0.574
112,House,14053,71,13,CA,100,0,1,"STARK, Fortney Hillman (Pete), Jr.",S000810,1931,2020.0,-0.631,-0.605,-160.84025,0.888,1354,69,,-0.587,-0.596
112,House,14256,71,7,CA,100,0,1,"MILLER, George",M000725,1945,,-0.552,-0.398,-201.30439,0.864,1377,90,,-0.458,-0.425
112,House,14280,71,30,CA,100,0,1,"WAXMAN, Henry Arnold",W000215,1939,,-0.473,-0.343,-174.19722,0.883,1401,66,,-0.428,-0.216
112,House,14644,71,41,CA,200,0,1,"LEWIS, Charles Jeremy (Jerry)",L000274,1934,2021.0,0.348,-0.101,-186.97801,0.861,1246,66,,0.295,0.271
112,House,14647,71,3,CA,200,0,1,"LUNGREN, Daniel Edward",L000517,1946,,0.497,-0.054,-260.3908,0.833,1424,122,,0.355,0.267
112,House,14813,71,26,CA,200,0,1,"DREIER, David Timothy",D000492,1952,,0.478,-0.084,-248.0076,0.839,1417,112,,0.345,0.267
112,House,15005,71,28,CA,100,0,1,"BERMAN, Howard Lawrence",B000410,1941,,-0.404,-0.286,-217.35245,0.851,1352,92,,-0.368,-0.087
112,House,15413,71,24,CA,200,0,1,"GALLEGLY, Elton W.",G000021,1944,,0.402,-0.1,-194.95235,0.864,1333,74,,0.367,0.204
112,House,15420,71,2,CA,200,0,1,"HERGER, Walter William (Wally)",H000528,1945,,0.551,0.117,-136.48577,0.905,1374,52,,0.572,0.274
112,House,15448,71,8,CA,100,0,1,"PELOSI, Nancy",P000197,1940,,-0.489,-0.178,-157.03307,0.88879,1332,70,,-0.439,-0.05
112,House,15621,71,46,CA,200,0,1,"ROHRABACHER, Dana",R000409,1947,,0.626,-0.417,-294.46089,0.81129,1408,126,,0.631,-0.475
112,House,20103,71,15,CA,100,0,1,"HONDA, Mike",H001034,1941,,-0.529,-0.482,-158.77275,0.89,1361,66,,-0.529,-0.514
112,House,20104,71,29,CA,100,0,1,"SCHIFF, Adam",S001150,1960,,-0.352,-0.119,-188.7981,0.8764,1431,69,,-0.343,-0.057
112,House,20107,71,49,CA,200,0,1,"ISSA, Darrell",I000056,1953,,0.476,0.031,-159.34701,0.89271,1404,56,,0.53,0.171
112,House,20108,71,53,CA,100,0,1,"DAVIS, Susan A.",D000598,1944,,-0.343,-0.103,-197.4213,0.87037,1422,78,,-0.346,-0.048
112,House,20306,71,18,CA,100,0,1,"CARDOZA, Dennis A.",C001050,1959,,-0.262,0.609,-479.67818,0.651,1119,236,,-0.227,0.541
112,House,20307,71,21,CA,200,0,1,"NUNES, Devin",N000181,1973,,0.45,0.223,-164.02602,0.8904,1413,72,,0.463,0.323
112,House,20310,71,39,CA,100,0,1,"SÁNCHEZ, Linda T.",S001156,1969,,-0.507,-0.131,-161.73284,0.88574,1333,64,,-0.485,-0.255
112,House,20501,71,20,CA,100,0,1,"COSTA, Jim",C001059,1952,,-0.199,0.449,-620.2265,0.63611,1371,308,,-0.172,0.518
112,House,20538,71,5,CA,100,0,1,"MATSUI, Doris",M001163,1944,,-0.433,-0.144,-172.51477,0.8862,1428,79,,-0.424,-0.228
112,House,20539,71,48,CA,200,0,1,"CAMPBELL, John (of California)",C001064,1955,,0.748,-0.415,-297.99902,0.799,1331,138,,0.919,-0.395
112,House,20702,71,11,CA,100,0,1,"McNERNEY, Jerry",M001166,1951,,-0.263,-0.159,-263.70222,0.83063,1421,97,,-0.319,0.014
112,House,20703,71,22,CA,200,0,1,"MCCARTHY, Kevin",M001165,1965,,0.453,0.233,-132.7226,0.9098,1404,46,,0.471,0.34
112,House,20752,71,37,CA,100,0,1,"RICHARDSON, Laura",R000581,1962,,-0.339,-0.022,-319.85278,0.795,1398,135,,-0.301,-0.091
112,House,20762,71,12,CA,100,0,1,"SPEIER, Karen Lorraine Jacqueline (Jackie)",S001175,1950,,-0.381,-0.41,-219.52274,0.8444,1298,78,,-0.341,-0.42
112,House,20903,71,4,CA,200,0,1,"McCLINTOCK, Tom",M001177,1956,,0.67,-0.363,-309.67551,0.80541,1431,124,,0.919,-0.395
112,House,20955,71,32,CA,100,2,2,"CHU, Judy",C001080,1953,,-0.48,-0.373,-150.41988,0.89743,1390,60,,-0.506,-0.32
112,House,20958,71,10,CA,100,2,2,"GARAMENDI, John",G000559,1945,,-0.314,-0.098,-287.6331,0.81,1365,122,,-0.346,-0.142
112,House,20963,71,52,CA,200,0,1,"HUNTER, Duncan Duane",H001048,1976,,0.539,0.085,-187.34515,0.87648,1421,80,,0.588,0.281
112,House,21109,71,19,CA,200,0,1,"DENHAM, Jeff",D000612,1967,,0.306,0.212,-216.83402,0.85699,1405,94,,0.408,0.19
112,House,21110,71,33,CA,100,0,1,"BASS, Karen",B001270,1953,,-0.584,-0.098,-143.74098,0.89675,1319,59,,-0.524,-0.206
112,House,21195,71,36,CA,100,2,2,"HAHN, Janice",H001063,1952,,-0.39,-0.376,-85.76862,0.9,812,34,,-0.43,-0.229
112,House,29106,71,35,CA,100,0,1,"WATERS, Maxine",W000187,1938,,-0.656,-0.094,-213.43393,0.85112,1324,90,,-0.506,-0.221
112,House,29309,71,6,CA,100,0,1,"WOOLSEY, Lynn C.",W000738,1937,,-0.556,-0.529,-147.85223,0.899,1385,66,,-0.56,-0.675
112,House,29312,71,14,CA,100,0,1,"ESHOO, Anna Georges",E000215,1942,,-0.379,-0.372,-202.95227,0.86296,1377,92,,-0.336,-0.457
112,House,29313,71,17,CA,100,0,1,"FARR, Sam",F000030,1941,,-0.455,-0.219,-202.03084,0.866,1406,71,,-0.402,-0.417
112,House,29315,71,25,CA,200,0,1,"McKEON, Howard P. (Buck)",M000508,1938,,0.396,0.208,-163.3949,0.889,1388,67,,0.329,0.395
112,House,29316,71,31,CA,100,0,1,"BECERRA, Xavier",B000287,1958,,-0.512,-0.283,-141.09089,0.90321,1386,62,,-0.491,-0.286
112,House,29317,71,34,CA,100,0,1,"ROYBAL-ALLARD, Lucille",R000486,1941,,-0.469,-0.171,-137.71534,0.90606,1396,53,,-0.452,-0.189
112,House,29318,71,36,CA,100,1,1,"HARMAN, Jane L.",H000213,1945,,-0.262,-0.12,-22.52676,0.767,85,6,,-0.329,0.025
112,House,29321,71,40,CA,200,0,1,"ROYCE, Edward Randall",R000487,1951,,0.657,-0.353,-206.89856,0.86477,1424,92,,0.655,-0.406
112,House,29323,71,44,CA,200,0,1,"CALVERT, Ken",C000059,1953,,0.339,0.278,-140.55374,0.90544,1415,50,,0.315,0.491
112,House,29325,71,51,CA,100,0,1,"FILNER, Bob",F000116,1942,2025.0,-0.652,0.002,-100.65144,0.903,988,42,,-0.752,-0.158
112,House,29504,71,16,CA,100,0,1,"LOFGREN, Zoe",L000397,1947,,-0.397,-0.402,-252.51903,0.83289,1381,98,,-0.347,-0.46
112,House,29508,71,50,CA,200,0,1,"BILBRAY, Brian P.",B000461,1951,,0.392,-0.376,-383.20407,0.758,1384,164,,0.322,-0.172
112,House,29707,71,27,CA,100,0,1,"SHERMAN, Brad",S000344,1954,,-0.344,-0.138,-196.42999,0.87106,1423,74,,-0.345,-0.165
112,House,29709,71,47,CA,100,0,1,"SANCHEZ, Loretta",S000030,1960,,-0.367,0.025,-226.8276,0.841,1307,104,,-0.372,-0.104
112,House,29774,71,23,CA,100,0,1,"CAPPS, Lois",C001036,1938,,-0.389,-0.227,-148.65195,0.9,1418,65,,-0.392,-0.163
112,House,29775,71,45,CA,200,0,1,"BONO, Mary",B001228,1961,,0.353,-0.218,-272.49942,0.821,1385,118,,0.411,-0.146
112,House,29778,71,9,CA,100,0,1,"LEE, Barbara",L000551,1946,,-0.676,-0.582,-148.9964,0.8973,1375,72,,-0.72,-0.488
112,House,29901,71,1,CA,100,0,1,"THOMPSON, Michael",T000460,1951,,-0.392,0.071,-273.13167,0.82569,1426,148,,-0.395,-0.062
112,House,29903,71,38,CA,100,0,1,"NAPOLITANO, Grace Flores",N000179,1936,,-0.448,-0.247,-140.79044,0.89788,1307,62,,-0.529,-0.25
112,House,29905,71,42,CA,200,0,1,"MILLER, Gary G.",M001139,1948,,0.478,0.222,-166.02919,0.883,1338,74,,0.5,0.224
112,House,29942,71,43,CA,100,0,1,"BACA, Joe",B001234,1947,,-0.349,0.292,-241.24846,0.835,1340,85,,-0.383,0.303
112,House,20704,62,5,CO,200,0,1,"LAMBORN, Doug",L000564,1954,,0.665,0.257,-135.45198,0.90778,1400,47,,0.701,0.312
112,House,20705,62,7,CO,100,0,1,"PERLMUTTER, Ed",P000593,1953,,-0.282,0.072,-441.54145,0.73098,1409,184,,-0.261,0.137
112,House,20904,62,2,CO,100,0,1,"POLIS, Jared",P000598,1975,,-0.278,-0.692,-373.9184,0.75283,1317,141,,-0.256,-0.607
112,House,20906,62,6,CO,200,0,1,"COFFMAN, Mike",C001077,1955,,0.492,-0.213,-287.52548,0.81717,1424,131,,0.486,-0.154
112,House,21111,62,3,CO,200,0,1,"TIPTON, Scott",T000470,1956,,0.451,-0.023,-296.35918,0.81294,1431,134,,0.411,-0.035
112,House,21112,62,4,CO,200,0,1,"GARDNER, Cory",G000562,1974,,0.444,-0.029,-237.81915,0.84519,1414,108,,0.508,0.092
112,House,29710,62,1,CO,100,0,1,"DeGETTE, Diana",D000197,1957,,-0.431,-0.308,-156.05291,0.89551,1414,58,,-0.406,-0.288
112,House,20706,1,2,CT,100,0,1,"COURTNEY, Joe",C001069,1953,,-0.337,0.042,-225.39048,0.85342,1422,93,,-0.372,0.13
112,House,20707,1,5,CT,100,0,1,"MURPHY, Christopher",M001169,1973,,-0.287,-0.258,-245.65487,0.83704,1381,97,,-0.275,-0.279
112,House,20907,1,4,CT,100,0,1,"HIMES, James A.",H001047,1966,,-0.241,-0.207,-339.70444,0.7879,1425,146,,-0.252,-0.238
112,House,29109,1,3,CT,100,0,1,"DeLAURO, Rosa L.",D000216,1943,,-0.414,-0.107,-156.38206,0.89607,1425,58,,-0.449,-0.024
112,House,29908,1,1,CT,100,0,1,"LARSON, John B.",L000557,1948,,-0.396,-0.039,-195.38961,0.86681,1367,81,,-0.425,0.002
112,House,21113,11,1,DE,100,0,1,"CARNEY, John C., Jr.",C001083,1956,,-0.256,-0.142,-337.76583,0.788,1421,134,,-0.22,-0.189
112,House,13047,43,10,FL,200,0,1,"YOUNG, Charles William (Bill)",Y000031,1930,2013.0,0.325,-0.112,-314.83026,0.787,1316,131,,0.318,-0.157
112,House,15627,43,6,FL,200,0,1,"STEARNS, Clifford Bundy",S000822,1941,,0.554,-0.075,-233.35025,0.849,1424,99,,0.623,-0.343
112,House,15634,43,18,FL,200,0,1,"ROS-LEHTINEN, Ileana",R000435,1952,,0.244,-0.225,-295.47327,0.81131,1413,105,,0.219,0.095
112,House,20110,43,1,FL,200,0,1,"MILLER, Jefferson B. (Jeff)",M001144,1959,,0.633,0.155,-188.74901,0.873,1393,75,,0.659,-0.087
112,House,20111,43,4,FL,200,0,1,"CRENSHAW, Ander",C001045,1944,,0.333,0.337,-165.98683,0.89,1424,70,,0.297,0.544
112,House,20316,43,21,FL,200,0,1,"DIAZ-BALART, Mario",D000600,1961,,0.281,0.162,-210.30453,0.85663,1359,71,,0.224,0.257
112,House,20503,43,14,FL,200,0,1,"MACK, Connie, IV",M001155,1967,,0.601,-0.16,-168.18734,0.872,1225,62,,0.694,-0.257
112,House,20504,43,20,FL,100,0,1,"WASSERMAN SCHULTZ, Debbie",W000797,1966,,-0.413,0.104,-169.3722,0.88176,1346,57,,-0.422,0.096
112,House,20708,43,11,FL,100,0,1,"CASTOR, Kathy",C001066,1966,,-0.437,0.072,-195.66939,0.8659,1359,88,,-0.393,0.007
112,House,20709,43,13,FL,200,0,1,"BUCHANAN, Vernon G.",B001260,1951,,0.361,-0.08,-266.86529,0.82734,1408,103,,0.409,-0.277
112,House,20758,43,9,FL,200,0,1,"BILIRAKIS, Gus",B001257,1963,,0.423,-0.03,-200.73456,0.86526,1387,69,,0.401,0.024
112,House,20909,43,15,FL,200,0,1,"POSEY, Bill",P000599,1947,,0.533,-0.353,-263.72417,0.83126,1427,118,,0.55,-0.222
112,House,20910,43,16,FL,200,0,1,"ROONEY, Thomas J.",R000583,1970,,0.458,0.013,-234.82061,0.84798,1424,102,,0.526,0.082
112,House,20959,43,19,FL,100,2,2,"DEUTCH, Theodore E. (Ted)",D000610,1966,,-0.401,-0.078,-165.48622,0.88598,1367,70,,-0.444,-0.041
112,House,21114,43,2,FL,200,0,1,"SOUTHERLAND, Steve",S001186,1965,,0.56,0.063,-199.73375,0.87,1431,94,,0.588,-0.069
112,House,21115,43,5,FL,200,0,1,"NUGENT, Richard",N000185,1951,,0.483,0.077,-200.55318,0.869,1424,87,,0.516,0.029
112,House,21116,43,8,FL,200,0,1,"WEBSTER, Daniel A.",W000806,1949,,0.524,-0.076,-248.5259,0.83913,1417,97,,0.465,-0.005
112,House,21117,43,12,FL,200,0,1,"ROSS, Dennis",R000593,1959,,0.531,0.099,-174.68567,0.88409,1418,69,,0.6,0.031
112,House,21118,43,17,FL,100,0,1,"WILSON, Frederica",W000808,1942,,-0.476,-0.004,-159.38595,0.88528,1308,66,,-0.472,0.012
112,House,21119,43,22,FL,200,0,1,"WEST, Allen",W000807,1961,,0.451,0.043,-249.34459,0.84,1430,111,,0.452,-0.051
112,House,21120,43,24,FL,200,0,1,"ADAMS, Sandra (Sandy)",A000366,1956,,0.577,0.043,-188.15606,0.877,1434,87,,0.57,-0.075
112,House,21121,43,25,FL,200,0,1,"RIVERA, David",R000590,1965,,0.257,0.349,-159.86694,0.893,1414,52,,0.254,0.367
112,House,29328,43,3,FL,100,0,1,"BROWN, Corrine",B000911,1946,,-0.429,0.192,-217.51885,0.853,1369,78,,-0.447,0.268
112,House,29331,43,7,FL,200,0,1,"MICA, John L.",M000689,1943,,0.453,0.137,-183.17067,0.879,1426,89,,0.503,0.127
112,House,29337,43,23,FL,100,0,1,"HASTINGS, Alcee Lamar",H000324,1936,2021.0,-0.564,0.157,-210.14044,0.86226,1418,88,,-0.51,0.08
112,House,15431,44,5,GA,100,0,1,"LEWIS, John R.",L000287,1940,2020.0,-0.589,-0.221,-152.649,0.89353,1356,72,,-0.552,-0.257
112,House,20319,44,11,GA,200,0,1,"GINGREY, Phil",G000550,1942,,0.561,0.272,-189.47756,0.87,1364,76,,0.575,0.039
112,House,20321,44,13,GA,100,0,1,"SCOTT, David",S001157,1945,,-0.305,0.165,-275.74104,0.82214,1408,99,,-0.351,0.132
112,House,20505,44,6,GA,200,0,1,"PRICE, Tom",P000591,1954,,0.644,-0.073,-160.33757,0.89393,1430,62,,0.652,-0.051
112,House,20506,44,3,GA,200,0,1,"WESTMORELAND, Lynn A.",W000796,1950,,0.672,0.189,-171.81261,0.886,1417,73,,0.655,0.102
112,House,20507,44,12,GA,100,0,1,"BARROW, John",B001252,1955,,-0.119,0.46,-578.55384,0.668,1432,257,,-0.184,0.681
112,House,20712,44,4,GA,100,0,1,"JOHNSON, Hank",J000288,1954,,-0.478,-0.056,-186.43942,0.87224,1364,82,,-0.486,0.072
112,House,20753,44,10,GA,200,0,1,"BROUN, Paul C., Jr.",B001262,1946,,0.913,-0.408,-192.64579,0.87,1378,85,,0.903,-0.328
112,House,20962,44,9,GA,200,0,1,"GRAVES, Tom",G000560,1970,,0.716,-0.002,-170.88658,0.88707,1426,74,,0.856,-0.234
112,House,21122,44,7,GA,200,0,1,"WOODALL, Rob",W000810,1970,,0.593,-0.173,-265.08819,0.82971,1420,110,,0.687,-0.274
112,House,21123,44,8,GA,200,0,1,"SCOTT, Austin",S001189,1969,,0.539,0.358,-195.05658,0.87131,1416,77,,0.605,0.098
112,House,29338,44,1,GA,200,0,1,"KINGSTON, Jack",K000220,1955,,0.54,0.302,-273.24294,0.825,1423,114,,0.552,0.11
112,House,29339,44,2,GA,100,0,1,"BISHOP, Sanford Dixon, Jr.",B000490,1947,,-0.289,0.447,-389.25386,0.75345,1375,177,,-0.282,0.564
112,House,20713,82,2,HI,100,0,1,"HIRONO, Mazie",H001042,1947,,-0.512,-0.089,-153.25461,0.8859,1265,60,,-0.48,-0.091
112,House,21124,82,1,HI,100,0,1,"HANABUSA, Colleen",H001050,1951,,-0.37,0.004,-199.88775,0.86895,1423,80,,-0.388,0.044
112,House,21125,63,1,ID,200,0,1,"LABRADOR, Raúl R.",L000573,1967,,0.735,-0.571,-234.09711,0.84314,1372,106,,0.707,-0.442
112,House,29910,63,2,ID,200,0,1,"SIMPSON, Michael K.",S001148,1950,,0.296,0.314,-215.60163,0.85913,1420,78,,0.266,0.27
112,House,15453,21,12,IL,100,0,1,"COSTELLO, Jerry Francis",C000794,1949,,-0.317,0.657,-517.30164,0.681,1348,231,,-0.302,0.506
112,House,20116,21,15,IL,200,0,1,"JOHNSON, Timothy V.",J000285,1946,2022.0,0.264,-0.52,-596.89026,0.644,1357,287,,0.398,-0.851
112,House,20508,21,3,IL,100,0,1,"LIPINSKI, Daniel",L000563,1966,,-0.227,0.176,-458.62819,0.72283,1413,193,,-0.231,0.154
112,House,20715,21,6,IL,200,0,1,"ROSKAM, Peter",R000580,1961,,0.429,0.018,-187.28112,0.87554,1409,74,,0.404,0.153
112,House,20914,21,18,IL,200,0,1,"SCHOCK, Aaron",S001179,1981,,0.311,0.185,-221.02747,0.852,1375,97,,0.281,0.249
112,House,20954,21,5,IL,100,0,1,"QUIGLEY, Mike",Q000023,1958,,-0.325,-0.226,-253.35832,0.83648,1419,96,,-0.304,-0.488
112,House,21126,21,8,IL,200,0,1,"WALSH, Joe",W000811,1961,,0.708,-0.707,-246.91471,0.837,1390,103,,0.74,-0.636
112,House,21127,21,10,IL,200,0,1,"DOLD, Robert",D000613,1969,,0.2,-0.199,-441.31963,0.732,1416,183,,0.212,-0.254
112,House,21128,21,11,IL,200,0,1,"KINZINGER, Adam",K000378,1978,,0.234,0.382,-250.15834,0.83764,1412,98,,0.295,0.254
112,House,21129,21,14,IL,200,0,1,"HULTGREN, Randy",H001059,1966,,0.49,-0.034,-223.5623,0.85527,1430,96,,0.483,-0.106
112,House,21130,21,17,IL,200,0,1,"SCHILLING, Bobby",S001182,1964,2021.0,0.364,0.009,-293.24931,0.812,1411,138,,0.369,-0.041
112,House,29346,21,1,IL,100,0,1,"RUSH, Bobby L.",R000515,1946,,-0.479,-0.203,-201.72613,0.85586,1296,87,,-0.559,-0.046
112,House,29348,21,4,IL,100,0,1,"GUTIÉRREZ, Luis V.",G000535,1953,,-0.487,-0.26,-205.45777,0.85484,1310,70,,-0.449,-0.434
112,House,29349,21,16,IL,200,0,1,"MANZULLO, Donald A.",M001138,1944,,0.51,0.0,-242.3032,0.837,1362,95,,0.535,-0.143
112,House,29585,21,2,IL,100,0,1,"JACKSON, Jesse L., Jr.",J000283,1965,,-0.538,-0.513,-118.4706,0.898,1096,54,,-0.582,-0.345
112,House,29717,21,7,IL,100,0,1,"DAVIS, Danny K.",D000096,1941,,-0.487,-0.266,-209.08264,0.85573,1342,83,,-0.503,-0.121
112,House,29718,21,19,IL,200,0,1,"SHIMKUS, John M.",S000364,1958,,0.375,0.154,-237.50276,0.84366,1397,108,,0.303,0.287
112,House,29911,21,9,IL,100,0,1,"SCHAKOWSKY, Janice D.",S001145,1944,,-0.602,-0.289,-163.32865,0.89069,1411,74,,-0.655,-0.074
112,House,29912,21,13,IL,200,0,1,"BIGGERT, Judy Borg",B001232,1937,,0.323,-0.372,-345.20194,0.784,1422,139,,0.238,-0.055
112,House,15014,22,5,IN,200,0,1,"BURTON, Danny Lee",B001149,1938,,0.585,-0.026,-190.79715,0.864,1309,65,,0.616,-0.141
112,House,15124,22,1,IN,100,0,1,"VISCLOSKY, Peter",V000108,1949,,-0.402,0.244,-372.91304,0.7644,1388,180,,-0.396,0.258
112,House,20117,22,6,IN,200,0,1,"PENCE, Mike",P000587,1959,,0.655,0.088,-125.08277,0.911,1341,50,,0.621,0.181
112,House,20717,22,2,IN,100,0,1,"DONNELLY, Joe",D000607,1955,,-0.119,0.435,-510.67428,0.68921,1372,243,,-0.178,0.563
112,House,20757,22,7,IN,100,0,1,"CARSON, André",C001072,1974,,-0.435,0.027,-264.2985,0.8242,1367,103,,-0.411,0.078
112,House,21100,22,3,IN,200,0,1,"STUTZMAN, Marlin",S001188,1976,,0.722,-0.094,-160.89619,0.89143,1400,65,,0.752,-0.113
112,House,21131,22,4,IN,200,0,1,"ROKITA, Todd",R000592,1970,,0.602,-0.16,-157.86907,0.89146,1374,65,,0.63,-0.071
112,House,21132,22,8,IN,200,0,1,"BUCSHON, Larry",B001275,1962,,0.38,0.385,-144.26094,0.90385,1427,56,,0.399,0.271
112,House,21133,22,9,IN,200,0,1,"YOUNG, Todd",Y000064,1972,,0.439,-0.024,-194.92713,0.87207,1424,88,,0.543,0.075
112,House,20325,31,5,IA,200,0,1,"KING, Steve",K000362,1949,,0.613,0.171,-304.40356,0.80345,1391,105,,0.511,0.224
112,House,20719,31,1,IA,100,0,1,"BRALEY, Bruce",B001259,1957,,-0.31,-0.205,-232.61418,0.842,1357,90,,-0.317,-0.303
112,House,20720,31,2,IA,100,0,1,"LOEBSACK, Dave",L000565,1952,,-0.276,-0.027,-313.94538,0.80001,1407,136,,-0.276,0.007
112,House,29522,31,4,IA,200,0,1,"LATHAM, Thomas",L000111,1948,,0.302,0.308,-252.0941,0.838,1425,102,,0.25,0.338
112,House,29721,31,3,IA,100,0,1,"BOSWELL, Leonard L.",B000652,1934,2018.0,-0.238,0.289,-478.95433,0.714,1424,219,,-0.252,0.271
112,House,20915,32,2,KS,200,0,1,"JENKINS, Lynn",J000290,1963,,0.523,0.004,-156.7322,0.89416,1401,70,,0.558,0.142
112,House,21134,32,1,KS,200,0,1,"HUELSKAMP, Tim",H001057,1968,,0.744,-0.466,-244.9664,0.843,1431,104,,0.708,-0.285
112,House,21135,32,3,KS,200,0,1,"YODER, Kevin",Y000063,1976,,0.558,0.03,-198.90028,0.87006,1429,96,,0.59,0.022
112,House,21136,32,4,KS,200,0,1,"POMPEO, Mike",P000602,1963,,0.66,0.164,-120.11222,0.91938,1429,44,,0.689,0.171
112,House,14854,51,5,KY,200,0,1,"ROGERS, Harold Dallas (Hal)",R000395,1937,,0.333,0.154,-165.60044,0.88992,1420,64,,0.287,0.601
112,House,20326,51,6,KY,100,0,1,"CHANDLER, A. B. (Ben)",C001058,1959,,-0.232,0.516,-470.2733,0.716,1407,236,,-0.2,0.434
112,House,20511,51,4,KY,200,1,1,"DAVIS, Geoffrey C. (Geoff)",D000603,1958,,0.398,0.412,-200.34493,0.86,1324,85,,0.337,0.243
112,House,20723,51,3,KY,100,0,1,"YARMUTH, John",Y000062,1947,,-0.378,-0.275,-159.48906,0.89145,1388,61,,-0.396,-0.214
112,House,20916,51,2,KY,200,0,1,"GUTHRIE, Brett",G000558,1964,,0.427,0.274,-154.22014,0.89736,1424,57,,0.394,0.188
112,House,29525,51,1,KY,200,0,1,"WHITFIELD, Wayne Edward (Ed)",W000413,1943,,0.303,0.182,-213.52618,0.858,1398,84,,0.312,0.125
112,House,31102,51,4,KY,200,2,2,"MASSIE, Thomas",M001184,1971,,0.662,-0.75,-13.92416,0.61869,29,8,,0.879,-0.477
112,House,20514,45,7,LA,200,0,1,"BOUSTANY, Charles W.",B001255,1956,,0.392,0.308,-194.27829,0.871,1407,81,,0.471,0.207
112,House,20759,45,1,LA,200,0,1,"SCALISE, Steve",S001176,1965,,0.559,0.163,-158.95932,0.89395,1418,55,,0.593,0.174
112,House,20918,45,4,LA,200,0,1,"FLEMING, John",F000456,1951,,0.59,0.022,-153.34173,0.898,1426,57,,0.621,0.101
112,House,20919,45,6,LA,200,0,1,"CASSIDY, Bill",C001075,1957,,0.464,-0.048,-225.79337,0.85135,1403,90,,0.455,-0.022
112,House,21137,45,2,LA,100,0,1,"RICHMOND, Cedric",R000588,1973,,-0.486,0.332,-284.38181,0.81438,1385,117,,-0.469,0.299
112,House,21138,45,3,LA,200,0,1,"LANDRY, Jeff",L000574,1970,,0.614,-0.112,-201.59879,0.861,1348,88,,0.61,-0.171
112,House,90327,45,5,LA,200,0,1,"ALEXANDER, Rodney",A000361,1946,,0.331,0.408,-156.77595,0.894,1400,69,,0.29,0.364
112,House,20328,2,2,ME,100,0,1,"MICHAUD, Michael H.",M001149,1955,,-0.283,-0.071,-403.33004,0.754,1426,173,,-0.236,-0.187
112,House,20920,2,1,ME,100,0,1,"PINGREE, Chellie",P000597,1955,,-0.423,-0.36,-177.54175,0.88042,1394,71,,-0.434,-0.377
112,House,14873,52,5,MD,100,0,1,"HOYER, Steny Hamilton",H000874,1939,,-0.381,0.122,-219.34987,0.85265,1376,85,,-0.41,0.152
112,House,20329,52,2,MD,100,0,1,"RUPPERSBERGER, C. A. (Dutch)",R000576,1946,,-0.299,0.12,-291.17898,0.80953,1378,103,,-0.311,0.163
112,House,20330,52,8,MD,100,0,1,"VAN HOLLEN, Christopher",V000128,1959,,-0.398,-0.227,-178.55844,0.88082,1407,79,,-0.39,-0.081
112,House,20724,52,3,MD,100,0,1,"SARBANES, John",S001168,1962,,-0.466,-0.078,-168.1822,0.88882,1427,91,,-0.476,-0.053
112,House,20763,52,4,MD,100,0,1,"EDWARDS, Donna F.",E000290,1958,,-0.562,-0.294,-172.40265,0.886,1418,74,,-0.56,-0.256
112,House,21139,52,1,MD,200,0,1,"HARRIS, Andy",H001052,1957,,0.674,-0.37,-433.79422,0.7374,1424,160,,0.534,-0.383
112,House,29356,52,6,MD,200,0,1,"BARTLETT, Roscoe Gardner",B000208,1926,,0.493,-0.091,-390.64968,0.757,1404,149,,0.424,-0.287
112,House,29587,52,7,MD,100,0,1,"CUMMINGS, Elijah Eugene",C000984,1951,2019.0,-0.438,-0.148,-186.52182,0.87593,1408,84,,-0.495,-0.057
112,House,14435,3,7,MA,100,0,1,"MARKEY, Edward John",M000133,1946,,-0.517,-0.471,-139.27245,0.90505,1396,63,,-0.535,-0.399
112,House,14824,3,4,MA,100,0,1,"FRANK, Barney",F000339,1940,,-0.499,-0.534,-224.92067,0.85,1382,73,,-0.407,-0.532
112,House,15616,3,2,MA,100,0,1,"NEAL, Richard Edmund",N000015,1949,,-0.417,-0.105,-145.39667,0.8963,1328,56,,-0.438,-0.257
112,House,20119,3,9,MA,100,0,1,"LYNCH, Stephen F.",L000562,1955,,-0.342,0.048,-332.34352,0.78962,1407,146,,-0.339,-0.056
112,House,20754,3,5,MA,100,0,1,"TSONGAS, Nicola S. (Niki)",T000465,1946,,-0.396,-0.199,-183.33596,0.87517,1375,79,,-0.353,-0.214
112,House,21140,3,10,MA,100,0,1,"KEATING, William R.",K000375,1952,,-0.329,-0.102,-238.86092,0.84325,1401,116,,-0.345,-0.238
112,House,29123,3,1,MA,100,0,1,"OLVER, John Walter",O000085,1936,2023.0,-0.577,-0.207,-147.69865,0.892,1295,63,,-0.601,-0.257
112,House,29729,3,3,MA,100,0,1,"McGOVERN, James P.",M000312,1959,,-0.538,-0.344,-143.43981,0.9043,1426,73,,-0.507,-0.464
112,House,29730,3,6,MA,100,0,1,"TIERNEY, John F.",T000266,1951,,-0.488,-0.433,-165.07451,0.889,1402,71,,-0.455,-0.363
112,House,29919,3,8,MA,100,0,1,"CAPUANO, Michael Everett",C001037,1952,,-0.58,-0.082,-178.18955,0.88065,1402,87,,-0.562,-0.251
112,House,2605,23,15,MI,100,0,1,"DINGELL, John David, Jr.",D000355,1926,2019.0,-0.448,0.313,-249.71431,0.835,1384,113,,-0.431,0.313
112,House,10713,23,14,MI,100,0,1,"CONYERS, John, Jr.",C000714,1929,2019.0,-0.658,-0.512,-201.91859,0.86231,1363,81,,-0.569,-0.424
112,House,14430,23,5,MI,100,0,1,"KILDEE, Dale Edward",K000172,1929,2021.0,-0.385,0.011,-202.06503,0.868,1423,64,,-0.466,0.194
112,House,15033,23,12,MI,100,0,1,"LEVIN, Sander Martin",L000263,1931,,-0.379,-0.091,-176.43372,0.884,1431,67,,-0.388,0.015
112,House,15446,23,6,MI,200,0,1,"UPTON, Frederick Stephen",U000031,1953,,0.32,-0.355,-295.94787,0.81352,1434,104,,0.408,-0.272
112,House,20120,23,8,MI,200,0,1,"ROGERS, Mike",R000572,1963,,0.4,0.098,-170.54424,0.887,1418,64,,0.426,0.223
112,House,20331,23,10,MI,200,0,1,"MILLER, Candice S.",M001150,1954,,0.343,-0.001,-282.56851,0.821,1432,121,,0.435,-0.232
112,House,20332,23,11,MI,200,1,1,"McCOTTER, Thaddeus George",M001147,1965,,0.335,0.012,-255.47863,0.809,1206,113,,0.36,0.003
112,House,20725,23,7,MI,200,0,1,"WALBERG, Tim",W000798,1951,,0.498,0.165,-209.03262,0.86329,1422,94,,0.569,-0.042
112,House,20923,23,9,MI,100,0,1,"PETERS, Gary C.",P000595,1958,,-0.25,-0.183,-376.89177,0.76176,1385,165,,-0.271,-0.264
112,House,21141,23,1,MI,200,0,1,"BENISHEK, Dan",B001271,1952,2021.0,0.491,-0.15,-274.7757,0.825,1426,131,,0.592,-0.367
112,House,21142,23,2,MI,200,0,1,"HUIZENGA, Bill",H001058,1969,,0.531,0.055,-220.44029,0.85517,1409,98,,0.651,-0.229
112,House,21143,23,3,MI,200,0,1,"AMASH, Justin",A000367,1980,,0.654,-0.757,-442.64186,0.72794,1394,216,,0.821,-0.571
112,House,21145,23,13,MI,100,0,1,"CLARKE, Hansen",C001085,1957,,-0.478,-0.192,-153.9563,0.898,1424,66,,-0.469,-0.221
112,House,29124,23,4,MI,200,0,1,"CAMP, David Lee",C000071,1953,,0.385,-0.048,-202.67203,0.867,1421,77,,0.393,0.001
112,House,31100,23,11,MI,100,2,2,"CURSON, David Alan",C001089,1948,2024.0,-0.409,0.81,-3.95402,0.873,29,2,,-0.416,0.83
112,House,20122,33,4,MN,100,0,1,"McCOLLUM, Betty",M001143,1954,,-0.419,-0.186,-182.65839,0.87406,1357,74,,-0.425,-0.143
112,House,20333,33,2,MN,200,0,1,"KLINE, John",K000363,1947,,0.49,0.154,-146.37568,0.903,1433,43,,0.511,0.241
112,House,20726,33,1,MN,100,0,1,"WALZ, Tim",W000799,1964,,-0.275,0.131,-335.79454,0.78808,1410,141,,-0.289,0.219
112,House,20727,33,5,MN,100,0,1,"ELLISON, Keith",E000288,1963,,-0.537,-0.58,-140.33274,0.89834,1309,46,,-0.522,-0.54
112,House,20728,33,6,MN,200,0,1,"BACHMANN, Michele",B001256,1956,,0.584,-0.03,-205.16136,0.832,1113,76,,0.624,-0.19
112,House,20924,33,3,MN,200,0,1,"PAULSEN, Erik",P000594,1965,,0.402,-0.191,-262.01765,0.83107,1416,99,,0.412,-0.2
112,House,21146,33,8,MN,200,0,1,"CRAVAACK, Chip",C001086,1959,,0.366,0.144,-240.99513,0.844,1425,107,,0.365,0.148
112,House,29127,33,7,MN,100,0,1,"PETERSON, Collin Clark",P000258,1944,,-0.148,0.712,-606.47181,0.64884,1402,266,,-0.147,0.76
112,House,20925,46,3,MS,200,0,1,"HARPER, Gregg",H001045,1956,,0.384,0.48,-153.20806,0.89813,1426,68,,0.354,0.548
112,House,21147,46,1,MS,200,0,1,"NUNNELEE, Alan",N000186,1958,2015.0,0.488,0.574,-154.09511,0.895,1395,66,,0.484,0.399
112,House,21148,46,4,MS,200,0,1,"PALAZZO, Steven",P000601,1970,,0.535,0.45,-155.99238,0.89617,1423,76,,0.457,0.585
112,House,29368,46,2,MS,100,0,1,"THOMPSON, Bennie",T000193,1948,,-0.519,0.39,-272.19262,0.82088,1379,133,,-0.546,0.451
112,House,20123,34,2,MO,200,0,1,"AKIN, W. Todd",A000358,1947,2021.0,0.612,0.235,-128.91502,0.898,1198,51,,0.561,0.152
112,House,20124,34,6,MO,200,0,1,"GRAVES, Samuel",G000546,1963,,0.449,0.162,-205.89904,0.86139,1380,84,,0.493,0.214
112,House,20147,34,1,MO,100,0,1,"CLAY, William Lacy, Jr.",C001049,1956,,-0.481,-0.078,-197.27788,0.86598,1371,84,,-0.519,-0.165
112,House,20516,34,3,MO,100,0,1,"CARNAHAN, Russ",C001060,1958,,-0.347,-0.005,-188.89602,0.874,1397,66,,-0.387,0.011
112,House,20517,34,5,MO,100,0,1,"CLEAVER, Emanuel, II",C001061,1944,,-0.454,0.0,-227.1472,0.84752,1373,93,,-0.46,-0.032
112,House,20926,34,9,MO,200,0,1,"LUETKEMEYER, Blaine",L000569,1952,,0.45,0.247,-152.17721,0.89905,1430,54,,0.459,0.476
112,House,21149,34,4,MO,200,0,1,"HARTZLER, Vicky",H001053,1960,,0.478,0.229,-194.03782,0.87143,1410,78,,0.509,0.221
112,House,21150,34,7,MO,200,0,1,"LONG, Billy",L000576,1955,,0.544,0.244,-196.02495,0.86829,1388,76,,0.62,0.262
112,House,29736,34,8,MO,200,0,1,"EMERSON, Jo Ann",E000172,1950,,0.269,0.274,-253.72397,0.833,1389,113,,0.295,0.117
112,House,20125,64,1,MT,200,0,1,"REHBERG, Denny",R000571,1955,,0.337,0.244,-243.05497,0.844,1429,101,,0.309,0.189
112,House,20518,35,1,NE,200,0,1,"FORTENBERRY, Jeff",F000449,1960,,0.304,-0.061,-353.61125,0.77595,1394,141,,0.293,-0.2
112,House,20729,35,3,NE,200,0,1,"SMITH, Adrian",S001172,1970,,0.509,0.255,-164.11093,0.89115,1424,72,,0.495,0.331
112,House,29921,35,2,NE,200,0,1,"TERRY, Lee Raymond",T000459,1962,,0.426,-0.067,-320.70919,0.798,1419,145,,0.407,-0.1
112,House,20730,65,2,NV,200,1,1,"HELLER, Dean",H001041,1960,,0.463,-0.459,-65.65019,0.78899,277,27,,0.711,-0.703
112,House,21151,65,3,NV,200,0,1,"HECK, Joe",H001055,1961,,0.324,0.014,-321.85278,0.799,1433,139,,0.308,0.024
112,House,21196,65,2,NV,200,2,2,"AMODEI, Mark E.",A000369,1958,,0.384,0.211,-106.40446,0.86522,735,43,,0.447,-0.035
112,House,29922,65,1,NV,100,0,1,"BERKLEY, Shelley",B001231,1951,,-0.302,0.024,-306.58093,0.805,1410,116,,-0.288,0.056
112,House,21152,4,1,NH,200,0,1,"GUINTA, Frank",G000570,1970,,0.433,0.164,-175.63493,0.882,1396,75,,0.433,0.074
112,House,29538,4,2,NH,200,0,1,"BASS, Charles Foster",B000220,1952,,0.331,-0.556,-428.01426,0.738,1408,207,,0.257,-0.377
112,House,14863,12,4,NJ,200,0,1,"SMITH, Christopher Henry",S000522,1953,,0.183,-0.173,-375.68963,0.76653,1413,164,,0.228,-0.277
112,House,15454,12,6,NJ,100,0,1,"PALLONE, Frank, Jr.",P000034,1951,,-0.402,-0.162,-166.38172,0.89016,1430,71,,-0.519,-0.225
112,House,15619,12,10,NJ,100,1,1,"PAYNE, Donald Milford",P000149,1934,2012.0,-0.592,-0.547,-80.02229,0.906,815,38,,-0.602,-0.535
112,House,20336,12,5,NJ,200,0,1,"GARRETT, Scott",G000548,1959,,0.688,-0.243,-196.80116,0.87,1409,91,,0.742,-0.244
112,House,20542,12,13,NJ,100,0,1,"SIRES, Albio",S001165,1951,,-0.404,0.098,-210.22609,0.85898,1383,95,,-0.413,0.119
112,House,20929,12,7,NJ,200,0,1,"LANCE, Leonard",L000567,1952,,0.329,-0.237,-335.93674,0.79102,1433,147,,0.337,-0.259
112,House,21153,12,3,NJ,200,0,1,"RUNYAN, Jon",R000594,1973,,0.222,0.089,-237.40857,0.846,1418,82,,0.228,0.115
112,House,29132,12,1,NJ,100,0,1,"ANDREWS, Robert Ernest",A000210,1957,,-0.297,-0.119,-269.69375,0.823,1384,116,,-0.411,0.092
112,House,29539,12,2,NJ,200,0,1,"LoBIONDO, Frank A.",L000554,1946,,0.211,-0.224,-434.6886,0.7385,1434,207,,0.226,-0.274
112,House,29541,12,11,NJ,200,0,1,"FRELINGHUYSEN, Rodney P.",F000372,1946,,0.292,-0.262,-271.41462,0.81478,1325,107,,0.246,0.1
112,House,29741,12,8,NJ,100,0,1,"PASCRELL, William J., Jr.",P000096,1937,2024.0,-0.369,-0.004,-186.11424,0.8696,1332,81,,-0.429,0.105
112,House,29742,12,9,NJ,100,0,1,"ROTHMAN, Steven",R000462,1952,,-0.352,-0.092,-188.17851,0.87,1355,77,,-0.394,0.08
112,House,29923,12,12,NJ,100,0,1,"HOLT, Rush",H001032,1948,,-0.463,-0.33,-172.99068,0.886,1425,61,,-0.482,-0.334
112,House,31103,12,10,NJ,100,2,2,"PAYNE, Donald, Jr.",P000604,1958,2024.0,-0.52,-0.096,-2.79259,0.90174,27,0,,-0.43,-0.374
112,House,20337,66,2,NM,200,0,1,"PEARCE, Stevan",P000588,1947,,0.472,0.064,-269.22746,0.82483,1398,121,,0.502,0.034
112,House,20930,66,1,NM,100,0,1,"HEINRICH, Martin",H001046,1971,,-0.334,-0.001,-310.48761,0.79602,1361,119,,-0.287,-0.019
112,House,20932,66,3,NM,100,0,1,"LUJÁN, Ben Ray",L000570,1972,,-0.38,0.032,-240.61312,0.8424,1403,99,,-0.342,-0.032
112,House,13035,13,15,NY,100,0,1,"RANGEL, Charles B.",R000053,1930,,-0.514,-0.341,-165.79793,0.869,1182,75,,-0.479,-0.188
112,House,15000,13,5,NY,100,0,1,"ACKERMAN, Gary Leonard",A000022,1942,,-0.429,-0.165,-218.71898,0.848,1323,97,,-0.429,0.081
112,House,15072,13,10,NY,100,0,1,"TOWNS, Edolphus",T000326,1934,,-0.519,-0.132,-185.75804,0.868,1307,75,,-0.53,-0.058
112,House,15444,13,28,NY,100,0,1,"SLAUGHTER, Louise McIntosh",S000480,1929,2018.0,-0.465,-0.104,-128.88375,0.89319,1141,60,,-0.483,-0.261
112,House,15603,13,17,NY,100,0,1,"ENGEL, Eliot Lance",E000179,1947,,-0.408,-0.093,-237.17847,0.83811,1343,97,,-0.426,0.141
112,House,15612,13,18,NY,100,0,1,"LOWEY, Nita M.",L000480,1937,2025.0,-0.389,-0.152,-179.54108,0.8794,1397,86,,-0.385,0.012
112,House,20129,13,2,NY,100,0,1,"ISRAEL, Steve",I000057,1958,,-0.334,-0.051,-212.79055,0.86,1413,86,,-0.394,0.1
112,House,20338,13,1,NY,100,0,1,"BISHOP, Timothy H.",B001242,1950,,-0.338,-0.05,-235.4931,0.843,1383,96,,-0.338,-0.048
112,House,20519,13,27,NY,100,0,1,"HIGGINS, Brian",H001038,1959,,-0.348,-0.032,-230.82057,0.8488,1408,86,,-0.329,-0.031
112,House,20733,13,11,NY,100,0,1,"CLARKE, Yvette Diane",C001067,1964,,-0.606,-0.263,-159.18962,0.8909,1378,73,,-0.646,-0.182
112,House,20934,13,21,NY,100,0,1,"TONKO, Paul",T000469,1949,,-0.416,-0.263,-165.26769,0.8905,1425,60,,-0.418,-0.303
112,House,20936,13,26,NY,200,1,1,"LEE, Christopher John",L000568,1964,,0.313,0.16,,,,,,0.47,0.878
112,House,20957,13,23,NY,100,0,1,"OWENS, William",O000169,1949,,-0.182,0.409,-582.44831,0.659,1398,274,,-0.171,0.342
112,House,21101,13,29,NY,200,0,1,"REED, Thomas W. II",R000585,1971,,0.269,0.12,-316.65025,0.80012,1420,127,,0.347,0.001
112,House,21154,13,13,NY,200,0,1,"GRIMM, Michael G.",G000569,1970,,0.219,0.136,-278.69979,0.821,1411,115,,0.236,0.137
112,House,21155,13,19,NY,200,0,1,"HAYWORTH, Nan",H001054,1959,,0.282,-0.182,-360.58358,0.776,1424,151,,0.286,-0.208
112,House,21156,13,20,NY,200,0,1,"GIBSON, Christopher",G000564,1964,,0.203,-0.455,-615.20738,0.65,1427,305,,0.233,-0.529
112,House,21157,13,24,NY,200,0,1,"HANNA, Richard",H001051,1951,2020.0,0.215,-0.145,-417.08572,0.741,1390,181,,0.238,-0.197
112,House,21158,13,25,NY,200,0,1,"BUERKLE, Ann Marie",B001276,1951,,0.579,0.253,-157.14503,0.894,1407,68,,0.57,0.133
112,House,21194,13,26,NY,100,2,2,"HOCHUL, Kathleen C.",H001062,1958,,-0.239,0.317,-382.73427,0.701,1077,158,,-0.219,0.232
112,House,21197,13,9,NY,200,2,2,"TURNER, Robert L.",T000471,1941,,0.281,0.302,-100.34413,0.875,753,32,,0.283,0.242
112,House,29134,13,16,NY,100,0,1,"SERRANO, José E.",S000248,1943,,-0.491,-0.377,-155.96934,0.89507,1407,63,,-0.511,-0.35
112,House,29375,13,3,NY,200,0,1,"KING, Peter T.",K000210,1944,,0.259,-0.03,-267.49422,0.82686,1407,98,,0.227,0.227
112,House,29377,13,8,NY,100,0,1,"NADLER, Jerrold Lewis",N000002,1947,,-0.507,-0.478,-144.68302,0.89887,1357,64,,-0.502,-0.461
112,House,29378,13,12,NY,100,0,1,"VELÁZQUEZ, Nydia M.",V000081,1953,,-0.547,-0.37,-147.90304,0.89688,1359,70,,-0.537,-0.401
112,House,29379,13,14,NY,100,0,1,"MALONEY, Carolyn Bosher",M000087,1946,,-0.387,-0.285,-178.84932,0.87902,1387,77,,-0.389,-0.364
112,House,29380,13,22,NY,100,0,1,"HINCHEY, Maurice Dunlea",H000627,1938,2017.0,-0.575,-0.007,-160.82802,0.872,1178,69,,-0.559,0.047
112,House,29744,13,4,NY,100,0,1,"McCARTHY, Carolyn",M000309,1944,,-0.294,-0.04,-246.12083,0.833,1343,86,,-0.317,0.08
112,House,29776,13,6,NY,100,0,1,"MEEKS, Gregory W.",M001137,1953,,-0.415,-0.062,-192.91083,0.8605,1284,80,,-0.435,0.03
112,House,29925,13,7,NY,100,0,1,"CROWLEY, Joseph",C001038,1962,,-0.412,-0.07,-172.86959,0.88218,1379,69,,-0.412,-0.172
112,House,29926,13,9,NY,100,1,1,"WEINER, Anthony D.",W000792,1964,,-0.408,-0.371,-64.57824,0.843,379,32,,-0.404,-0.568
112,House,15092,47,6,NC,200,0,1,"COBLE, Howard",C000556,1931,2015.0,0.52,-0.081,-274.73379,0.809,1293,111,,0.495,-0.275
112,House,15438,47,4,NC,100,0,1,"PRICE, David Eugene",P000523,1940,,-0.343,-0.03,-191.36509,0.87434,1425,76,,-0.43,-0.026
112,House,20340,47,1,NC,100,0,1,"BUTTERFIELD, George Kenneth, Jr. (G.K.)",B001251,1947,,-0.404,0.184,-252.73006,0.82835,1342,84,,-0.389,0.213
112,House,20341,47,13,NC,100,0,1,"MILLER, Brad",M001154,1953,,-0.376,0.063,-224.07065,0.854,1423,91,,-0.444,0.171
112,House,20521,47,5,NC,200,0,1,"FOXX, Virginia Ann",F000450,1943,,0.624,0.174,-248.306,0.8407,1431,101,,0.682,0.08
112,House,20522,47,10,NC,200,0,1,"McHENRY, Patrick T.",M001156,1975,,0.524,0.156,-168.12497,0.886,1389,68,,0.606,0.016
112,House,20737,47,11,NC,100,0,1,"SHULER, Heath",S001171,1971,,-0.07,0.224,-624.4027,0.613,1274,324,,-0.06,0.069
112,House,20938,47,8,NC,100,0,1,"KISSELL, Larry",K000369,1951,,-0.182,0.375,-599.6391,0.655,1419,289,,-0.143,0.256
112,House,21159,47,2,NC,200,0,1,"ELLMERS, Renee",E000291,1964,,0.406,0.338,-144.17439,0.903,1406,62,,0.456,0.383
112,House,29383,47,12,NC,100,0,1,"WATT, Melvin L.",W000207,1945,,-0.526,-0.155,-208.28909,0.861,1390,75,,-0.46,-0.089
112,House,29546,47,3,NC,200,0,1,"JONES, Walter Beaman, Jr.",J000255,1943,2019.0,0.244,-0.362,-1135.01523,0.44221,1391,498,,0.144,-0.372
112,House,29549,47,9,NC,200,0,1,"MYRICK, Sue",M001134,1941,,0.56,0.027,-170.32693,0.879,1316,72,,0.518,0.166
112,House,29746,47,7,NC,100,0,1,"McINTYRE, Mike",M000485,1956,,-0.148,0.56,-686.80963,0.606,1370,320,,-0.13,0.366
112,House,21160,36,1,ND,200,0,1,"BERG, Rick",B001272,1959,,0.328,0.427,-175.89691,0.882,1398,77,,0.333,0.306
112,House,15029,24,9,OH,100,0,1,"KAPTUR, Marcia Carolyn (Marcy)",K000009,1946,,-0.341,0.132,-271.40014,0.82064,1373,117,,-0.401,0.15
112,House,20130,24,12,OH,200,0,1,"TIBERI, Patrick (Pat)",T000462,1962,,0.386,-0.026,-259.57191,0.83261,1417,127,,0.32,0.028
112,House,20342,24,3,OH,200,0,1,"TURNER, Michael R.",T000463,1960,,0.265,0.259,-238.42253,0.84593,1425,97,,0.254,0.171
112,House,20343,24,17,OH,100,0,1,"RYAN, Timothy J.",R000577,1973,,-0.402,0.208,-288.20386,0.81525,1411,155,,-0.438,0.265
112,House,20540,24,2,OH,200,0,1,"SCHMIDT, Jean",S001164,1951,,0.467,-0.1,-237.32072,0.843,1385,89,,0.467,-0.149
112,House,20738,24,4,OH,200,0,1,"JORDAN, Jim",J000289,1964,,0.712,-0.182,-140.64675,0.90461,1403,53,,0.731,-0.121
112,House,20740,24,13,OH,100,0,1,"SUTTON, Betty",S001174,1963,,-0.44,0.165,-220.09753,0.853,1387,105,,-0.428,0.14
112,House,20755,24,5,OH,200,0,1,"LATTA, Robert E.",L000566,1956,,0.508,0.288,-136.65601,0.90904,1433,52,,0.508,0.365
112,House,20940,24,7,OH,200,0,1,"AUSTRIA, Steve",A000365,1958,,0.367,0.305,-146.36115,0.899,1380,60,,0.326,0.454
112,House,20941,24,11,OH,100,0,1,"FUDGE, Marcia L.",F000455,1952,,-0.581,0.14,-195.1823,0.87098,1413,75,,-0.609,0.06
112,House,21162,24,6,OH,200,0,1,"JOHNSON, Bill",J000292,1954,,0.436,0.235,-234.03292,0.84913,1431,99,,0.463,0.155
112,House,21163,24,15,OH,200,0,1,"STIVERS, Steve",S001187,1965,,0.3,0.269,-214.70793,0.84344,1261,97,,0.271,0.162
112,House,21164,24,16,OH,200,0,1,"RENACCI, Jim",R000586,1958,,0.387,0.143,-294.44229,0.81332,1425,130,,0.395,0.012
112,House,21165,24,18,OH,200,0,1,"GIBBS, Bob",G000563,1954,,0.484,0.284,-165.48391,0.89079,1431,80,,0.429,0.305
112,House,29137,24,8,OH,200,0,1,"BOEHNER, John Andrew",B000589,1949,,0.513,0.04,,,,,,0.052,0.912
112,House,29550,24,1,OH,200,0,1,"CHABOT, Steve",C000266,1953,,0.542,-0.137,-186.64146,0.8778,1432,70,,0.622,-0.158
112,House,29553,24,14,OH,200,0,1,"LaTOURETTE, Steven C.",L000553,1954,2016.0,0.211,-0.063,-316.31448,0.795,1382,116,,0.179,0.073
112,House,29748,24,10,OH,100,0,1,"KUCINICH, Dennis",K000336,1946,,-0.582,0.024,-333.82678,0.782,1357,130,,-0.79,-0.071
112,House,20131,53,1,OK,200,0,1,"SULLIVAN, John",S001155,1965,,0.513,0.173,-170.21479,0.879,1320,79,,0.471,0.125
112,House,20344,53,4,OK,200,0,1,"COLE, Tom",C001053,1949,,0.323,0.413,-184.25776,0.87831,1420,76,,0.289,0.401
112,House,20523,53,2,OK,100,0,1,"BOREN, Daniel David",B001254,1973,,-0.112,0.994,-367.20212,0.764,1363,161,,-0.071,0.887
112,House,21166,53,5,OK,200,0,1,"LANKFORD, James",L000575,1968,,0.59,0.148,-163.67095,0.89164,1427,67,,0.535,0.154
112,House,29393,53,3,OK,200,0,1,"LUCAS, Frank D.",L000491,1960,,0.361,0.453,-149.77713,0.89956,1415,54,,0.295,0.58
112,House,15410,72,4,OR,100,0,1,"DeFAZIO, Peter Anthony",D000191,1947,,-0.427,-0.002,-509.78123,0.69534,1403,208,,-0.277,-0.202
112,House,20944,72,5,OR,100,0,1,"SCHRADER, Kurt",S001180,1951,,-0.182,0.054,-601.1127,0.6475,1383,267,,-0.174,-0.021
112,House,21198,72,1,OR,100,2,2,"BONAMICI, Suzanne",B001278,1954,,-0.4,-0.416,-52.59571,0.90687,538,22,,-0.389,-0.36
112,House,29588,72,3,OR,100,0,1,"BLUMENAUER, Earl",B000574,1948,,-0.426,-0.626,-229.82031,0.84421,1357,86,,-0.39,-0.551
112,House,29931,72,1,OR,100,1,1,"WU, David",W000793,1955,,-0.37,0.031,-151.21454,0.791,644,66,,-0.344,-0.24
112,House,29932,72,2,OR,200,0,1,"WALDEN, Greg",W000791,1957,,0.333,-0.011,-257.76783,0.83453,1425,109,,0.366,-0.118
112,House,20134,14,9,PA,200,0,1,"SHUSTER, William (Bill)",S001154,1961,,0.374,0.323,-171.87619,0.88501,1407,77,,0.316,0.369
112,House,20135,14,19,PA,200,0,1,"PLATTS, Todd",P000585,1962,,0.252,-0.15,-334.14125,0.787,1394,144,,0.217,-0.041
112,House,20345,14,6,PA,200,0,1,"GERLACH, Jim",G000549,1955,,0.221,-0.107,-355.083,0.779,1421,157,,0.209,-0.056
112,House,20346,14,18,PA,200,0,1,"MURPHY, Timothy",M001151,1952,,0.258,0.198,-274.78477,0.82484,1427,116,,0.356,0.093
112,House,20524,14,8,PA,200,0,1,"FITZPATRICK, Michael G.",F000451,1963,2020.0,0.202,-0.186,-502.77446,0.702,1423,241,,0.253,-0.376
112,House,20525,14,13,PA,100,0,1,"SCHWARTZ, Allyson Y.",S001162,1948,,-0.343,-0.008,-194.17973,0.869,1381,74,,-0.342,-0.035
112,House,20526,14,15,PA,200,0,1,"DENT, Charles W.",D000604,1960,,0.244,-0.085,-363.70595,0.7757,1432,159,,0.233,-0.107
112,House,20743,14,4,PA,100,0,1,"ALTMIRE, Jason",A000362,1968,,-0.133,0.59,-590.23517,0.661,1424,283,,-0.164,0.624
112,House,20946,14,5,PA,200,0,1,"THOMPSON, Glenn",T000467,1959,,0.335,0.338,-250.61184,0.83914,1429,98,,0.295,0.246
112,House,20960,14,12,PA,100,0,1,"CRITZ, Mark S.",C001081,1962,,-0.326,0.945,-402.73264,0.754,1425,162,,-0.331,0.839
112,House,21167,14,3,PA,200,0,1,"KELLY, Mike",K000376,1948,,0.379,0.395,-171.40987,0.88681,1427,70,,0.296,0.475
112,House,21168,14,7,PA,200,0,1,"MEEHAN, Patrick",M001181,1955,,0.22,0.076,-314.71284,0.80071,1416,127,,0.202,0.069
112,House,21170,14,10,PA,200,0,1,"MARINO, Thomas A.",M001179,1952,,0.352,0.477,-145.20387,0.89795,1349,62,,0.381,0.543
112,House,21171,14,11,PA,200,0,1,"BARLETTA, Lou",B001269,1956,,0.278,0.393,-178.78935,0.8813,1415,63,,0.25,0.389
112,House,29396,14,17,PA,100,0,1,"HOLDEN, Thomas Timothy (Tim)",H000712,1957,,-0.233,0.608,-440.36568,0.716,1316,202,,-0.315,0.8
112,House,29559,14,2,PA,100,0,1,"FATTAH, Chaka",F000043,1956,,-0.472,-0.054,-237.67324,0.842,1386,86,,-0.409,-0.004
112,House,29561,14,14,PA,100,0,1,"DOYLE, Michael F.",D000482,1953,,-0.331,0.099,-270.11622,0.82396,1395,124,,-0.462,0.058
112,House,29752,14,16,PA,200,0,1,"PITTS, Joseph R.",P000373,1939,,0.538,0.012,-194.67808,0.871,1406,83,,0.496,0.027
112,House,29777,14,1,PA,100,0,1,"BRADY, Robert A.",B001227,1945,,-0.484,0.225,-189.02506,0.87545,1421,91,,-0.534,0.262
112,House,20136,5,2,RI,100,0,1,"LANGEVIN, James",L000559,1964,,-0.375,0.114,-191.02897,0.87363,1414,66,,-0.385,0.061
112,House,21172,5,1,RI,100,0,1,"CICILLINE, David N.",C001084,1961,,-0.389,-0.262,-165.00987,0.88978,1413,62,,-0.397,-0.19
112,House,20138,48,2,SC,200,0,1,"WILSON, Addison Graves (Joe)",W000795,1947,,0.53,0.161,-151.54451,0.89816,1411,56,,0.615,0.098
112,House,21173,48,1,SC,200,0,1,"SCOTT, Tim",S001184,1965,,0.629,0.023,-145.67576,0.90302,1428,59,,0.682,-0.006
112,House,21174,48,3,SC,200,0,1,"DUNCAN, Jeff",D000615,1966,,0.695,-0.095,-147.49714,0.90174,1426,56,,0.738,-0.107
112,House,21175,48,4,SC,200,0,1,"GOWDY, Trey",G000566,1964,,0.655,-0.002,-139.97562,0.9065,1426,49,,0.696,-0.094
112,House,21176,48,5,SC,200,0,1,"MULVANEY, Mick",M001182,1967,,0.75,-0.592,-223.71615,0.8548,1426,109,,0.802,-0.506
112,House,39301,48,6,SC,100,0,1,"CLYBURN, James Enos",C000537,1940,,-0.467,0.246,-242.29882,0.84035,1393,112,,-0.468,0.272
112,House,21177,37,1,SD,200,0,1,"NOEM, Kristi",N000184,1971,,0.398,0.326,-178.25584,0.88132,1411,72,,0.362,0.301
112,House,15019,54,5,TN,100,0,1,"COOPER, James Hayes Shofner",C000754,1954,,-0.164,-0.033,-654.52854,0.63131,1423,275,,-0.165,-0.037
112,House,15455,54,2,TN,200,0,1,"DUNCAN, John J., Jr.",D000533,1947,,0.604,-0.476,-476.88762,0.71558,1425,185,,0.658,-0.753
112,House,20351,54,7,TN,200,0,1,"BLACKBURN, Marsha",B001243,1952,,0.632,0.141,-161.89423,0.89239,1422,65,,0.642,0.356
112,House,20748,54,9,TN,100,0,1,"COHEN, Stephen",C001068,1949,,-0.389,-0.294,-223.67162,0.85127,1389,82,,-0.401,-0.455
112,House,20947,54,1,TN,200,0,1,"ROE, David P. (Phil)",R000582,1945,,0.486,0.024,-180.71674,0.88128,1430,72,,0.476,0.102
112,House,21178,54,3,TN,200,0,1,"FLEISCHMANN, Chuck",F000459,1962,,0.432,0.395,-150.86699,0.89866,1412,65,,0.488,0.345
112,House,21179,54,4,TN,200,0,1,"DESJARLAIS, Scott",D000616,1964,,0.578,-0.043,-215.72238,0.85988,1429,102,,0.507,0.156
112,House,21180,54,6,TN,200,0,1,"BLACK, Diane",B001273,1951,,0.58,0.219,-145.21298,0.90154,1401,61,,0.57,0.236
112,House,21181,54,8,TN,200,0,1,"FINCHER, Stephen Lee",F000458,1973,,0.526,0.181,-184.60118,0.878,1419,86,,0.521,0.057
112,House,14290,49,14,TX,200,0,1,"PAUL, Ronald Ernest",P000583,1935,,0.863,-0.505,-441.01564,0.628,949,192,,0.648,-0.762
112,House,15085,49,6,TX,200,0,1,"BARTON, Joe Linus",B000213,1949,,0.528,0.047,-308.28491,0.7998,1380,113,,0.474,-0.11
112,House,15445,49,21,TX,200,0,1,"SMITH, Lamar Seeligson",S000583,1947,,0.425,0.061,-158.4375,0.89435,1419,51,,0.396,0.462
112,House,20139,49,7,TX,200,0,1,"CULBERSON, John",C001048,1956,,0.503,0.366,-154.19281,0.88904,1311,62,,0.529,0.395
112,House,20352,49,5,TX,200,0,1,"HENSARLING, Jeb",H001036,1957,,0.703,0.04,-136.39465,0.90915,1432,56,,0.669,0.095
112,House,20353,49,19,TX,200,0,1,"NEUGEBAUER, Randy",N000182,1949,,0.628,0.322,-136.75572,0.908,1420,59,,0.685,0.293
112,House,20355,49,26,TX,200,0,1,"BURGESS, Michael C.",B001248,1950,,0.565,-0.164,-312.22465,0.80162,1412,132,,0.636,-0.378
112,House,20356,49,31,TX,200,0,1,"CARTER, John R.",C001051,1941,,0.487,0.547,-175.76032,0.88296,1412,76,,0.389,0.688
112,House,20527,49,1,TX,200,0,1,"GOHMERT, Louie",G000552,1953,,0.644,-0.406,-280.06408,0.80765,1311,100,,0.612,-0.321
112,House,20528,49,2,TX,200,0,1,"POE, Ted",P000592,1948,,0.594,-0.029,-267.80561,0.8269,1409,121,,0.623,-0.203
112,House,20529,49,9,TX,100,0,1,"GREEN, Al",G000553,1947,,-0.447,0.261,-333.7999,0.79025,1418,133,,-0.412,0.408
112,House,20530,49,10,TX,200,0,1,"McCAUL, Michael T.",M001157,1962,,0.411,0.176,-175.71954,0.88337,1417,57,,0.44,0.217
112,House,20531,49,11,TX,200,0,1,"CONAWAY, K. Michael",C001062,1948,,0.593,0.367,-140.61206,0.9066,1434,59,,0.661,0.613
112,House,20532,49,24,TX,200,0,1,"MARCHANT, Kenny",M001158,1951,,0.6,0.154,-208.91737,0.85828,1367,83,,0.597,0.104
112,House,20533,49,28,TX,100,0,1,"CUELLAR, Henry",C001063,1955,,-0.225,0.646,-510.87606,0.69907,1427,231,,-0.226,0.541
112,House,20948,49,22,TX,200,0,1,"OLSON, Pete",O000168,1962,,0.548,0.308,-137.67909,0.90759,1420,52,,0.505,0.549
112,House,21182,49,17,TX,200,0,1,"FLORES, Bill",F000461,1954,,0.572,0.293,-147.55343,0.8997,1396,57,,0.604,0.325
112,House,21183,49,23,TX,200,0,1,"CANSECO, Francisco (Quico)",C001082,1949,,0.571,0.522,-144.84,0.903,1418,52,,0.562,0.418
112,House,21184,49,27,TX,200,0,1,"FARENTHOLD, Blake",F000460,1961,,0.548,0.016,-206.10498,0.86534,1425,82,,0.529,0.118
112,House,29143,49,3,TX,200,0,1,"JOHNSON, Sam",J000174,1930,2020.0,0.61,0.277,-148.40438,0.89662,1360,55,,0.552,0.378
112,House,29571,49,25,TX,100,0,1,"DOGGETT, Lloyd Alton, II",D000399,1946,,-0.403,-0.333,-251.33613,0.83545,1398,103,,-0.358,-0.243
112,House,29572,49,13,TX,200,0,1,"THORNBERRY, William McClellan (Mac)",T000238,1958,,0.525,0.313,-149.23354,0.9011,1433,51,,0.553,0.664
112,House,29573,49,18,TX,100,0,1,"JACKSON LEE, Sheila",J000032,1950,,-0.459,0.121,-288.65289,0.80033,1296,115,,-0.489,0.319
112,House,29759,49,32,TX,200,0,1,"SESSIONS, Pete",S000250,1955,,0.584,0.171,-135.77339,0.90807,1408,53,,0.619,0.218
112,House,29760,49,8,TX,200,0,1,"BRADY, Kevin Patrick",B000755,1955,,0.52,0.239,-175.95147,0.8815,1395,76,,0.607,0.169
112,House,29762,49,12,TX,200,0,1,"GRANGER, Kay",G000377,1943,,0.403,0.243,-194.79905,0.86835,1380,81,,0.341,0.586
112,House,29763,49,15,TX,100,0,1,"HINOJOSA, Rubén",H000636,1940,,-0.34,0.235,-342.7228,0.769,1304,145,,-0.367,0.237
112,House,29764,49,16,TX,100,0,1,"REYES, Silvestre",R000170,1944,,-0.321,0.304,-294.79203,0.802,1339,120,,-0.36,0.237
112,House,29943,49,20,TX,100,0,1,"GONZALEZ, Charles A.",G000544,1945,,-0.347,0.262,-351.86954,0.774,1376,158,,-0.357,0.37
112,House,39304,49,29,TX,100,0,1,"GREEN, Raymond Eugene (Gene)",G000410,1947,,-0.324,0.453,-629.35889,0.6373,1397,282,,-0.276,0.441
112,House,39305,49,30,TX,100,0,1,"JOHNSON, Eddie Bernice",J000126,1934,2023.0,-0.485,0.198,-256.66591,0.82938,1372,114,,-0.472,0.168
112,House,94828,49,4,TX,200,0,1,"HALL, Ralph Moody",H000067,1923,2019.0,0.424,0.308,-198.7291,0.869,1410,89,,0.479,0.2
112,House,20140,67,2,UT,100,0,1,"MATHESON, James David (Jim)",M001142,1960,,-0.115,0.546,-764.12574,0.586,1428,319,,-0.046,0.405
112,House,20357,67,1,UT,200,0,1,"BISHOP, Robert (Rob)",B001250,1951,,0.537,0.105,-242.8942,0.83732,1368,91,,0.562,-0.035
112,House,20949,67,3,UT,200,0,1,"CHAFFETZ, Jason",C001076,1967,,0.647,-0.278,-209.6872,0.8595,1385,90,,0.664,-0.318
112,House,20750,6,1,VT,100,0,1,"WELCH, Peter",W000800,1947,,-0.401,-0.405,-252.19989,0.83579,1406,83,,-0.37,-0.247
112,House,14869,40,10,VA,200,0,1,"WOLF, Frank Rudolph",W000672,1939,,0.284,-0.213,-354.54694,0.78,1425,147,,0.254,-0.042
112,House,20143,40,4,VA,200,0,1,"FORBES, J. Randy",F000445,1952,,0.407,0.218,-212.22197,0.861,1421,75,,0.382,0.182
112,House,20144,40,7,VA,200,0,1,"CANTOR, Eric",C001046,1963,,0.518,0.191,-148.34606,0.893,1315,56,,0.482,0.278
112,House,20756,40,1,VA,200,0,1,"WITTMAN, Robert J.",W000804,1959,,0.447,0.024,-271.71405,0.82484,1411,93,,0.355,0.006
112,House,20952,40,11,VA,100,0,1,"CONNOLLY, Gerald E. (Gerry)",C001078,1950,2025.0,-0.309,-0.047,-293.51601,0.81409,1427,109,,-0.278,-0.06
112,House,21185,40,2,VA,200,0,1,"RIGELL, E. Scott",R000589,1960,,0.405,-0.084,-295.20361,0.813,1429,112,,0.441,-0.195
112,House,21186,40,5,VA,200,0,1,"HURT, Robert",H001060,1969,,0.568,0.0,-184.11733,0.878,1413,75,,0.569,-0.03
112,House,21191,40,9,VA,200,0,1,"GRIFFITH, H. Morgan",G000568,1958,,0.509,-0.335,-323.23766,0.79526,1411,135,,0.512,-0.349
112,House,29149,40,8,VA,100,0,1,"MORAN, James P.",M000933,1945,,-0.302,-0.203,-260.57577,0.831,1409,103,,-0.356,-0.2
112,House,39307,40,3,VA,100,0,1,"SCOTT, Robert C.",S000185,1947,,-0.451,-0.003,-242.84761,0.84301,1422,100,,-0.398,-0.045
112,House,39308,40,6,VA,200,0,1,"GOODLATTE, Robert William",G000289,1952,,0.496,-0.002,-244.86293,0.84181,1422,100,,0.56,-0.216
112,House,14413,73,6,WA,100,0,1,"DICKS, Norman DeValois",D000327,1940,,-0.312,0.11,-238.41441,0.841,1377,85,,-0.35,0.108
112,House,15613,73,7,WA,100,0,1,"McDERMOTT, James A.",M000404,1936,,-0.666,-0.197,-182.0588,0.878,1404,79,,-0.626,-0.147
112,House,20145,73,2,WA,100,0,1,"LARSEN, Richard Ray (Rick)",L000560,1965,,-0.365,0.166,-320.08831,0.79819,1420,150,,-0.316,0.107
112,House,20535,73,5,WA,200,0,1,"McMORRIS RODGERS, Cathy",M001159,1969,,0.436,0.098,-164.03696,0.89039,1413,60,,0.457,0.128
112,House,20536,73,8,WA,200,0,1,"REICHERT, David G.",R000578,1950,,0.224,-0.146,-411.26343,0.73706,1348,179,,0.222,-0.283
112,House,21187,73,3,WA,200,0,1,"HERRERA BEUTLER, Jaime",H001056,1978,,0.336,-0.129,-328.25939,0.79399,1423,143,,0.395,-0.264
112,House,29580,73,4,WA,200,0,1,"HASTINGS, Richard Norman (Doc)",H000329,1941,,0.416,0.411,-158.72363,0.889,1350,72,,0.362,0.644
112,House,29768,73,9,WA,100,0,1,"SMITH, Adam",S000510,1965,,-0.291,-0.165,-323.66576,0.7912,1382,128,,-0.287,-0.016
112,House,29937,73,1,WA,100,1,1,"INSLEE, Jay Robert",I000026,1951,,-0.33,-0.194,-207.12559,0.804,947,82,,-0.291,-0.189
112,House,31101,73,1,WA,100,2,2,"DelBENE, Suzan K.",D000617,1962,,-0.295,-0.198,-3.19115,0.8958,29,1,,-0.304,0.013
112,House,14448,56,3,WV,100,0,1,"RAHALL, Nick Joe, II",R000011,1949,,-0.306,0.45,-615.44702,0.648,1421,285,,-0.272,0.498
112,House,20146,56,2,WV,200,0,1,"CAPITO, Shelley Moore",C001047,1953,,0.284,0.144,-175.02816,0.88449,1426,63,,0.251,0.213
112,House,21188,56,1,WV,200,0,1,"McKINLEY, David",M001180,1947,,0.3,0.178,-275.22729,0.82403,1422,118,,0.254,0.18
112,House,14657,25,5,WI,200,0,1,"SENSENBRENNER, Frank James, Jr.",S000244,1943,,0.638,-0.579,-251.94144,0.83784,1424,111,,0.689,-0.599
112,House,14675,25,6,WI,200,0,1,"PETRI, Thomas Evert",P000265,1940,,0.379,-0.367,-375.91314,0.769,1429,163,,0.549,-0.624
112,House,20537,25,4,WI,100,0,1,"MOORE, Gwendolynne S. (Gwen)",M001160,1951,,-0.521,-0.271,-180.18999,0.87392,1337,83,,-0.562,-0.094
112,House,21189,25,7,WI,200,0,1,"DUFFY, Sean",D000614,1971,,0.511,-0.109,-246.31061,0.84013,1414,125,,0.49,-0.262
112,House,21190,25,8,WI,200,0,1,"RIBBLE, Reid",R000587,1956,,0.603,-0.333,-255.06027,0.835,1412,115,,0.598,-0.321
112,House,29769,25,3,WI,100,0,1,"KIND, Ron",K000188,1963,,-0.26,-0.08,-418.07949,0.74278,1406,180,,-0.239,-0.065
112,House,29939,25,1,WI,200,0,1,"RYAN, Paul D.",R000570,1970,,0.556,-0.25,-198.04502,0.86756,1394,75,,0.547,-0.186
112,House,29940,25,2,WI,100,0,1,"BALDWIN, Tammy",B001230,1962,,-0.486,-0.124,-170.71575,0.88443,1390,85,,-0.475,-0.312
112,House,20953,68,1,WY,200,0,1,"LUMMIS, Cynthia M.",L000571,1954,,0.685,-0.327,-283.82516,0.8159,1395,115,,0.623,-0.333
112,Senate,49700,41,0,AL,200,0,1,"SESSIONS, Jefferson Beauregard III (Jeff)",S001141,1946,,0.549,0.13,-99.08009,0.78298,405,49,,0.525,0.043
112,Senate,94659,41,0,AL,200,0,1,"SHELBY, Richard C.",S000320,1934,,0.446,0.57,-107.17828,0.76848,407,47,,0.468,0.423
112,Senate,40300,81,0,AK,200,0,1,"MURKOWSKI, Lisa",M001153,1957,,0.203,-0.304,-154.52569,0.6749,393,72,,0.183,-0.386
112,Senate,40900,81,0,AK,100,0,1,"BEGICH, Mark",B001265,1962,,-0.235,0.15,-88.4901,0.803,403,38,,-0.267,0.268
112,Senate,15039,61,0,AZ,200,0,1,"McCAIN, John Sidney, III",M000303,1936,2018.0,0.381,-0.626,-95.54607,0.78123,387,42,,0.444,-0.659
112,Senate,15429,61,0,AZ,200,0,1,"KYL, Jon Llewellyn",K000352,1942,,0.548,-0.413,-103.81434,0.77437,406,45,,0.445,-0.512
112,Senate,20101,42,0,AR,200,0,1,"BOOZMAN, John",B001236,1950,,0.426,0.34,-84.69334,0.81003,402,40,,0.408,0.233
112,Senate,40301,42,0,AR,100,0,1,"PRYOR, Mark",P000590,1963,,-0.199,0.463,-87.54621,0.806,405,40,,-0.16,0.481
112,Senate,15011,71,0,CA,100,0,1,"BOXER, Barbara",B000711,1940,,-0.45,-0.423,-55.04957,0.864,378,19,,-0.471,-0.502
112,Senate,49300,71,0,CA,100,0,1,"FEINSTEIN, Dianne",F000062,1933,2023.0,-0.268,-0.184,-50.17058,0.88267,402,21,,-0.322,-0.126
112,Senate,29906,62,0,CO,100,0,1,"UDALL, Mark",U000038,1950,,-0.353,0.049,-73.65591,0.833,403,35,,-0.244,-0.172
112,Senate,40910,62,0,CO,100,0,1,"BENNET, Michael F.",B001267,1964,,-0.242,-0.191,-55.95683,0.87066,404,26,,-0.225,-0.199
112,Senate,15704,1,0,CT,100,0,1,"LIEBERMAN, Joseph I.",L000304,1942,2024.0,-0.205,-0.312,-95.42711,0.786,396,44,,-0.153,-0.366
112,Senate,41101,1,0,CT,100,0,1,"BLUMENTHAL, Richard",B001277,1946,,-0.434,-0.152,-44.09949,0.89487,397,18,,-0.372,-0.127
112,Senate,15015,11,0,DE,100,0,1,"CARPER, Thomas Richard",C000174,1947,,-0.179,-0.225,-80.81659,0.8207,409,30,,-0.232,-0.382
112,Senate,40916,11,0,DE,100,0,1,"COONS, Christopher A.",C001088,1963,,-0.238,-0.215,-46.31457,0.89294,409,17,,-0.31,-0.443
112,Senate,14651,43,0,FL,100,0,1,"NELSON, Clarence William (Bill)",N000032,1942,,-0.193,0.337,-60.93819,0.86158,409,26,,-0.201,0.063
112,Senate,41102,43,0,FL,200,0,1,"RUBIO, Marco",R000595,1971,,0.616,-0.184,-103.92576,0.76396,386,42,,0.549,-0.215
112,Senate,29512,44,0,GA,200,0,1,"CHAMBLISS, Saxby",C000286,1943,,0.423,0.205,-91.02064,0.795,397,34,,0.449,0.09
112,Senate,29909,44,0,GA,200,0,1,"ISAKSON, Johnny",I000055,1944,2021.0,0.402,-0.011,-92.63976,0.79463,403,37,,0.415,0.145
112,Senate,4812,82,0,HI,100,1,1,"INOUYE, Daniel Ken",I000025,1924,2012.0,-0.319,0.062,-40.21371,0.895,363,16,,-0.326,0.066
112,Senate,14400,82,0,HI,100,0,1,"AKAKA, Daniel Kahikina",A000069,1924,2018.0,-0.419,0.273,-38.4816,0.909,402,17,,-0.45,-0.008
112,Senate,41112,82,0,HI,100,2,5,"SCHATZ, Brian Emanuel",S001194,1972,,-0.448,-0.119,-1.34935,0.93476,20,0,,-0.637,0.385
112,Senate,29345,63,0,ID,200,0,1,"CRAPO, Michael Dean",C000880,1951,,0.505,0.291,-99.03967,0.78211,403,45,,0.591,0.361
112,Senate,40902,63,0,ID,200,0,1,"RISCH, James",R000584,1943,,0.552,0.384,-87.39239,0.80418,401,40,,0.65,0.424
112,Senate,15021,21,0,IL,100,0,1,"DURBIN, Richard Joseph",D000563,1944,,-0.34,-0.311,-44.22163,0.8968,406,15,,-0.453,-0.372
112,Senate,20115,21,0,IL,200,0,1,"KIRK, Mark Steven",K000360,1959,,0.274,-0.647,-49.77374,0.76,181,18,,0.267,-0.666
112,Senate,14506,22,0,IN,200,0,1,"LUGAR, Richard Green",L000504,1932,2019.0,0.304,-0.466,-130.13743,0.725,405,58,,0.286,-0.225
112,Senate,14806,22,0,IN,200,0,1,"COATS, Daniel Ray",C000542,1943,,0.375,-0.227,-99.19009,0.785,409,40,,0.403,-0.266
112,Senate,14226,31,0,IA,200,0,1,"GRASSLEY, Charles Ernest",G000386,1933,,0.362,-0.035,-132.87574,0.72319,410,63,,0.418,-0.048
112,Senate,14230,31,0,IA,100,0,1,"HARKIN, Thomas Richard (Tom)",H000206,1939,,-0.351,-0.546,-59.50591,0.861,399,29,,-0.507,-0.171
112,Senate,14852,32,0,KS,200,0,1,"ROBERTS, Charles Patrick (Pat)",R000307,1936,,0.413,-0.09,-110.35287,0.75518,393,54,,0.414,0.291
112,Senate,29722,32,0,KS,200,0,1,"MORAN, Jerry",M000934,1954,,0.413,0.221,-125.74018,0.7244,390,67,,0.406,0.311
112,Senate,14921,51,0,KY,200,0,1,"McCONNELL, Addison Mitchell (Mitch)",M000355,1942,,0.402,0.018,-92.2606,0.7985,410,42,,0.467,0.038
112,Senate,41104,51,0,KY,200,0,1,"PAUL, Rand",P000603,1963,,0.891,-0.454,-125.39564,0.72682,393,42,,0.933,-0.359
112,Senate,29918,45,0,LA,200,0,1,"VITTER, David",V000127,1961,,0.495,0.323,-122.49722,0.728,386,55,,0.586,0.552
112,Senate,49702,45,0,LA,100,0,1,"LANDRIEU, Mary L.",L000550,1955,,-0.203,0.444,-64.13669,0.852,400,28,,-0.231,0.659
112,Senate,14661,2,0,ME,200,0,1,"SNOWE, Olympia Jean",S000663,1947,,0.091,-0.548,-143.73514,0.701,404,77,,0.107,-0.5
112,Senate,49703,2,0,ME,200,0,1,"COLLINS, Susan Margaret",C001035,1952,,0.124,-0.505,-123.63456,0.73967,410,60,,0.073,-0.532
112,Senate,14440,52,0,MD,100,0,1,"MIKULSKI, Barbara Ann",M000702,1936,,-0.37,-0.128,-50.83496,0.882,404,21,,-0.407,-0.08
112,Senate,15408,52,0,MD,100,0,1,"CARDIN, Benjamin Louis",C000141,1943,,-0.32,-0.224,-42.15552,0.90206,409,12,,-0.406,-0.149
112,Senate,14920,3,0,MA,100,0,1,"KERRY, John Forbes",K000148,1943,,-0.352,-0.382,-41.34711,0.899,390,25,,-0.273,-0.24
112,Senate,40913,3,0,MA,200,3,2,"BROWN, Scott P.",B001268,1959,,0.128,-0.294,-118.93215,0.747,407,52,,0.083,-0.396
112,Senate,14709,23,0,MI,100,0,1,"LEVIN, Carl",L000261,1934,2021.0,-0.395,-0.116,-66.02555,0.851,410,25,,-0.358,0.106
112,Senate,29732,23,0,MI,100,0,1,"STABENOW, Deborah Ann",S000770,1950,,-0.343,-0.019,-72.70481,0.83567,405,31,,-0.264,0.333
112,Senate,40700,33,0,MN,100,0,1,"KLOBUCHAR, Amy",K000367,1960,,-0.278,-0.325,-71.50672,0.8396,409,32,,-0.214,0.01
112,Senate,40904,33,0,MN,100,0,1,"FRANKEN, Al",F000457,1951,,-0.399,-0.169,-38.31826,0.91078,410,12,,-0.437,-0.089
112,Senate,14009,46,0,MS,200,0,1,"COCHRAN, William Thad",C000567,1937,2019.0,0.287,0.051,-122.02015,0.74205,409,62,,0.291,0.361
112,Senate,29534,46,0,MS,200,0,1,"WICKER, Roger F.",W000437,1951,,0.377,0.341,-94.68591,0.79061,403,46,,0.397,0.414
112,Senate,29735,34,0,MO,200,0,1,"BLUNT, Roy",B000575,1950,,0.398,0.18,-141.07189,0.70587,405,66,,0.361,0.495
112,Senate,40701,34,0,MO,100,0,1,"McCASKILL, Claire",M001170,1953,,-0.143,0.023,-133.45451,0.71451,397,50,,-0.099,-0.039
112,Senate,14203,64,0,MT,100,0,1,"BAUCUS, Max Sieben",B000243,1941,,-0.212,0.017,-89.52452,0.802,406,40,,-0.253,0.131
112,Senate,40702,64,0,MT,100,0,1,"TESTER, Jon",T000464,1956,,-0.213,0.153,-96.05611,0.78977,407,43,,-0.21,0.094
112,Senate,40103,35,0,NE,100,0,1,"NELSON, Earl Benjamin (Ben)",N000180,1941,,-0.03,0.588,-101.88529,0.779,408,47,,-0.062,0.548
112,Senate,40905,35,0,NE,200,0,1,"JOHANNS, Mike",J000291,1950,,0.391,0.293,-113.89675,0.756,408,49,,0.361,0.158
112,Senate,15054,65,0,NV,100,0,1,"REID, Harry",R000146,1939,2021.0,-0.276,0.258,-77.47897,0.827,409,25,,-0.265,0.253
112,Senate,20730,65,0,NV,200,2,5,"HELLER, Dean",H001041,1960,,0.463,-0.459,-244.82628,0.49283,346,105,,0.328,-0.425
112,Senate,29537,65,0,NV,200,1,1,"ENSIGN, John Eric",E000194,1958,,0.508,-0.464,-13.01926,0.71,38,8,,0.8,-0.6
112,Senate,40906,4,0,NH,100,0,1,"SHAHEEN, Jeanne",S001181,1947,,-0.221,-0.139,-47.03912,0.89085,407,16,,-0.281,-0.357
112,Senate,41106,4,0,NH,200,0,1,"AYOTTE, Kelly",A000368,1968,,0.351,-0.612,-95.77281,0.791,408,38,,0.425,-0.444
112,Senate,14914,12,0,NJ,100,0,1,"LAUTENBERG, Frank Raleigh",L000123,1924,2013.0,-0.382,-0.579,-33.49883,0.916,380,11,,-0.465,-0.627
112,Senate,29373,12,0,NJ,100,0,1,"MENENDEZ, Robert",M000639,1954,,-0.366,-0.126,-52.24262,0.87898,405,20,,-0.326,-0.307
112,Senate,14912,66,0,NM,100,0,1,"BINGAMAN, Jesse Francis, Jr. (Jeff)",B000468,1943,,-0.266,0.045,-57.43829,0.868,406,19,,-0.301,-0.144
112,Senate,29924,66,0,NM,100,0,1,"UDALL, Thomas (Tom)",U000039,1948,,-0.453,0.161,-34.31744,0.91798,401,13,,-0.426,-0.319
112,Senate,14858,13,0,NY,100,0,1,"SCHUMER, Charles Ellis (Chuck)",S000148,1950,,-0.355,-0.411,-38.26573,0.90899,401,17,,-0.344,-0.095
112,Senate,20735,13,0,NY,100,0,1,"GILLIBRAND, Kirsten",G000555,1966,,-0.449,-0.308,-39.47869,0.90777,408,17,,-0.432,0.213
112,Senate,29548,47,0,NC,200,0,1,"BURR, Richard M.",B001135,1955,,0.435,-0.07,-102.5376,0.76776,388,38,,0.486,-0.147
112,Senate,40907,47,0,NC,100,0,1,"HAGAN, Kay",H001049,1953,2019.0,-0.202,0.281,-62.66907,0.857,405,27,,-0.212,0.271
112,Senate,15502,36,0,ND,100,0,1,"CONRAD, Kent",C000705,1948,,-0.296,0.582,-58.95028,0.864,403,29,,-0.285,0.334
112,Senate,41107,36,0,ND,200,0,1,"HOEVEN, John",H001061,1957,,0.401,0.449,-115.54875,0.75125,404,63,,0.294,0.367
112,Senate,29386,24,0,OH,200,0,1,"PORTMAN, Robert Jones (Rob)",P000449,1955,,0.371,-0.208,-95.39463,0.79151,408,40,,0.375,-0.168
112,Senate,29389,24,0,OH,100,0,1,"BROWN, Sherrod",B000944,1952,,-0.425,-0.097,-46.54461,0.89143,405,21,,-0.403,-0.277
112,Senate,15424,53,0,OK,200,0,1,"INHOFE, James Mountain",I000024,1934,2024.0,0.552,0.045,-101.13458,0.77055,388,48,,0.565,0.252
112,Senate,29555,53,0,OK,200,0,1,"COBURN, Thomas Allen",C000560,1948,2020.0,0.782,0.055,-97.29195,0.776,383,51,,0.673,-0.142
112,Senate,14871,72,0,OR,100,0,1,"WYDEN, Ronald Lee",W000779,1949,,-0.334,-0.487,-59.35087,0.86146,398,22,,-0.346,-0.57
112,Senate,40908,72,0,OR,100,0,1,"MERKLEY, Jeff",M001176,1956,,-0.453,-0.719,-61.68246,0.85937,407,26,,-0.399,-0.497
112,Senate,29935,14,0,PA,200,0,1,"TOOMEY, Patrick Joseph",T000461,1961,,0.624,-0.378,-90.71507,0.79932,405,42,,0.573,-0.308
112,Senate,40703,14,0,PA,100,0,1,"CASEY, Robert (Bob), Jr.",C001070,1960,,-0.313,0.166,-58.97628,0.8651,407,28,,-0.261,0.247
112,Senate,29142,5,0,RI,100,0,1,"REED, John F. (Jack)",R000122,1949,,-0.36,-0.155,-46.85952,0.89175,409,16,,-0.41,-0.068
112,Senate,40704,5,0,RI,100,0,1,"WHITEHOUSE, Sheldon",W000802,1955,,-0.349,-0.112,-42.67631,0.90069,408,16,,-0.406,-0.047
112,Senate,29566,48,0,SC,200,0,1,"GRAHAM, Lindsey O.",G000359,1955,,0.367,-0.269,-129.06297,0.7248,401,63,,0.37,-0.38
112,Senate,29936,48,0,SC,200,1,1,"DeMINT, James W.",D000595,1951,,0.7,-0.102,-83.44081,0.798,369,40,,0.908,-0.418
112,Senate,15425,37,0,SD,100,0,1,"JOHNSON, Timothy Peter (Tim)",J000177,1946,2024.0,-0.25,0.143,-48.57826,0.887,406,17,,-0.304,0.139
112,Senate,29754,37,0,SD,200,0,1,"THUNE, John",T000250,1961,,0.432,0.226,-84.45083,0.80967,400,42,,0.431,0.154
112,Senate,40304,54,0,TN,200,0,1,"ALEXANDER, Lamar",A000360,1940,,0.324,-0.176,-107.43609,0.76343,398,46,,0.311,-0.217
112,Senate,40705,54,0,TN,200,0,1,"CORKER, Robert (Bob)",C001071,1952,,0.395,-0.344,-92.68433,0.79363,401,38,,0.417,-0.449
112,Senate,40305,49,0,TX,200,0,1,"CORNYN, John",C001056,1952,,0.471,-0.062,-84.2459,0.8122,405,35,,0.508,-0.156
112,Senate,49306,49,0,TX,200,0,1,"HUTCHISON, Kathryn Ann Bailey (Kay)",H001016,1943,,0.356,0.012,-104.24529,0.762,384,48,,0.353,0.096
112,Senate,14503,67,0,UT,200,0,1,"HATCH, Orrin Grant",H000338,1934,2022.0,0.382,-0.004,-130.05985,0.70228,368,54,,0.513,-0.283
112,Senate,41110,67,0,UT,200,0,1,"LEE, Mike",L000577,1971,,0.891,-0.454,-87.77185,0.80209,398,41,,0.935,-0.354
112,Senate,14307,6,0,VT,100,0,1,"LEAHY, Patrick Joseph",L000174,1940,,-0.36,-0.121,-52.89502,0.87671,402,22,,-0.434,0.156
112,Senate,29147,6,0,VT,328,0,1,"SANDERS, Bernard",S000033,1941,,-0.545,-0.428,-101.82736,0.77525,400,32,,-0.823,0.567
112,Senate,40706,40,0,VA,100,0,1,"WEBB, James H. (Jim)",W000803,1946,,-0.169,0.023,-100.69257,0.773,391,45,,-0.163,0.082
112,Senate,40909,40,0,VA,100,0,1,"WARNER, Mark",W000805,1954,,-0.213,-0.037,-68.51076,0.8389,390,27,,-0.192,-0.072
112,Senate,39310,73,0,WA,100,0,1,"CANTWELL, Maria E.",C000127,1958,,-0.308,-0.402,-72.35267,0.8375,408,30,,-0.353,-0.59
112,Senate,49308,73,0,WA,100,0,1,"MURRAY, Patty",M001111,1950,,-0.356,-0.314,-48.1994,0.88727,403,19,,-0.405,-0.479
112,Senate,14922,56,0,WV,100,0,1,"ROCKEFELLER, John Davison IV (Jay)",R000361,1937,,-0.326,0.177,-48.84087,0.879,380,21,,-0.377,-0.036
112,Senate,40915,56,0,WV,100,3,2,"MANCHIN, Joe, III",M001183,1947,,-0.057,0.4,-141.36167,0.70657,407,65,,-0.075,0.454
112,Senate,15703,25,0,WI,100,0,1,"KOHL, Herbert H.",K000305,1935,2023.0,-0.256,-0.406,-63.35858,0.852,396,27,,-0.242,-0.246
112,Senate,41111,25,0,WI,200,0,1,"JOHNSON, Ron",J000293,1955,,0.643,-0.144,-69.75094,0.84321,409,30,,0.645,-0.229
112,Senate,40707,68,0,WY,200,0,1,"BARRASSO, John A.",B001261,1952,,0.54,0.193,-84.73125,0.8091,400,32,,0.49,0.242
112,Senate,49706,68,0,WY,200,0,1,"ENZI, Michael B.",E000285,1944,2021.0,0.545,0.199,-76.35237,0.82584,399,31,,0.502,0.271
113,President,99911,99,0,USA,100,0,0,"OBAMA, Barack",O000167,1961,,-0.358,-0.197,-41.04464,0.882,327,11,,,
113,House,20300,41,1,AL,200,1,1,"BONNER, Jr., Josiah Robins (Jo)",B001244,1959,,0.367,0.513,-41.88718,0.888,354,17,,0.331,0.625
113,House,20301,41,3,AL,200,0,1,"ROGERS, Mike Dennis",R000575,1958,,0.379,0.38,-133.98101,0.87484,1002,57,,0.451,0.659
113,House,21102,41,7,AL,100,0,1,"SEWELL, Terri",S001185,1965,,-0.402,0.394,-161.60761,0.85132,1004,80,,-0.406,0.478
113,House,21192,41,2,AL,200,0,1,"ROBY, Martha",R000591,1976,,0.362,0.658,-87.38206,0.91759,1016,33,,0.316,0.734
113,House,21193,41,5,AL,200,0,1,"BROOKS, Mo",B001274,1954,,0.652,-0.417,-207.05189,0.81481,1011,76,,0.576,-0.225
113,House,21376,41,1,AL,200,2,2,"BYRNE, Bradley",B001289,1955,,0.61,0.25,-38.78313,0.91864,457,14,,0.571,0.368
113,House,29301,41,6,AL,200,0,1,"BACHUS, Spencer T., III",B000013,1947,,0.387,0.228,-134.43974,0.874,996,66,,0.332,0.318
113,House,29701,41,4,AL,200,0,1,"ADERHOLT, Robert",A000055,1965,,0.405,0.469,-94.15844,0.90459,939,39,,0.356,0.773
113,House,14066,81,1,AK,200,0,1,"YOUNG, Donald Edwin",Y000033,1933,2022.0,0.283,0.022,-222.30987,0.79096,948,87,,0.265,0.116
113,House,20304,61,8,AZ,200,0,1,"FRANKS, Trent",F000448,1957,,0.749,0.087,-103.99518,0.89863,973,39,,0.707,0.253
113,House,20305,61,3,AZ,100,0,1,"GRIJALVA, Raúl M.",G000551,1948,,-0.598,-0.264,-123.22713,0.87835,950,46,,-0.511,-0.378
113,House,20902,61,1,AZ,100,0,1,"KIRKPATRICK, Ann",K000368,1950,,-0.169,-0.01,-268.82079,0.75059,937,137,,-0.249,0.167
113,House,21103,61,4,AZ,200,0,1,"GOSAR, Paul",G000565,1958,,0.704,-0.522,-175.73343,0.81861,878,77,,0.63,-0.352
113,House,21105,61,6,AZ,200,0,1,"SCHWEIKERT, David",S001183,1962,,0.552,-0.221,-129.81856,0.87699,989,56,,0.657,-0.318
113,House,21199,61,2,AZ,100,0,1,"BARBER, Ron",B001279,1945,,-0.123,0.001,-330.80405,0.716,992,144,,-0.097,-0.043
113,House,21300,61,9,AZ,100,0,1,"SINEMA, Kyrsten",S001191,1976,,-0.105,0.076,-311.87621,0.72977,990,114,,-0.12,-0.093
113,House,29101,61,7,AZ,100,0,1,"PASTOR, Ed",P000099,1943,2018.0,-0.421,0.12,-153.07236,0.846,915,72,,-0.405,0.092
113,House,29500,61,5,AZ,200,0,1,"SALMON, Matthew James",S000018,1958,,0.673,-0.272,-156.01219,0.854,988,76,,0.71,-0.389
113,House,21106,42,1,AR,200,0,1,"CRAWFORD, Rick",C001087,1966,,0.461,0.307,-122.84514,0.87846,948,63,,0.332,0.448
113,House,21107,42,2,AR,200,0,1,"GRIFFIN, Tim",G000567,1968,,0.41,0.421,-129.51757,0.879,1002,73,,0.387,0.284
113,House,21108,42,3,AR,200,0,1,"WOMACK, Steve",W000809,1957,,0.347,0.636,-88.17437,0.91726,1021,34,,0.331,0.49
113,House,21301,42,4,AR,200,0,1,"COTTON, Tom",C001095,1977,,0.578,0.199,-143.17599,0.86795,1011,69,,0.642,0.202
113,House,14256,71,11,CA,100,0,1,"MILLER, George",M000725,1945,,-0.552,-0.398,-141.94614,0.86,941,66,,-0.507,-0.282
113,House,14280,71,33,CA,100,0,1,"WAXMAN, Henry Arnold",W000215,1939,,-0.473,-0.343,-106.7633,0.894,954,49,,-0.463,-0.174
113,House,15448,71,12,CA,100,0,1,"PELOSI, Nancy",P000197,1940,,-0.489,-0.178,-102.38087,0.89501,923,41,,-0.453,-0.08
113,House,15621,71,48,CA,200,0,1,"ROHRABACHER, Dana",R000409,1947,,0.626,-0.417,-220.54778,0.79957,986,102,,0.669,-0.744
113,House,20103,71,17,CA,100,0,1,"HONDA, Mike",H001034,1941,,-0.529,-0.482,-109.97685,0.89,944,62,,-0.492,-0.43
113,House,20104,71,28,CA,100,0,1,"SCHIFF, Adam",S001150,1960,,-0.352,-0.119,-98.09239,0.90736,1009,29,,-0.389,-0.16
113,House,20107,71,49,CA,200,0,1,"ISSA, Darrell",I000056,1953,,0.476,0.031,-112.14006,0.89491,1010,44,,0.463,0.016
113,House,20108,71,53,CA,100,0,1,"DAVIS, Susan A.",D000598,1944,,-0.343,-0.103,-115.00623,0.89146,1001,36,,-0.388,-0.007
113,House,20307,71,22,CA,200,0,1,"NUNES, Devin",N000181,1973,,0.45,0.223,-107.82585,0.897,992,45,,0.357,0.393
113,House,20310,71,38,CA,100,0,1,"SÁNCHEZ, Linda T.",S001156,1969,,-0.507,-0.131,-143.28638,0.86538,991,62,,-0.47,-0.122
113,House,20501,71,16,CA,100,0,1,"COSTA, Jim",C001059,1952,,-0.199,0.449,-397.52139,0.66517,975,198,,-0.176,0.393
113,House,20538,71,6,CA,100,0,1,"MATSUI, Doris",M001163,1944,,-0.433,-0.144,-120.72097,0.88628,1000,54,,-0.439,-0.205
113,House,20539,71,45,CA,200,0,1,"CAMPBELL, John (of California)",C001064,1955,,0.748,-0.415,-115.09929,0.819,577,41,,0.617,-0.155
113,House,20702,71,9,CA,100,0,1,"McNERNEY, Jerry",M001166,1951,,-0.263,-0.159,-200.27767,0.81932,1005,76,,-0.308,0.004
113,House,20703,71,23,CA,200,0,1,"MCCARTHY, Kevin",M001165,1965,,0.453,0.233,-104.83108,0.90233,1020,40,,0.4,0.36
113,House,20762,71,14,CA,100,0,1,"SPEIER, Karen Lorraine Jacqueline (Jackie)",S001175,1950,,-0.381,-0.41,-103.53303,0.89777,960,42,,-0.42,-0.445
113,House,20903,71,4,CA,200,0,1,"McCLINTOCK, Tom",M001177,1956,,0.67,-0.363,-168.83459,0.84634,1012,85,,0.735,-0.517
113,House,20955,71,27,CA,100,0,1,"CHU, Judy",C001080,1953,,-0.48,-0.373,-99.9592,0.90294,979,50,,-0.53,-0.179
113,House,20958,71,3,CA,100,0,1,"GARAMENDI, John",G000559,1945,,-0.314,-0.098,-238.6146,0.78734,998,106,,-0.271,-0.132
113,House,20963,71,50,CA,200,0,1,"HUNTER, Duncan Duane",H001048,1976,,0.539,0.085,-128.72161,0.87452,960,57,,0.531,0.11
113,House,21109,71,10,CA,200,0,1,"DENHAM, Jeff",D000612,1967,,0.306,0.212,-169.03896,0.84589,1010,76,,0.273,0.261
113,House,21110,71,37,CA,100,0,1,"BASS, Karen",B001270,1953,,-0.584,-0.098,-98.30027,0.89653,900,53,,-0.533,-0.164
113,House,21195,71,44,CA,100,0,1,"HAHN, Janice",H001063,1952,,-0.39,-0.376,-107.26435,0.9,1016,40,,-0.424,-0.344
113,House,21302,71,1,CA,200,0,1,"LaMALFA, Doug",L000578,1960,,0.542,0.007,-105.3597,0.89981,998,34,,0.57,0.188
113,House,21303,71,2,CA,100,0,1,"HUFFMAN, Jared",H001068,1964,,-0.432,-0.512,-110.36603,0.89531,998,36,,-0.426,-0.432
113,House,21304,71,7,CA,100,0,1,"BERA, Ami",B001287,1965,,-0.246,0.008,-202.68236,0.81931,1017,96,,-0.202,-0.108
113,House,21305,71,8,CA,200,0,1,"COOK, Paul",C001094,1943,,0.372,0.208,-131.11415,0.87859,1013,59,,0.432,0.116
113,House,21306,71,15,CA,100,0,1,"SWALWELL, Eric",S001193,1980,,-0.355,-0.05,-167.01505,0.84842,1016,78,,-0.374,-0.048
113,House,21307,71,21,CA,200,0,1,"VALADAO, David G.",V000129,1977,,0.255,0.435,-172.00278,0.84412,1015,69,,0.247,0.308
113,House,21308,71,26,CA,100,0,1,"BROWNLEY, Julia",B001285,1952,,-0.305,0.049,-180.60323,0.83744,1018,88,,-0.271,0.012
113,House,21309,71,29,CA,100,0,1,"CÁRDENAS, Tony",C001097,1963,,-0.39,-0.046,-173.77332,0.83675,975,68,,-0.361,0.025
113,House,21310,71,35,CA,100,0,1,"NEGRETE McLEOD, Gloria",N000187,1941,,-0.437,0.035,-133.89662,0.855,856,65,,-0.429,0.009
113,House,21311,71,36,CA,100,0,1,"RUIZ, Raul",R000599,1972,,-0.262,0.047,-294.11366,0.74298,990,143,,-0.199,0.015
113,House,21312,71,41,CA,100,0,1,"TAKANO, Mark",T000472,1960,,-0.456,-0.331,-147.74338,0.86491,1018,54,,-0.461,-0.075
113,House,21313,71,47,CA,100,0,1,"LOWENTHAL, Alan",L000579,1941,,-0.449,-0.384,-89.67492,0.91496,1009,37,,-0.474,-0.304
113,House,21314,71,51,CA,100,0,1,"VARGAS, Juan",V000130,1961,,-0.4,0.02,-157.71196,0.85396,999,68,,-0.383,0.166
113,House,21315,71,52,CA,100,0,1,"PETERS, Scott",P000608,1958,,-0.193,-0.036,-302.76086,0.74143,1012,145,,-0.161,-0.159
113,House,29106,71,43,CA,100,0,1,"WATERS, Maxine",W000187,1938,,-0.656,-0.094,-125.98405,0.87713,961,52,,-0.531,-0.068
113,House,29312,71,18,CA,100,0,1,"ESHOO, Anna Georges",E000215,1942,,-0.379,-0.372,-105.56585,0.89972,999,34,,-0.379,-0.407
113,House,29313,71,20,CA,100,0,1,"FARR, Sam",F000030,1941,,-0.455,-0.219,-129.45034,0.877,985,50,,-0.439,-0.137
113,House,29315,71,25,CA,200,0,1,"McKEON, Howard P. (Buck)",M000508,1938,,0.396,0.208,-126.13141,0.88,983,56,,0.297,0.616
113,House,29316,71,34,CA,100,0,1,"BECERRA, Xavier",B000287,1958,,-0.512,-0.283,-78.82904,0.92294,983,30,,-0.508,-0.318
113,House,29317,71,40,CA,100,0,1,"ROYBAL-ALLARD, Lucille",R000486,1941,,-0.469,-0.171,-91.9535,0.91206,999,37,,-0.48,-0.097
113,House,29321,71,39,CA,200,0,1,"ROYCE, Edward Randall",R000487,1951,,0.657,-0.353,-129.45921,0.8788,1002,51,,0.563,-0.173
113,House,29323,71,42,CA,200,0,1,"CALVERT, Ken",C000059,1953,,0.339,0.278,-86.49463,0.91793,1010,30,,0.296,0.471
113,House,29504,71,19,CA,100,0,1,"LOFGREN, Zoe",L000397,1947,,-0.397,-0.402,-177.74444,0.83834,1008,67,,-0.361,-0.374
113,House,29707,71,30,CA,100,0,1,"SHERMAN, Brad",S000344,1954,,-0.344,-0.138,-157.47011,0.8559,1012,59,,-0.322,-0.116
113,House,29709,71,46,CA,100,0,1,"SANCHEZ, Loretta",S000030,1960,,-0.367,0.025,-205.52164,0.808,966,89,,-0.329,0.015
113,House,29774,71,24,CA,100,0,1,"CAPPS, Lois",C001036,1938,,-0.389,-0.227,-124.611,0.884,1014,44,,-0.361,-0.285
113,House,29778,71,13,CA,100,0,1,"LEE, Barbara",L000551,1946,,-0.676,-0.582,-94.05006,0.91015,999,54,,-0.651,-0.444
113,House,29901,71,5,CA,100,0,1,"THOMPSON, Michael",T000460,1951,,-0.392,0.071,-168.80762,0.8458,1008,89,,-0.392,-0.197
113,House,29903,71,32,CA,100,0,1,"NAPOLITANO, Grace Flores",N000179,1936,,-0.448,-0.247,-103.97043,0.89944,981,50,,-0.477,-0.288
113,House,29905,71,31,CA,200,0,1,"MILLER, Gary G.",M001139,1948,,0.478,0.222,-81.82418,0.886,674,35,,0.335,0.181
113,House,20704,62,5,CO,200,0,1,"LAMBORN, Doug",L000564,1954,,0.665,0.257,-121.05007,0.88758,1015,44,,0.622,0.181
113,House,20705,62,7,CO,100,0,1,"PERLMUTTER, Ed",P000593,1953,,-0.282,0.072,-227.46068,0.79039,967,95,,-0.282,0.067
113,House,20904,62,2,CO,100,0,1,"POLIS, Jared",P000598,1975,,-0.278,-0.692,-276.30493,0.7413,923,97,,-0.247,-0.719
113,House,20906,62,6,CO,200,0,1,"COFFMAN, Mike",C001077,1955,,0.492,-0.213,-178.39351,0.83897,1016,89,,0.458,-0.299
113,House,21111,62,3,CO,200,0,1,"TIPTON, Scott",T000470,1956,,0.451,-0.023,-166.62295,0.84553,993,83,,0.473,-0.045
113,House,21112,62,4,CO,200,0,1,"GARDNER, Cory",G000562,1974,,0.444,-0.029,-164.2859,0.84836,999,82,,0.426,0.094
113,House,29710,62,1,CO,100,0,1,"DeGETTE, Diana",D000197,1957,,-0.431,-0.308,-85.78988,0.91468,962,29,,-0.4,-0.36
113,House,20706,1,2,CT,100,0,1,"COURTNEY, Joe",C001069,1953,,-0.337,0.042,-156.6188,0.85503,1000,77,,-0.342,-0.043
113,House,20907,1,4,CT,100,0,1,"HIMES, James A.",H001047,1966,,-0.241,-0.207,-186.91072,0.82998,1003,81,,-0.275,-0.239
113,House,21316,1,5,CT,100,0,1,"ESTY, Elizabeth",E000293,1959,,-0.315,-0.078,-142.99901,0.86762,1007,69,,-0.303,-0.146
113,House,29109,1,3,CT,100,0,1,"DeLAURO, Rosa L.",D000216,1943,,-0.414,-0.107,-101.7811,0.90192,986,40,,-0.421,-0.191
113,House,29908,1,1,CT,100,0,1,"LARSON, John B.",L000557,1948,,-0.396,-0.039,-131.70152,0.87695,1003,48,,-0.388,-0.057
113,House,21113,11,1,DE,100,0,1,"CARNEY, John C., Jr.",C001083,1956,,-0.256,-0.142,-158.61333,0.848,962,56,,-0.292,-0.135
113,House,13047,43,13,FL,200,1,1,"YOUNG, Charles William (Bill)",Y000031,1930,2013.0,0.325,-0.112,-63.00568,0.818,313,31,,0.351,0.114
113,House,15634,43,27,FL,200,0,1,"ROS-LEHTINEN, Ileana",R000435,1952,,0.244,-0.225,-178.02085,0.82993,955,73,,0.245,0.132
113,House,20110,43,1,FL,200,0,1,"MILLER, Jefferson B. (Jeff)",M001144,1959,,0.633,0.155,-130.6889,0.874,971,64,,0.574,0.166
113,House,20111,43,4,FL,200,0,1,"CRENSHAW, Ander",C001045,1944,,0.333,0.337,-105.48282,0.9,999,45,,0.282,0.418
113,House,20316,43,25,FL,200,0,1,"DIAZ-BALART, Mario",D000600,1961,,0.281,0.162,-129.72266,0.87385,962,47,,0.231,0.26
113,House,20504,43,23,FL,100,0,1,"WASSERMAN SCHULTZ, Debbie",W000797,1966,,-0.413,0.104,-152.37031,0.85267,956,62,,-0.438,0.225
113,House,20708,43,14,FL,100,0,1,"CASTOR, Kathy",C001066,1966,,-0.437,0.072,-117.15499,0.88623,970,59,,-0.486,0.063
113,House,20709,43,16,FL,200,0,1,"BUCHANAN, Vernon G.",B001260,1951,,0.361,-0.08,-141.01887,0.86711,989,52,,0.423,-0.174
113,House,20758,43,12,FL,200,0,1,"BILIRAKIS, Gus",B001257,1963,,0.423,-0.03,-128.63366,0.87975,1004,54,,0.471,-0.003
113,House,20908,43,9,FL,100,0,1,"GRAYSON, Alan",G000556,1958,,-0.363,-0.457,-182.32256,0.832,994,62,,-0.394,-0.358
113,House,20909,43,8,FL,200,0,1,"POSEY, Bill",P000599,1947,,0.533,-0.353,-239.48865,0.79,1016,100,,0.549,-0.569
113,House,20910,43,17,FL,200,0,1,"ROONEY, Thomas J.",R000583,1970,,0.458,0.013,-210.44561,0.81175,1009,90,,0.44,-0.042
113,House,20959,43,21,FL,100,0,1,"DEUTCH, Theodore E. (Ted)",D000610,1966,,-0.401,-0.078,-113.99734,0.89195,997,43,,-0.415,-0.091
113,House,21114,43,2,FL,200,0,1,"SOUTHERLAND, Steve",S001186,1965,,0.56,0.063,-117.2386,0.89,1009,53,,0.493,0.168
113,House,21115,43,11,FL,200,0,1,"NUGENT, Richard",N000185,1951,,0.483,0.077,-151.64545,0.86,1002,76,,0.467,0.081
113,House,21116,43,10,FL,200,0,1,"WEBSTER, Daniel A.",W000806,1949,,0.524,-0.076,-143.28289,0.86462,985,53,,0.419,-0.008
113,House,21117,43,15,FL,200,0,1,"ROSS, Dennis",R000593,1959,,0.531,0.099,-122.20626,0.88625,1012,43,,0.493,0.068
113,House,21118,43,24,FL,100,0,1,"WILSON, Frederica",W000808,1942,,-0.476,-0.004,-99.08992,0.90566,1000,34,,-0.454,-0.081
113,House,21317,43,3,FL,200,0,1,"YOHO, Ted",Y000065,1955,,0.704,-0.365,-184.59009,0.83342,1013,89,,0.73,-0.308
113,House,21318,43,6,FL,200,0,1,"DeSANTIS, Ron",D000621,1978,,0.663,-0.105,-123.91163,0.8855,1019,68,,0.694,-0.134
113,House,21319,43,18,FL,100,0,1,"MURPHY, Patrick",M001191,1983,,-0.186,-0.026,-305.4494,0.739,1010,148,,-0.144,-0.057
113,House,21320,43,19,FL,200,1,1,"RADEL, Trey",R000596,1976,,0.702,-0.25,-95.41688,0.827,502,60,,0.698,-0.304
113,House,21321,43,22,FL,100,0,1,"FRANKEL, Lois",F000462,1948,,-0.396,-0.022,-116.89708,0.88947,998,47,,-0.421,-0.022
113,House,21322,43,26,FL,100,0,1,"GARCIA, Joe",G000573,1963,,-0.204,0.032,-245.92149,0.779,984,122,,-0.201,0.02
113,House,21377,43,19,FL,200,2,2,"CLAWSON, Curt",C001102,1959,,0.626,-0.509,-23.63826,0.872,172,12,,0.66,-0.26
113,House,21401,43,13,FL,200,2,2,"JOLLY, David W.",J000296,1972,,0.23,0.058,-68.48647,0.836,382,26,,0.232,0.126
113,House,29328,43,5,FL,100,0,1,"BROWN, Corrine",B000911,1946,,-0.429,0.192,-121.67387,0.883,974,45,,-0.429,0.228
113,House,29331,43,7,FL,200,0,1,"MICA, John L.",M000689,1943,,0.453,0.137,-138.16368,0.873,1020,54,,0.515,-0.027
113,House,29337,43,20,FL,100,0,1,"HASTINGS, Alcee Lamar",H000324,1936,2021.0,-0.564,0.157,-147.95346,0.851,917,57,,-0.522,-0.059
113,House,15431,44,5,GA,100,0,1,"LEWIS, John R.",L000287,1940,2020.0,-0.589,-0.221,-100.59267,0.89347,893,53,,-0.549,-0.165
113,House,20319,44,11,GA,200,0,1,"GINGREY, Phil",G000550,1942,,0.561,0.272,-130.27149,0.87,932,50,,0.572,-0.004
113,House,20321,44,13,GA,100,0,1,"SCOTT, David",S001157,1945,,-0.305,0.165,-214.86325,0.80348,982,89,,-0.344,0.17
113,House,20505,44,6,GA,200,0,1,"PRICE, Tom",P000591,1954,,0.644,-0.073,-124.18757,0.88441,1011,62,,0.658,-0.037
113,House,20506,44,3,GA,200,0,1,"WESTMORELAND, Lynn A.",W000796,1950,,0.672,0.189,-154.39228,0.852,966,66,,0.658,-0.146
113,House,20507,44,12,GA,100,0,1,"BARROW, John",B001252,1955,,-0.119,0.46,-392.97464,0.68,1020,154,,-0.134,0.523
113,House,20712,44,4,GA,100,0,1,"JOHNSON, Hank",J000288,1954,,-0.478,-0.056,-154.4634,0.85195,964,68,,-0.478,0.137
113,House,20753,44,10,GA,200,0,1,"BROUN, Paul C., Jr.",B001262,1946,,0.913,-0.408,-326.47545,0.721,998,135,,0.991,-0.136
113,House,20962,44,14,GA,200,0,1,"GRAVES, Tom",G000560,1970,,0.716,-0.002,-133.77925,0.87583,1009,84,,0.753,-0.099
113,House,21122,44,7,GA,200,0,1,"WOODALL, Rob",W000810,1970,,0.593,-0.173,-186.16508,0.83106,1006,93,,0.699,-0.383
113,House,21123,44,8,GA,200,0,1,"SCOTT, Austin",S001189,1969,,0.539,0.358,-104.07182,0.90209,1010,38,,0.549,0.367
113,House,21323,44,9,GA,200,0,1,"COLLINS, Doug",C001093,1966,,0.61,0.134,-126.2227,0.87869,976,66,,0.651,0.084
113,House,29338,44,1,GA,200,0,1,"KINGSTON, Jack",K000220,1955,,0.54,0.302,-130.70729,0.864,897,49,,0.69,-0.059
113,House,29339,44,2,GA,100,0,1,"BISHOP, Sanford Dixon, Jr.",B000490,1947,,-0.289,0.447,-268.64004,0.75744,967,129,,-0.302,0.531
113,House,21124,82,1,HI,100,0,1,"HANABUSA, Colleen",H001050,1951,,-0.37,0.004,-114.91725,0.88025,901,45,,-0.361,-0.038
113,House,21324,82,2,HI,100,0,1,"GABBARD, Tulsi",G000571,1981,,-0.274,-0.282,-221.24951,0.79864,984,83,,-0.271,-0.091
113,House,21125,63,1,ID,200,0,1,"LABRADOR, Raúl R.",L000573,1967,,0.735,-0.571,-206.15415,0.81098,984,92,,0.765,-0.59
113,House,29910,63,2,ID,200,0,1,"SIMPSON, Michael K.",S001148,1950,,0.296,0.314,-93.17082,0.91104,1000,27,,0.29,0.415
113,House,20508,21,3,IL,100,0,1,"LIPINSKI, Daniel",L000563,1966,,-0.227,0.176,-282.61225,0.75317,997,129,,-0.205,0.083
113,House,20715,21,6,IL,200,0,1,"ROSKAM, Peter",R000580,1961,,0.429,0.018,-112.96879,0.89408,1009,47,,0.392,0.362
113,House,20749,21,11,IL,100,0,1,"FOSTER, Bill",F000454,1955,,-0.238,-0.224,-214.86583,0.80871,1012,100,,-0.233,-0.118
113,House,20914,21,18,IL,200,0,1,"SCHOCK, Aaron",S001179,1981,,0.311,0.185,-120.10981,0.885,979,53,,0.297,0.264
113,House,20954,21,5,IL,100,0,1,"QUIGLEY, Mike",Q000023,1958,,-0.325,-0.226,-113.44745,0.89245,997,35,,-0.342,-0.277
113,House,21128,21,16,IL,200,0,1,"KINZINGER, Adam",K000378,1978,,0.234,0.382,-146.60723,0.86526,1013,70,,0.282,0.465
113,House,21129,21,14,IL,200,0,1,"HULTGREN, Randy",H001059,1966,,0.49,-0.034,-116.15599,0.89177,1014,44,,0.549,-0.068
113,House,21325,21,8,IL,100,0,1,"DUCKWORTH, Tammy",D000622,1968,,-0.345,0.056,-231.20705,0.78695,965,96,,-0.274,0.006
113,House,21326,21,10,IL,100,0,1,"SCHNEIDER, Brad",S001190,1961,,-0.197,-0.12,-182.02686,0.83343,999,68,,-0.188,-0.21
113,House,21327,21,12,IL,100,0,1,"ENYART, Bill",E000292,1949,,-0.251,0.159,-242.42401,0.784,997,93,,-0.244,0.13
113,House,21328,21,13,IL,200,0,1,"DAVIS, Rodney",D000619,1970,,0.279,0.17,-209.18606,0.81107,999,103,,0.33,0.008
113,House,21329,21,17,IL,100,0,1,"BUSTOS, Cheri",B001286,1961,,-0.239,0.054,-210.04878,0.81054,1000,95,,-0.211,0.035
113,House,21371,21,2,IL,100,1,2,"KELLY, Robin L.",K000385,1956,,-0.473,-0.024,-99.62793,0.89862,932,46,,-0.45,0.005
113,House,29346,21,1,IL,100,0,1,"RUSH, Bobby L.",R000515,1946,,-0.479,-0.203,-107.27976,0.84204,624,52,,-0.444,-0.133
113,House,29348,21,4,IL,100,0,1,"GUTIÉRREZ, Luis V.",G000535,1953,,-0.487,-0.26,-111.62539,0.88061,878,45,,-0.453,-0.235
113,House,29717,21,7,IL,100,0,1,"DAVIS, Danny K.",D000096,1941,,-0.487,-0.266,-121.63951,0.88111,961,38,,-0.445,-0.176
113,House,29718,21,15,IL,200,0,1,"SHIMKUS, John M.",S000364,1958,,0.375,0.154,-143.70001,0.86178,966,51,,0.277,0.263
113,House,29911,21,9,IL,100,0,1,"SCHAKOWSKY, Janice D.",S001145,1944,,-0.602,-0.289,-91.0515,0.91338,1005,52,,-0.731,-0.097
113,House,15124,22,1,IN,100,0,1,"VISCLOSKY, Peter",V000108,1949,,-0.402,0.244,-197.22294,0.81987,993,96,,-0.401,0.217
113,House,20757,22,7,IN,100,0,1,"CARSON, André",C001072,1974,,-0.435,0.027,-179.81458,0.83647,1007,70,,-0.409,0.049
113,House,21100,22,3,IN,200,0,1,"STUTZMAN, Marlin",S001188,1976,,0.722,-0.094,-126.00449,0.88116,996,50,,0.736,-0.11
113,House,21131,22,4,IN,200,0,1,"ROKITA, Todd",R000592,1970,,0.602,-0.16,-98.61102,0.90371,974,32,,0.596,-0.145
113,House,21132,22,8,IN,200,0,1,"BUCSHON, Larry",B001275,1962,,0.38,0.385,-114.51307,0.89311,1013,62,,0.443,0.153
113,House,21133,22,9,IN,200,0,1,"YOUNG, Todd",Y000064,1972,,0.439,-0.024,-118.34587,0.88964,1012,50,,0.448,0.133
113,House,21330,22,2,IN,200,0,1,"WALORSKI, Jackie",W000813,1963,2022.0,0.436,0.315,-111.55575,0.89621,1018,51,,0.405,0.361
113,House,21331,22,5,IN,200,0,1,"BROOKS, Susan",B001284,1960,,0.352,0.217,-99.73199,0.9065,1016,47,,0.403,0.355
113,House,21332,22,6,IN,200,0,1,"MESSER, Luke",M001189,1969,,0.563,-0.086,-105.21165,0.9007,1006,35,,0.561,0.026
113,House,20325,31,4,IA,200,0,1,"KING, Steve",K000362,1949,,0.613,0.171,-144.44912,0.86411,989,52,,0.528,0.212
113,House,20719,31,1,IA,100,0,1,"BRALEY, Bruce",B001259,1957,,-0.31,-0.205,-216.15749,0.806,1001,101,,-0.249,-0.265
113,House,20720,31,2,IA,100,0,1,"LOEBSACK, Dave",L000565,1952,,-0.276,-0.027,-215.20315,0.80861,1013,91,,-0.228,-0.154
113,House,29522,31,3,IA,200,0,1,"LATHAM, Thomas",L000111,1948,,0.302,0.308,-137.71153,0.873,1012,60,,0.259,0.49
113,House,20915,32,2,KS,200,0,1,"JENKINS, Lynn",J000290,1963,,0.523,0.004,-152.61619,0.86091,1019,78,,0.537,0.094
113,House,21134,32,1,KS,200,0,1,"HUELSKAMP, Tim",H001057,1968,,0.744,-0.466,-200.51034,0.819,1004,88,,0.821,0.003
113,House,21135,32,3,KS,200,0,1,"YODER, Kevin",Y000063,1976,,0.558,0.03,-139.36105,0.87159,1014,69,,0.55,0.065
113,House,21136,32,4,KS,200,0,1,"POMPEO, Mike",P000602,1963,,0.66,0.164,-90.16382,0.90946,950,31,,0.643,0.194
113,House,14854,51,5,KY,200,0,1,"ROGERS, Harold Dallas (Hal)",R000395,1937,,0.333,0.154,-98.08194,0.90577,991,36,,0.282,0.512
113,House,20723,51,3,KY,100,0,1,"YARMUTH, John",Y000062,1947,,-0.378,-0.275,-117.44796,0.8876,985,44,,-0.407,-0.195
113,House,20916,51,2,KY,200,0,1,"GUTHRIE, Brett",G000558,1964,,0.427,0.274,-104.60038,0.90189,1013,47,,0.426,0.203
113,House,21333,51,6,KY,200,0,1,"BARR, Garland H. (Andy) IV",B001282,1973,,0.489,0.29,-119.25438,0.88925,1016,59,,0.45,0.235
113,House,29525,51,1,KY,200,0,1,"WHITFIELD, Wayne Edward (Ed)",W000413,1943,,0.303,0.182,-143.68819,0.864,983,57,,0.329,0.168
113,House,31102,51,4,KY,200,0,1,"MASSIE, Thomas",M001184,1971,,0.662,-0.75,-336.52889,0.71851,1018,152,,0.986,-0.166
113,House,20514,45,3,LA,200,0,1,"BOUSTANY, Charles W.",B001255,1956,,0.392,0.308,-108.11591,0.899,1016,37,,0.397,0.56
113,House,20759,45,1,LA,200,0,1,"SCALISE, Steve",S001176,1965,,0.559,0.163,-90.89267,0.91353,1005,32,,0.604,0.14
113,House,20918,45,4,LA,200,0,1,"FLEMING, John",F000456,1951,,0.59,0.022,-128.97618,0.881,1021,62,,0.667,0.185
113,House,20919,45,6,LA,200,0,1,"CASSIDY, Bill",C001075,1957,,0.464,-0.048,-140.50071,0.86631,979,53,,0.43,-0.033
113,House,21137,45,2,LA,100,0,1,"RICHMOND, Cedric",R000588,1973,,-0.486,0.332,-175.21208,0.82002,883,79,,-0.415,0.304
113,House,21374,45,5,LA,200,2,2,"McALLISTER, Vance M.",M001192,1974,,0.393,0.399,-59.93011,0.88,469,18,,0.399,0.27
113,House,90327,45,5,LA,200,1,1,"ALEXANDER, Rodney",A000361,1946,,0.331,0.408,-54.30771,0.875,405,16,,0.277,0.448
113,House,20328,2,2,ME,100,0,1,"MICHAUD, Michael H.",M001149,1955,,-0.283,-0.071,-197.72735,0.823,1017,78,,-0.291,-0.179
113,House,20920,2,1,ME,100,0,1,"PINGREE, Chellie",P000597,1955,,-0.423,-0.36,-108.66168,0.89654,995,36,,-0.43,-0.49
113,House,14873,52,5,MD,100,0,1,"HOYER, Steny Hamilton",H000874,1939,,-0.381,0.122,-150.77318,0.8559,969,75,,-0.427,0.219
113,House,20329,52,2,MD,100,0,1,"RUPPERSBERGER, C. A. (Dutch)",R000576,1946,,-0.299,0.12,-171.10842,0.83874,973,66,,-0.32,0.177
113,House,20330,52,8,MD,100,0,1,"VAN HOLLEN, Christopher",V000128,1959,,-0.398,-0.227,-113.5837,0.89363,1010,50,,-0.448,-0.097
113,House,20724,52,3,MD,100,0,1,"SARBANES, John",S001168,1962,,-0.466,-0.078,-114.02705,0.89203,998,61,,-0.524,-0.081
113,House,20763,52,4,MD,100,0,1,"EDWARDS, Donna F.",E000290,1958,,-0.562,-0.294,-91.09961,0.911,983,43,,-0.6,-0.42
113,House,21139,52,1,MD,200,0,1,"HARRIS, Andy",H001052,1957,,0.674,-0.37,-161.52215,0.85248,1012,65,,0.611,-0.105
113,House,21334,52,6,MD,100,0,1,"DELANEY, John",D000620,1963,,-0.276,0.041,-181.93895,0.83304,996,72,,-0.285,0.008
113,House,29587,52,7,MD,100,0,1,"CUMMINGS, Elijah Eugene",C000984,1951,2019.0,-0.438,-0.148,-105.17372,0.90045,1003,47,,-0.479,-0.107
113,House,14435,3,5,MA,100,0,1,"MARKEY, Edward John",M000133,1946,,-0.517,-0.471,-22.91686,0.84387,135,10,,-0.481,-0.877
113,House,15616,3,1,MA,100,0,1,"NEAL, Richard Edmund",N000015,1949,,-0.417,-0.105,-108.88627,0.89361,968,58,,-0.435,-0.154
113,House,20119,3,8,MA,100,0,1,"LYNCH, Stephen F.",L000562,1955,,-0.342,0.048,-201.2794,0.80816,945,94,,-0.316,-0.17
113,House,20754,3,3,MA,100,0,1,"TSONGAS, Nicola S. (Niki)",T000465,1946,,-0.396,-0.199,-118.9719,0.88644,987,46,,-0.422,-0.148
113,House,21140,3,9,MA,100,0,1,"KEATING, William R.",K000375,1952,,-0.329,-0.102,-164.56188,0.84799,998,75,,-0.322,-0.227
113,House,21335,3,4,MA,100,0,1,"KENNEDY, Joseph P. III",K000379,1980,,-0.421,-0.206,-113.48796,0.89372,1010,36,,-0.438,-0.114
113,House,21375,3,5,MA,100,2,2,"CLARK, Katherine M.",C001101,1963,,-0.479,-0.259,-30.6959,0.93678,470,11,,-0.495,-0.441
113,House,29729,3,2,MA,100,0,1,"McGOVERN, James P.",M000312,1959,,-0.538,-0.344,-90.47588,0.91358,1001,56,,-0.666,-0.302
113,House,29730,3,6,MA,100,0,1,"TIERNEY, John F.",T000266,1951,,-0.488,-0.433,-143.61142,0.866,998,50,,-0.366,-0.617
113,House,29919,3,7,MA,100,0,1,"CAPUANO, Michael Everett",C001037,1952,,-0.58,-0.082,-132.86972,0.87174,968,57,,-0.525,-0.229
113,House,2605,23,12,MI,100,0,1,"DINGELL, John David, Jr.",D000355,1926,2019.0,-0.448,0.313,-153.74356,0.848,933,62,,-0.405,0.102
113,House,10713,23,13,MI,100,0,1,"CONYERS, John, Jr.",C000714,1929,2019.0,-0.658,-0.512,-116.69178,0.88828,985,52,,-0.515,-0.482
113,House,15033,23,9,MI,100,0,1,"LEVIN, Sander Martin",L000263,1931,,-0.379,-0.091,-143.30644,0.86869,1018,62,,-0.419,0.002
113,House,15446,23,6,MI,200,0,1,"UPTON, Frederick Stephen",U000031,1953,,0.32,-0.355,-163.57005,0.84925,1001,61,,0.397,-0.181
113,House,20120,23,8,MI,200,0,1,"ROGERS, Mike",R000572,1963,,0.4,0.098,-102.83054,0.898,954,47,,0.383,0.297
113,House,20331,23,10,MI,200,0,1,"MILLER, Candice S.",M001150,1954,,0.343,-0.001,-151.47621,0.862,1020,69,,0.487,0.053
113,House,20725,23,7,MI,200,0,1,"WALBERG, Tim",W000798,1951,,0.498,0.165,-129.57707,0.87926,1007,61,,0.563,0.159
113,House,20923,23,14,MI,100,0,1,"PETERS, Gary C.",P000595,1958,,-0.25,-0.183,-255.31063,0.77368,995,129,,-0.226,-0.082
113,House,21141,23,1,MI,200,0,1,"BENISHEK, Dan",B001271,1952,2021.0,0.491,-0.15,-191.03716,0.825,990,104,,0.456,-0.177
113,House,21142,23,2,MI,200,0,1,"HUIZENGA, Bill",H001058,1969,,0.531,0.055,-134.4713,0.87592,1015,64,,0.652,0.053
113,House,21143,23,3,MI,200,0,1,"AMASH, Justin",A000367,1980,,0.654,-0.757,-347.46016,0.71083,1018,192,,0.879,-0.477
113,House,21336,23,11,MI,200,0,1,"BENTIVOLIO, Kerry",B001280,1951,,0.723,-0.319,-160.05553,0.855,1018,75,,0.722,-0.346
113,House,21372,23,5,MI,100,0,1,"KILDEE, Dan",K000380,1958,,-0.359,-0.183,-119.77606,0.889,1018,45,,-0.41,-0.089
113,House,29124,23,4,MI,200,0,1,"CAMP, David Lee",C000071,1953,,0.385,-0.048,-107.62213,0.898,1005,28,,0.405,0.071
113,House,14263,33,8,MN,100,0,1,"NOLAN, Richard Michael",N000127,1943,2024.0,-0.372,-0.372,-247.98863,0.77998,998,111,,-0.326,-0.132
113,House,20122,33,4,MN,100,0,1,"McCOLLUM, Betty",M001143,1954,,-0.419,-0.186,-161.10973,0.85009,992,61,,-0.361,-0.147
113,House,20333,33,2,MN,200,0,1,"KLINE, John",K000363,1947,,0.49,0.154,-104.41383,0.903,1019,47,,0.446,0.247
113,House,20726,33,1,MN,100,0,1,"WALZ, Tim",W000799,1964,,-0.275,0.131,-250.32177,0.77777,996,106,,-0.254,0.023
113,House,20727,33,5,MN,100,0,1,"ELLISON, Keith",E000288,1963,,-0.537,-0.58,-111.17413,0.89265,979,39,,-0.526,-0.523
113,House,20728,33,6,MN,200,0,1,"BACHMANN, Michele",B001256,1956,,0.584,-0.03,-156.06765,0.848,947,50,,0.581,-0.157
113,House,20924,33,3,MN,200,0,1,"PAULSEN, Erik",P000594,1965,,0.402,-0.191,-178.61738,0.83893,1017,89,,0.496,-0.277
113,House,29127,33,7,MN,100,0,1,"PETERSON, Collin Clark",P000258,1944,,-0.148,0.712,-418.93384,0.66237,1017,191,,-0.145,0.618
113,House,20925,46,3,MS,200,0,1,"HARPER, Gregg",H001045,1956,,0.384,0.48,-107.54588,0.89832,1003,47,,0.326,0.461
113,House,21147,46,1,MS,200,0,1,"NUNNELEE, Alan",N000186,1958,2015.0,0.488,0.574,-65.56397,0.919,776,26,,0.468,0.477
113,House,21148,46,4,MS,200,0,1,"PALAZZO, Steven",P000601,1970,,0.535,0.45,-112.18414,0.89004,963,45,,0.601,0.437
113,House,29368,46,2,MS,100,0,1,"THOMPSON, Bennie",T000193,1948,,-0.519,0.39,-156.25702,0.85317,984,84,,-0.494,0.287
113,House,20124,34,6,MO,200,0,1,"GRAVES, Samuel",G000546,1963,,0.449,0.162,-143.57087,0.86216,968,68,,0.46,0.304
113,House,20147,34,1,MO,100,0,1,"CLAY, William Lacy, Jr.",C001049,1956,,-0.481,-0.078,-136.49433,0.86669,954,57,,-0.419,-0.074
113,House,20517,34,5,MO,100,0,1,"CLEAVER, Emanuel, II",C001061,1944,,-0.454,0.0,-122.87655,0.87408,913,50,,-0.414,0.028
113,House,20926,34,3,MO,200,0,1,"LUETKEMEYER, Blaine",L000569,1952,,0.45,0.247,-105.20363,0.90173,1017,37,,0.423,0.274
113,House,21149,34,4,MO,200,0,1,"HARTZLER, Vicky",H001053,1960,,0.478,0.229,-104.40863,0.89775,968,51,,0.459,0.635
113,House,21150,34,7,MO,200,0,1,"LONG, Billy",L000576,1955,,0.544,0.244,-101.17947,0.90565,1021,34,,0.559,0.413
113,House,21337,34,2,MO,200,0,1,"WAGNER, Ann",W000812,1962,,0.391,0.301,-95.49316,0.90858,996,38,,0.463,0.19
113,House,21373,34,8,MO,200,2,2,"SMITH, Jason",S001195,1980,,0.577,0.202,-80.88689,0.91083,866,36,,0.595,0.214
113,House,29736,34,8,MO,200,1,1,"EMERSON, Jo Ann",E000172,1950,,0.269,0.274,,,,,,0.324,0.347
113,House,21338,64,1,MT,200,0,1,"DAINES, Steve",D000618,1962,,0.59,-0.024,-144.19284,0.8672,1012,60,,0.485,-0.107
113,House,20518,35,1,NE,200,0,1,"FORTENBERRY, Jeff",F000449,1960,,0.304,-0.061,-152.07495,0.85761,990,59,,0.262,0.126
113,House,20729,35,3,NE,200,0,1,"SMITH, Adrian",S001172,1970,,0.509,0.255,-89.20354,0.91555,1011,30,,0.492,0.39
113,House,29921,35,2,NE,200,0,1,"TERRY, Lee Raymond",T000459,1962,,0.426,-0.067,-181.53878,0.836,1015,94,,0.4,-0.051
113,House,20927,65,1,NV,100,0,1,"TITUS, Alice (Dina)",T000468,1950,,-0.297,-0.159,-146.53005,0.86557,1015,53,,-0.336,-0.115
113,House,21151,65,3,NV,200,0,1,"HECK, Joe",H001055,1961,,0.324,0.014,-243.48633,0.786,1013,114,,0.325,-0.156
113,House,21196,65,2,NV,200,0,1,"AMODEI, Mark E.",A000369,1958,,0.384,0.211,-142.63626,0.85935,941,54,,0.397,0.1
113,House,21339,65,4,NV,100,0,1,"HORSFORD, Steven",H001066,1973,,-0.316,0.16,-131.24828,0.86012,871,52,,-0.348,0.043
113,House,20731,4,1,NH,100,0,1,"SHEA-PORTER, Carol",S001170,1952,,-0.315,-0.131,-145.64,0.86294,988,58,,-0.303,-0.146
113,House,21340,4,2,NH,100,0,1,"KUSTER, Ann McLane",K000382,1956,,-0.264,-0.086,-150.39043,0.86203,1013,63,,-0.261,-0.138
113,House,14863,12,4,NJ,200,0,1,"SMITH, Christopher Henry",S000522,1953,,0.183,-0.173,-196.05053,0.82165,998,67,,0.252,-0.213
113,House,15454,12,6,NJ,100,0,1,"PALLONE, Frank, Jr.",P000034,1951,,-0.402,-0.162,-113.13395,0.88717,945,66,,-0.567,-0.262
113,House,20336,12,5,NJ,200,0,1,"GARRETT, Scott",G000548,1959,,0.688,-0.243,-168.38179,0.847,1012,72,,0.671,-0.306
113,House,20542,12,8,NJ,100,0,1,"SIRES, Albio",S001165,1951,,-0.404,0.098,-131.00006,0.87194,956,62,,-0.434,0.037
113,House,20929,12,7,NJ,200,0,1,"LANCE, Leonard",L000567,1952,,0.329,-0.237,-220.38397,0.80586,1021,110,,0.375,-0.287
113,House,21153,12,3,NJ,200,0,1,"RUNYAN, Jon",R000594,1973,,0.222,0.089,-160.80751,0.846,963,61,,0.214,0.014
113,House,21536,12,1,NJ,100,2,2,"NORCROSS, Donald",N000188,1958,,-0.42,0.339,-3.61239,0.8992,34,2,,-0.535,0.83
113,House,29132,12,1,NJ,100,1,1,"ANDREWS, Robert Ernest",A000210,1957,,-0.297,-0.119,-133.82281,0.793,576,68,,-0.413,0.093
113,House,29539,12,2,NJ,200,0,1,"LoBIONDO, Frank A.",L000554,1946,,0.211,-0.224,-247.98124,0.7838,1018,116,,0.22,-0.215
113,House,29541,12,11,NJ,200,0,1,"FRELINGHUYSEN, Rodney P.",F000372,1946,,0.292,-0.262,-181.83218,0.83539,1011,64,,0.258,0.073
113,House,29741,12,9,NJ,100,0,1,"PASCRELL, William J., Jr.",P000096,1937,2024.0,-0.369,-0.004,-110.89668,0.89503,1000,41,,-0.401,-0.102
113,House,29923,12,12,NJ,100,0,1,"HOLT, Rush",H001032,1948,,-0.463,-0.33,-91.06856,0.902,883,36,,-0.573,-0.633
113,House,31103,12,10,NJ,100,0,1,"PAYNE, Donald, Jr.",P000604,1958,2024.0,-0.52,-0.096,-112.59247,0.8927,992,50,,-0.484,-0.231
113,House,20337,66,2,NM,200,0,1,"PEARCE, Stevan",P000588,1947,,0.472,0.064,-171.30267,0.84328,1005,89,,0.441,0.18
113,House,20932,66,3,NM,100,0,1,"LUJÁN, Ben Ray",L000570,1972,,-0.38,0.032,-162.13737,0.85183,1011,63,,-0.382,0.064
113,House,21341,66,1,NM,100,0,1,"LUJAN GRISHAM, Michelle",L000580,1959,,-0.313,0.047,-178.32816,0.8347,987,73,,-0.321,0.087
113,House,13035,13,13,NY,100,0,1,"RANGEL, Charles B.",R000053,1930,,-0.514,-0.341,-127.33971,0.86,845,43,,-0.413,-0.21
113,House,15444,13,25,NY,100,0,1,"SLAUGHTER, Louise McIntosh",S000480,1929,2018.0,-0.465,-0.104,-154.59805,0.84685,930,78,,-0.455,-0.126
113,House,15603,13,16,NY,100,0,1,"ENGEL, Eliot Lance",E000179,1947,,-0.408,-0.093,-124.6303,0.88115,985,52,,-0.404,0.014
113,House,15612,13,17,NY,100,0,1,"LOWEY, Nita M.",L000480,1937,2025.0,-0.389,-0.152,-126.5982,0.88263,1014,55,,-0.375,-0.0
113,House,20129,13,3,NY,100,0,1,"ISRAEL, Steve",I000057,1958,,-0.334,-0.051,-157.31762,0.855,1006,85,,-0.382,0.079
113,House,20338,13,1,NY,100,0,1,"BISHOP, Timothy H.",B001242,1950,,-0.338,-0.05,-167.87917,0.848,1017,87,,-0.339,0.015
113,House,20519,13,26,NY,100,0,1,"HIGGINS, Brian",H001038,1959,,-0.348,-0.032,-117.4662,0.88639,974,45,,-0.384,-0.128
113,House,20733,13,9,NY,100,0,1,"CLARKE, Yvette Diane",C001067,1964,,-0.606,-0.263,-109.90905,0.89411,982,61,,-0.598,-0.136
113,House,20934,13,20,NY,100,0,1,"TONKO, Paul",T000469,1949,,-0.416,-0.263,-111.72605,0.89615,1019,36,,-0.426,-0.263
113,House,20935,13,24,NY,100,0,1,"MAFFEI, Daniel B.",M001171,1968,,-0.19,-0.062,-379.379,0.689,1017,195,,-0.148,-0.176
113,House,20957,13,21,NY,100,0,1,"OWENS, William",O000169,1949,,-0.182,0.409,-329.16526,0.714,976,142,,-0.157,0.278
113,House,21101,13,23,NY,200,0,1,"REED, Thomas W. II",R000585,1971,,0.269,0.12,-175.63151,0.83623,982,84,,0.26,0.141
113,House,21154,13,11,NY,200,0,1,"GRIMM, Michael G.",G000569,1970,,0.219,0.136,-188.92828,0.821,956,71,,0.198,0.109
113,House,21156,13,19,NY,200,0,1,"GIBSON, Christopher",G000564,1964,,0.203,-0.455,-422.41261,0.658,1011,225,,0.186,-0.572
113,House,21157,13,22,NY,200,0,1,"HANNA, Richard",H001051,1951,2020.0,0.215,-0.145,-239.02447,0.777,947,109,,0.238,-0.194
113,House,21342,13,6,NY,100,0,1,"MENG, Grace",M001188,1975,,-0.37,-0.207,-123.36415,0.88172,980,51,,-0.381,-0.133
113,House,21343,13,8,NY,100,0,1,"JEFFRIES, Hakeem",J000294,1970,,-0.482,-0.063,-109.69577,0.89561,995,57,,-0.488,-0.077
113,House,21344,13,18,NY,100,0,1,"MALONEY, Sean Patrick",M001185,1966,,-0.239,0.114,-254.76079,0.77783,1014,131,,-0.197,0.07
113,House,21345,13,27,NY,200,0,1,"COLLINS, Chris",C001092,1950,,0.357,0.236,-108.99126,0.89654,998,50,,0.383,0.168
113,House,29134,13,15,NY,100,0,1,"SERRANO, José E.",S000248,1943,,-0.491,-0.377,-81.68718,0.92156,1000,28,,-0.515,-0.43
113,House,29375,13,2,NY,200,0,1,"KING, Peter T.",K000210,1944,,0.259,-0.03,-192.54979,0.8258,1006,77,,0.201,0.087
113,House,29377,13,10,NY,100,0,1,"NADLER, Jerrold Lewis",N000002,1947,,-0.507,-0.478,-82.94094,0.92002,995,30,,-0.515,-0.422
113,House,29378,13,7,NY,100,0,1,"VELÁZQUEZ, Nydia M.",V000081,1953,,-0.547,-0.37,-109.029,0.8943,976,56,,-0.575,-0.253
113,House,29379,13,12,NY,100,0,1,"MALONEY, Carolyn Bosher",M000087,1946,,-0.387,-0.285,-127.01093,0.87879,983,64,,-0.368,-0.184
113,House,29744,13,4,NY,100,0,1,"McCARTHY, Carolyn",M000309,1944,,-0.294,-0.04,-72.89409,0.841,420,27,,-0.313,0.145
113,House,29776,13,5,NY,100,0,1,"MEEKS, Gregory W.",M001137,1953,,-0.415,-0.062,-127.22097,0.87613,962,53,,-0.435,0.021
113,House,29925,13,14,NY,100,0,1,"CROWLEY, Joseph",C001038,1962,,-0.412,-0.07,-125.39407,0.88137,993,69,,-0.471,-0.025
113,House,15092,47,6,NC,200,0,1,"COBLE, Howard",C000556,1931,2015.0,0.52,-0.081,-100.27951,0.891,868,34,,0.484,0.11
113,House,15438,47,4,NC,100,0,1,"PRICE, David Eugene",P000523,1940,,-0.343,-0.03,-126.76732,0.88302,1019,46,,-0.412,0.011
113,House,20340,47,1,NC,100,0,1,"BUTTERFIELD, George Kenneth, Jr. (G.K.)",B001251,1947,,-0.404,0.184,-143.63033,0.86508,991,58,,-0.422,0.237
113,House,20521,47,5,NC,200,0,1,"FOXX, Virginia Ann",F000450,1943,,0.624,0.174,-144.39775,0.86788,1019,81,,0.666,0.182
113,House,20522,47,10,NC,200,0,1,"McHENRY, Patrick T.",M001156,1975,,0.524,0.156,-97.89714,0.90603,992,34,,0.551,0.108
113,House,21159,47,2,NC,200,0,1,"ELLMERS, Renee",E000291,1964,,0.406,0.338,-116.3935,0.892,1015,41,,0.379,0.282
113,House,21346,47,8,NC,200,0,1,"HUDSON, Richard",H001067,1971,,0.524,0.205,-155.23239,0.85701,1006,77,,0.699,0.269
113,House,21347,47,9,NC,200,0,1,"PITTENGER, Robert",P000606,1948,,0.561,0.333,-111.23563,0.89332,986,58,,0.582,0.307
113,House,21348,47,11,NC,200,0,1,"MEADOWS, Mark",M001187,1959,,0.605,-0.201,-125.57278,0.88298,1009,52,,0.622,-0.108
113,House,21349,47,13,NC,200,0,1,"HOLDING, George E.B.",H001065,1968,,0.604,0.165,-112.253,0.89501,1012,56,,0.668,0.193
113,House,21545,47,12,NC,100,2,2,"ADAMS, Alma",A000370,1946,,-0.464,-0.003,-2.6359,0.92323,33,2,,-0.442,0.128
113,House,29383,47,12,NC,100,1,1,"WATT, Melvin L.",W000207,1945,,-0.526,-0.155,-76.80809,0.862,518,37,,-0.451,-0.142
113,House,29546,47,3,NC,200,0,1,"JONES, Walter Beaman, Jr.",J000255,1943,2019.0,0.244,-0.362,-939.25775,0.36856,941,334,,0.31,-0.951
113,House,29746,47,7,NC,100,0,1,"McINTYRE, Mike",M000485,1956,,-0.148,0.56,-389.42024,0.671,977,185,,-0.084,0.299
113,House,21350,36,1,ND,200,0,1,"CRAMER, Kevin",C001096,1961,,0.4,0.367,-109.22646,0.89371,972,47,,0.35,0.356
113,House,15029,24,9,OH,100,0,1,"KAPTUR, Marcia Carolyn (Marcy)",K000009,1946,,-0.341,0.132,-185.05767,0.82919,988,69,,-0.403,0.128
113,House,20130,24,12,OH,200,0,1,"TIBERI, Patrick (Pat)",T000462,1962,,0.386,-0.026,-154.31114,0.85753,1004,82,,0.406,0.012
113,House,20342,24,10,OH,200,0,1,"TURNER, Michael R.",T000463,1960,,0.265,0.259,-134.31822,0.87639,1018,67,,0.253,0.421
113,House,20343,24,13,OH,100,0,1,"RYAN, Timothy J.",R000577,1973,,-0.402,0.208,-201.12073,0.81169,964,99,,-0.384,0.168
113,House,20738,24,4,OH,200,0,1,"JORDAN, Jim",J000289,1964,,0.712,-0.182,-138.07652,0.87293,1016,77,,0.747,-0.166
113,House,20755,24,5,OH,200,0,1,"LATTA, Robert E.",L000566,1956,,0.508,0.288,-85.90872,0.91915,1019,35,,0.522,0.279
113,House,20941,24,11,OH,100,0,1,"FUDGE, Marcia L.",F000455,1952,,-0.581,0.14,-133.95228,0.87176,976,64,,-0.571,0.154
113,House,21162,24,6,OH,200,0,1,"JOHNSON, Bill",J000292,1954,,0.436,0.235,-137.82982,0.8736,1020,79,,0.464,0.249
113,House,21163,24,15,OH,200,0,1,"STIVERS, Steve",S001187,1965,,0.3,0.269,-154.19314,0.85618,993,79,,0.331,0.21
113,House,21164,24,16,OH,200,0,1,"RENACCI, Jim",R000586,1958,,0.387,0.143,-145.07042,0.8673,1019,87,,0.345,0.343
113,House,21165,24,7,OH,200,0,1,"GIBBS, Bob",G000563,1954,,0.484,0.284,-105.06789,0.90157,1014,45,,0.427,0.191
113,House,21351,24,2,OH,200,0,1,"WENSTRUP, Brad",W000815,1958,,0.527,0.289,-107.72948,0.89873,1009,48,,0.557,0.238
113,House,21352,24,3,OH,100,0,1,"BEATTY, Joyce",B001281,1950,,-0.439,0.018,-103.0372,0.90283,1008,39,,-0.446,0.047
113,House,21353,24,14,OH,200,0,1,"JOYCE, David",J000295,1957,,0.25,0.314,-157.50262,0.85494,1005,71,,0.246,0.23
113,House,29137,24,8,OH,200,0,1,"BOEHNER, John Andrew",B000589,1949,,0.513,0.04,-6.4221,0.781,26,2,,0.231,0.703
113,House,29550,24,1,OH,200,0,1,"CHABOT, Steve",C000266,1953,,0.542,-0.137,-112.93948,0.89518,1020,42,,0.645,0.076
113,House,20344,53,4,OK,200,0,1,"COLE, Tom",C001053,1949,,0.323,0.413,-101.16665,0.90201,981,38,,0.287,0.404
113,House,21166,53,5,OK,200,0,1,"LANKFORD, James",L000575,1968,,0.59,0.148,-111.39852,0.88631,923,41,,0.593,0.246
113,House,21354,53,1,OK,200,0,1,"BRIDENSTINE, Jim",B001283,1975,,0.689,-0.157,-166.63912,0.84873,1016,65,,0.746,-0.171
113,House,21355,53,2,OK,200,0,1,"MULLIN, Markwayne",M001190,1977,,0.531,0.251,-121.88983,0.88503,998,49,,0.523,0.423
113,House,29393,53,3,OK,200,0,1,"LUCAS, Frank D.",L000491,1960,,0.361,0.453,-105.72066,0.90052,1009,43,,0.322,0.539
113,House,15410,72,4,OR,100,0,1,"DeFAZIO, Peter Anthony",D000191,1947,,-0.427,-0.002,-206.55288,0.81322,999,105,,-0.354,-0.309
113,House,20944,72,5,OR,100,0,1,"SCHRADER, Kurt",S001180,1951,,-0.182,0.054,-418.94428,0.65939,1006,191,,-0.188,0.032
113,House,21198,72,1,OR,100,0,1,"BONAMICI, Suzanne",B001278,1954,,-0.4,-0.416,-90.23989,0.91525,1019,34,,-0.392,-0.347
113,House,29588,72,3,OR,100,0,1,"BLUMENAUER, Earl",B000574,1948,,-0.426,-0.626,-113.22757,0.8895,967,44,,-0.432,-0.552
113,House,29932,72,2,OR,200,0,1,"WALDEN, Greg",W000791,1957,,0.333,-0.011,-125.88725,0.8827,1009,59,,0.344,0.121
113,House,20134,14,9,PA,200,0,1,"SHUSTER, William (Bill)",S001154,1961,,0.374,0.323,-126.08655,0.87893,977,57,,0.39,0.122
113,House,20345,14,6,PA,200,0,1,"GERLACH, Jim",G000549,1955,,0.221,-0.107,-175.44856,0.84,1004,69,,0.233,0.205
113,House,20346,14,18,PA,200,0,1,"MURPHY, Timothy",M001151,1952,,0.258,0.198,-148.88719,0.86256,1007,60,,0.367,0.19
113,House,20524,14,8,PA,200,0,1,"FITZPATRICK, Michael G.",F000451,1963,2020.0,0.202,-0.186,-273.85196,0.76,999,124,,0.196,-0.169
113,House,20525,14,13,PA,100,0,1,"SCHWARTZ, Allyson Y.",S001162,1948,,-0.343,-0.008,-105.45561,0.884,859,38,,-0.386,0.035
113,House,20526,14,15,PA,200,0,1,"DENT, Charles W.",D000604,1960,,0.244,-0.085,-178.7082,0.83871,1016,74,,0.242,0.097
113,House,20946,14,5,PA,200,0,1,"THOMPSON, Glenn",T000467,1959,,0.335,0.338,-149.0251,0.86219,1005,66,,0.276,0.394
113,House,21167,14,3,PA,200,0,1,"KELLY, Mike",K000376,1948,,0.379,0.395,-90.00968,0.91538,1018,33,,0.338,0.521
113,House,21168,14,7,PA,200,0,1,"MEEHAN, Patrick",M001181,1955,,0.22,0.076,-161.32409,0.85305,1015,63,,0.243,0.152
113,House,21170,14,10,PA,200,0,1,"MARINO, Thomas A.",M001179,1952,,0.352,0.477,-113.31264,0.89437,1015,44,,0.333,0.355
113,House,21171,14,11,PA,200,0,1,"BARLETTA, Lou",B001269,1956,,0.278,0.393,-96.98366,0.90731,997,38,,0.272,0.338
113,House,21356,14,4,PA,200,0,1,"PERRY, Scott",P000605,1962,,0.685,-0.491,-171.07915,0.84503,1016,72,,0.601,-0.072
113,House,21357,14,12,PA,200,0,1,"ROTHFUS, Keith",R000598,1962,,0.498,0.044,-118.98768,0.88989,1020,49,,0.464,0.171
113,House,21358,14,17,PA,100,0,1,"CARTWRIGHT, Matt",C001090,1961,,-0.344,0.042,-152.22743,0.8606,1014,64,,-0.434,0.001
113,House,29559,14,2,PA,100,0,1,"FATTAH, Chaka",F000043,1956,,-0.472,-0.054,-118.81114,0.886,978,50,,-0.443,-0.022
113,House,29561,14,14,PA,100,0,1,"DOYLE, Michael F.",D000482,1953,,-0.331,0.099,-177.09177,0.83328,971,74,,-0.435,-0.084
113,House,29752,14,16,PA,200,0,1,"PITTS, Joseph R.",P000373,1939,,0.538,0.012,-121.47557,0.886,1003,53,,0.548,-0.062
113,House,29777,14,1,PA,100,0,1,"BRADY, Robert A.",B001227,1945,,-0.484,0.225,-127.00079,0.88184,1010,65,,-0.495,0.123
113,House,20136,5,2,RI,100,0,1,"LANGEVIN, James",L000559,1964,,-0.375,0.114,-128.53795,0.87961,1002,65,,-0.39,0.084
113,House,21172,5,1,RI,100,0,1,"CICILLINE, David N.",C001084,1961,,-0.389,-0.262,-86.74766,0.91651,995,32,,-0.407,-0.323
113,House,20138,48,2,SC,200,0,1,"WILSON, Addison Graves (Joe)",W000795,1947,,0.53,0.161,-97.24383,0.90671,993,43,,0.573,0.396
113,House,21174,48,3,SC,200,0,1,"DUNCAN, Jeff",D000615,1966,,0.695,-0.095,-139.28278,0.87236,1020,65,,0.815,-0.21
113,House,21175,48,4,SC,200,0,1,"GOWDY, Trey",G000566,1964,,0.655,-0.002,-108.4991,0.89795,1008,45,,0.669,-0.138
113,House,21176,48,5,SC,200,0,1,"MULVANEY, Mick",M001182,1967,,0.75,-0.592,-148.33524,0.8598,982,81,,0.719,-0.514
113,House,21359,48,7,SC,200,0,1,"RICE, Tom",R000597,1957,,0.558,-0.217,-144.1216,0.86591,1001,57,,0.617,-0.232
113,House,29565,48,1,SC,200,1,1,"SANFORD, Mark",S000051,1960,,0.686,-0.728,-204.51554,0.79693,901,109,,0.686,-0.727
113,House,39301,48,6,SC,100,0,1,"CLYBURN, James Enos",C000537,1940,,-0.467,0.246,-141.80457,0.86399,970,68,,-0.439,0.259
113,House,21177,37,1,SD,200,0,1,"NOEM, Kristi",N000184,1971,,0.398,0.326,-100.91655,0.90148,973,44,,0.377,0.425
113,House,15019,54,5,TN,100,0,1,"COOPER, James Hayes Shofner",C000754,1954,,-0.164,-0.033,-397.61537,0.67352,1006,159,,-0.216,-0.039
113,House,15455,54,2,TN,200,0,1,"DUNCAN, John J., Jr.",D000533,1947,,0.604,-0.476,-362.81696,0.69921,1014,134,,0.644,-0.765
113,House,20351,54,7,TN,200,0,1,"BLACKBURN, Marsha",B001243,1952,,0.632,0.141,-93.99952,0.91088,1007,34,,0.59,0.371
113,House,20748,54,9,TN,100,0,1,"COHEN, Stephen",C001068,1949,,-0.389,-0.294,-135.48491,0.87353,1002,64,,-0.436,-0.309
113,House,20947,54,1,TN,200,0,1,"ROE, David P. (Phil)",R000582,1945,,0.486,0.024,-117.20282,0.89085,1014,57,,0.493,0.057
113,House,21178,54,3,TN,200,0,1,"FLEISCHMANN, Chuck",F000459,1962,,0.432,0.395,-109.7827,0.89748,1015,47,,0.488,0.162
113,House,21179,54,4,TN,200,0,1,"DESJARLAIS, Scott",D000616,1964,,0.578,-0.043,-127.5356,0.86705,894,45,,0.637,-0.22
113,House,21180,54,6,TN,200,0,1,"BLACK, Diane",B001273,1951,,0.58,0.219,-87.1063,0.91713,1007,27,,0.557,0.195
113,House,21181,54,8,TN,200,0,1,"FINCHER, Stephen Lee",F000458,1973,,0.526,0.181,-118.39695,0.886,978,48,,0.553,0.174
113,House,15085,49,6,TX,200,0,1,"BARTON, Joe Linus",B000213,1949,,0.528,0.047,-165.90037,0.8413,960,63,,0.542,0.031
113,House,15445,49,21,TX,200,0,1,"SMITH, Lamar Seeligson",S000583,1947,,0.425,0.061,-106.19643,0.89944,1002,38,,0.502,0.307
113,House,20139,49,7,TX,200,0,1,"CULBERSON, John",C001048,1956,,0.503,0.366,-129.86423,0.87211,949,62,,0.395,0.33
113,House,20352,49,5,TX,200,0,1,"HENSARLING, Jeb",H001036,1957,,0.703,0.04,-99.63442,0.90624,1012,34,,0.652,0.214
113,House,20353,49,19,TX,200,0,1,"NEUGEBAUER, Randy",N000182,1949,,0.628,0.322,-94.81613,0.911,1016,36,,0.677,0.247
113,House,20355,49,26,TX,200,0,1,"BURGESS, Michael C.",B001248,1950,,0.565,-0.164,-191.70469,0.82602,1003,102,,0.683,-0.446
113,House,20356,49,31,TX,200,0,1,"CARTER, John R.",C001051,1941,,0.487,0.547,-115.76204,0.88901,984,47,,0.435,0.646
113,House,20527,49,1,TX,200,0,1,"GOHMERT, Louie",G000552,1953,,0.644,-0.406,-196.71887,0.81063,937,87,,0.776,-0.63
113,House,20528,49,2,TX,200,0,1,"POE, Ted",P000592,1948,,0.594,-0.029,-218.87051,0.79875,974,114,,0.653,-0.245
113,House,20529,49,9,TX,100,0,1,"GREEN, Al",G000553,1947,,-0.447,0.261,-148.0897,0.85705,960,67,,-0.433,0.298
113,House,20530,49,10,TX,200,0,1,"McCAUL, Michael T.",M001157,1962,,0.411,0.176,-103.43549,0.90238,1007,40,,0.507,0.247
113,House,20531,49,11,TX,200,0,1,"CONAWAY, K. Michael",C001062,1948,,0.593,0.367,-115.10421,0.89209,1008,56,,0.621,0.687
113,House,20532,49,24,TX,200,0,1,"MARCHANT, Kenny",M001158,1951,,0.6,0.154,-144.21307,0.86444,990,72,,0.73,0.132
113,House,20533,49,28,TX,100,0,1,"CUELLAR, Henry",C001063,1955,,-0.225,0.646,-284.47004,0.75621,1018,128,,-0.23,0.571
113,House,20948,49,22,TX,200,0,1,"OLSON, Pete",O000168,1962,,0.548,0.308,-88.27659,0.91551,1000,31,,0.567,0.345
113,House,21182,49,17,TX,200,0,1,"FLORES, Bill",F000461,1954,,0.572,0.293,-115.25744,0.89124,1001,61,,0.608,0.313
113,House,21184,49,27,TX,200,0,1,"FARENTHOLD, Blake",F000460,1961,,0.548,0.016,-137.87626,0.87333,1018,62,,0.509,0.091
113,House,21360,49,14,TX,200,0,1,"WEBER, Randy",W000814,1953,,0.72,0.023,-141.82399,0.86959,1015,67,,0.786,0.338
113,House,21361,49,16,TX,100,0,1,"O'ROURKE, Beto",O000170,1972,,-0.304,-0.331,-162.74295,0.85212,1017,63,,-0.366,-0.37
113,House,21362,49,20,TX,100,0,1,"CASTRO, Joaquin",C001091,1974,,-0.401,-0.137,-148.25647,0.86092,990,57,,-0.387,0.109
113,House,21363,49,23,TX,100,0,1,"GALLEGO, Pete P.",G000572,1961,,-0.216,0.378,-264.29562,0.769,1004,120,,-0.206,0.332
113,House,21364,49,25,TX,200,0,1,"WILLIAMS, Roger",W000816,1949,,0.594,0.062,-85.30599,0.91672,981,27,,0.596,0.153
113,House,21365,49,33,TX,100,0,1,"VEASEY, Marc",V000131,1971,,-0.408,0.365,-147.48126,0.86439,1012,80,,-0.423,0.287
113,House,21366,49,34,TX,100,0,1,"VELA, Filemon",V000132,1963,,-0.311,0.407,-244.76294,0.78173,994,123,,-0.288,0.434
113,House,29143,49,3,TX,200,0,1,"JOHNSON, Sam",J000174,1930,2020.0,0.61,0.277,-100.81324,0.90119,969,35,,0.568,0.241
113,House,29570,49,36,TX,200,0,1,"STOCKMAN, Steve",S000937,1956,,0.899,-0.438,-262.14185,0.763,969,125,,0.919,-0.395
113,House,29571,49,35,TX,100,0,1,"DOGGETT, Lloyd Alton, II",D000399,1946,,-0.403,-0.333,-141.40611,0.86911,1008,61,,-0.38,-0.356
113,House,29572,49,13,TX,200,0,1,"THORNBERRY, William McClellan (Mac)",T000238,1958,,0.525,0.313,-92.81481,0.91294,1019,29,,0.538,0.655
113,House,29573,49,18,TX,100,0,1,"JACKSON LEE, Sheila",J000032,1950,,-0.459,0.121,-149.51556,0.85452,951,66,,-0.449,0.184
113,House,29759,49,32,TX,200,0,1,"SESSIONS, Pete",S000250,1955,,0.584,0.171,-97.58809,0.90807,1012,31,,0.536,0.303
113,House,29760,49,8,TX,200,0,1,"BRADY, Kevin Patrick",B000755,1955,,0.52,0.239,-98.15122,0.90507,984,40,,0.556,0.432
113,House,29762,49,12,TX,200,0,1,"GRANGER, Kay",G000377,1943,,0.403,0.243,-100.8807,0.9018,976,38,,0.426,0.596
113,House,29763,49,15,TX,100,0,1,"HINOJOSA, Rubén",H000636,1940,,-0.34,0.235,-216.47853,0.785,894,88,,-0.369,0.19
113,House,39304,49,29,TX,100,0,1,"GREEN, Raymond Eugene (Gene)",G000410,1947,,-0.324,0.453,-365.53318,0.68762,976,184,,-0.295,0.391
113,House,39305,49,30,TX,100,0,1,"JOHNSON, Eddie Bernice",J000126,1934,2023.0,-0.485,0.198,-140.29628,0.86873,997,65,,-0.521,0.247
113,House,94828,49,4,TX,200,0,1,"HALL, Ralph Moody",H000067,1923,2019.0,0.424,0.308,-144.72884,0.859,954,67,,0.478,0.153
113,House,20140,67,4,UT,100,0,1,"MATHESON, James David (Jim)",M001142,1960,,-0.115,0.546,-545.10044,0.584,1012,238,,-0.085,0.395
113,House,20357,67,1,UT,200,0,1,"BISHOP, Robert (Rob)",B001250,1951,,0.537,0.105,-133.07869,0.87168,969,51,,0.609,0.251
113,House,20949,67,3,UT,200,0,1,"CHAFFETZ, Jason",C001076,1967,,0.647,-0.278,-152.13576,0.85231,952,75,,0.598,-0.157
113,House,21367,67,2,UT,200,0,1,"STEWART, Chris",S001192,1960,,0.499,0.167,-141.05033,0.86832,999,53,,0.479,0.127
113,House,20750,6,1,VT,100,0,1,"WELCH, Peter",W000800,1947,,-0.401,-0.405,-144.1984,0.86732,1013,59,,-0.414,-0.348
113,House,14869,40,10,VA,200,0,1,"WOLF, Frank Rudolph",W000672,1939,,0.284,-0.213,-177.29815,0.838,1005,64,,0.264,-0.002
113,House,20143,40,4,VA,200,0,1,"FORBES, J. Randy",F000445,1952,,0.407,0.218,-122.06726,0.886,1008,58,,0.353,0.411
113,House,20144,40,7,VA,200,1,1,"CANTOR, Eric",C001046,1963,,0.518,0.191,-106.43994,0.888,892,48,,0.427,0.299
113,House,20756,40,1,VA,200,0,1,"WITTMAN, Robert J.",W000804,1959,,0.447,0.024,-160.00059,0.85443,1017,68,,0.427,0.279
113,House,20952,40,11,VA,100,0,1,"CONNOLLY, Gerald E. (Gerry)",C001078,1950,2025.0,-0.309,-0.047,-178.94183,0.83837,1015,81,,-0.346,0.013
113,House,21185,40,2,VA,200,0,1,"RIGELL, E. Scott",R000589,1960,,0.405,-0.084,-186.22668,0.832,1012,87,,0.467,-0.198
113,House,21186,40,5,VA,200,0,1,"HURT, Robert",H001060,1969,,0.568,0.0,-103.20945,0.901,992,39,,0.562,-0.062
113,House,21191,40,9,VA,200,0,1,"GRIFFITH, H. Morgan",G000568,1958,,0.509,-0.335,-259.49703,0.77421,1014,118,,0.53,-0.505
113,House,21553,40,7,VA,200,2,2,"BRAT, David A.",B001290,1964,,0.829,-0.325,-7.6854,0.79224,33,5,,0.547,-0.831
113,House,29149,40,8,VA,100,0,1,"MORAN, James P.",M000933,1945,,-0.302,-0.203,-188.66982,0.825,982,74,,-0.326,-0.198
113,House,39307,40,3,VA,100,0,1,"SCOTT, Robert C.",S000185,1947,,-0.451,-0.003,-142.08387,0.86949,1016,56,,-0.413,-0.036
113,House,39308,40,6,VA,200,0,1,"GOODLATTE, Robert William",G000289,1952,,0.496,-0.002,-119.49088,0.88821,1008,47,,0.508,0.113
113,House,15613,73,7,WA,100,0,1,"McDERMOTT, James A.",M000404,1936,,-0.666,-0.197,-111.17858,0.895,998,63,,-0.655,-0.066
113,House,20145,73,2,WA,100,0,1,"LARSEN, Richard Ray (Rick)",L000560,1965,,-0.365,0.166,-140.66595,0.86475,968,58,,-0.364,0.132
113,House,20535,73,5,WA,200,0,1,"McMORRIS RODGERS, Cathy",M001159,1969,,0.436,0.098,-96.19365,0.90705,986,38,,0.43,0.132
113,House,20536,73,8,WA,200,0,1,"REICHERT, David G.",R000578,1950,,0.224,-0.146,-217.92888,0.80729,1018,93,,0.231,-0.002
113,House,21187,73,3,WA,200,0,1,"HERRERA BEUTLER, Jaime",H001056,1978,,0.336,-0.129,-177.58598,0.79163,760,84,,0.357,-0.289
113,House,21368,73,6,WA,100,0,1,"KILMER, Derek",K000381,1974,,-0.316,0.005,-167.97598,0.84622,1006,87,,-0.296,-0.06
113,House,21369,73,10,WA,100,0,1,"HECK, Denny",H001064,1952,,-0.312,-0.128,-116.16138,0.88918,989,46,,-0.323,-0.139
113,House,29580,73,4,WA,200,0,1,"HASTINGS, Richard Norman (Doc)",H000329,1941,,0.416,0.411,-112.89649,0.894,1006,45,,0.32,0.341
113,House,29768,73,9,WA,100,0,1,"SMITH, Adam",S000510,1965,,-0.291,-0.165,-183.48198,0.8183,915,71,,-0.379,0.006
113,House,31101,73,1,WA,100,0,1,"DelBENE, Suzan K.",D000617,1962,,-0.295,-0.198,-153.42376,0.85933,1012,74,,-0.254,-0.218
113,House,14448,56,3,WV,100,0,1,"RAHALL, Nick Joe, II",R000011,1949,,-0.306,0.45,-524.56524,0.596,1015,242,,-0.183,0.369
113,House,20146,56,2,WV,200,0,1,"CAPITO, Shelley Moore",C001047,1953,,0.284,0.144,-97.59648,0.904,967,33,,0.291,0.139
113,House,21188,56,1,WV,200,0,1,"McKINLEY, David",M001180,1947,,0.3,0.178,-153.4726,0.86044,1021,61,,0.311,-0.02
113,House,14657,25,5,WI,200,0,1,"SENSENBRENNER, Frank James, Jr.",S000244,1943,,0.638,-0.579,-158.88737,0.85404,1007,77,,0.66,-0.587
113,House,14675,25,6,WI,200,0,1,"PETRI, Thomas Evert",P000265,1940,,0.379,-0.367,-230.49637,0.797,1017,102,,0.55,-0.552
113,House,20537,25,4,WI,100,0,1,"MOORE, Gwendolynne S. (Gwen)",M001160,1951,,-0.521,-0.271,-118.68856,0.88702,990,65,,-0.524,-0.166
113,House,21189,25,7,WI,200,0,1,"DUFFY, Sean",D000614,1971,,0.511,-0.109,-146.06638,0.85953,965,73,,0.538,-0.095
113,House,21190,25,8,WI,200,0,1,"RIBBLE, Reid",R000587,1956,,0.603,-0.333,-154.59665,0.858,1008,79,,0.699,-0.357
113,House,21370,25,2,WI,100,0,1,"POCAN, Mark",P000607,1964,,-0.523,-0.555,-77.01466,0.92693,1015,25,,-0.593,-0.423
113,House,29769,25,3,WI,100,0,1,"KIND, Ron",K000188,1963,,-0.26,-0.08,-225.23815,0.7994,1006,107,,-0.303,-0.059
113,House,29939,25,1,WI,200,0,1,"RYAN, Paul D.",R000570,1970,,0.556,-0.25,-119.44603,0.88939,1019,40,,0.52,0.038
113,House,20953,68,1,WY,200,0,1,"LUMMIS, Cynthia M.",L000571,1954,,0.685,-0.327,-190.35787,0.8254,992,94,,0.659,-0.381
113,Senate,49700,41,0,AL,200,0,1,"SESSIONS, Jefferson Beauregard III (Jeff)",S001141,1946,,0.549,0.13,-101.80298,0.82789,539,45,,0.619,0.082
113,Senate,94659,41,0,AL,200,0,1,"SHELBY, Richard C.",S000320,1934,,0.446,0.57,-107.52013,0.82096,545,53,,0.515,0.602
113,Senate,40300,81,0,AK,200,0,1,"MURKOWSKI, Lisa",M001153,1957,,0.203,-0.304,-150.14019,0.74754,516,75,,0.124,-0.411
113,Senate,40900,81,0,AK,100,0,1,"BEGICH, Mark",B001265,1962,,-0.235,0.15,-48.13809,0.91,512,21,,-0.241,0.348
113,Senate,15039,61,0,AZ,200,0,1,"McCAIN, John Sidney, III",M000303,1936,2018.0,0.381,-0.626,-132.74405,0.77659,525,67,,0.412,-0.579
113,Senate,20100,61,0,AZ,200,0,1,"FLAKE, Jeff",F000444,1962,,0.855,-0.518,-259.88598,0.61522,535,131,,0.476,-0.731
113,Senate,20101,42,0,AR,200,0,1,"BOOZMAN, John",B001236,1950,,0.426,0.34,-81.48313,0.8499,501,25,,0.429,0.457
113,Senate,40301,42,0,AR,100,0,1,"PRYOR, Mark",P000590,1963,,-0.199,0.463,-64.2729,0.885,528,26,,-0.16,0.491
113,Senate,15011,71,0,CA,100,0,1,"BOXER, Barbara",B000711,1940,,-0.45,-0.423,-19.24984,0.963,512,8,,-0.537,-0.097
113,Senate,49300,71,0,CA,100,0,1,"FEINSTEIN, Dianne",F000062,1933,2023.0,-0.268,-0.184,-22.99643,0.95698,523,9,,-0.346,-0.278
113,Senate,29906,62,0,CO,100,0,1,"UDALL, Mark",U000038,1950,,-0.353,0.049,-35.83642,0.933,519,11,,-0.248,-0.069
113,Senate,40910,62,0,CO,100,0,1,"BENNET, Michael F.",B001267,1964,,-0.242,-0.191,-28.11927,0.94998,548,9,,-0.246,-0.081
113,Senate,20707,1,0,CT,100,0,1,"MURPHY, Christopher",M001169,1973,,-0.287,-0.258,-29.48986,0.94761,548,13,,-0.499,-0.248
113,Senate,41101,1,0,CT,100,0,1,"BLUMENTHAL, Richard",B001277,1946,,-0.434,-0.152,-17.88662,0.96806,551,8,,-0.512,-0.332
113,Senate,15015,11,0,DE,100,0,1,"CARPER, Thomas Richard",C000174,1947,,-0.179,-0.225,-54.1019,0.90648,551,13,,-0.254,-0.172
113,Senate,40916,11,0,DE,100,0,1,"COONS, Christopher A.",C001088,1963,,-0.238,-0.215,-25.57275,0.95383,541,10,,-0.308,0.043
113,Senate,14651,43,0,FL,100,0,1,"NELSON, Clarence William (Bill)",N000032,1942,,-0.193,0.337,-47.90329,0.91451,536,19,,-0.276,-0.079
113,Senate,41102,43,0,FL,200,0,1,"RUBIO, Marco",R000595,1971,,0.616,-0.184,-150.2163,0.75076,524,62,,0.663,-0.681
113,Senate,29512,44,0,GA,200,0,1,"CHAMBLISS, Saxby",C000286,1943,,0.423,0.205,-135.34325,0.753,478,64,,0.343,0.17
113,Senate,29909,44,0,GA,200,0,1,"ISAKSON, Johnny",I000055,1944,2021.0,0.402,-0.011,-127.50436,0.78546,528,61,,0.321,0.19
113,Senate,20713,82,0,HI,100,0,1,"HIRONO, Mazie",H001042,1947,,-0.512,-0.089,-16.07414,0.97125,551,8,,-0.507,0.056
113,Senate,41112,82,0,HI,100,0,5,"SCHATZ, Brian Emanuel",S001194,1972,,-0.448,-0.119,-9.62998,0.98126,509,3,,-0.478,-0.025
113,Senate,29345,63,0,ID,200,0,1,"CRAPO, Michael Dean",C000880,1951,,0.505,0.291,-104.49055,0.82611,547,44,,0.661,0.431
113,Senate,40902,63,0,ID,200,0,1,"RISCH, James",R000584,1943,,0.552,0.384,-80.19737,0.86199,540,33,,0.772,0.578
113,Senate,15021,21,0,IL,100,0,1,"DURBIN, Richard Joseph",D000563,1944,,-0.34,-0.311,-18.7283,0.96652,550,8,,-0.336,-0.286
113,Senate,20115,21,0,IL,200,0,1,"KIRK, Mark Steven",K000360,1959,,0.274,-0.647,-176.7963,0.705,506,92,,0.345,-0.76
113,Senate,14806,22,0,IN,200,0,1,"COATS, Daniel Ray",C000542,1943,,0.375,-0.227,-123.88821,0.795,539,55,,0.407,-0.019
113,Senate,20717,22,0,IN,100,0,1,"DONNELLY, Joe",D000607,1955,,-0.119,0.435,-62.27828,0.89276,549,16,,-0.171,0.318
113,Senate,14226,31,0,IA,200,0,1,"GRASSLEY, Charles Ernest",G000386,1933,,0.362,-0.035,-122.8252,0.80051,552,55,,0.501,-0.012
113,Senate,14230,31,0,IA,100,0,1,"HARKIN, Thomas Richard (Tom)",H000206,1939,,-0.351,-0.546,-30.33406,0.944,528,12,,-0.316,-0.085
113,Senate,14852,32,0,KS,200,0,1,"ROBERTS, Charles Patrick (Pat)",R000307,1936,,0.413,-0.09,-157.40219,0.73666,515,69,,0.626,0.341
113,Senate,29722,32,0,KS,200,0,1,"MORAN, Jerry",M000934,1954,,0.413,0.221,-108.96282,0.80313,497,47,,0.484,0.458
113,Senate,14921,51,0,KY,200,0,1,"McCONNELL, Addison Mitchell (Mitch)",M000355,1942,,0.402,0.018,-116.2902,0.80942,550,55,,0.488,0.206
113,Senate,41104,51,0,KY,200,0,1,"PAUL, Rand",P000603,1963,,0.891,-0.454,-111.19658,0.81296,537,44,,0.914,-0.407
113,Senate,29918,45,0,LA,200,0,1,"VITTER, David",V000127,1961,,0.495,0.323,-110.77719,0.803,506,58,,0.467,0.38
113,Senate,49702,45,0,LA,100,0,1,"LANDRIEU, Mary L.",L000550,1955,,-0.203,0.444,-55.47109,0.893,492,22,,-0.196,0.434
113,Senate,41300,2,0,ME,328,0,1,"KING, Angus Stanley, Jr.",K000383,1944,,-0.167,-0.187,-62.45991,0.89246,549,27,,-0.178,-0.375
113,Senate,49703,2,0,ME,200,0,1,"COLLINS, Susan Margaret",C001035,1952,,0.124,-0.505,-103.90215,0.82843,552,32,,0.101,-0.532
113,Senate,14440,52,0,MD,100,0,1,"MIKULSKI, Barbara Ann",M000702,1936,,-0.37,-0.128,-16.25351,0.97,527,5,,-0.413,-0.149
113,Senate,15408,52,0,MD,100,0,1,"CARDIN, Benjamin Louis",C000141,1943,,-0.32,-0.224,-19.64533,0.96491,550,5,,-0.46,-0.171
113,Senate,14435,3,0,MA,100,3,2,"MARKEY, Edward John",M000133,1946,,-0.517,-0.471,-10.65604,0.97318,392,5,,-0.536,-0.716
113,Senate,14920,3,0,MA,100,1,1,"KERRY, John Forbes",K000148,1943,,-0.352,-0.382,,,,,,-0.178,-0.582
113,Senate,41301,3,0,MA,100,0,1,"WARREN, Elizabeth",W000817,1949,,-0.745,-0.37,-29.03736,0.94821,546,17,,-0.718,-0.066
113,Senate,41306,3,0,MA,100,2,5,"COWAN, William (Mo)",C001099,1969,,-0.462,0.348,-8.89963,0.936,134,4,,-0.433,0.183
113,Senate,14709,23,0,MI,100,0,1,"LEVIN, Carl",L000261,1934,2021.0,-0.395,-0.116,-36.77581,0.934,540,12,,-0.317,-0.044
113,Senate,29732,23,0,MI,100,0,1,"STABENOW, Deborah Ann",S000770,1950,,-0.343,-0.019,-15.24735,0.97226,542,6,,-0.419,0.093
113,Senate,40700,33,0,MN,100,0,1,"KLOBUCHAR, Amy",K000367,1960,,-0.278,-0.325,-24.34599,0.95647,547,10,,-0.269,-0.213
113,Senate,40904,33,0,MN,100,0,1,"FRANKEN, Al",F000457,1951,,-0.399,-0.169,-18.26231,0.96728,549,7,,-0.378,-0.189
113,Senate,14009,46,0,MS,200,0,1,"COCHRAN, William Thad",C000567,1937,2019.0,0.287,0.051,-107.14943,0.7914,458,45,,0.33,0.42
113,Senate,29534,46,0,MS,200,0,1,"WICKER, Roger F.",W000437,1951,,0.377,0.341,-99.37099,0.83305,544,48,,0.349,0.237
113,Senate,29735,34,0,MO,200,0,1,"BLUNT, Roy",B000575,1950,,0.398,0.18,-110.52499,0.80885,521,53,,0.383,0.355
113,Senate,40701,34,0,MO,100,0,1,"McCASKILL, Claire",M001170,1953,,-0.143,0.023,-57.81079,0.89497,521,24,,-0.159,-0.055
113,Senate,14203,64,0,MT,100,1,1,"BAUCUS, Max Sieben",B000243,1941,,-0.212,0.017,-60.13694,0.804,276,26,,-0.155,0.036
113,Senate,40702,64,0,MT,100,0,1,"TESTER, Jon",T000464,1956,,-0.213,0.153,-89.96552,0.84809,546,29,,-0.171,-0.051
113,Senate,41309,64,0,MT,100,2,5,"WALSH, John E.",W000818,1960,,-0.255,0.462,-22.15141,0.922,273,8,,-0.248,0.418
113,Senate,40905,35,0,NE,200,0,1,"JOHANNS, Mike",J000291,1950,,0.391,0.293,-96.6795,0.83,520,38,,0.391,0.359
113,Senate,41302,35,0,NE,200,0,1,"FISCHER, Debra (Deb)",F000463,1951,,0.46,0.335,-82.95013,0.86047,552,30,,0.461,0.34
113,Senate,15054,65,0,NV,100,0,1,"REID, Harry",R000146,1939,2021.0,-0.276,0.258,-96.68299,0.837,545,31,,-0.289,0.489
113,Senate,20730,65,0,NV,200,0,1,"HELLER, Dean",H001041,1960,,0.463,-0.459,-200.88765,0.68982,541,89,,0.458,-0.607
113,Senate,40906,4,0,NH,100,0,1,"SHAHEEN, Jeanne",S001181,1947,,-0.221,-0.139,-45.11596,0.92083,547,17,,-0.26,-0.507
113,Senate,41106,4,0,NH,200,0,1,"AYOTTE, Kelly",A000368,1968,,0.351,-0.612,-128.71369,0.789,544,56,,0.341,-0.614
113,Senate,14914,12,0,NJ,100,1,1,"LAUTENBERG, Frank Raleigh",L000123,1924,2013.0,-0.382,-0.579,-0.35377,0.989,31,0,,-0.562,-0.605
113,Senate,29373,12,0,NJ,100,0,1,"MENENDEZ, Robert",M000639,1954,,-0.366,-0.126,-16.90333,0.96946,545,9,,-0.525,-0.299
113,Senate,41307,12,0,NJ,200,2,5,"CHIESA, Jeffrey Scott",C001100,1965,,0.218,0.384,-15.28456,0.761,56,10,,0.256,0.133
113,Senate,41308,12,0,NJ,100,3,2,"BOOKER, Cory Anthony",B001288,1969,,-0.558,-0.25,-8.36151,0.97646,351,4,,-0.47,-0.623
113,Senate,20930,66,0,NM,100,0,1,"HEINRICH, Martin",H001046,1971,,-0.334,-0.001,-40.59286,0.92885,550,14,,-0.252,-0.05
113,Senate,29924,66,0,NM,100,0,1,"UDALL, Thomas (Tom)",U000039,1948,,-0.453,0.161,-21.3531,0.96192,550,11,,-0.398,0.155
113,Senate,14858,13,0,NY,100,0,1,"SCHUMER, Charles Ellis (Chuck)",S000148,1950,,-0.355,-0.411,-16.80035,0.96997,551,3,,-0.447,-0.258
113,Senate,20735,13,0,NY,100,0,1,"GILLIBRAND, Kirsten",G000555,1966,,-0.449,-0.308,-25.37515,0.95459,546,12,,-0.565,-0.199
113,Senate,29548,47,0,NC,200,0,1,"BURR, Richard M.",B001135,1955,,0.435,-0.07,-111.4441,0.81259,537,44,,0.434,0.043
113,Senate,40907,47,0,NC,100,0,1,"HAGAN, Kay",H001049,1953,2019.0,-0.202,0.281,-53.76165,0.905,538,18,,-0.175,0.326
113,Senate,41107,36,0,ND,200,0,1,"HOEVEN, John",H001061,1957,,0.401,0.449,-105.97852,0.82474,550,35,,0.367,0.241
113,Senate,41303,36,0,ND,100,0,1,"HEITKAMP, Mary Kathryn (Heidi)",H001069,1955,,-0.122,0.399,-60.29511,0.89454,541,14,,-0.191,0.463
113,Senate,29386,24,0,OH,200,0,1,"PORTMAN, Robert Jones (Rob)",P000449,1955,,0.371,-0.208,-135.50626,0.77698,537,61,,0.369,-0.105
113,Senate,29389,24,0,OH,100,0,1,"BROWN, Sherrod",B000944,1952,,-0.425,-0.097,-24.26946,0.95629,543,14,,-0.514,0.132
113,Senate,15424,53,0,OK,200,0,1,"INHOFE, James Mountain",I000024,1934,2024.0,0.552,0.045,-86.08083,0.83737,485,35,,0.594,0.188
113,Senate,29555,53,0,OK,200,0,1,"COBURN, Thomas Allen",C000560,1948,2020.0,0.782,0.055,-98.18576,0.801,442,45,,0.786,-0.28
113,Senate,14871,72,0,OR,100,0,1,"WYDEN, Ronald Lee",W000779,1949,,-0.334,-0.487,-40.2427,0.92969,552,20,,-0.375,-0.729
113,Senate,40908,72,0,OR,100,0,1,"MERKLEY, Jeff",M001176,1956,,-0.453,-0.719,-37.73202,0.93299,544,17,,-0.407,-0.913
113,Senate,29935,14,0,PA,200,0,1,"TOOMEY, Patrick Joseph",T000461,1961,,0.624,-0.378,-122.77529,0.7946,534,55,,0.525,-0.387
113,Senate,40703,14,0,PA,100,0,1,"CASEY, Robert (Bob), Jr.",C001070,1960,,-0.313,0.166,-34.23033,0.93825,537,14,,-0.255,-0.001
113,Senate,29142,5,0,RI,100,0,1,"REED, John F. (Jack)",R000122,1949,,-0.36,-0.155,-27.21072,0.9519,552,12,,-0.489,-0.451
113,Senate,40704,5,0,RI,100,0,1,"WHITEHOUSE, Sheldon",W000802,1955,,-0.349,-0.112,-28.86262,0.94851,546,12,,-0.419,-0.456
113,Senate,21173,48,0,SC,200,0,5,"SCOTT, Tim",S001184,1965,,0.629,0.023,-82.77252,0.8574,538,32,,0.681,0.009
113,Senate,29566,48,0,SC,200,0,1,"GRAHAM, Lindsey O.",G000359,1955,,0.367,-0.269,-122.61482,0.7874,513,59,,0.348,-0.195
113,Senate,15425,37,0,SD,100,0,1,"JOHNSON, Timothy Peter (Tim)",J000177,1946,2024.0,-0.25,0.143,-30.95638,0.945,548,10,,-0.348,0.229
113,Senate,29754,37,0,SD,200,0,1,"THUNE, John",T000250,1961,,0.432,0.226,-81.69482,0.86174,549,32,,0.467,0.183
113,Senate,40304,54,0,TN,200,0,1,"ALEXANDER, Lamar",A000360,1940,,0.324,-0.176,-136.77151,0.76637,514,61,,0.312,0.04
113,Senate,40705,54,0,TN,200,0,1,"CORKER, Robert (Bob)",C001071,1952,,0.395,-0.344,-150.15368,0.75725,540,65,,0.372,-0.291
113,Senate,40305,49,0,TX,200,0,1,"CORNYN, John",C001056,1952,,0.471,-0.062,-111.55856,0.81147,534,58,,0.539,-0.065
113,Senate,41304,49,0,TX,200,0,1,"CRUZ, Rafael Edward (Ted)",C001098,1970,,0.781,-0.179,-71.44207,0.86929,510,31,,0.887,-0.309
113,Senate,14503,67,0,UT,200,0,1,"HATCH, Orrin Grant",H000338,1934,2022.0,0.382,-0.004,-144.7466,0.75823,523,76,,0.346,-0.194
113,Senate,41110,67,0,UT,200,0,1,"LEE, Mike",L000577,1971,,0.891,-0.454,-72.86134,0.87223,533,25,,0.949,-0.316
113,Senate,14307,6,0,VT,100,0,1,"LEAHY, Patrick Joseph",L000174,1940,,-0.36,-0.121,-28.52851,0.949,545,10,,-0.555,0.331
113,Senate,29147,6,0,VT,328,0,1,"SANDERS, Bernard",S000033,1941,,-0.545,-0.428,-92.54474,0.83405,510,26,,-0.944,0.329
113,Senate,40909,40,0,VA,100,0,1,"WARNER, Mark",W000805,1954,,-0.213,-0.037,-43.73401,0.9222,540,17,,-0.209,0.051
113,Senate,41305,40,0,VA,100,0,1,"KAINE, Timothy Michael (Tim)",K000384,1958,,-0.237,-0.112,-28.67839,0.94874,545,8,,-0.245,-0.041
113,Senate,39310,73,0,WA,100,0,1,"CANTWELL, Maria E.",C000127,1958,,-0.308,-0.402,-16.1275,0.97115,551,5,,-0.436,-0.132
113,Senate,49308,73,0,WA,100,0,1,"MURRAY, Patty",M001111,1950,,-0.356,-0.314,-13.69164,0.97478,536,3,,-0.375,-0.179
113,Senate,14922,56,0,WV,100,0,1,"ROCKEFELLER, John Davison IV (Jay)",R000361,1937,,-0.326,0.177,-21.95291,0.956,487,9,,-0.336,0.02
113,Senate,40915,56,0,WV,100,0,1,"MANCHIN, Joe, III",M001183,1947,,-0.057,0.4,-127.07695,0.79031,540,56,,-0.041,0.322
113,Senate,29940,25,0,WI,100,0,1,"BALDWIN, Tammy",B001230,1962,,-0.486,-0.124,-18.57791,0.96679,550,8,,-0.457,-0.244
113,Senate,41111,25,0,WI,200,0,1,"JOHNSON, Ron",J000293,1955,,0.643,-0.144,-91.64517,0.84284,536,35,,0.685,-0.348
113,Senate,40707,68,0,WY,200,0,1,"BARRASSO, John A.",B001261,1952,,0.54,0.193,-86.63255,0.85353,547,37,,0.562,0.284
113,Senate,49706,68,0,WY,200,0,1,"ENZI, Michael B.",E000285,1944,2021.0,0.545,0.199,-81.5089,0.86179,548,31,,0.573,0.411
114,President,99911,99,0,USA,100,0,0,"OBAMA, Barack",O000167,1961,,-0.358,-0.197,,,,,,,
114,House,20301,41,3,AL,200,0,1,"ROGERS, Mike Dennis",R000575,1958,,0.379,0.38,-133.41977,0.88568,1099,62,,0.389,0.33
114,House,21102,41,7,AL,100,0,1,"SEWELL, Terri",S001185,1965,,-0.402,0.394,-179.62293,0.84439,1062,86,,-0.398,0.437
114,House,21192,41,2,AL,200,0,1,"ROBY, Martha",R000591,1976,,0.362,0.658,-91.86721,0.91953,1095,33,,0.398,0.707
114,House,21193,41,5,AL,200,0,1,"BROOKS, Mo",B001274,1954,,0.652,-0.417,-269.31551,0.78593,1118,101,,0.919,-0.395
114,House,21376,41,1,AL,200,0,1,"BYRNE, Bradley",B001289,1955,,0.61,0.25,-119.59427,0.8968,1098,48,,0.518,0.253
114,House,21500,41,6,AL,200,0,1,"PALMER, Gary James",P000609,1954,,0.674,0.116,-125.60419,0.89391,1120,50,,0.782,-0.16
114,House,29701,41,4,AL,200,0,1,"ADERHOLT, Robert",A000055,1965,,0.405,0.469,-104.10894,0.91055,1111,47,,0.399,0.917
114,House,14066,81,1,AK,200,0,1,"YOUNG, Donald Edwin",Y000033,1933,2022.0,0.283,0.022,-171.48486,0.84919,1049,72,,0.291,0.205
114,House,20304,61,8,AZ,200,0,1,"FRANKS, Trent",F000448,1957,,0.749,0.087,-125.06434,0.89197,1094,45,,0.694,-0.044
114,House,20305,61,3,AZ,100,0,1,"GRIJALVA, Raúl M.",G000551,1948,,-0.598,-0.264,-91.2974,0.9168,1051,34,,-0.765,-0.442
114,House,20902,61,1,AZ,100,0,1,"KIRKPATRICK, Ann",K000368,1950,,-0.169,-0.01,-256.28555,0.78028,1033,119,,-0.25,0.173
114,House,21103,61,4,AZ,200,0,1,"GOSAR, Paul",G000565,1958,,0.704,-0.522,-150.18236,0.87051,1083,53,,0.762,-0.519
114,House,21105,61,6,AZ,200,0,1,"SCHWEIKERT, David",S001183,1962,,0.552,-0.221,-143.5076,0.87964,1119,61,,0.629,-0.393
114,House,21300,61,9,AZ,100,0,1,"SINEMA, Kyrsten",S001191,1976,,-0.105,0.076,-402.01537,0.69085,1087,178,,-0.11,0.135
114,House,21501,61,2,AZ,200,0,1,"McSALLY, Martha",M001197,1966,,0.345,0.027,-199.52463,0.83748,1125,95,,0.321,0.006
114,House,21502,61,7,AZ,100,0,1,"GALLEGO, Ruben",G000574,1979,,-0.358,0.141,-112.68817,0.90346,1110,39,,-0.483,-0.013
114,House,29500,61,5,AZ,200,0,1,"SALMON, Matthew James",S000018,1958,,0.673,-0.272,-162.72287,0.862,1092,62,,0.637,-0.32
114,House,21106,42,1,AR,200,0,1,"CRAWFORD, Rick",C001087,1966,,0.461,0.307,-98.14875,0.91336,1083,32,,0.432,0.364
114,House,21108,42,3,AR,200,0,1,"WOMACK, Steve",W000809,1957,,0.347,0.636,-64.80585,0.94402,1125,20,,0.346,0.838
114,House,21503,42,2,AR,200,0,1,"HILL, French",H001072,1956,,0.435,0.278,-116.72153,0.90111,1121,51,,0.466,0.177
114,House,21563,42,4,AR,200,0,1,"WESTERMAN, Bruce Eugene",W000821,1967,,0.543,0.26,-79.19131,0.93185,1122,32,,0.526,0.423
114,House,15448,71,12,CA,100,0,1,"PELOSI, Nancy",P000197,1940,,-0.489,-0.178,-62.56422,0.94151,1038,22,,-0.499,-0.001
114,House,15621,71,48,CA,200,0,1,"ROHRABACHER, Dana",R000409,1947,,0.626,-0.417,-166.27484,0.85995,1102,74,,0.612,-0.501
114,House,20103,71,17,CA,100,0,1,"HONDA, Mike",H001034,1941,,-0.529,-0.482,-57.09059,0.95,1113,27,,-0.528,-0.6
114,House,20104,71,28,CA,100,0,1,"SCHIFF, Adam",S001150,1960,,-0.352,-0.119,-83.58307,0.9279,1117,28,,-0.409,-0.052
114,House,20107,71,49,CA,200,0,1,"ISSA, Darrell",I000056,1953,,0.476,0.031,-143.63042,0.87612,1086,57,,0.501,-0.115
114,House,20108,71,53,CA,100,0,1,"DAVIS, Susan A.",D000598,1944,,-0.343,-0.103,-96.16715,0.91758,1118,33,,-0.384,0.071
114,House,20307,71,22,CA,200,0,1,"NUNES, Devin",N000181,1973,,0.45,0.223,-106.2503,0.90973,1123,46,,0.335,0.626
114,House,20310,71,38,CA,100,0,1,"SÁNCHEZ, Linda T.",S001156,1969,,-0.507,-0.131,-61.59984,0.94568,1103,29,,-0.507,-0.115
114,House,20501,71,16,CA,100,0,1,"COSTA, Jim",C001059,1952,,-0.199,0.449,-421.32335,0.67771,1083,216,,-0.149,0.348
114,House,20538,71,6,CA,100,0,1,"MATSUI, Doris",M001163,1944,,-0.433,-0.144,-68.83234,0.94019,1116,27,,-0.433,-0.099
114,House,20702,71,9,CA,100,0,1,"McNERNEY, Jerry",M001166,1951,,-0.263,-0.159,-134.30811,0.88545,1104,45,,-0.346,-0.114
114,House,20703,71,23,CA,200,0,1,"MCCARTHY, Kevin",M001165,1965,,0.453,0.233,-84.72801,0.92657,1111,42,,0.475,0.363
114,House,20762,71,14,CA,100,0,1,"SPEIER, Karen Lorraine Jacqueline (Jackie)",S001175,1950,,-0.381,-0.41,-88.73053,0.91792,1036,43,,-0.405,-0.311
114,House,20903,71,4,CA,200,0,1,"McCLINTOCK, Tom",M001177,1956,,0.67,-0.363,-128.19765,0.89194,1121,50,,0.711,-0.481
114,House,20955,71,27,CA,100,0,1,"CHU, Judy",C001080,1953,,-0.48,-0.373,-51.87633,0.95272,1071,22,,-0.501,-0.342
114,House,20958,71,3,CA,100,0,1,"GARAMENDI, John",G000559,1945,,-0.314,-0.098,-164.04671,0.85932,1082,59,,-0.289,-0.017
114,House,20963,71,50,CA,200,0,1,"HUNTER, Duncan Duane",H001048,1976,,0.539,0.085,-133.77429,0.88694,1115,62,,0.496,0.133
114,House,21109,71,10,CA,200,0,1,"DENHAM, Jeff",D000612,1967,,0.306,0.212,-166.05767,0.86186,1117,76,,0.26,0.182
114,House,21110,71,37,CA,100,0,1,"BASS, Karen",B001270,1953,,-0.584,-0.098,-91.00817,0.91504,1025,43,,-0.61,-0.057
114,House,21195,71,44,CA,100,0,1,"HAHN, Janice",H001063,1952,,-0.39,-0.376,-83.71876,0.926,1089,38,,-0.342,-0.364
114,House,21302,71,1,CA,200,0,1,"LaMALFA, Doug",L000578,1960,,0.542,0.007,-108.69326,0.90616,1103,39,,0.556,0.025
114,House,21303,71,2,CA,100,0,1,"HUFFMAN, Jared",H001068,1964,,-0.432,-0.512,-83.12376,0.92766,1107,39,,-0.442,-0.474
114,House,21304,71,7,CA,100,0,1,"BERA, Ami",B001287,1965,,-0.246,0.008,-169.84052,0.858,1109,79,,-0.248,0.031
114,House,21305,71,8,CA,200,0,1,"COOK, Paul",C001094,1943,,0.372,0.208,-112.52921,0.90318,1105,50,,0.39,0.266
114,House,21306,71,15,CA,100,0,1,"SWALWELL, Eric",S001193,1980,,-0.355,-0.05,-95.23061,0.91582,1083,46,,-0.36,-0.139
114,House,21307,71,21,CA,200,0,1,"VALADAO, David G.",V000129,1977,,0.255,0.435,-112.51827,0.90458,1122,53,,0.256,0.347
114,House,21308,71,26,CA,100,0,1,"BROWNLEY, Julia",B001285,1952,,-0.305,0.049,-154.14945,0.87131,1119,77,,-0.276,0.05
114,House,21309,71,29,CA,100,0,1,"CÁRDENAS, Tony",C001097,1963,,-0.39,-0.046,-109.95238,0.89921,1035,43,,-0.361,-0.095
114,House,21311,71,36,CA,100,0,1,"RUIZ, Raul",R000599,1972,,-0.262,0.047,-164.9029,0.8584,1080,65,,-0.289,0.136
114,House,21312,71,41,CA,100,0,1,"TAKANO, Mark",T000472,1960,,-0.456,-0.331,-87.36642,0.92528,1125,40,,-0.495,-0.271
114,House,21313,71,47,CA,100,0,1,"LOWENTHAL, Alan",L000579,1941,,-0.449,-0.384,-73.55304,0.93638,1119,27,,-0.397,-0.41
114,House,21314,71,51,CA,100,0,1,"VARGAS, Juan",V000130,1961,,-0.4,0.02,-133.77492,0.88713,1117,60,,-0.352,0.014
114,House,21315,71,52,CA,100,0,1,"PETERS, Scott",P000608,1958,,-0.193,-0.036,-234.56261,0.80921,1108,111,,-0.199,0.009
114,House,21504,71,11,CA,100,0,1,"DESAULNIER, Mark James",D000623,1952,,-0.512,-0.361,-66.18628,0.94222,1112,31,,-0.491,-0.269
114,House,21505,71,25,CA,200,0,1,"KNIGHT, Steve",K000387,1966,,0.397,0.188,-119.03516,0.89848,1112,50,,0.446,0.118
114,House,21506,71,31,CA,100,0,1,"AGUILAR, Peter Rey",A000371,1979,,-0.326,0.142,-177.97264,0.84936,1090,93,,-0.266,0.124
114,House,21507,71,33,CA,100,0,1,"LIEU, Ted",L000582,1969,,-0.373,-0.201,-106.55529,0.90126,1025,43,,-0.324,-0.494
114,House,21508,71,35,CA,100,0,1,"TORRES, Norma Judith",T000474,1965,,-0.364,0.071,-106.35447,0.90879,1112,46,,-0.368,0.042
114,House,21509,71,45,CA,200,0,1,"WALTERS, Mimi",W000820,1962,,0.433,0.177,-109.89569,0.90393,1088,42,,0.39,0.238
114,House,29106,71,43,CA,100,0,1,"WATERS, Maxine",W000187,1938,,-0.656,-0.094,-99.72936,0.90839,1038,38,,-0.571,-0.12
114,House,29312,71,18,CA,100,0,1,"ESHOO, Anna Georges",E000215,1942,,-0.379,-0.372,-75.54946,0.9338,1103,36,,-0.374,-0.297
114,House,29313,71,20,CA,100,0,1,"FARR, Sam",F000030,1941,,-0.455,-0.219,-107.70226,0.904,1067,46,,-0.494,-0.141
114,House,29316,71,34,CA,100,0,1,"BECERRA, Xavier",B000287,1958,,-0.512,-0.283,-79.99934,0.92783,1068,34,,-0.485,-0.456
114,House,29317,71,40,CA,100,0,1,"ROYBAL-ALLARD, Lucille",R000486,1941,,-0.469,-0.171,-58.22351,0.94894,1111,27,,-0.518,-0.046
114,House,29321,71,39,CA,200,0,1,"ROYCE, Edward Randall",R000487,1951,,0.657,-0.353,-199.56944,0.83598,1114,81,,0.485,-0.2
114,House,29323,71,42,CA,200,0,1,"CALVERT, Ken",C000059,1953,,0.339,0.278,-92.31778,0.9204,1113,28,,0.296,0.48
114,House,29504,71,19,CA,100,0,1,"LOFGREN, Zoe",L000397,1947,,-0.397,-0.402,-110.34929,0.89997,1047,51,,-0.409,-0.393
114,House,29707,71,30,CA,100,0,1,"SHERMAN, Brad",S000344,1954,,-0.344,-0.138,-143.20621,0.87967,1117,52,,-0.347,-0.017
114,House,29709,71,46,CA,100,0,1,"SANCHEZ, Loretta",S000030,1960,,-0.367,0.025,-108.19825,0.879,841,48,,-0.36,0.072
114,House,29774,71,24,CA,100,0,1,"CAPPS, Lois",C001036,1938,,-0.389,-0.227,-81.8492,0.927,1077,26,,-0.374,-0.219
114,House,29778,71,13,CA,100,0,1,"LEE, Barbara",L000551,1946,,-0.676,-0.582,-48.53142,0.95424,1036,15,,-0.638,-0.718
114,House,29901,71,5,CA,100,0,1,"THOMPSON, Michael",T000460,1951,,-0.392,0.071,-106.38155,0.90669,1086,44,,-0.368,-0.122
114,House,29903,71,32,CA,100,0,1,"NAPOLITANO, Grace Flores",N000179,1936,,-0.448,-0.247,-68.53756,0.93846,1079,24,,-0.545,-0.137
114,House,20704,62,5,CO,200,0,1,"LAMBORN, Doug",L000564,1954,,0.665,0.257,-75.7487,0.93292,1091,28,,0.653,0.231
114,House,20705,62,7,CO,100,0,1,"PERLMUTTER, Ed",P000593,1953,,-0.282,0.072,-154.74421,0.86708,1085,63,,-0.315,0.032
114,House,20904,62,2,CO,100,0,1,"POLIS, Jared",P000598,1975,,-0.278,-0.692,-208.88905,0.82832,1109,84,,-0.254,-0.967
114,House,20906,62,6,CO,200,0,1,"COFFMAN, Mike",C001077,1955,,0.492,-0.213,-187.53988,0.8457,1119,71,,0.461,-0.237
114,House,21111,62,3,CO,200,0,1,"TIPTON, Scott",T000470,1956,,0.451,-0.023,-132.05947,0.88859,1118,72,,0.526,-0.082
114,House,21510,62,4,CO,200,0,1,"BUCK, Kenneth Robert",B001297,1959,,0.655,-0.432,-141.88651,0.87505,1063,69,,0.729,-0.521
114,House,29710,62,1,CO,100,0,1,"DeGETTE, Diana",D000197,1957,,-0.431,-0.308,-80.28396,0.93053,1115,32,,-0.429,-0.171
114,House,20706,1,2,CT,100,0,1,"COURTNEY, Joe",C001069,1953,,-0.337,0.042,-109.53729,0.90611,1111,44,,-0.331,-0.007
114,House,20907,1,4,CT,100,0,1,"HIMES, James A.",H001047,1966,,-0.241,-0.207,-154.70011,0.87012,1112,63,,-0.26,-0.207
114,House,21316,1,5,CT,100,0,1,"ESTY, Elizabeth",E000293,1959,,-0.315,-0.078,-102.61756,0.91237,1119,39,,-0.312,-0.09
114,House,29109,1,3,CT,100,0,1,"DeLAURO, Rosa L.",D000216,1943,,-0.414,-0.107,-82.82761,0.92598,1077,25,,-0.424,-0.075
114,House,29908,1,1,CT,100,0,1,"LARSON, John B.",L000557,1948,,-0.396,-0.039,-106.51059,0.90567,1075,44,,-0.368,-0.049
114,House,21113,11,1,DE,100,0,1,"CARNEY, John C., Jr.",C001083,1956,,-0.256,-0.142,-141.76971,0.879,1100,57,,-0.275,-0.117
114,House,15634,43,27,FL,200,0,1,"ROS-LEHTINEN, Ileana",R000435,1952,,0.244,-0.225,-263.13497,0.78861,1108,135,,0.204,-0.142
114,House,20110,43,1,FL,200,0,1,"MILLER, Jefferson B. (Jeff)",M001144,1959,,0.633,0.155,-89.73545,0.921,1089,45,,0.618,0.059
114,House,20111,43,4,FL,200,0,1,"CRENSHAW, Ander",C001045,1944,,0.333,0.337,-89.92786,0.922,1109,23,,0.303,0.618
114,House,20316,43,25,FL,200,0,1,"DIAZ-BALART, Mario",D000600,1961,,0.281,0.162,-147.53997,0.87459,1101,57,,0.227,0.257
114,House,20504,43,23,FL,100,0,1,"WASSERMAN SCHULTZ, Debbie",W000797,1966,,-0.413,0.104,-86.07729,0.9202,1035,30,,-0.467,0.118
114,House,20708,43,14,FL,100,0,1,"CASTOR, Kathy",C001066,1966,,-0.437,0.072,-87.08045,0.92362,1096,43,,-0.429,-0.016
114,House,20709,43,16,FL,200,0,1,"BUCHANAN, Vernon G.",B001260,1951,,0.361,-0.08,-193.33665,0.8337,1063,77,,0.369,-0.16
114,House,20758,43,12,FL,200,0,1,"BILIRAKIS, Gus",B001257,1963,,0.423,-0.03,-127.2608,0.89241,1118,55,,0.519,-0.007
114,House,20908,43,9,FL,100,0,1,"GRAYSON, Alan",G000556,1958,,-0.363,-0.457,-179.64887,0.849,1099,63,,-0.333,-0.597
114,House,20909,43,8,FL,200,0,1,"POSEY, Bill",P000599,1947,,0.533,-0.353,-200.79616,0.836,1121,76,,0.601,-0.394
114,House,20910,43,17,FL,200,0,1,"ROONEY, Thomas J.",R000583,1970,,0.458,0.013,-134.07825,0.88305,1078,75,,0.458,0.061
114,House,20959,43,21,FL,100,0,1,"DEUTCH, Theodore E. (Ted)",D000610,1966,,-0.401,-0.078,-83.0382,0.92465,1060,31,,-0.428,-0.021
114,House,21115,43,11,FL,200,0,1,"NUGENT, Richard",N000185,1951,,0.483,0.077,-157.24613,0.851,973,75,,0.463,-0.073
114,House,21116,43,10,FL,200,0,1,"WEBSTER, Daniel A.",W000806,1949,,0.524,-0.076,-135.35322,0.88086,1067,52,,0.499,0.085
114,House,21117,43,15,FL,200,0,1,"ROSS, Dennis",R000593,1959,,0.531,0.099,-110.46737,0.90519,1109,42,,0.49,0.239
114,House,21118,43,24,FL,100,0,1,"WILSON, Frederica",W000808,1942,,-0.476,-0.004,-73.20769,0.93209,1041,28,,-0.509,0.05
114,House,21317,43,3,FL,200,0,1,"YOHO, Ted",Y000065,1955,,0.704,-0.365,-178.26393,0.85163,1110,74,,0.667,-0.511
114,House,21318,43,6,FL,200,0,1,"DeSANTIS, Ron",D000621,1978,,0.663,-0.105,-100.61049,0.9132,1108,56,,0.631,-0.135
114,House,21319,43,18,FL,100,0,1,"MURPHY, Patrick",M001191,1983,,-0.186,-0.026,-209.56091,0.824,1085,85,,-0.244,-0.019
114,House,21321,43,22,FL,100,0,1,"FRANKEL, Lois",F000462,1948,,-0.396,-0.022,-79.22292,0.93081,1105,27,,-0.428,-0.054
114,House,21377,43,19,FL,200,0,1,"CLAWSON, Curt",C001102,1959,,0.626,-0.509,-201.38303,0.824,1041,71,,0.587,-0.487
114,House,21401,43,13,FL,200,0,1,"JOLLY, David W.",J000296,1972,,0.23,0.058,-228.78436,0.807,1065,93,,0.23,0.043
114,House,21511,43,2,FL,100,0,1,"GRAHAM, Gwendolyn (Gwen)",G000575,1963,,-0.233,0.255,-239.05872,0.808,1124,96,,-0.236,0.271
114,House,21512,43,26,FL,200,0,1,"CURBELO, Carlos",C001107,1980,,0.211,-0.185,-267.40067,0.78437,1101,131,,0.192,-0.188
114,House,29328,43,5,FL,100,0,1,"BROWN, Corrine",B000911,1946,,-0.429,0.192,-108.58497,0.895,983,39,,-0.508,0.387
114,House,29331,43,7,FL,200,0,1,"MICA, John L.",M000689,1943,,0.453,0.137,-113.52337,0.904,1119,46,,0.443,0.191
114,House,29337,43,20,FL,100,0,1,"HASTINGS, Alcee Lamar",H000324,1936,2021.0,-0.564,0.157,-116.33132,0.88417,945,51,,-0.47,0.027
114,House,15431,44,5,GA,100,0,1,"LEWIS, John R.",L000287,1940,2020.0,-0.589,-0.221,-72.96987,0.93262,1046,35,,-0.538,-0.412
114,House,20321,44,13,GA,100,0,1,"SCOTT, David",S001157,1945,,-0.305,0.165,-175.71646,0.84829,1068,68,,-0.276,0.135
114,House,20505,44,6,GA,200,0,1,"PRICE, Tom",P000591,1954,,0.644,-0.073,-98.5592,0.91317,1085,56,,0.635,-0.081
114,House,20506,44,3,GA,200,0,1,"WESTMORELAND, Lynn A.",W000796,1950,,0.672,0.189,-145.79575,0.857,946,55,,0.597,-0.024
114,House,20712,44,4,GA,100,0,1,"JOHNSON, Hank",J000288,1954,,-0.478,-0.056,-126.8943,0.88991,1088,40,,-0.477,0.031
114,House,20962,44,14,GA,200,0,1,"GRAVES, Tom",G000560,1970,,0.716,-0.002,-103.2938,0.91053,1102,57,,0.632,0.036
114,House,21122,44,7,GA,200,0,1,"WOODALL, Rob",W000810,1970,,0.593,-0.173,-134.22985,0.886,1109,66,,0.597,-0.269
114,House,21123,44,8,GA,200,0,1,"SCOTT, Austin",S001189,1969,,0.539,0.358,-72.02987,0.9365,1098,21,,0.602,0.293
114,House,21323,44,9,GA,200,0,1,"COLLINS, Doug",C001093,1966,,0.61,0.134,-106.58377,0.90797,1104,55,,0.659,-0.025
114,House,21513,44,1,GA,200,0,1,"CARTER, Buddy",C001103,1957,,0.559,0.343,-100.66419,0.91338,1111,55,,0.551,0.272
114,House,21514,44,10,GA,200,0,1,"HICE, Jody Brownlow",H001071,1960,,0.797,-0.242,-103.53652,0.9114,1116,53,,0.713,-0.115
114,House,21515,44,11,GA,200,0,1,"LOUDERMILK, Barry D.",L000583,1963,,0.679,0.036,-111.47473,0.90321,1095,50,,0.668,-0.097
114,House,21516,44,12,GA,200,0,1,"ALLEN, Rick W.",A000372,1951,,0.69,0.274,-76.75319,0.93325,1111,27,,0.617,0.446
114,House,29339,44,2,GA,100,0,1,"BISHOP, Sanford Dixon, Jr.",B000490,1947,,-0.289,0.447,-268.7201,0.78413,1105,126,,-0.308,0.514
114,House,21124,82,1,HI,100,2,2,"HANABUSA, Colleen",H001050,1951,,-0.37,0.004,-0.91855,0.9708,31,0,,-0.515,0.34
114,House,21324,82,2,HI,100,0,1,"GABBARD, Tulsi",G000571,1981,,-0.274,-0.282,-164.23551,0.86349,1119,61,,-0.291,-0.23
114,House,21517,82,1,HI,100,1,1,"TAKAI, Mark",T000473,1967,2016.0,-0.363,-0.038,-63.51748,0.906,646,19,,-0.364,-0.028
114,House,21125,63,1,ID,200,0,1,"LABRADOR, Raúl R.",L000573,1967,,0.735,-0.571,-162.2669,0.86273,1099,72,,0.719,-0.667
114,House,29910,63,2,ID,200,0,1,"SIMPSON, Michael K.",S001148,1950,,0.296,0.314,-104.33421,0.9099,1105,40,,0.252,0.458
114,House,20508,21,3,IL,100,0,1,"LIPINSKI, Daniel",L000563,1966,,-0.227,0.176,-289.96139,0.76717,1094,113,,-0.219,0.188
114,House,20715,21,6,IL,200,0,1,"ROSKAM, Peter",R000580,1961,,0.429,0.018,-135.14474,0.88082,1065,61,,0.411,0.157
114,House,20749,21,11,IL,100,0,1,"FOSTER, Bill",F000454,1955,,-0.238,-0.224,-136.20531,0.8854,1119,57,,-0.279,-0.22
114,House,20914,21,18,IL,200,1,1,"SCHOCK, Aaron",S001179,1981,,0.311,0.185,-15.2141,0.871,110,9,,0.339,-0.161
114,House,20954,21,5,IL,100,0,1,"QUIGLEY, Mike",Q000023,1958,,-0.325,-0.226,-110.31526,0.90507,1106,48,,-0.333,-0.073
114,House,21128,21,16,IL,200,0,1,"KINZINGER, Adam",K000378,1978,,0.234,0.382,-127.78342,0.89208,1119,65,,0.252,0.235
114,House,21129,21,14,IL,200,0,1,"HULTGREN, Randy",H001059,1966,,0.49,-0.034,-112.10689,0.90435,1115,47,,0.479,0.087
114,House,21325,21,8,IL,100,0,1,"DUCKWORTH, Tammy",D000622,1968,,-0.345,0.056,-120.46249,0.88746,1009,54,,-0.304,0.078
114,House,21328,21,13,IL,200,0,1,"DAVIS, Rodney",D000619,1970,,0.279,0.17,-146.67929,0.87601,1108,70,,0.284,0.107
114,House,21329,21,17,IL,100,0,1,"BUSTOS, Cheri",B001286,1961,,-0.239,0.054,-147.71858,0.87633,1119,47,,-0.274,0.116
114,House,21371,21,2,IL,100,0,1,"KELLY, Robin L.",K000385,1956,,-0.473,-0.024,-80.02401,0.92675,1052,29,,-0.429,-0.071
114,House,21518,21,10,IL,200,0,1,"DOLD, Robert",D000613,1969,,0.176,-0.207,-292.99709,0.768,1112,142,,0.174,-0.205
114,House,21519,21,12,IL,200,0,1,"BOST, Mike",B001295,1960,,0.401,-0.046,-148.91762,0.8703,1072,79,,0.279,0.374
114,House,21562,21,18,IL,200,2,2,"LaHOOD, Darin",L000585,1968,,0.461,0.221,-67.13162,0.90652,684,26,,0.428,0.056
114,House,29346,21,1,IL,100,0,1,"RUSH, Bobby L.",R000515,1946,,-0.479,-0.203,-107.83655,0.88871,914,41,,-0.475,-0.106
114,House,29348,21,4,IL,100,0,1,"GUTIÉRREZ, Luis V.",G000535,1953,,-0.487,-0.26,-68.53368,0.93402,1004,34,,-0.507,-0.296
114,House,29717,21,7,IL,100,0,1,"DAVIS, Danny K.",D000096,1941,,-0.487,-0.266,-78.4605,0.92974,1077,27,,-0.505,0.009
114,House,29718,21,15,IL,200,0,1,"SHIMKUS, John M.",S000364,1958,,0.375,0.154,-102.05755,0.91276,1118,45,,0.325,0.428
114,House,29911,21,9,IL,100,0,1,"SCHAKOWSKY, Janice D.",S001145,1944,,-0.602,-0.289,-74.03484,0.93416,1087,33,,-0.58,-0.407
114,House,15124,22,1,IN,100,0,1,"VISCLOSKY, Peter",V000108,1949,,-0.402,0.244,-159.45054,0.8663,1111,70,,-0.453,0.068
114,House,20757,22,7,IN,100,0,1,"CARSON, André",C001072,1974,,-0.435,0.027,-119.81159,0.89751,1108,43,,-0.472,0.061
114,House,21100,22,3,IN,200,0,1,"STUTZMAN, Marlin",S001188,1976,,0.722,-0.094,-93.05326,0.91603,1061,41,,0.715,-0.221
114,House,21131,22,4,IN,200,0,1,"ROKITA, Todd",R000592,1970,,0.602,-0.16,-149.19175,0.87381,1106,57,,0.559,-0.225
114,House,21132,22,8,IN,200,0,1,"BUCSHON, Larry",B001275,1962,,0.38,0.385,-102.00409,0.9128,1118,55,,0.363,0.311
114,House,21133,22,9,IN,200,0,1,"YOUNG, Todd",Y000064,1972,,0.439,-0.024,-108.9451,0.90421,1082,44,,0.464,0.056
114,House,21330,22,2,IN,200,0,1,"WALORSKI, Jackie",W000813,1963,2022.0,0.436,0.315,-74.28323,0.93538,1112,29,,0.45,0.391
114,House,21331,22,5,IN,200,0,1,"BROOKS, Susan",B001284,1960,,0.352,0.217,-107.55346,0.90781,1112,48,,0.363,0.306
114,House,21332,22,6,IN,200,0,1,"MESSER, Luke",M001189,1969,,0.563,-0.086,-114.3569,0.90244,1114,46,,0.554,-0.124
114,House,20325,31,4,IA,200,0,1,"KING, Steve",K000362,1949,,0.613,0.171,-147.07589,0.87235,1077,46,,0.574,0.051
114,House,20720,31,2,IA,100,0,1,"LOEBSACK, Dave",L000565,1952,,-0.276,-0.027,-103.22539,0.91135,1112,37,,-0.32,-0.027
114,House,21520,31,1,IA,200,0,1,"BLUM, Rod",B001294,1955,,0.527,-0.488,-211.76219,0.82702,1115,74,,0.521,-0.427
114,House,21521,31,3,IA,200,0,1,"YOUNG, David",Y000066,1968,,0.442,-0.038,-143.93891,0.8799,1125,63,,0.443,0.04
114,House,20915,32,2,KS,200,0,1,"JENKINS, Lynn",J000290,1963,,0.523,0.004,-110.06119,0.90462,1098,49,,0.532,-0.001
114,House,21134,32,1,KS,200,0,1,"HUELSKAMP, Tim",H001057,1968,,0.744,-0.466,-167.58324,0.859,1103,69,,0.919,-0.395
114,House,21135,32,3,KS,200,0,1,"YODER, Kevin",Y000063,1976,,0.558,0.03,-118.67899,0.89851,1109,61,,0.556,-0.041
114,House,21136,32,4,KS,200,0,1,"POMPEO, Mike",P000602,1963,,0.66,0.164,-79.15451,0.92939,1081,28,,0.634,0.15
114,House,14854,51,5,KY,200,0,1,"ROGERS, Harold Dallas (Hal)",R000395,1937,,0.333,0.154,-91.98683,0.92068,1113,28,,0.298,0.709
114,House,20723,51,3,KY,100,0,1,"YARMUTH, John",Y000062,1947,,-0.378,-0.275,-71.77726,0.93337,1041,27,,-0.421,-0.349
114,House,20916,51,2,KY,200,0,1,"GUTHRIE, Brett",G000558,1964,,0.427,0.274,-90.74465,0.92191,1116,44,,0.522,0.294
114,House,21333,51,6,KY,200,0,1,"BARR, Garland H. (Andy) IV",B001282,1973,,0.489,0.29,-91.69156,0.92119,1117,47,,0.488,0.445
114,House,21565,51,1,KY,200,2,2,"COMER, James",C001108,1972,,0.592,-0.073,-1.92833,0.93969,31,1,,0.608,0.542
114,House,29525,51,1,KY,200,1,1,"WHITFIELD, Wayne Edward (Ed)",W000413,1943,,0.303,0.182,-161.20582,0.845,956,51,,0.308,0.2
114,House,31102,51,4,KY,200,0,1,"MASSIE, Thomas",M001184,1971,,0.662,-0.75,-391.97196,0.70338,1114,149,,0.991,-0.136
114,House,20514,45,3,LA,200,0,1,"BOUSTANY, Charles W.",B001255,1956,,0.392,0.308,-102.39446,0.912,1115,40,,0.364,0.703
114,House,20759,45,1,LA,200,0,1,"SCALISE, Steve",S001176,1965,,0.559,0.163,-88.24704,0.92358,1110,32,,0.517,0.296
114,House,20918,45,4,LA,200,0,1,"FLEMING, John",F000456,1951,,0.59,0.022,-134.43897,0.887,1116,70,,0.678,-0.179
114,House,21137,45,2,LA,100,0,1,"RICHMOND, Cedric",R000588,1973,,-0.486,0.332,-114.13501,0.89945,1077,53,,-0.489,0.32
114,House,21522,45,5,LA,200,0,1,"ABRAHAM, Ralph",A000374,1954,,0.541,0.257,-94.00727,0.9197,1123,34,,0.487,0.511
114,House,21523,45,6,LA,200,0,1,"GRAVES, Garret",G000577,1972,,0.425,0.049,-158.65064,0.86759,1117,68,,0.49,-0.076
114,House,20920,2,1,ME,100,0,1,"PINGREE, Chellie",P000597,1955,,-0.423,-0.36,-87.52216,0.92451,1115,40,,-0.386,-0.374
114,House,21524,2,2,ME,200,0,1,"POLIQUIN, Bruce Lee",P000611,1953,,0.36,-0.182,-267.95948,0.78755,1122,120,,0.371,-0.262
114,House,14873,52,5,MD,100,0,1,"HOYER, Steny Hamilton",H000874,1939,,-0.381,0.122,-93.07407,0.91765,1083,43,,-0.418,0.082
114,House,20329,52,2,MD,100,0,1,"RUPPERSBERGER, C. A. (Dutch)",R000576,1946,,-0.299,0.12,-175.57033,0.84945,1076,73,,-0.296,0.211
114,House,20330,52,8,MD,100,0,1,"VAN HOLLEN, Christopher",V000128,1959,,-0.398,-0.227,-64.28017,0.94294,1094,18,,-0.473,-0.182
114,House,20724,52,3,MD,100,0,1,"SARBANES, John",S001168,1962,,-0.466,-0.078,-60.197,0.94698,1105,29,,-0.495,-0.193
114,House,20763,52,4,MD,100,0,1,"EDWARDS, Donna F.",E000290,1958,,-0.562,-0.294,-71.33447,0.937,1097,33,,-0.474,-0.242
114,House,21139,52,1,MD,200,0,1,"HARRIS, Andy",H001052,1957,,0.674,-0.37,-137.90068,0.88386,1117,59,,0.681,-0.249
114,House,21334,52,6,MD,100,0,1,"DELANEY, John",D000620,1963,,-0.276,0.041,-176.33501,0.84608,1055,78,,-0.259,0.022
114,House,29587,52,7,MD,100,0,1,"CUMMINGS, Elijah Eugene",C000984,1951,2019.0,-0.438,-0.148,-59.84599,0.94705,1100,23,,-0.512,-0.112
114,House,15616,3,1,MA,100,0,1,"NEAL, Richard Edmund",N000015,1949,,-0.417,-0.105,-92.73383,0.91894,1097,51,,-0.392,-0.164
114,House,20119,3,8,MA,100,0,1,"LYNCH, Stephen F.",L000562,1955,,-0.342,0.048,-154.04065,0.86977,1104,66,,-0.346,0.003
114,House,20754,3,3,MA,100,0,1,"TSONGAS, Nicola S. (Niki)",T000465,1946,,-0.396,-0.199,-75.6907,0.93225,1079,27,,-0.385,-0.202
114,House,21140,3,9,MA,100,0,1,"KEATING, William R.",K000375,1952,,-0.329,-0.102,-142.95427,0.87844,1103,55,,-0.32,-0.034
114,House,21335,3,4,MA,100,0,1,"KENNEDY, Joseph P. III",K000379,1980,,-0.421,-0.206,-93.98987,0.91606,1072,36,,-0.443,-0.092
114,House,21375,3,5,MA,100,0,1,"CLARK, Katherine M.",C001101,1963,,-0.479,-0.259,-69.72702,0.93964,1120,36,,-0.476,-0.477
114,House,21525,3,6,MA,100,0,1,"MOULTON, Seth",M001196,1978,,-0.286,-0.044,-140.9664,0.88154,1118,58,,-0.337,0.017
114,House,29729,3,2,MA,100,0,1,"McGOVERN, James P.",M000312,1959,,-0.538,-0.344,-76.0469,0.93401,1114,37,,-0.46,-0.67
114,House,29919,3,7,MA,100,0,1,"CAPUANO, Michael Everett",C001037,1952,,-0.58,-0.082,-111.61555,0.90351,1100,62,,-0.443,-0.438
114,House,10713,23,13,MI,100,0,1,"CONYERS, John, Jr.",C000714,1929,2019.0,-0.658,-0.512,-101.50849,0.90981,1074,38,,-0.538,-0.303
114,House,15033,23,9,MI,100,0,1,"LEVIN, Sander Martin",L000263,1931,,-0.379,-0.091,-82.1549,0.92841,1106,30,,-0.434,-0.02
114,House,15446,23,6,MI,200,0,1,"UPTON, Frederick Stephen",U000031,1953,,0.32,-0.355,-209.65006,0.82998,1125,85,,0.31,-0.022
114,House,20331,23,10,MI,200,0,1,"MILLER, Candice S.",M001150,1954,,0.343,-0.001,-160.03739,0.859,1056,75,,0.384,0.028
114,House,20725,23,7,MI,200,0,1,"WALBERG, Tim",W000798,1951,,0.498,0.165,-96.53865,0.91727,1118,45,,0.513,0.215
114,House,21141,23,1,MI,200,0,1,"BENISHEK, Dan",B001271,1952,2021.0,0.491,-0.15,-198.80694,0.838,1122,105,,0.407,-0.042
114,House,21142,23,2,MI,200,0,1,"HUIZENGA, Bill",H001058,1969,,0.531,0.055,-118.22702,0.89721,1090,49,,0.596,-0.043
114,House,21143,23,3,MI,200,0,1,"AMASH, Justin",A000367,1980,,0.654,-0.757,-486.11045,0.6484,1122,175,,0.573,-0.82
114,House,21372,23,5,MI,100,0,1,"KILDEE, Dan",K000380,1958,,-0.359,-0.183,-84.62652,0.92582,1098,28,,-0.433,-0.164
114,House,21526,23,4,MI,200,0,1,"MOOLENAAR, John",M001194,1961,,0.447,0.173,-103.45584,0.91108,1111,42,,0.429,0.47
114,House,21527,23,8,MI,200,0,1,"BISHOP, Michael Dean",B001293,1967,,0.451,0.095,-122.50499,0.89639,1120,57,,0.437,0.129
114,House,21528,23,11,MI,200,0,1,"TROTT, David A.",T000475,1960,,0.369,0.257,-108.13286,0.90789,1119,44,,0.373,0.315
114,House,21529,23,12,MI,100,0,1,"DINGELL, Debbie",D000624,1953,,-0.402,-0.185,-83.18433,0.92697,1097,34,,-0.464,0.03
114,House,21530,23,14,MI,100,0,1,"LAWRENCE, Brenda L",L000581,1954,,-0.448,-0.039,-81.04925,0.92965,1111,34,,-0.455,-0.037
114,House,14263,33,8,MN,100,0,1,"NOLAN, Richard Michael",N000127,1943,2024.0,-0.372,-0.372,-183.48773,0.84389,1081,68,,-0.275,-0.325
114,House,20122,33,4,MN,100,0,1,"McCOLLUM, Betty",M001143,1954,,-0.419,-0.186,-91.45928,0.92084,1109,31,,-0.457,-0.077
114,House,20333,33,2,MN,200,0,1,"KLINE, John",K000363,1947,,0.49,0.154,-112.95818,0.904,1114,45,,0.394,0.302
114,House,20726,33,1,MN,100,0,1,"WALZ, Tim",W000799,1964,,-0.275,0.131,-195.44699,0.83895,1113,80,,-0.261,0.1
114,House,20727,33,5,MN,100,0,1,"ELLISON, Keith",E000288,1963,,-0.537,-0.58,-91.04381,0.91887,1076,35,,-0.481,-0.504
114,House,20924,33,3,MN,200,0,1,"PAULSEN, Erik",P000594,1965,,0.402,-0.191,-166.84159,0.86091,1114,77,,0.392,-0.128
114,House,21531,33,6,MN,200,0,1,"EMMER, Thomas Earl II",E000294,1961,,0.467,-0.068,-180.72237,0.85074,1118,78,,0.423,-0.079
114,House,29127,33,7,MN,100,0,1,"PETERSON, Collin Clark",P000258,1944,,-0.148,0.712,-460.60355,0.6616,1115,231,,-0.107,0.584
114,House,20925,46,3,MS,200,0,1,"HARPER, Gregg",H001045,1956,,0.384,0.48,-91.55113,0.92028,1102,36,,0.345,0.658
114,House,21147,46,1,MS,200,1,1,"NUNNELEE, Alan",N000186,1958,2015.0,0.488,0.574,,,,,,,
114,House,21148,46,4,MS,200,0,1,"PALAZZO, Steven",P000601,1970,,0.535,0.45,-109.4719,0.90318,1075,63,,0.487,0.495
114,House,21561,46,1,MS,200,2,2,"KELLY, Trent",K000388,1966,,0.637,0.292,-77.4153,0.91084,829,33,,0.542,0.384
114,House,29368,46,2,MS,100,0,1,"THOMPSON, Bennie",T000193,1948,,-0.519,0.39,-119.58014,0.89519,1080,56,,-0.534,0.293
114,House,20124,34,6,MO,200,0,1,"GRAVES, Samuel",G000546,1963,,0.449,0.162,-135.30532,0.87953,1054,57,,0.376,0.233
114,House,20147,34,1,MO,100,0,1,"CLAY, William Lacy, Jr.",C001049,1956,,-0.481,-0.078,-106.88393,0.90635,1087,38,,-0.483,0.106
114,House,20517,34,5,MO,100,0,1,"CLEAVER, Emanuel, II",C001061,1944,,-0.454,0.0,-100.79676,0.90529,1013,36,,-0.488,0.069
114,House,20926,34,3,MO,200,0,1,"LUETKEMEYER, Blaine",L000569,1952,,0.45,0.247,-86.58372,0.9247,1106,37,,0.429,0.36
114,House,21149,34,4,MO,200,0,1,"HARTZLER, Vicky",H001053,1960,,0.478,0.229,-95.63314,0.91809,1119,43,,0.509,0.535
114,House,21150,34,7,MO,200,0,1,"LONG, Billy",L000576,1955,,0.544,0.244,-88.40148,0.92106,1075,38,,0.505,0.53
114,House,21337,34,2,MO,200,0,1,"WAGNER, Ann",W000812,1962,,0.391,0.301,-91.09851,0.91697,1051,33,,0.44,0.269
114,House,21373,34,8,MO,200,0,1,"SMITH, Jason",S001195,1980,,0.577,0.202,-81.89695,0.92918,1115,42,,0.609,0.138
114,House,21532,64,1,MT,200,0,1,"ZINKE, Ryan",Z000018,1961,,0.441,-0.13,-194.33552,0.83846,1103,63,,0.412,-0.097
114,House,20518,35,1,NE,200,0,1,"FORTENBERRY, Jeff",F000449,1960,,0.304,-0.061,-189.39435,0.84327,1111,80,,0.318,-0.007
114,House,20729,35,3,NE,200,0,1,"SMITH, Adrian",S001172,1970,,0.509,0.255,-80.46224,0.93038,1115,26,,0.557,0.353
114,House,21533,35,2,NE,100,0,1,"ASHFORD, John Bradley",A000373,1949,2022.0,-0.185,0.441,-325.13112,0.746,1112,137,,-0.181,0.427
114,House,20927,65,1,NV,100,0,1,"TITUS, Alice (Dina)",T000468,1950,,-0.297,-0.159,-113.81182,0.89883,1067,40,,-0.297,-0.252
114,House,21151,65,3,NV,200,0,1,"HECK, Joe",H001055,1961,,0.324,0.014,-170.65291,0.853,1074,83,,0.364,-0.073
114,House,21196,65,2,NV,200,0,1,"AMODEI, Mark E.",A000369,1958,,0.384,0.211,-113.49173,0.89801,1055,44,,0.323,0.459
114,House,21534,65,4,NV,200,0,1,"HARDY, Cresent Leo",H001070,1957,,0.353,0.209,-119.1218,0.897,1099,51,,0.353,0.203
114,House,21340,4,2,NH,100,0,1,"KUSTER, Ann McLane",K000382,1956,,-0.264,-0.086,-128.60191,0.89125,1117,50,,-0.257,-0.129
114,House,21535,4,1,NH,200,0,1,"GUINTA, Frank",G000570,1970,,0.427,-0.073,-156.51923,0.868,1110,61,,0.429,-0.088
114,House,14863,12,4,NJ,200,0,1,"SMITH, Christopher Henry",S000522,1953,,0.183,-0.173,-300.78477,0.76319,1113,122,,0.278,-0.147
114,House,15454,12,6,NJ,100,0,1,"PALLONE, Frank, Jr.",P000034,1951,,-0.402,-0.162,-90.25508,0.92164,1106,46,,-0.454,-0.405
114,House,20336,12,5,NJ,200,0,1,"GARRETT, Scott",G000548,1959,,0.688,-0.243,-161.0892,0.864,1099,76,,0.622,-0.476
114,House,20542,12,8,NJ,100,0,1,"SIRES, Albio",S001165,1951,,-0.404,0.098,-149.28821,0.86977,1070,67,,-0.361,0.095
114,House,20929,12,7,NJ,200,0,1,"LANCE, Leonard",L000567,1952,,0.329,-0.237,-214.44596,0.82645,1125,110,,0.374,-0.144
114,House,21536,12,1,NJ,100,0,1,"NORCROSS, Donald",N000188,1958,,-0.42,0.339,-131.89459,0.88787,1109,64,,-0.375,0.225
114,House,21537,12,3,NJ,200,0,1,"MacARTHUR, Thomas Charles",M001193,1960,,0.206,0.274,-174.19264,0.85513,1113,75,,0.207,0.259
114,House,21538,12,12,NJ,100,0,1,"WATSON COLEMAN, Bonnie",W000822,1945,,-0.594,-0.223,-74.96373,0.93498,1115,38,,-0.525,-0.427
114,House,29539,12,2,NJ,200,0,1,"LoBIONDO, Frank A.",L000554,1946,,0.211,-0.224,-257.13908,0.79567,1125,119,,0.233,-0.195
114,House,29541,12,11,NJ,200,0,1,"FRELINGHUYSEN, Rodney P.",F000372,1946,,0.292,-0.262,-220.45187,0.82133,1120,85,,0.266,0.412
114,House,29741,12,9,NJ,100,0,1,"PASCRELL, William J., Jr.",P000096,1937,2024.0,-0.369,-0.004,-113.17023,0.90232,1101,40,,-0.409,0.04
114,House,31103,12,10,NJ,100,0,1,"PAYNE, Donald, Jr.",P000604,1958,2024.0,-0.52,-0.096,-76.05605,0.91999,912,30,,-0.524,-0.084
114,House,20337,66,2,NM,200,0,1,"PEARCE, Stevan",P000588,1947,,0.472,0.064,-153.22132,0.86518,1058,70,,0.509,0.003
114,House,20932,66,3,NM,100,0,1,"LUJÁN, Ben Ray",L000570,1972,,-0.38,0.032,-112.7988,0.90378,1115,41,,-0.388,0.108
114,House,21341,66,1,NM,100,0,1,"LUJAN GRISHAM, Michelle",L000580,1959,,-0.313,0.047,-131.90424,0.88422,1072,48,,-0.362,0.179
114,House,13035,13,13,NY,100,0,1,"RANGEL, Charles B.",R000053,1930,,-0.514,-0.341,-100.02235,0.911,1077,41,,-0.498,-0.088
114,House,15444,13,25,NY,100,0,1,"SLAUGHTER, Louise McIntosh",S000480,1929,2018.0,-0.465,-0.104,-87.21867,0.92424,1107,40,,-0.485,-0.096
114,House,15603,13,16,NY,100,0,1,"ENGEL, Eliot Lance",E000179,1947,,-0.408,-0.093,-130.45409,0.88369,1055,42,,-0.429,0.072
114,House,15612,13,17,NY,100,0,1,"LOWEY, Nita M.",L000480,1937,2025.0,-0.389,-0.152,-97.13492,0.9165,1114,43,,-0.404,-0.021
114,House,20129,13,3,NY,100,0,1,"ISRAEL, Steve",I000057,1958,,-0.334,-0.051,-92.75235,0.919,1101,51,,-0.394,0.009
114,House,20519,13,26,NY,100,0,1,"HIGGINS, Brian",H001038,1959,,-0.348,-0.032,-100.04777,0.91381,1110,36,,-0.362,-0.127
114,House,20733,13,9,NY,100,0,1,"CLARKE, Yvette Diane",C001067,1964,,-0.606,-0.263,-71.21043,0.9377,1107,33,,-0.594,-0.401
114,House,20934,13,20,NY,100,0,1,"TONKO, Paul",T000469,1949,,-0.416,-0.263,-84.56676,0.92613,1102,30,,-0.434,-0.273
114,House,21101,13,23,NY,200,0,1,"REED, Thomas W. II",R000585,1971,,0.269,0.12,-144.08472,0.87785,1106,64,,0.278,0.161
114,House,21156,13,19,NY,200,0,1,"GIBSON, Christopher",G000564,1964,,0.203,-0.455,-347.40836,0.733,1117,178,,0.205,-0.371
114,House,21157,13,22,NY,200,0,1,"HANNA, Richard",H001051,1951,2020.0,0.215,-0.145,-258.38534,0.777,1024,119,,0.199,-0.158
114,House,21342,13,6,NY,100,0,1,"MENG, Grace",M001188,1975,,-0.37,-0.207,-96.39683,0.91529,1089,33,,-0.38,-0.127
114,House,21343,13,8,NY,100,0,1,"JEFFRIES, Hakeem",J000294,1970,,-0.482,-0.063,-61.33845,0.94533,1091,26,,-0.481,-0.092
114,House,21344,13,18,NY,100,0,1,"MALONEY, Sean Patrick",M001185,1966,,-0.239,0.114,-196.9234,0.8373,1109,89,,-0.258,0.114
114,House,21345,13,27,NY,200,0,1,"COLLINS, Chris",C001092,1950,,0.357,0.236,-111.64046,0.90366,1102,49,,0.358,0.225
114,House,21539,13,1,NY,200,0,1,"ZELDIN, Lee M",Z000017,1980,,0.397,-0.129,-204.76749,0.83291,1120,82,,0.331,-0.071
114,House,21540,13,4,NY,100,0,1,"RICE, Kathleen Maura",R000602,1965,,-0.28,0.039,-152.03764,0.86754,1070,77,,-0.271,-0.09
114,House,21541,13,21,NY,200,0,1,"STEFANIK, Elise M",S001196,1984,,0.307,-0.109,-212.5862,0.82768,1124,83,,0.204,0.077
114,House,21542,13,24,NY,200,0,1,"KATKO, John",K000386,1962,,0.185,0.013,-235.72378,0.80913,1113,102,,0.197,-0.025
114,House,21560,13,11,NY,200,2,2,"DONOVAN, Daniel M., Jr.",D000625,1956,,0.227,0.095,-150.92566,0.84794,915,58,,0.217,0.144
114,House,29134,13,15,NY,100,0,1,"SERRANO, José E.",S000248,1943,,-0.491,-0.377,-63.82062,0.94456,1119,36,,-0.471,-0.31
114,House,29375,13,2,NY,200,0,1,"KING, Peter T.",K000210,1944,,0.259,-0.03,-174.63569,0.85538,1118,57,,0.22,0.255
114,House,29377,13,10,NY,100,0,1,"NADLER, Jerrold Lewis",N000002,1947,,-0.507,-0.478,-77.01874,0.92835,1036,41,,-0.47,-0.406
114,House,29378,13,7,NY,100,0,1,"VELÁZQUEZ, Nydia M.",V000081,1953,,-0.547,-0.37,-63.08714,0.94489,1113,25,,-0.503,-0.33
114,House,29379,13,12,NY,100,0,1,"MALONEY, Carolyn Bosher",M000087,1946,,-0.387,-0.285,-96.70271,0.91382,1073,36,,-0.378,-0.12
114,House,29776,13,5,NY,100,0,1,"MEEKS, Gregory W.",M001137,1953,,-0.415,-0.062,-100.62182,0.90233,979,31,,-0.397,0.006
114,House,29925,13,14,NY,100,0,1,"CROWLEY, Joseph",C001038,1962,,-0.412,-0.07,-82.14485,0.92715,1086,31,,-0.401,-0.129
114,House,15438,47,4,NC,100,0,1,"PRICE, David Eugene",P000523,1940,,-0.343,-0.03,-86.29227,0.92409,1093,28,,-0.447,0.015
114,House,20340,47,1,NC,100,0,1,"BUTTERFIELD, George Kenneth, Jr. (G.K.)",B001251,1947,,-0.404,0.184,-92.79278,0.91752,1078,32,,-0.441,0.183
114,House,20521,47,5,NC,200,0,1,"FOXX, Virginia Ann",F000450,1943,,0.624,0.174,-142.10713,0.87891,1101,70,,0.566,-0.095
114,House,20522,47,10,NC,200,0,1,"McHENRY, Patrick T.",M001156,1975,,0.524,0.156,-93.34562,0.91997,1119,35,,0.506,0.337
114,House,21159,47,2,NC,200,0,1,"ELLMERS, Renee",E000291,1964,,0.406,0.338,-143.7411,0.868,1018,63,,0.384,0.172
114,House,21346,47,8,NC,200,0,1,"HUDSON, Richard",H001067,1971,,0.524,0.205,-96.25442,0.91256,1052,41,,0.647,0.146
114,House,21347,47,9,NC,200,0,1,"PITTENGER, Robert",P000606,1948,,0.561,0.333,-87.25441,0.92421,1107,43,,0.535,0.291
114,House,21348,47,11,NC,200,0,1,"MEADOWS, Mark",M001187,1959,,0.605,-0.201,-126.69667,0.89213,1110,55,,0.62,-0.198
114,House,21349,47,13,NC,200,0,1,"HOLDING, George E.B.",H001065,1968,,0.604,0.165,-98.43318,0.91594,1121,51,,0.652,0.039
114,House,21543,47,6,NC,200,0,1,"WALKER, Bradley Mark",W000819,1969,,0.641,0.017,-98.37573,0.91475,1104,40,,0.619,-0.006
114,House,21544,47,7,NC,200,0,1,"ROUZER, David",R000603,1972,,0.567,0.284,-96.54751,0.91762,1123,51,,0.609,0.102
114,House,21545,47,12,NC,100,0,1,"ADAMS, Alma",A000370,1946,,-0.464,-0.003,-54.84516,0.94863,1040,23,,-0.475,0.017
114,House,29546,47,3,NC,200,0,1,"JONES, Walter Beaman, Jr.",J000255,1943,2019.0,0.244,-0.362,-1060.08808,0.37778,1089,411,,0.416,-0.909
114,House,21350,36,1,ND,200,0,1,"CRAMER, Kevin",C001096,1961,,0.4,0.367,-98.96675,0.91381,1098,40,,0.396,0.263
114,House,15029,24,9,OH,100,0,1,"KAPTUR, Marcia Carolyn (Marcy)",K000009,1946,,-0.341,0.132,-143.45619,0.87518,1076,43,,-0.387,0.01
114,House,20130,24,12,OH,200,0,1,"TIBERI, Patrick (Pat)",T000462,1962,,0.386,-0.026,-121.38741,0.8947,1091,57,,0.349,0.302
114,House,20342,24,10,OH,200,0,1,"TURNER, Michael R.",T000463,1960,,0.265,0.259,-110.78183,0.90138,1067,50,,0.246,0.426
114,House,20343,24,13,OH,100,0,1,"RYAN, Timothy J.",R000577,1973,,-0.402,0.208,-126.95156,0.88939,1083,66,,-0.381,0.036
114,House,20738,24,4,OH,200,0,1,"JORDAN, Jim",J000289,1964,,0.712,-0.182,-120.75308,0.89692,1110,71,,0.744,-0.415
114,House,20755,24,5,OH,200,0,1,"LATTA, Robert E.",L000566,1956,,0.508,0.288,-80.31137,0.93074,1119,30,,0.541,0.216
114,House,20941,24,11,OH,100,0,1,"FUDGE, Marcia L.",F000455,1952,,-0.581,0.14,-93.47519,0.91803,1093,48,,-0.532,0.057
114,House,21162,24,6,OH,200,0,1,"JOHNSON, Bill",J000292,1954,,0.436,0.235,-101.11137,0.91375,1121,50,,0.383,0.435
114,House,21163,24,15,OH,200,0,1,"STIVERS, Steve",S001187,1965,,0.3,0.269,-104.0801,0.9078,1076,46,,0.314,0.344
114,House,21164,24,16,OH,200,0,1,"RENACCI, Jim",R000586,1958,,0.387,0.143,-143.40055,0.87932,1115,80,,0.372,0.18
114,House,21165,24,7,OH,200,0,1,"GIBBS, Bob",G000563,1954,,0.484,0.284,-90.15862,0.92272,1121,48,,0.486,0.347
114,House,21351,24,2,OH,200,0,1,"WENSTRUP, Brad",W000815,1958,,0.527,0.289,-108.4281,0.9071,1112,45,,0.594,0.146
114,House,21352,24,3,OH,100,0,1,"BEATTY, Joyce",B001281,1950,,-0.439,0.018,-82.17954,0.92851,1108,22,,-0.437,0.11
114,House,21353,24,14,OH,200,0,1,"JOYCE, David",J000295,1957,,0.25,0.314,-123.06401,0.8937,1095,55,,0.273,0.22
114,House,21564,24,8,OH,200,2,2,"DAVIDSON, Warren",D000626,1970,,0.652,-0.37,-33.74419,0.88684,281,14,,0.733,-0.191
114,House,29137,24,8,OH,200,1,1,"BOEHNER, John Andrew",B000589,1949,,0.513,0.04,,,,,,0.149,0.91
114,House,29550,24,1,OH,200,0,1,"CHABOT, Steve",C000266,1953,,0.542,-0.137,-85.98981,0.92635,1124,27,,0.618,0.183
114,House,20344,53,4,OK,200,0,1,"COLE, Tom",C001053,1949,,0.323,0.413,-91.33833,0.92101,1110,26,,0.284,0.495
114,House,21354,53,1,OK,200,0,1,"BRIDENSTINE, Jim",B001283,1975,,0.689,-0.157,-132.75408,0.88737,1111,52,,0.651,-0.126
114,House,21355,53,2,OK,200,0,1,"MULLIN, Markwayne",M001190,1977,,0.531,0.251,-93.18985,0.91989,1116,44,,0.461,0.607
114,House,21546,53,5,OK,200,0,1,"RUSSELL, Steve",R000604,1963,,0.473,-0.183,-201.39297,0.83353,1106,66,,0.453,-0.021
114,House,29393,53,3,OK,200,0,1,"LUCAS, Frank D.",L000491,1960,,0.361,0.453,-75.1992,0.93529,1124,28,,0.351,0.537
114,House,15410,72,4,OR,100,0,1,"DeFAZIO, Peter Anthony",D000191,1947,,-0.427,-0.002,-232.79645,0.79805,1032,92,,-0.269,-0.366
114,House,20944,72,5,OR,100,0,1,"SCHRADER, Kurt",S001180,1951,,-0.182,0.054,-427.7314,0.67591,1092,188,,-0.156,-0.034
114,House,21198,72,1,OR,100,0,1,"BONAMICI, Suzanne",B001278,1954,,-0.4,-0.416,-80.02249,0.93026,1107,45,,-0.404,-0.385
114,House,29588,72,3,OR,100,0,1,"BLUMENAUER, Earl",B000574,1948,,-0.426,-0.626,-130.44538,0.88721,1090,53,,-0.388,-0.751
114,House,29932,72,2,OR,200,0,1,"WALDEN, Greg",W000791,1957,,0.333,-0.011,-112.26439,0.90479,1122,39,,0.348,0.12
114,House,20134,14,9,PA,200,0,1,"SHUSTER, William (Bill)",S001154,1961,,0.374,0.323,-106.33063,0.9092,1117,46,,0.323,0.403
114,House,20346,14,18,PA,200,0,1,"MURPHY, Timothy",M001151,1952,,0.258,0.198,-139.20934,0.88263,1115,59,,0.339,0.225
114,House,20524,14,8,PA,200,0,1,"FITZPATRICK, Michael G.",F000451,1963,2020.0,0.202,-0.186,-278.04712,0.774,1083,134,,0.221,-0.134
114,House,20526,14,15,PA,200,0,1,"DENT, Charles W.",D000604,1960,,0.244,-0.085,-208.8752,0.83041,1124,84,,0.225,0.071
114,House,20946,14,5,PA,200,0,1,"THOMPSON, Glenn",T000467,1959,,0.335,0.338,-152.54395,0.87288,1122,65,,0.322,0.187
114,House,21167,14,3,PA,200,0,1,"KELLY, Mike",K000376,1948,,0.379,0.395,-106.39958,0.90945,1121,42,,0.327,0.605
114,House,21168,14,7,PA,200,0,1,"MEEHAN, Patrick",M001181,1955,,0.22,0.076,-216.11429,0.82423,1118,101,,0.226,0.021
114,House,21170,14,10,PA,200,0,1,"MARINO, Thomas A.",M001179,1952,,0.352,0.477,-84.04382,0.92308,1050,26,,0.342,0.78
114,House,21171,14,11,PA,200,0,1,"BARLETTA, Lou",B001269,1956,,0.278,0.393,-122.93741,0.8901,1056,48,,0.306,0.421
114,House,21356,14,4,PA,200,0,1,"PERRY, Scott",P000605,1962,,0.685,-0.491,-137.9963,0.88388,1118,62,,0.681,-0.459
114,House,21357,14,12,PA,200,0,1,"ROTHFUS, Keith",R000598,1962,,0.498,0.044,-96.20051,0.91741,1116,43,,0.524,0.093
114,House,21358,14,17,PA,100,0,1,"CARTWRIGHT, Matt",C001090,1961,,-0.344,0.042,-118.97756,0.89775,1103,45,,-0.395,-0.01
114,House,21547,14,6,PA,200,0,1,"COSTELLO, Ryan",C001106,1976,,0.217,-0.055,-208.60672,0.82895,1112,99,,0.21,-0.055
114,House,21548,14,13,PA,100,0,1,"BOYLE, Brendan Francis",B001296,1977,,-0.381,0.146,-131.43609,0.88541,1080,59,,-0.361,0.039
114,House,21566,14,2,PA,100,2,2,"EVANS, Dwight",E000296,1954,,-0.47,-0.152,-3.51863,0.88933,30,1,,-0.26,-0.13
114,House,29559,14,2,PA,100,1,1,"FATTAH, Chaka",F000043,1956,,-0.472,-0.054,-58.07576,0.919,687,22,,-0.436,-0.193
114,House,29561,14,14,PA,100,0,1,"DOYLE, Michael F.",D000482,1953,,-0.331,0.099,-134.53925,0.88257,1077,51,,-0.403,0.014
114,House,29752,14,16,PA,200,0,1,"PITTS, Joseph R.",P000373,1939,,0.538,0.012,-115.46484,0.9,1098,49,,0.492,0.093
114,House,29777,14,1,PA,100,0,1,"BRADY, Robert A.",B001227,1945,,-0.484,0.225,-89.61206,0.91966,1070,47,,-0.459,0.013
114,House,20136,5,2,RI,100,0,1,"LANGEVIN, James",L000559,1964,,-0.375,0.114,-121.23063,0.89671,1112,57,,-0.373,0.102
114,House,21172,5,1,RI,100,0,1,"CICILLINE, David N.",C001084,1961,,-0.389,-0.262,-70.69214,0.93825,1109,25,,-0.386,-0.276
114,House,20138,48,2,SC,200,0,1,"WILSON, Addison Graves (Joe)",W000795,1947,,0.53,0.161,-83.42003,0.92773,1112,32,,0.513,0.509
114,House,21174,48,3,SC,200,0,1,"DUNCAN, Jeff",D000615,1966,,0.695,-0.095,-129.4649,0.88762,1086,49,,0.683,-0.303
114,House,21175,48,4,SC,200,0,1,"GOWDY, Trey",G000566,1964,,0.655,-0.002,-70.87642,0.93602,1072,26,,0.641,0.134
114,House,21176,48,5,SC,200,0,1,"MULVANEY, Mick",M001182,1967,,0.75,-0.592,-143.49656,0.87654,1089,77,,0.739,-0.674
114,House,21359,48,7,SC,200,0,1,"RICE, Tom",R000597,1957,,0.558,-0.217,-165.19668,0.86229,1115,76,,0.563,-0.297
114,House,29565,48,1,SC,200,0,1,"SANFORD, Mark",S000051,1960,,0.686,-0.728,-272.18674,0.78115,1102,132,,0.919,-0.395
114,House,39301,48,6,SC,100,0,1,"CLYBURN, James Enos",C000537,1940,,-0.467,0.246,-91.99429,0.91776,1072,47,,-0.487,0.232
114,House,21177,37,1,SD,200,0,1,"NOEM, Kristi",N000184,1971,,0.398,0.326,-113.04443,0.90259,1103,58,,0.417,0.353
114,House,15019,54,5,TN,100,0,1,"COOPER, James Hayes Shofner",C000754,1954,,-0.164,-0.033,-362.1534,0.72119,1108,143,,-0.171,0.026
114,House,15455,54,2,TN,200,0,1,"DUNCAN, John J., Jr.",D000533,1947,,0.604,-0.476,-351.9388,0.72787,1108,132,,0.919,-0.395
114,House,20351,54,7,TN,200,0,1,"BLACKBURN, Marsha",B001243,1952,,0.632,0.141,-72.20823,0.93618,1095,22,,0.668,0.172
114,House,20748,54,9,TN,100,0,1,"COHEN, Stephen",C001068,1949,,-0.389,-0.294,-122.02131,0.89473,1097,49,,-0.343,-0.489
114,House,20947,54,1,TN,200,0,1,"ROE, David P. (Phil)",R000582,1945,,0.486,0.024,-82.32968,0.92296,1027,34,,0.578,0.056
114,House,21178,54,3,TN,200,0,1,"FLEISCHMANN, Chuck",F000459,1962,,0.432,0.395,-92.67252,0.92052,1119,46,,0.488,0.395
114,House,21179,54,4,TN,200,0,1,"DESJARLAIS, Scott",D000616,1964,,0.578,-0.043,-130.71881,0.8858,1078,54,,0.703,-0.336
114,House,21180,54,6,TN,200,0,1,"BLACK, Diane",B001273,1951,,0.58,0.219,-72.9603,0.93403,1069,22,,0.623,0.289
114,House,21181,54,8,TN,200,0,1,"FINCHER, Stephen Lee",F000458,1973,,0.526,0.181,-99.54881,0.889,845,43,,0.5,0.107
114,House,15085,49,6,TX,200,0,1,"BARTON, Joe Linus",B000213,1949,,0.528,0.047,-112.83661,0.90242,1099,49,,0.489,0.184
114,House,15445,49,21,TX,200,0,1,"SMITH, Lamar Seeligson",S000583,1947,,0.425,0.061,-109.8227,0.90564,1108,48,,0.57,0.244
114,House,20139,49,7,TX,200,0,1,"CULBERSON, John",C001048,1956,,0.503,0.366,-123.50565,0.89118,1072,54,,0.515,0.241
114,House,20352,49,5,TX,200,0,1,"HENSARLING, Jeb",H001036,1957,,0.703,0.04,-77.32516,0.93288,1113,29,,0.641,0.206
114,House,20353,49,19,TX,200,0,1,"NEUGEBAUER, Randy",N000182,1949,,0.628,0.322,-79.75961,0.931,1117,32,,0.665,0.158
114,House,20355,49,26,TX,200,0,1,"BURGESS, Michael C.",B001248,1950,,0.565,-0.164,-176.34666,0.85432,1120,87,,0.671,-0.452
114,House,20356,49,31,TX,200,0,1,"CARTER, John R.",C001051,1941,,0.487,0.547,-85.64371,0.92182,1052,47,,0.48,0.877
114,House,20527,49,1,TX,200,0,1,"GOHMERT, Louie",G000552,1953,,0.644,-0.406,-152.48577,0.86695,1068,64,,0.724,-0.438
114,House,20528,49,2,TX,200,0,1,"POE, Ted",P000592,1948,,0.594,-0.029,-154.06585,0.85116,956,72,,0.537,-0.192
114,House,20529,49,9,TX,100,0,1,"GREEN, Al",G000553,1947,,-0.447,0.261,-130.66406,0.88723,1092,58,,-0.469,0.33
114,House,20530,49,10,TX,200,0,1,"McCAUL, Michael T.",M001157,1962,,0.411,0.176,-111.62923,0.90416,1108,47,,0.505,0.318
114,House,20531,49,11,TX,200,0,1,"CONAWAY, K. Michael",C001062,1948,,0.593,0.367,-84.27458,0.92783,1125,33,,0.582,0.296
114,House,20532,49,24,TX,200,0,1,"MARCHANT, Kenny",M001158,1951,,0.6,0.154,-98.0964,0.91224,1068,44,,0.634,0.063
114,House,20533,49,28,TX,100,0,1,"CUELLAR, Henry",C001063,1955,,-0.225,0.646,-288.51669,0.76688,1087,123,,-0.24,0.765
114,House,20948,49,22,TX,200,0,1,"OLSON, Pete",O000168,1962,,0.548,0.308,-69.52697,0.93918,1108,21,,0.602,0.249
114,House,21182,49,17,TX,200,0,1,"FLORES, Bill",F000461,1954,,0.572,0.293,-76.94507,0.93309,1111,40,,0.61,0.29
114,House,21184,49,27,TX,200,0,1,"FARENTHOLD, Blake",F000460,1961,,0.548,0.016,-134.64619,0.88673,1120,64,,0.585,-0.133
114,House,21360,49,14,TX,200,0,1,"WEBER, Randy",W000814,1953,,0.72,0.023,-170.26811,0.8592,1122,71,,0.644,-0.153
114,House,21361,49,16,TX,100,0,1,"O'ROURKE, Beto",O000170,1972,,-0.304,-0.331,-127.65371,0.88724,1067,45,,-0.299,-0.285
114,House,21362,49,20,TX,100,0,1,"CASTRO, Joaquin",C001091,1974,,-0.401,-0.137,-89.0874,0.91836,1046,33,,-0.418,0.015
114,House,21364,49,25,TX,200,0,1,"WILLIAMS, Roger",W000816,1949,,0.594,0.062,-84.32183,0.92318,1055,32,,0.614,0.208
114,House,21365,49,33,TX,100,0,1,"VEASEY, Marc",V000131,1971,,-0.408,0.365,-148.94035,0.87454,1111,77,,-0.391,0.264
114,House,21366,49,34,TX,100,0,1,"VELA, Filemon",V000132,1963,,-0.311,0.407,-229.15702,0.8124,1103,103,,-0.321,0.424
114,House,21549,49,4,TX,200,0,1,"RATCLIFFE, John",R000601,1965,,0.693,0.113,-85.91742,0.92635,1123,42,,0.737,0.082
114,House,21550,49,23,TX,200,0,1,"HURD, William Ballard",H001073,1977,,0.287,0.228,-137.10032,0.88507,1123,67,,0.414,0.213
114,House,21551,49,36,TX,200,0,1,"BABIN, Brian",B001291,1948,,0.708,0.119,-87.24274,0.92441,1110,45,,0.713,0.064
114,House,29143,49,3,TX,200,0,1,"JOHNSON, Sam",J000174,1930,2020.0,0.61,0.277,-73.39637,0.9309,1025,30,,0.658,0.125
114,House,29571,49,35,TX,100,0,1,"DOGGETT, Lloyd Alton, II",D000399,1946,,-0.403,-0.333,-130.43576,0.88941,1113,49,,-0.401,-0.215
114,House,29572,49,13,TX,200,0,1,"THORNBERRY, William McClellan (Mac)",T000238,1958,,0.525,0.313,-94.58222,0.91881,1117,42,,0.442,0.807
114,House,29573,49,18,TX,100,0,1,"JACKSON LEE, Sheila",J000032,1950,,-0.459,0.121,-121.90757,0.88512,999,47,,-0.484,0.214
114,House,29759,49,32,TX,200,0,1,"SESSIONS, Pete",S000250,1955,,0.584,0.171,-74.66606,0.93466,1105,26,,0.6,0.384
114,House,29760,49,8,TX,200,0,1,"BRADY, Kevin Patrick",B000755,1955,,0.52,0.239,-69.75062,0.9374,1079,27,,0.518,0.51
114,House,29762,49,12,TX,200,0,1,"GRANGER, Kay",G000377,1943,,0.403,0.243,-94.47445,0.91419,1053,41,,0.393,0.82
114,House,29763,49,15,TX,100,0,1,"HINOJOSA, Rubén",H000636,1940,,-0.34,0.235,-128.93825,0.863,873,51,,-0.397,0.189
114,House,39304,49,29,TX,100,0,1,"GREEN, Raymond Eugene (Gene)",G000410,1947,,-0.324,0.453,-275.63,0.77438,1078,121,,-0.353,0.465
114,House,39305,49,30,TX,100,0,1,"JOHNSON, Eddie Bernice",J000126,1934,2023.0,-0.485,0.198,-126.24071,0.8858,1041,57,,-0.529,0.245
114,House,20357,67,1,UT,200,0,1,"BISHOP, Robert (Rob)",B001250,1951,,0.537,0.105,-119.79062,0.89427,1072,40,,0.529,0.107
114,House,20949,67,3,UT,200,0,1,"CHAFFETZ, Jason",C001076,1967,,0.647,-0.278,-149.04672,0.87098,1079,71,,0.567,-0.194
114,House,21367,67,2,UT,200,0,1,"STEWART, Chris",S001192,1960,,0.499,0.167,-109.3736,0.90494,1095,45,,0.548,0.112
114,House,21552,67,4,UT,200,0,1,"LOVE, Ludmya Bourdeau (Mia)",L000584,1975,2025.0,0.542,-0.056,-106.21871,0.90859,1108,45,,0.582,-0.058
114,House,20750,6,1,VT,100,0,1,"WELCH, Peter",W000800,1947,,-0.401,-0.405,-120.80674,0.89554,1095,53,,-0.405,-0.506
114,House,20143,40,4,VA,200,0,1,"FORBES, J. Randy",F000445,1952,,0.407,0.218,-99.8446,0.909,1041,48,,0.506,0.19
114,House,20756,40,1,VA,200,0,1,"WITTMAN, Robert J.",W000804,1959,,0.447,0.024,-140.24734,0.8822,1119,60,,0.555,-0.018
114,House,20952,40,11,VA,100,0,1,"CONNOLLY, Gerald E. (Gerry)",C001078,1950,2025.0,-0.309,-0.047,-120.60003,0.89774,1118,60,,-0.308,-0.074
114,House,21185,40,2,VA,200,0,1,"RIGELL, E. Scott",R000589,1960,,0.405,-0.084,-184.52576,0.848,1116,81,,0.336,0.041
114,House,21186,40,5,VA,200,0,1,"HURT, Robert",H001060,1969,,0.568,0.0,-107.94951,0.905,1085,39,,0.57,-0.113
114,House,21191,40,9,VA,200,0,1,"GRIFFITH, H. Morgan",G000568,1958,,0.509,-0.335,-254.37527,0.79569,1113,114,,0.565,-0.516
114,House,21553,40,7,VA,200,0,1,"BRAT, David A.",B001290,1964,,0.829,-0.325,-115.53826,0.89872,1082,38,,0.846,-0.302
114,House,21554,40,8,VA,100,0,1,"BEYER, Donald Sternoff Jr.",B001292,1950,,-0.394,-0.106,-111.60674,0.90242,1087,43,,-0.363,-0.147
114,House,21555,40,10,VA,200,0,1,"COMSTOCK, Barbara J.",C001105,1959,,0.276,0.389,-110.45449,0.90536,1111,37,,0.269,0.542
114,House,39307,40,3,VA,100,0,1,"SCOTT, Robert C.",S000185,1947,,-0.451,-0.003,-87.82877,0.92425,1115,23,,-0.456,-0.004
114,House,39308,40,6,VA,200,0,1,"GOODLATTE, Robert William",G000289,1952,,0.496,-0.002,-102.44023,0.91207,1113,36,,0.565,0.139
114,House,15613,73,7,WA,100,0,1,"McDERMOTT, James A.",M000404,1936,,-0.666,-0.197,-108.50771,0.905,1083,51,,-0.492,-0.559
114,House,20145,73,2,WA,100,0,1,"LARSEN, Richard Ray (Rick)",L000560,1965,,-0.365,0.166,-136.8739,0.88467,1117,58,,-0.346,0.048
114,House,20535,73,5,WA,200,0,1,"McMORRIS RODGERS, Cathy",M001159,1969,,0.436,0.098,-95.79469,0.91781,1117,33,,0.434,0.254
114,House,20536,73,8,WA,200,0,1,"REICHERT, David G.",R000578,1950,,0.224,-0.146,-246.12425,0.79771,1089,110,,0.225,-0.045
114,House,21187,73,3,WA,200,0,1,"HERRERA BEUTLER, Jaime",H001056,1978,,0.336,-0.129,-172.96627,0.82156,880,81,,0.383,-0.238
114,House,21368,73,6,WA,100,0,1,"KILMER, Derek",K000381,1974,,-0.316,0.005,-107.60294,0.90871,1124,55,,-0.298,-0.094
114,House,21369,73,10,WA,100,0,1,"HECK, Denny",H001064,1952,,-0.312,-0.128,-101.54772,0.9134,1121,39,,-0.325,-0.041
114,House,21556,73,4,WA,200,0,1,"NEWHOUSE, Daniel Milton",N000189,1955,,0.317,0.334,-130.65682,0.88989,1120,58,,0.369,0.192
114,House,29768,73,9,WA,100,0,1,"SMITH, Adam",S000510,1965,,-0.291,-0.165,-119.2465,0.87655,905,41,,-0.467,0.095
114,House,31101,73,1,WA,100,0,1,"DelBENE, Suzan K.",D000617,1962,,-0.295,-0.198,-103.78003,0.91165,1122,43,,-0.309,-0.187
114,House,21188,56,1,WV,200,0,1,"McKINLEY, David",M001180,1947,,0.3,0.178,-187.42636,0.84553,1117,88,,0.331,0.095
114,House,21557,56,2,WV,200,0,1,"MOONEY, Alex X.",M001195,1971,,0.568,-0.241,-157.35297,0.86838,1115,63,,0.563,-0.224
114,House,21558,56,3,WV,200,0,1,"JENKINS, Evan H.",J000297,1960,,0.315,0.308,-116.70115,0.90037,1112,65,,0.307,0.286
114,House,14657,25,5,WI,200,0,1,"SENSENBRENNER, Frank James, Jr.",S000244,1943,,0.638,-0.579,-190.88071,0.84394,1125,85,,0.667,-0.538
114,House,20537,25,4,WI,100,0,1,"MOORE, Gwendolynne S. (Gwen)",M001160,1951,,-0.521,-0.271,-84.39926,0.92248,1046,37,,-0.475,-0.285
114,House,21189,25,7,WI,200,0,1,"DUFFY, Sean",D000614,1971,,0.511,-0.109,-127.25011,0.88797,1071,52,,0.524,-0.116
114,House,21190,25,8,WI,200,0,1,"RIBBLE, Reid",R000587,1956,,0.603,-0.333,-208.95525,0.827,1099,84,,0.539,-0.341
114,House,21370,25,2,WI,100,0,1,"POCAN, Mark",P000607,1964,,-0.523,-0.555,-53.60393,0.95235,1098,28,,-0.547,-0.419
114,House,21559,25,6,WI,200,0,1,"GROTHMAN, Glenn",G000576,1955,,0.599,-0.205,-156.35088,0.86883,1112,70,,0.591,-0.236
114,House,29769,25,3,WI,100,0,1,"KIND, Ron",K000188,1963,,-0.26,-0.08,-199.39714,0.82998,1070,93,,-0.251,-0.079
114,House,29939,25,1,WI,200,0,1,"RYAN, Paul D.",R000570,1970,,0.556,-0.25,-62.71176,0.88514,514,21,,0.485,0.163
114,House,20953,68,1,WY,200,0,1,"LUMMIS, Cynthia M.",L000571,1954,,0.685,-0.327,-161.21841,0.86447,1107,73,,0.717,-0.496
114,Senate,49700,41,0,AL,200,0,1,"SESSIONS, Jefferson Beauregard III (Jeff)",S001141,1946,,0.549,0.13,-109.63029,0.76537,410,46,,0.635,0.2
114,Senate,94659,41,0,AL,200,0,1,"SHELBY, Richard C.",S000320,1934,,0.446,0.57,-97.95531,0.78422,403,43,,0.587,0.561
114,Senate,40300,81,0,AK,200,0,1,"MURKOWSKI, Lisa",M001153,1957,,0.203,-0.304,-137.3861,0.71702,413,66,,0.299,-0.253
114,Senate,41500,81,0,AK,200,0,1,"SULLIVAN, Daniel Scott",S001198,1964,,0.476,0.156,-101.47426,0.78169,412,38,,0.46,0.144
114,Senate,15039,61,0,AZ,200,0,1,"McCAIN, John Sidney, III",M000303,1936,2018.0,0.381,-0.626,-118.10444,0.74972,410,59,,0.464,-0.312
114,Senate,20100,61,0,AZ,200,0,1,"FLAKE, Jeff",F000444,1962,,0.855,-0.518,-151.07924,0.6899,407,70,,0.686,-0.728
114,Senate,20101,42,0,AR,200,0,1,"BOOZMAN, John",B001236,1950,,0.426,0.34,-64.74073,0.85652,418,25,,0.469,0.309
114,Senate,21301,42,0,AR,200,0,1,"COTTON, Tom",C001095,1977,,0.578,0.199,-64.95354,0.85349,410,30,,0.611,0.091
114,Senate,15011,71,0,CA,100,0,1,"BOXER, Barbara",B000711,1940,,-0.45,-0.423,-46.4471,0.881,368,22,,-0.485,-0.466
114,Senate,49300,71,0,CA,100,0,1,"FEINSTEIN, Dianne",F000062,1933,2023.0,-0.268,-0.184,-55.70115,0.87209,407,30,,-0.244,-0.171
114,Senate,21112,62,0,CO,200,0,1,"GARDNER, Cory",G000562,1974,,0.444,-0.029,-108.92169,0.76867,414,46,,0.405,-0.059
114,Senate,40910,62,0,CO,100,0,1,"BENNET, Michael F.",B001267,1964,,-0.242,-0.191,-81.19244,0.82422,420,40,,-0.175,-0.137
114,Senate,20707,1,0,CT,100,0,1,"MURPHY, Christopher",M001169,1973,,-0.287,-0.258,-47.85695,0.89182,418,15,,-0.376,-0.15
114,Senate,41101,1,0,CT,100,0,1,"BLUMENTHAL, Richard",B001277,1946,,-0.434,-0.152,-48.35951,0.89075,418,17,,-0.337,-0.162
114,Senate,15015,11,0,DE,100,0,1,"CARPER, Thomas Richard",C000174,1947,,-0.179,-0.225,-90.64403,0.80122,409,38,,-0.187,-0.192
114,Senate,40916,11,0,DE,100,0,1,"COONS, Christopher A.",C001088,1963,,-0.238,-0.215,-48.30131,0.88705,403,21,,-0.293,-0.442
114,Senate,14651,43,0,FL,100,0,1,"NELSON, Clarence William (Bill)",N000032,1942,,-0.193,0.337,-95.8616,0.78403,394,40,,-0.299,0.102
114,Senate,41102,43,0,FL,200,0,1,"RUBIO, Marco",R000595,1971,,0.616,-0.184,-83.58058,0.75543,298,32,,0.617,-0.209
114,Senate,29909,44,0,GA,200,0,1,"ISAKSON, Johnny",I000055,1944,2021.0,0.402,-0.011,-75.40421,0.83494,418,27,,0.416,0.071
114,Senate,41501,44,0,GA,200,0,1,"PERDUE, David Alfred, Jr.",P000612,1949,,0.562,-0.075,-103.02843,0.78016,415,46,,0.68,-0.379
114,Senate,20713,82,0,HI,100,0,1,"HIRONO, Mazie",H001042,1947,,-0.512,-0.089,-37.02319,0.91543,419,11,,-0.453,-0.308
114,Senate,41112,82,0,HI,100,0,1,"SCHATZ, Brian Emanuel",S001194,1972,,-0.448,-0.119,-43.54017,0.90085,417,18,,-0.424,-0.098
114,Senate,29345,63,0,ID,200,0,1,"CRAPO, Michael Dean",C000880,1951,,0.505,0.291,-77.67088,0.82818,412,37,,0.57,0.715
114,Senate,40902,63,0,ID,200,0,1,"RISCH, James",R000584,1943,,0.552,0.384,-68.09379,0.85,419,31,,0.589,0.709
114,Senate,15021,21,0,IL,100,0,1,"DURBIN, Richard Joseph",D000563,1944,,-0.34,-0.311,-39.82927,0.90764,411,17,,-0.416,-0.306
114,Senate,20115,21,0,IL,200,0,1,"KIRK, Mark Steven",K000360,1959,,0.274,-0.647,-139.86855,0.706,402,65,,0.268,-0.606
114,Senate,14806,22,0,IN,200,0,1,"COATS, Daniel Ray",C000542,1943,,0.375,-0.227,-111.40278,0.763,411,44,,0.537,-0.275
114,Senate,20717,22,0,IN,100,0,1,"DONNELLY, Joe",D000607,1955,,-0.119,0.435,-114.03275,0.76024,416,46,,-0.11,0.41
114,Senate,14226,31,0,IA,200,0,1,"GRASSLEY, Charles Ernest",G000386,1933,,0.362,-0.035,-103.86414,0.78091,420,46,,0.461,0.058
114,Senate,41502,31,0,IA,200,0,1,"ERNST, Joni",E000295,1970,,0.537,-0.032,-64.64175,0.85735,420,25,,0.505,0.042
114,Senate,14852,32,0,KS,200,0,1,"ROBERTS, Charles Patrick (Pat)",R000307,1936,,0.413,-0.09,-69.93766,0.84457,414,30,,0.434,0.253
114,Senate,29722,32,0,KS,200,0,1,"MORAN, Jerry",M000934,1954,,0.413,0.221,-107.4571,0.76895,409,53,,0.452,0.548
114,Senate,14921,51,0,KY,200,0,1,"McCONNELL, Addison Mitchell (Mitch)",M000355,1942,,0.402,0.018,-155.98475,0.68977,420,62,,0.355,0.001
114,Senate,41104,51,0,KY,200,0,1,"PAUL, Rand",P000603,1963,,0.891,-0.454,-221.43414,0.57568,401,97,,0.83,-0.558
114,Senate,20919,45,0,LA,200,0,1,"CASSIDY, Bill",C001075,1957,,0.464,-0.048,-79.43019,0.82618,416,32,,0.434,0.125
114,Senate,29918,45,0,LA,200,0,1,"VITTER, David",V000127,1961,,0.495,0.323,-65.55047,0.838,370,32,,0.479,0.494
114,Senate,41300,2,0,ME,328,0,1,"KING, Angus Stanley, Jr.",K000383,1944,,-0.167,-0.187,-99.74862,0.78543,413,56,,-0.164,-0.221
114,Senate,49703,2,0,ME,200,0,1,"COLLINS, Susan Margaret",C001035,1952,,0.124,-0.505,-146.62225,0.70532,420,80,,0.157,-0.374
114,Senate,14440,52,0,MD,100,0,1,"MIKULSKI, Barbara Ann",M000702,1936,,-0.37,-0.128,-40.75285,0.903,399,20,,-0.427,0.135
114,Senate,15408,52,0,MD,100,0,1,"CARDIN, Benjamin Louis",C000141,1943,,-0.32,-0.224,-47.83187,0.89236,420,17,,-0.366,-0.43
114,Senate,14435,3,0,MA,100,0,1,"MARKEY, Edward John",M000133,1946,,-0.517,-0.471,-49.51786,0.88727,414,23,,-0.635,-0.544
114,Senate,41301,3,0,MA,100,0,1,"WARREN, Elizabeth",W000817,1949,,-0.745,-0.37,-38.53541,0.91233,420,13,,-0.702,-0.461
114,Senate,20923,23,0,MI,100,0,1,"PETERS, Gary C.",P000595,1958,,-0.25,-0.183,-47.28702,0.89231,415,16,,-0.319,-0.088
114,Senate,29732,23,0,MI,100,0,1,"STABENOW, Deborah Ann",S000770,1950,,-0.343,-0.019,-47.58959,0.89166,415,22,,-0.309,-0.098
114,Senate,40700,33,0,MN,100,0,1,"KLOBUCHAR, Amy",K000367,1960,,-0.278,-0.325,-59.49797,0.86613,414,27,,-0.258,-0.026
114,Senate,40904,33,0,MN,100,0,1,"FRANKEN, Al",F000457,1951,,-0.399,-0.169,-43.07774,0.89957,407,22,,-0.497,-0.036
114,Senate,14009,46,0,MS,200,0,1,"COCHRAN, William Thad",C000567,1937,2019.0,0.287,0.051,-73.8516,0.83734,416,24,,0.329,0.102
114,Senate,29534,46,0,MS,200,0,1,"WICKER, Roger F.",W000437,1951,,0.377,0.341,-61.485,0.8623,415,20,,0.406,0.184
114,Senate,29735,34,0,MO,200,0,1,"BLUNT, Roy",B000575,1950,,0.398,0.18,-90.81419,0.80045,408,33,,0.364,0.701
114,Senate,40701,34,0,MO,100,0,1,"McCASKILL, Claire",M001170,1953,,-0.143,0.023,-93.99411,0.79242,404,35,,-0.127,-0.113
114,Senate,21338,64,0,MT,200,0,1,"DAINES, Steve",D000618,1962,,0.59,-0.024,-100.63708,0.78693,420,44,,0.567,0.016
114,Senate,40702,64,0,MT,100,0,1,"TESTER, Jon",T000464,1956,,-0.213,0.153,-105.36276,0.77813,420,42,,-0.197,0.067
114,Senate,41302,35,0,NE,200,0,1,"FISCHER, Debra (Deb)",F000463,1951,,0.46,0.335,-64.93197,0.85676,420,24,,0.489,0.265
114,Senate,41503,35,0,NE,200,0,1,"SASSE, Benjamin Eric",S001197,1972,,0.669,-0.25,-111.35952,0.76612,418,57,,0.827,-0.38
114,Senate,15054,65,0,NV,100,0,1,"REID, Harry",R000146,1939,2021.0,-0.276,0.258,-68.81173,0.828,364,35,,-0.502,-0.121
114,Senate,20730,65,0,NV,200,0,1,"HELLER, Dean",H001041,1960,,0.463,-0.459,-176.93934,0.64812,408,83,,0.546,-0.731
114,Senate,40906,4,0,NH,100,0,1,"SHAHEEN, Jeanne",S001181,1947,,-0.221,-0.139,-51.52519,0.88455,420,17,,-0.266,-0.254
114,Senate,41106,4,0,NH,200,0,1,"AYOTTE, Kelly",A000368,1968,,0.351,-0.612,-126.06028,0.739,416,57,,0.276,-0.512
114,Senate,29373,12,0,NJ,100,0,1,"MENENDEZ, Robert",M000639,1954,,-0.366,-0.126,-73.55375,0.83758,415,30,,-0.36,-0.346
114,Senate,41308,12,0,NJ,100,0,1,"BOOKER, Cory Anthony",B001288,1969,,-0.558,-0.25,-39.62152,0.90915,416,17,,-0.516,-0.43
114,Senate,20930,66,0,NM,100,0,1,"HEINRICH, Martin",H001046,1971,,-0.334,-0.001,-48.12532,0.89125,418,20,,-0.321,-0.087
114,Senate,29924,66,0,NM,100,0,1,"UDALL, Thomas (Tom)",U000039,1948,,-0.453,0.161,-48.39639,0.89067,418,22,,-0.395,-0.099
114,Senate,14858,13,0,NY,100,0,1,"SCHUMER, Charles Ellis (Chuck)",S000148,1950,,-0.355,-0.411,-43.67583,0.90101,419,15,,-0.369,-0.489
114,Senate,20735,13,0,NY,100,0,1,"GILLIBRAND, Kirsten",G000555,1966,,-0.449,-0.308,-47.53725,0.89275,419,19,,-0.544,-0.291
114,Senate,29548,47,0,NC,200,0,1,"BURR, Richard M.",B001135,1955,,0.435,-0.07,-90.60716,0.8047,417,40,,0.381,0.067
114,Senate,41504,47,0,NC,200,0,1,"TILLIS, Thomas Roland (Thom)",T000476,1960,,0.386,-0.104,-81.79091,0.82228,418,32,,0.443,-0.064
114,Senate,41107,36,0,ND,200,0,1,"HOEVEN, John",H001061,1957,,0.401,0.449,-69.3459,0.84679,417,28,,0.375,0.297
114,Senate,41303,36,0,ND,100,0,1,"HEITKAMP, Mary Kathryn (Heidi)",H001069,1955,,-0.122,0.399,-109.15039,0.77066,419,42,,-0.119,0.448
114,Senate,29386,24,0,OH,200,0,1,"PORTMAN, Robert Jones (Rob)",P000449,1955,,0.371,-0.208,-137.56058,0.71844,416,64,,0.325,-0.163
114,Senate,29389,24,0,OH,100,0,1,"BROWN, Sherrod",B000944,1952,,-0.425,-0.097,-41.42381,0.90368,409,21,,-0.589,-0.07
114,Senate,15424,53,0,OK,200,0,1,"INHOFE, James Mountain",I000024,1934,2024.0,0.552,0.045,-61.49507,0.86072,410,26,,0.521,0.253
114,Senate,21166,53,0,OK,200,0,1,"LANKFORD, James",L000575,1968,,0.59,0.148,-107.22649,0.77421,419,48,,0.624,-0.036
114,Senate,14871,72,0,OR,100,0,1,"WYDEN, Ronald Lee",W000779,1949,,-0.334,-0.487,-67.6611,0.84956,415,33,,-0.39,-0.878
114,Senate,40908,72,0,OR,100,0,1,"MERKLEY, Jeff",M001176,1956,,-0.453,-0.719,-44.23679,0.89912,416,19,,-0.607,-0.729
114,Senate,29935,14,0,PA,200,0,1,"TOOMEY, Patrick Joseph",T000461,1961,,0.624,-0.378,-81.43535,0.8158,400,36,,0.596,-0.311
114,Senate,40703,14,0,PA,100,0,1,"CASEY, Robert (Bob), Jr.",C001070,1960,,-0.313,0.166,-81.90168,0.8209,415,31,,-0.295,0.3
114,Senate,29142,5,0,RI,100,0,1,"REED, John F. (Jack)",R000122,1949,,-0.36,-0.155,-40.3697,0.90836,420,16,,-0.437,-0.129
114,Senate,40704,5,0,RI,100,0,1,"WHITEHOUSE, Sheldon",W000802,1955,,-0.349,-0.112,-46.60279,0.89474,419,22,,-0.42,0.023
114,Senate,21173,48,0,SC,200,0,1,"SCOTT, Tim",S001184,1965,,0.629,0.023,-76.03683,0.8311,411,35,,0.634,0.028
114,Senate,29566,48,0,SC,200,0,1,"GRAHAM, Lindsey O.",G000359,1955,,0.367,-0.269,-76.59384,0.78772,321,38,,0.321,-0.208
114,Senate,29754,37,0,SD,200,0,1,"THUNE, John",T000250,1961,,0.432,0.226,-71.82251,0.84247,419,29,,0.429,0.079
114,Senate,41505,37,0,SD,200,0,1,"ROUNDS, Marion Michael (Mike)",R000605,1954,,0.351,0.086,-67.43521,0.85035,416,19,,0.386,0.004
114,Senate,40304,54,0,TN,200,0,1,"ALEXANDER, Lamar",A000360,1940,,0.324,-0.176,-104.98874,0.77505,412,40,,0.307,-0.185
114,Senate,40705,54,0,TN,200,0,1,"CORKER, Robert (Bob)",C001071,1952,,0.395,-0.344,-121.13923,0.74419,410,50,,0.513,-0.483
114,Senate,40305,49,0,TX,200,0,1,"CORNYN, John",C001056,1952,,0.471,-0.062,-67.72475,0.84876,413,31,,0.463,-0.073
114,Senate,41304,49,0,TX,200,0,1,"CRUZ, Rafael Edward (Ted)",C001098,1970,,0.781,-0.179,-113.86679,0.68759,304,51,,0.876,-0.483
114,Senate,14503,67,0,UT,200,0,1,"HATCH, Orrin Grant",H000338,1934,2022.0,0.382,-0.004,-77.95758,0.82911,416,28,,0.381,-0.041
114,Senate,41110,67,0,UT,200,0,1,"LEE, Mike",L000577,1971,,0.891,-0.454,-147.00093,0.68464,388,72,,0.919,-0.395
114,Senate,14307,6,0,VT,100,0,1,"LEAHY, Patrick Joseph",L000174,1940,,-0.36,-0.121,-47.83648,0.89088,414,23,,-0.525,-0.142
114,Senate,29147,6,0,VT,328,0,1,"SANDERS, Bernard",S000033,1941,,-0.545,-0.428,-66.00711,0.81095,315,27,,-0.861,-0.508
114,Senate,40909,40,0,VA,100,0,1,"WARNER, Mark",W000805,1954,,-0.213,-0.037,-76.55965,0.82009,386,42,,-0.17,-0.125
114,Senate,41305,40,0,VA,100,0,1,"KAINE, Timothy Michael (Tim)",K000384,1958,,-0.237,-0.112,-70.59203,0.84183,410,37,,-0.208,-0.214
114,Senate,39310,73,0,WA,100,0,1,"CANTWELL, Maria E.",C000127,1958,,-0.308,-0.402,-45.88885,0.8965,420,23,,-0.287,-0.61
114,Senate,49308,73,0,WA,100,0,1,"MURRAY, Patty",M001111,1950,,-0.356,-0.314,-47.88876,0.89077,414,27,,-0.295,-0.552
114,Senate,20146,56,0,WV,200,0,1,"CAPITO, Shelley Moore",C001047,1953,,0.284,0.144,-81.65708,0.82255,418,34,,0.308,0.126
114,Senate,40915,56,0,WV,100,0,1,"MANCHIN, Joe, III",M001183,1947,,-0.057,0.4,-165.31487,0.67013,413,68,,-0.085,0.634
114,Senate,29940,25,0,WI,100,0,1,"BALDWIN, Tammy",B001230,1962,,-0.486,-0.124,-46.84392,0.89446,420,25,,-0.461,-0.032
114,Senate,41111,25,0,WI,200,0,1,"JOHNSON, Ron",J000293,1955,,0.643,-0.144,-101.17361,0.78179,411,39,,0.487,-0.256
114,Senate,40707,68,0,WY,200,0,1,"BARRASSO, John A.",B001261,1952,,0.54,0.193,-75.26492,0.83558,419,28,,0.477,0.198
114,Senate,49706,68,0,WY,200,0,1,"ENZI, Michael B.",E000285,1944,2021.0,0.545,0.199,-88.72235,0.80239,403,36,,0.5,0.117
115,President,99912,99,0,USA,200,0,0,"TRUMP, Donald John",,1946,,0.403,0.162,,,,,,,
115,House,20301,41,3,AL,200,,,"ROGERS, Mike Dennis",R000575,1958,,0.379,0.38,-101.58169,0.89798,944,65,,0.397,0.482
115,House,21102,41,7,AL,100,,,"SEWELL, Terri",S001185,1965,,-0.402,0.394,-89.82156,0.90532,903,33,,-0.398,0.356
115,House,21192,41,2,AL,200,,,"ROBY, Martha",R000591,1976,,0.362,0.658,-65.06628,0.93305,939,23,,0.41,0.596
115,House,21193,41,5,AL,200,,,"BROOKS, Mo",B001274,1954,,0.652,-0.417,-175.7437,0.8235,905,80,,0.672,-0.553
115,House,21376,41,1,AL,200,,,"BYRNE, Bradley",B001289,1955,,0.61,0.25,-63.13015,0.9361,956,19,,0.577,0.429
115,House,21500,41,6,AL,200,,,"PALMER, Gary James",P000609,1954,,0.674,0.116,-72.7147,0.92586,944,40,,0.763,0.066
115,House,29701,41,4,AL,200,,,"ADERHOLT, Robert",A000055,1965,,0.405,0.469,-68.64541,0.92803,919,19,,0.395,0.605
115,House,14066,81,1,AK,200,,,"YOUNG, Donald Edwin",Y000033,1933,2022.0,0.283,0.022,-204.73558,0.80164,926,92,,0.277,0.315
115,House,20304,61,8,AZ,200,,,"FRANKS, Trent",F000448,1957,,0.749,0.087,-45.67247,0.91933,543,23,,0.621,-0.006
115,House,20305,61,3,AZ,100,,,"GRIJALVA, Raúl M.",G000551,1948,,-0.598,-0.264,-43.24857,0.95364,911,11,,-0.632,-0.216
115,House,21103,61,4,AZ,200,,,"GOSAR, Paul",G000565,1958,,0.704,-0.522,-164.16655,0.83493,910,85,,0.991,-0.136
115,House,21105,61,6,AZ,200,,,"SCHWEIKERT, David",S001183,1962,,0.552,-0.221,-113.35361,0.88797,954,38,,0.586,-0.294
115,House,21300,61,9,AZ,100,,,"SINEMA, Kyrsten",S001191,1976,,-0.105,0.076,-262.73192,0.74413,889,133,,-0.097,0.124
115,House,21501,61,2,AZ,200,,,"McSALLY, Martha",M001197,1966,,0.345,0.027,-141.95528,0.8597,939,84,,0.391,-0.029
115,House,21502,61,7,AZ,100,,,"GALLEGO, Ruben",G000574,1979,,-0.358,0.141,-114.0149,0.88474,931,53,,-0.432,-0.01
115,House,21705,61,5,AZ,200,,,"BIGGS, Andrew S.",B001302,1958,,0.818,-0.575,-183.10517,0.82553,955,104,,0.991,-0.136
115,House,21739,61,1,AZ,100,,,"O'HALLERAN, Thomas C.",O000171,1946,,-0.198,0.18,-197.9653,0.81207,951,84,,-0.167,0.128
115,House,21757,61,8,AZ,200,,,"LESKO, Debbie",L000589,1958,,0.616,-0.104,-26.68923,0.89679,245,10,,0.718,-0.054
115,House,21106,42,1,AR,200,,,"CRAWFORD, Rick",C001087,1966,,0.461,0.307,-59.19642,0.93814,927,17,,0.495,0.285
115,House,21108,42,3,AR,200,,,"WOMACK, Steve",W000809,1957,,0.347,0.636,-70.57328,0.92898,958,23,,0.437,0.349
115,House,21503,42,2,AR,200,,,"HILL, French",H001072,1956,,0.435,0.278,-94.87291,0.90467,947,51,,0.494,0.204
115,House,21563,42,4,AR,200,,,"WESTERMAN, Bruce Eugene",W000821,1967,,0.543,0.26,-63.56733,0.9356,955,21,,0.59,0.174
115,House,15448,71,12,CA,100,,,"PELOSI, Nancy",P000197,1940,,-0.489,-0.178,-62.55296,0.92945,855,40,,-0.438,-0.197
115,House,15621,71,48,CA,200,,,"ROHRABACHER, Dana",R000409,1947,,0.626,-0.417,-191.72548,0.8128,925,77,,0.609,-0.549
115,House,20104,71,28,CA,100,,,"SCHIFF, Adam",S001150,1960,,-0.352,-0.119,-75.68508,0.92365,953,30,,-0.395,-0.075
115,House,20107,71,49,CA,200,,,"ISSA, Darrell",I000056,1953,,0.476,0.031,-97.46309,0.89812,907,38,,0.449,-0.096
115,House,20108,71,53,CA,100,,,"DAVIS, Susan A.",D000598,1944,,-0.343,-0.103,-78.14213,0.91924,928,33,,-0.324,-0.287
115,House,20307,71,22,CA,200,,,"NUNES, Devin",N000181,1973,,0.45,0.223,-68.05617,0.93051,945,24,,0.374,0.492
115,House,20310,71,38,CA,100,,,"SÁNCHEZ, Linda T.",S001156,1969,,-0.507,-0.131,-58.82376,0.93883,932,21,,-0.539,0.104
115,House,20501,71,16,CA,100,,,"COSTA, Jim",C001059,1952,,-0.199,0.449,-224.48617,0.76026,819,99,,-0.2,0.483
115,House,20538,71,6,CA,100,,,"MATSUI, Doris",M001163,1944,,-0.433,-0.144,-83.24733,0.91542,942,47,,-0.403,-0.131
115,House,20702,71,9,CA,100,,,"McNERNEY, Jerry",M001166,1951,,-0.263,-0.159,-110.54488,0.88815,932,38,,-0.303,-0.272
115,House,20703,71,23,CA,200,,,"MCCARTHY, Kevin",M001165,1965,,0.453,0.233,-62.89983,0.93561,945,17,,0.464,0.25
115,House,20762,71,14,CA,100,,,"SPEIER, Karen Lorraine Jacqueline (Jackie)",S001175,1950,,-0.381,-0.41,-81.86436,0.90488,819,29,,-0.358,-0.539
115,House,20903,71,4,CA,200,,,"McCLINTOCK, Tom",M001177,1956,,0.67,-0.363,-141.82667,0.86172,953,49,,0.919,-0.395
115,House,20955,71,27,CA,100,,,"CHU, Judy",C001080,1953,,-0.48,-0.373,-58.69587,0.93928,937,22,,-0.452,-0.719
115,House,20958,71,3,CA,100,,,"GARAMENDI, John",G000559,1945,,-0.314,-0.098,-123.71926,0.87455,923,49,,-0.291,-0.111
115,House,20963,71,50,CA,200,,,"HUNTER, Duncan Duane",H001048,1976,,0.539,0.085,-119.65714,0.88024,938,47,,0.527,-0.124
115,House,21109,71,10,CA,200,,,"DENHAM, Jeff",D000612,1967,,0.306,0.212,-102.31873,0.89464,919,65,,0.238,0.535
115,House,21110,71,37,CA,100,,,"BASS, Karen",B001270,1953,,-0.584,-0.098,-55.41944,0.93897,880,15,,-0.689,0.063
115,House,21302,71,1,CA,200,,,"LaMALFA, Doug",L000578,1960,,0.542,0.007,-87.89167,0.9101,933,30,,0.519,0.098
115,House,21303,71,2,CA,100,,,"HUFFMAN, Jared",H001068,1964,,-0.432,-0.512,-83.86609,0.9114,904,36,,-0.431,-0.72
115,House,21304,71,7,CA,100,,,"BERA, Ami",B001287,1965,,-0.246,0.008,-140.10169,0.86381,957,69,,-0.259,0.187
115,House,21305,71,8,CA,200,,,"COOK, Paul",C001094,1943,,0.372,0.208,-90.77356,0.90951,957,32,,0.348,0.155
115,House,21306,71,15,CA,100,,,"SWALWELL, Eric",S001193,1980,,-0.355,-0.05,-109.69102,0.8876,920,47,,-0.355,-0.21
115,House,21307,71,21,CA,200,,,"VALADAO, David G.",V000129,1977,,0.255,0.435,-79.12458,0.91976,946,55,,0.248,0.687
115,House,21308,71,26,CA,100,,,"BROWNLEY, Julia",B001285,1952,,-0.305,0.049,-95.15376,0.90392,942,46,,-0.317,0.108
115,House,21309,71,29,CA,100,,,"CÁRDENAS, Tony",C001097,1963,,-0.39,-0.046,-100.94525,0.8939,900,40,,-0.427,0.19
115,House,21311,71,36,CA,100,,,"RUIZ, Raul",R000599,1972,,-0.262,0.047,-129.76508,0.87295,955,57,,-0.267,0.117
115,House,21312,71,41,CA,100,,,"TAKANO, Mark",T000472,1960,,-0.456,-0.331,-65.13509,0.93271,935,27,,-0.482,-0.59
115,House,21313,71,47,CA,100,,,"LOWENTHAL, Alan",L000579,1941,,-0.449,-0.384,-69.32004,0.9265,908,35,,-0.478,-0.358
115,House,21314,71,51,CA,100,,,"VARGAS, Juan",V000130,1961,,-0.4,0.02,-89.00699,0.90901,933,32,,-0.458,0.151
115,House,21315,71,52,CA,100,,,"PETERS, Scott",P000608,1958,,-0.193,-0.036,-199.04443,0.80935,941,100,,-0.179,0.004
115,House,21504,71,11,CA,100,,,"DESAULNIER, Mark James",D000623,1952,,-0.512,-0.361,-68.38622,0.93033,947,33,,-0.565,-0.469
115,House,21505,71,25,CA,200,,,"KNIGHT, Steve",K000387,1966,,0.397,0.188,-100.68598,0.89883,944,63,,0.311,0.359
115,House,21506,71,31,CA,100,,,"AGUILAR, Peter Rey",A000371,1979,,-0.326,0.142,-106.38233,0.89364,946,46,,-0.308,0.115
115,House,21507,71,33,CA,100,,,"LIEU, Ted",L000582,1969,,-0.373,-0.201,-112.64924,0.87855,870,63,,-0.417,0.101
115,House,21508,71,35,CA,100,,,"TORRES, Norma Judith",T000474,1965,,-0.364,0.071,-90.64251,0.90798,939,43,,-0.351,0.027
115,House,21509,71,45,CA,200,,,"WALTERS, Mimi",W000820,1962,,0.433,0.177,-64.84547,0.93144,913,20,,0.522,0.131
115,House,21703,71,44,CA,100,,,"BARRAGÁN, Nanette Diaz",B001300,1976,,-0.5,-0.12,-86.45287,0.91177,936,29,,-0.508,0.144
115,House,21709,71,24,CA,100,,,"CARBAJAL, Salud",C001112,1964,,-0.325,0.1,-127.0166,0.87285,934,50,,-0.297,0.187
115,House,21711,71,46,CA,100,,,"CORREA, Jose Luis",C001110,1958,,-0.284,0.171,-207.15349,0.805,955,98,,-0.275,0.357
115,House,21728,71,17,CA,100,,,"KHANNA, Rohit",K000389,1976,,-0.456,-0.293,-85.38031,0.91387,948,56,,-0.613,-0.144
115,House,21740,71,20,CA,100,,,"PANETTA, James Varni",P000613,1969,,-0.283,0.188,-147.62049,0.85692,956,61,,-0.307,-0.032
115,House,21754,71,34,CA,100,,,"GOMEZ, Jimmy",G000585,1974,,-0.526,-0.246,-54.71622,0.91997,656,23,,-0.611,0.005
115,House,29106,71,43,CA,100,,,"WATERS, Maxine",W000187,1938,,-0.656,-0.094,-99.20982,0.89798,922,45,,-0.529,-0.209
115,House,29312,71,18,CA,100,,,"ESHOO, Anna Georges",E000215,1942,,-0.379,-0.372,-80.30434,0.91491,903,21,,-0.33,-0.545
115,House,29316,71,34,CA,100,,,"BECERRA, Xavier",B000287,1958,,-0.512,-0.283,-0.00649,0.99964,18,0,,-0.761,0.197
115,House,29317,71,40,CA,100,,,"ROYBAL-ALLARD, Lucille",R000486,1941,,-0.469,-0.171,-67.84302,0.93008,936,31,,-0.452,-0.007
115,House,29321,71,39,CA,200,,,"ROYCE, Edward Randall",R000487,1951,,0.657,-0.353,-134.2203,0.86694,940,41,,0.477,-0.171
115,House,29323,71,42,CA,200,,,"CALVERT, Ken",C000059,1953,,0.339,0.278,-69.376,0.92943,948,14,,0.386,0.336
115,House,29504,71,19,CA,100,,,"LOFGREN, Zoe",L000397,1947,,-0.397,-0.402,-99.26134,0.89835,926,56,,-0.428,-0.281
115,House,29707,71,30,CA,100,,,"SHERMAN, Brad",S000344,1954,,-0.344,-0.138,-110.65558,0.88961,946,48,,-0.314,-0.241
115,House,29778,71,13,CA,100,,,"LEE, Barbara",L000551,1946,,-0.676,-0.582,-69.31409,0.92884,939,45,,-0.738,-0.084
115,House,29901,71,5,CA,100,,,"THOMPSON, Michael",T000460,1951,,-0.392,0.071,-103.91646,0.89534,940,42,,-0.383,-0.057
115,House,29903,71,32,CA,100,,,"NAPOLITANO, Grace Flores",N000179,1936,,-0.448,-0.247,-65.12359,0.9201,782,28,,-0.457,-0.422
115,House,20704,62,5,CO,200,,,"LAMBORN, Doug",L000564,1954,,0.665,0.257,-72.74453,0.92614,948,23,,0.641,0.02
115,House,20705,62,7,CO,100,,,"PERLMUTTER, Ed",P000593,1953,,-0.282,0.072,-122.48217,0.87522,919,69,,-0.248,-0.201
115,House,20904,62,2,CO,100,,,"POLIS, Jared",P000598,1975,,-0.278,-0.692,-126.08869,0.86199,849,46,,-0.27,-0.788
115,House,20906,62,6,CO,200,,,"COFFMAN, Mike",C001077,1955,,0.492,-0.213,-156.11568,0.8489,953,88,,0.424,-0.169
115,House,21111,62,3,CO,200,,,"TIPTON, Scott",T000470,1956,,0.451,-0.023,-124.73455,0.87622,944,75,,0.404,0.071
115,House,21510,62,4,CO,200,,,"BUCK, Kenneth Robert",B001297,1959,,0.655,-0.432,-159.0685,0.84294,931,86,,1.0,-0.03
115,House,29710,62,1,CO,100,,,"DeGETTE, Diana",D000197,1957,,-0.431,-0.308,-80.24311,0.91406,893,30,,-0.379,-0.399
115,House,20706,1,2,CT,100,,,"COURTNEY, Joe",C001069,1953,,-0.337,0.042,-97.96079,0.90153,945,48,,-0.342,-0.049
115,House,20907,1,4,CT,100,,,"HIMES, James A.",H001047,1966,,-0.241,-0.207,-113.92032,0.88632,944,48,,-0.242,-0.162
115,House,21316,1,5,CT,100,,,"ESTY, Elizabeth",E000293,1959,,-0.315,-0.078,-85.80393,0.91398,954,48,,-0.341,0.067
115,House,29109,1,3,CT,100,,,"DeLAURO, Rosa L.",D000216,1943,,-0.414,-0.107,-73.38207,0.92077,889,40,,-0.365,-0.245
115,House,29908,1,1,CT,100,,,"LARSON, John B.",L000557,1948,,-0.396,-0.039,-102.69481,0.89306,908,42,,-0.354,0.003
115,House,21706,11,1,DE,100,,,"BLUNT ROCHESTER, Lisa",B001303,1962,,-0.386,-0.12,-85.10828,0.91396,946,37,,-0.324,-0.093
115,House,15634,43,27,FL,200,,,"ROS-LEHTINEN, Ileana",R000435,1952,,0.244,-0.225,-208.93536,0.77531,821,111,,0.213,-0.19
115,House,20316,43,25,FL,200,,,"DIAZ-BALART, Mario",D000600,1961,,0.281,0.162,-98.64127,0.89339,875,48,,0.236,0.318
115,House,20504,43,23,FL,100,,,"WASSERMAN SCHULTZ, Debbie",W000797,1966,,-0.413,0.104,-91.90998,0.9024,895,60,,-0.366,-0.193
115,House,20708,43,14,FL,100,,,"CASTOR, Kathy",C001066,1966,,-0.437,0.072,-84.65161,0.91291,929,29,,-0.466,0.211
115,House,20709,43,16,FL,200,,,"BUCHANAN, Vernon G.",B001260,1951,,0.361,-0.08,-106.61809,0.8891,907,39,,0.349,-0.056
115,House,20758,43,12,FL,200,,,"BILIRAKIS, Gus",B001257,1963,,0.423,-0.03,-74.44428,0.92194,916,26,,0.503,0.015
115,House,20909,43,8,FL,200,,,"POSEY, Bill",P000599,1947,,0.533,-0.353,-114.64754,0.87519,860,38,,0.57,-0.34
115,House,20910,43,17,FL,200,,,"ROONEY, Thomas J.",R000583,1970,,0.458,0.013,-107.57895,0.87939,837,33,,0.366,0.122
115,House,20959,43,22,FL,100,,,"DEUTCH, Theodore E. (Ted)",D000610,1966,,-0.401,-0.078,-89.51793,0.90462,893,50,,-0.331,-0.279
115,House,21116,43,11,FL,200,,,"WEBSTER, Daniel A.",W000806,1949,,0.524,-0.076,-74.06529,0.91839,870,23,,0.611,-0.13
115,House,21117,43,15,FL,200,,,"ROSS, Dennis",R000593,1959,,0.531,0.099,-52.02692,0.93994,840,13,,0.472,0.334
115,House,21118,43,24,FL,100,,,"WILSON, Frederica",W000808,1942,,-0.476,-0.004,-66.3791,0.92323,831,28,,-0.486,-0.031
115,House,21317,43,3,FL,200,,,"YOHO, Ted",Y000065,1955,,0.704,-0.365,-111.86468,0.88598,924,56,,0.726,-0.154
115,House,21318,43,6,FL,200,,,"DeSANTIS, Ron",D000621,1978,,0.663,-0.105,-69.4445,0.9187,819,52,,0.687,0.031
115,House,21321,43,21,FL,100,,,"FRANKEL, Lois",F000462,1948,,-0.396,-0.022,-87.74511,0.90601,889,51,,-0.362,-0.256
115,House,21512,43,26,FL,200,,,"CURBELO, Carlos",C001107,1980,,0.211,-0.185,-191.67738,0.80566,887,96,,0.24,-0.191
115,House,21712,43,13,FL,100,,,"CRIST, Charlie Joseph Jr.",C001111,1956,,-0.227,0.079,-160.79946,0.83819,911,80,,-0.21,-0.022
115,House,21713,43,10,FL,100,,,"DEMINGS, Valdez Butler",D000627,1957,,-0.322,-0.006,-92.20266,0.90723,947,51,,-0.346,-0.227
115,House,21714,43,2,FL,200,,,"DUNN, Neal Patrick",D000628,1953,,0.508,0.334,-68.07623,0.93014,940,15,,0.501,0.273
115,House,21719,43,1,FL,200,,,"GAETZ, Matthew L. II",G000578,1982,,0.593,-0.643,-213.74377,0.79127,913,102,,0.913,-0.408
115,House,21732,43,5,FL,100,,,"LAWSON, Alfred Jr.",L000586,1948,,-0.26,0.076,-129.66628,0.864,887,56,,-0.254,0.082
115,House,21735,43,18,FL,200,,,"MAST, Brian Jeffery",M001199,1980,,0.461,-0.333,-200.54895,0.81041,954,114,,0.333,-0.137
115,House,21738,43,7,FL,100,,,"MURPHY, Stephanie",M001202,1978,,-0.161,0.123,-187.91074,0.81881,940,82,,-0.152,0.017
115,House,21742,43,19,FL,200,,,"ROONEY, Francis",R000607,1953,,0.501,-0.494,-101.95644,0.88989,874,24,,0.566,-0.3
115,House,21744,43,4,FL,200,,,"RUTHERFORD, John Henry",R000609,1952,,0.434,0.066,-74.93622,0.91977,896,32,,0.346,0.548
115,House,21746,43,9,FL,100,,,"SOTO, Darren Michael",S001200,1978,,-0.343,0.202,-90.35906,0.9099,957,33,,-0.382,0.161
115,House,29337,43,20,FL,100,,,"HASTINGS, Alcee Lamar",H000324,1936,2021.0,-0.564,0.157,-87.89322,0.90841,915,27,,-0.545,0.284
115,House,15431,44,5,GA,100,,,"LEWIS, John R.",L000287,1940,2020.0,-0.589,-0.221,-43.27693,0.95331,905,11,,-0.68,-0.013
115,House,20321,44,13,GA,100,,,"SCOTT, David",S001157,1945,,-0.305,0.165,-129.09838,0.86719,906,80,,-0.269,0.001
115,House,20505,44,6,GA,200,,,"PRICE, Tom",P000591,1954,,0.644,-0.073,-0.02153,0.98929,2,0,,0.236,0.941
115,House,20712,44,4,GA,100,,,"JOHNSON, Hank",J000288,1954,,-0.478,-0.056,-112.38603,0.88489,919,71,,-0.488,-0.328
115,House,20962,44,14,GA,200,,,"GRAVES, Tom",G000560,1970,,0.716,-0.002,-96.95775,0.90336,954,68,,0.625,0.268
115,House,21122,44,7,GA,200,,,"WOODALL, Rob",W000810,1970,,0.593,-0.173,-110.57705,0.88968,946,69,,0.564,0.053
115,House,21123,44,8,GA,200,,,"SCOTT, Austin",S001189,1969,,0.539,0.358,-97.46095,0.9024,949,28,,0.488,0.078
115,House,21323,44,9,GA,200,,,"COLLINS, Doug",C001093,1966,,0.61,0.134,-80.31171,0.91727,930,39,,0.516,0.242
115,House,21513,44,1,GA,200,,,"CARTER, Buddy",C001103,1957,,0.559,0.343,-74.30271,0.92369,936,52,,0.614,0.465
115,House,21514,44,10,GA,200,,,"HICE, Jody Brownlow",H001071,1960,,0.797,-0.242,-98.79957,0.90093,947,67,,0.857,-0.114
115,House,21515,44,11,GA,200,,,"LOUDERMILK, Barry D.",L000583,1963,,0.679,0.036,-68.36826,0.92606,890,25,,0.67,-0.076
115,House,21516,44,12,GA,200,,,"ALLEN, Rick W.",A000372,1951,,0.69,0.274,-60.24097,0.93843,948,20,,0.595,0.111
115,House,21717,44,3,GA,200,,,"FERGUSON, Anderson Drew IV",F000465,1966,,0.585,0.251,-67.80717,0.93146,955,15,,0.522,0.136
115,House,21752,44,6,GA,200,,,"HANDEL, Karen",H001078,1962,,0.493,0.305,-54.38725,0.9242,690,19,,0.494,0.303
115,House,29339,44,2,GA,100,,,"BISHOP, Sanford Dixon, Jr.",B000490,1947,,-0.289,0.447,-168.60083,0.83403,929,81,,-0.342,0.5
115,House,21124,82,1,HI,100,,,"HANABUSA, Colleen",H001050,1951,,-0.37,0.004,-84.1993,0.90462,840,42,,-0.359,0.023
115,House,21324,82,2,HI,100,,,"GABBARD, Tulsi",G000571,1981,,-0.274,-0.282,-125.35341,0.87105,908,50,,-0.295,-0.544
115,House,21125,63,1,ID,200,,,"LABRADOR, Raúl R.",L000573,1967,,0.735,-0.571,-121.02518,0.86247,818,46,,1.0,-0.03
115,House,29910,63,2,ID,200,,,"SIMPSON, Michael K.",S001148,1950,,0.296,0.314,-67.55517,0.92898,917,20,,0.271,0.395
115,House,20508,21,3,IL,100,,,"LIPINSKI, Daniel",L000563,1966,,-0.227,0.176,-164.8294,0.83694,926,72,,-0.194,-0.022
115,House,20715,21,6,IL,200,,,"ROSKAM, Peter",R000580,1961,,0.429,0.018,-129.50472,0.86653,904,65,,0.303,0.112
115,House,20749,21,11,IL,100,,,"FOSTER, Bill",F000454,1955,,-0.238,-0.224,-100.00379,0.89948,944,39,,-0.283,-0.255
115,House,20954,21,5,IL,100,,,"QUIGLEY, Mike",Q000023,1958,,-0.325,-0.226,-70.28027,0.92676,924,30,,-0.351,-0.131
115,House,21128,21,16,IL,200,,,"KINZINGER, Adam",K000378,1978,,0.234,0.382,-100.13109,0.89916,942,65,,0.25,0.555
115,House,21129,21,14,IL,200,,,"HULTGREN, Randy",H001059,1966,,0.49,-0.034,-87.46054,0.91024,930,27,,0.45,-0.0
115,House,21326,21,10,IL,100,,,"SCHNEIDER, Brad",S001190,1961,,-0.197,-0.12,-181.47011,0.82578,948,78,,-0.14,-0.209
115,House,21328,21,13,IL,200,,,"DAVIS, Rodney",D000619,1970,,0.279,0.17,-95.53569,0.90116,918,45,,0.27,0.289
115,House,21329,21,17,IL,100,,,"BUSTOS, Cheri",B001286,1961,,-0.239,0.054,-116.56798,0.88498,954,54,,-0.234,-0.11
115,House,21371,21,2,IL,100,,,"KELLY, Robin L.",K000385,1956,,-0.473,-0.024,-62.90817,0.93473,932,28,,-0.505,0.028
115,House,21519,21,12,IL,200,,,"BOST, Mike",B001295,1960,,0.401,-0.046,-123.952,0.87792,952,72,,0.239,0.701
115,House,21562,21,18,IL,200,,,"LaHOOD, Darin",L000585,1968,,0.461,0.221,-98.1955,0.90199,952,65,,0.47,0.118
115,House,21730,21,8,IL,100,,,"KRISHNAMOORTHI, S. Raja",K000391,1973,,-0.347,-0.015,-81.0433,0.91872,956,43,,-0.313,-0.182
115,House,29346,21,1,IL,100,,,"RUSH, Bobby L.",R000515,1946,,-0.479,-0.203,-93.21808,0.88385,755,40,,-0.484,-0.066
115,House,29348,21,4,IL,100,,,"GUTIÉRREZ, Luis V.",G000535,1953,,-0.487,-0.26,-86.59678,0.90104,831,42,,-0.572,-0.124
115,House,29717,21,7,IL,100,,,"DAVIS, Danny K.",D000096,1941,,-0.487,-0.266,-59.14921,0.93331,857,28,,-0.434,-0.481
115,House,29718,21,15,IL,200,,,"SHIMKUS, John M.",S000364,1958,,0.375,0.154,-83.24505,0.91627,952,25,,0.327,0.259
115,House,29911,21,9,IL,100,,,"SCHAKOWSKY, Janice D.",S001145,1944,,-0.602,-0.289,-51.93465,0.94674,949,15,,-0.714,-0.107
115,House,15124,22,1,IN,100,,,"VISCLOSKY, Peter",V000108,1949,,-0.402,0.244,-100.61223,0.89704,926,33,,-0.399,0.097
115,House,20757,22,7,IN,100,,,"CARSON, André",C001072,1974,,-0.435,0.027,-110.81782,0.88778,931,51,,-0.437,-0.05
115,House,21131,22,4,IN,200,,,"ROKITA, Todd",R000592,1970,,0.602,-0.16,-107.54672,0.89024,925,58,,0.694,-0.11
115,House,21132,22,8,IN,200,,,"BUCSHON, Larry",B001275,1962,,0.38,0.385,-85.64877,0.91379,950,39,,0.363,0.212
115,House,21330,22,2,IN,200,,,"WALORSKI, Jackie",W000813,1963,2022.0,0.436,0.315,-69.97306,0.92906,951,23,,0.484,0.212
115,House,21331,22,5,IN,200,,,"BROOKS, Susan",B001284,1960,,0.352,0.217,-78.68186,0.92051,950,23,,0.373,0.156
115,House,21332,22,6,IN,200,,,"MESSER, Luke",M001189,1969,,0.563,-0.086,-74.26984,0.9202,893,24,,0.589,-0.109
115,House,21702,22,3,IN,200,,,"BANKS, James E.",B001299,1979,,0.648,0.014,-67.3004,0.93189,954,22,,0.653,-0.052
115,House,21725,22,9,IN,200,,,"HOLLINGSWORTH, Joseph Albert III",H001074,1983,,0.417,-0.243,-127.09691,0.87214,929,44,,0.467,-0.175
115,House,20325,31,4,IA,200,,,"KING, Steve",K000362,1949,,0.613,0.171,-155.87593,0.84764,943,40,,0.54,-0.196
115,House,20720,31,2,IA,100,,,"LOEBSACK, Dave",L000565,1952,,-0.276,-0.027,-118.96774,0.88136,942,72,,-0.263,0.095
115,House,21520,31,1,IA,200,,,"BLUM, Rod",B001294,1955,,0.527,-0.488,-262.21396,0.75107,916,105,,0.538,-0.554
115,House,21521,31,3,IA,200,,,"YOUNG, David",Y000066,1968,,0.442,-0.038,-113.41718,0.88835,958,35,,0.439,-0.117
115,House,20915,32,2,KS,200,,,"JENKINS, Lynn",J000290,1963,,0.523,0.004,-92.63139,0.90209,899,61,,0.5,0.31
115,House,21135,32,3,KS,200,,,"YODER, Kevin",Y000063,1976,,0.558,0.03,-107.36017,0.89239,943,67,,0.487,0.234
115,House,21136,32,4,KS,200,,,"POMPEO, Mike",P000602,1963,,0.66,0.164,-5e-05,0.99995,1,0,,0.572,0.82
115,House,21734,32,1,KS,200,,,"MARSHALL, Roger Wayne",M001198,1960,,0.607,0.139,-91.84427,0.90831,955,35,,0.494,0.197
115,House,21750,32,4,KS,200,,,"ESTES, Ron",E000298,1956,,0.648,0.124,-64.86225,0.9182,760,13,,0.549,0.086
115,House,14854,51,5,KY,200,,,"ROGERS, Harold Dallas (Hal)",R000395,1937,,0.333,0.154,-63.63854,0.93114,892,15,,0.335,0.524
115,House,20723,51,3,KY,100,,,"YARMUTH, John",Y000062,1947,,-0.378,-0.275,-65.04772,0.93252,931,22,,-0.365,-0.474
115,House,20916,51,2,KY,200,,,"GUTHRIE, Brett",G000558,1964,,0.427,0.274,-67.75313,0.93137,953,21,,0.534,0.231
115,House,21333,51,6,KY,200,,,"BARR, Garland H. (Andy) IV",B001282,1973,,0.489,0.29,-77.22214,0.92129,942,33,,0.547,0.321
115,House,21565,51,1,KY,200,,,"COMER, James",C001108,1972,,0.592,-0.073,-99.782,0.90079,955,49,,0.597,-0.046
115,House,31102,51,4,KY,200,,,"MASSIE, Thomas",M001184,1971,,0.662,-0.75,-416.24977,0.64552,951,174,,0.644,-0.765
115,House,20759,45,1,LA,200,,,"SCALISE, Steve",S001176,1965,,0.559,0.163,-36.19077,0.94633,656,6,,0.542,0.077
115,House,21137,45,2,LA,100,,,"RICHMOND, Cedric",R000588,1973,,-0.486,0.332,-101.01003,0.88758,847,41,,-0.58,0.416
115,House,21522,45,5,LA,200,,,"ABRAHAM, Ralph",A000374,1954,,0.541,0.257,-85.71075,0.91373,950,25,,0.543,0.074
115,House,21523,45,6,LA,200,,,"GRAVES, Garret",G000577,1972,,0.425,0.049,-126.99535,0.87325,937,73,,0.525,-0.098
115,House,21724,45,3,LA,200,,,"HIGGINS, Clay",H001077,1961,,0.627,-0.319,-87.86915,0.91021,934,28,,0.531,0.062
115,House,21727,45,4,LA,200,,,"JOHNSON, Mike",J000299,1972,,0.565,0.025,-92.66726,0.90669,946,29,,0.575,-0.149
115,House,20920,2,1,ME,100,,,"PINGREE, Chellie",P000597,1955,,-0.423,-0.36,-67.3938,0.93074,939,22,,-0.382,-0.444
115,House,21524,2,2,ME,200,,,"POLIQUIN, Bruce Lee",P000611,1953,,0.36,-0.182,-158.12846,0.84681,951,81,,0.338,-0.036
115,House,14873,52,5,MD,100,,,"HOYER, Steny Hamilton",H000874,1939,,-0.381,0.122,-76.19745,0.91968,910,21,,-0.441,0.169
115,House,20329,52,2,MD,100,,,"RUPPERSBERGER, C. A. (Dutch)",R000576,1946,,-0.299,0.12,-125.33706,0.87492,938,67,,-0.254,-0.081
115,House,20724,52,3,MD,100,,,"SARBANES, John",S001168,1962,,-0.466,-0.078,-66.47693,0.93235,949,24,,-0.523,0.159
115,House,21139,52,1,MD,200,,,"HARRIS, Andy",H001052,1957,,0.674,-0.37,-133.99653,0.86608,932,49,,0.711,-0.459
115,House,21334,52,6,MD,100,,,"DELANEY, John",D000620,1963,,-0.276,0.041,-105.64892,0.89294,933,51,,-0.282,0.111
115,House,21707,52,4,MD,100,,,"BROWN, Anthony Gregory",B001304,1961,,-0.344,-0.063,-81.67745,0.91478,917,42,,-0.342,-0.171
115,House,21741,52,8,MD,100,,,"RASKIN, Jamie Ben",R000606,1962,,-0.503,-0.237,-70.88941,0.92824,952,33,,-0.552,-0.183
115,House,29587,52,7,MD,100,,,"CUMMINGS, Elijah Eugene",C000984,1951,2019.0,-0.438,-0.148,-49.41925,0.92602,643,26,,-0.46,-0.142
115,House,15616,3,1,MA,100,,,"NEAL, Richard Edmund",N000015,1949,,-0.417,-0.105,-74.10956,0.92348,931,29,,-0.446,0.148
115,House,20119,3,8,MA,100,,,"LYNCH, Stephen F.",L000562,1955,,-0.342,0.048,-136.43144,0.86369,931,58,,-0.376,0.244
115,House,20754,3,3,MA,100,,,"TSONGAS, Nicola S. (Niki)",T000465,1946,,-0.396,-0.199,-64.09341,0.92818,860,23,,-0.349,-0.39
115,House,21140,3,9,MA,100,,,"KEATING, William R.",K000375,1952,,-0.329,-0.102,-99.10333,0.89671,909,52,,-0.328,0.043
115,House,21335,3,4,MA,100,,,"KENNEDY, Joseph P. III",K000379,1980,,-0.421,-0.206,-68.47258,0.92498,878,24,,-0.387,-0.356
115,House,21375,3,5,MA,100,,,"CLARK, Katherine M.",C001101,1963,,-0.479,-0.259,-64.20699,0.9337,936,27,,-0.495,-0.282
115,House,21525,3,6,MA,100,,,"MOULTON, Seth",M001196,1978,,-0.286,-0.044,-104.85501,0.89402,936,41,,-0.273,-0.301
115,House,29729,3,2,MA,100,,,"McGOVERN, James P.",M000312,1959,,-0.538,-0.344,-64.0442,0.93434,943,39,,-0.652,-0.125
115,House,29919,3,7,MA,100,,,"CAPUANO, Michael Everett",C001037,1952,,-0.58,-0.082,-69.97069,0.92615,912,23,,-0.576,-0.034
115,House,10713,23,13,MI,100,,,"CONYERS, John, Jr.",C000714,1929,2019.0,-0.658,-0.512,-33.52608,0.93881,531,15,,-0.601,-0.337
115,House,15033,23,9,MI,100,,,"LEVIN, Sander Martin",L000263,1931,,-0.379,-0.091,-70.93397,0.92842,955,31,,-0.435,-0.012
115,House,15446,23,6,MI,200,,,"UPTON, Frederick Stephen",U000031,1953,,0.32,-0.355,-182.02416,0.82378,939,85,,0.291,-0.023
115,House,20725,23,7,MI,200,,,"WALBERG, Tim",W000798,1951,,0.498,0.165,-80.30224,0.91951,957,54,,0.535,0.446
115,House,21142,23,2,MI,200,,,"HUIZENGA, Bill",H001058,1969,,0.531,0.055,-75.37688,0.92166,924,40,,0.606,0.307
115,House,21143,23,3,MI,200,,,"AMASH, Justin",A000367,1980,,0.654,-0.757,-567.42775,0.55202,955,271,,0.558,-0.83
115,House,21372,23,5,MI,100,,,"KILDEE, Dan",K000380,1958,,-0.359,-0.183,-79.45633,0.91968,949,31,,-0.351,-0.418
115,House,21526,23,4,MI,200,,,"MOOLENAAR, John",M001194,1961,,0.447,0.173,-83.65531,0.91621,956,37,,0.349,0.484
115,House,21527,23,8,MI,200,,,"BISHOP, Michael Dean",B001293,1967,,0.451,0.095,-94.98035,0.9035,936,56,,0.476,0.048
115,House,21528,23,11,MI,200,,,"TROTT, David A.",T000475,1960,,0.369,0.257,-73.98194,0.92075,896,20,,0.364,0.19
115,House,21529,23,12,MI,100,,,"DINGELL, Debbie",D000624,1953,,-0.402,-0.185,-64.20607,0.93438,946,19,,-0.37,-0.266
115,House,21530,23,14,MI,100,,,"LAWRENCE, Brenda L",L000581,1954,,-0.448,-0.039,-70.21684,0.92817,942,37,,-0.436,-0.011
115,House,21704,23,1,MI,200,,,"BERGMAN, John",B001301,1947,,0.433,0.084,-117.29886,0.8835,947,74,,0.427,0.032
115,House,21737,23,10,MI,200,,,"MITCHELL, Paul",M001201,1956,2021.0,0.422,0.311,-73.19348,0.926,952,28,,0.429,0.355
115,House,21764,23,13,MI,100,,,"JONES, Brenda",J000303,1959,,-0.565,0.449,-0.38816,0.98831,33,0,,-0.569,0.455
115,House,14263,33,8,MN,100,,,"NOLAN, Richard Michael",N000127,1943,2024.0,-0.372,-0.372,-164.80005,0.82939,881,80,,-0.36,0.096
115,House,20122,33,4,MN,100,,,"McCOLLUM, Betty",M001143,1954,,-0.419,-0.186,-87.83108,0.91116,944,43,,-0.359,-0.413
115,House,20726,33,1,MN,100,,,"WALZ, Tim",W000799,1964,,-0.275,0.131,-103.42569,0.85735,672,56,,-0.291,-0.122
115,House,20727,33,5,MN,100,,,"ELLISON, Keith",E000288,1963,,-0.537,-0.58,-70.82184,0.91687,816,21,,-0.551,-0.8
115,House,20924,33,3,MN,200,,,"PAULSEN, Erik",P000594,1965,,0.402,-0.191,-166.93075,0.83901,951,92,,0.328,-0.043
115,House,21531,33,6,MN,200,,,"EMMER, Thomas Earl II",E000294,1961,,0.467,-0.068,-119.97885,0.88124,949,61,,0.456,-0.049
115,House,21733,33,2,MN,200,,,"LEWIS, Jason Mark",L000587,1955,,0.506,-0.197,-106.18645,0.89329,941,35,,0.506,-0.197
115,House,29127,33,7,MN,100,,,"PETERSON, Collin Clark",P000258,1944,,-0.148,0.712,-285.22361,0.73318,919,130,,-0.218,0.834
115,House,20925,46,3,MS,200,,,"HARPER, Gregg",H001045,1956,,0.384,0.48,-64.82468,0.93211,922,15,,0.402,0.417
115,House,21148,46,4,MS,200,,,"PALAZZO, Steven",P000601,1970,,0.535,0.45,-79.01353,0.91604,901,42,,0.47,0.371
115,House,21561,46,1,MS,200,,,"KELLY, Trent",K000388,1966,,0.637,0.292,-74.874,0.92444,953,29,,0.618,0.089
115,House,29368,46,2,MS,100,,,"THOMPSON, Bennie",T000193,1948,,-0.519,0.39,-54.93903,0.94053,896,14,,-0.566,0.466
115,House,20124,34,6,MO,200,,,"GRAVES, Samuel",G000546,1963,,0.449,0.162,-87.55364,0.90509,878,65,,0.415,0.534
115,House,20147,34,1,MO,100,,,"CLAY, William Lacy, Jr.",C001049,1956,,-0.481,-0.078,-101.47586,0.89557,920,59,,-0.395,-0.273
115,House,20517,34,5,MO,100,,,"CLEAVER, Emanuel, II",C001061,1944,,-0.454,0.0,-74.50321,0.91747,865,35,,-0.466,0.053
115,House,20926,34,3,MO,200,,,"LUETKEMEYER, Blaine",L000569,1952,,0.45,0.247,-72.09462,0.92684,949,22,,0.44,0.301
115,House,21149,34,4,MO,200,,,"HARTZLER, Vicky",H001053,1960,,0.478,0.229,-77.93595,0.92019,937,37,,0.468,0.375
115,House,21150,34,7,MO,200,,,"LONG, Billy",L000576,1955,,0.544,0.244,-72.0482,0.9207,872,24,,0.472,0.15
115,House,21337,34,2,MO,200,,,"WAGNER, Ann",W000812,1962,,0.391,0.301,-81.31328,0.91541,920,30,,0.562,0.159
115,House,21373,34,8,MO,200,,,"SMITH, Jason",S001195,1980,,0.577,0.202,-78.13574,0.92024,940,44,,0.699,0.436
115,House,21532,64,1,MT,200,,,"ZINKE, Ryan",Z000018,1961,,0.441,-0.13,-0.04602,0.99745,18,0,,0.539,0.532
115,House,21751,64,1,MT,200,,,"GIANFORTE, Greg",G000584,1961,,0.431,0.085,-78.21769,0.89341,694,28,,0.423,0.06
115,House,20518,35,1,NE,200,,,"FORTENBERRY, Jeff",F000449,1960,,0.304,-0.061,-124.32384,0.87549,935,48,,0.284,0.022
115,House,20729,35,3,NE,200,,,"SMITH, Adrian",S001172,1970,,0.509,0.255,-78.49441,0.91923,932,25,,0.512,0.095
115,House,21701,35,2,NE,200,,,"BACON, Donald J.",B001298,1963,,0.281,0.182,-133.67904,0.86963,957,44,,0.432,-0.058
115,House,20927,65,1,NV,100,,,"TITUS, Alice (Dina)",T000468,1950,,-0.297,-0.159,-103.37833,0.89034,890,35,,-0.349,-0.314
115,House,21196,65,2,NV,200,,,"AMODEI, Mark E.",A000369,1958,,0.384,0.211,-96.83584,0.90141,933,30,,0.322,0.328
115,House,21729,65,4,NV,100,,,"KIHUEN, Ruben Jesus",K000390,1980,,-0.397,0.226,-98.52466,0.90019,937,40,,-0.397,0.226
115,House,21743,65,3,NV,100,,,"ROSEN, Jacklyn Sheryl",R000608,1957,,-0.286,0.317,-176.88401,0.82422,915,81,,-0.244,0.213
115,House,20731,4,1,NH,100,,,"SHEA-PORTER, Carol",S001170,1952,,-0.315,-0.131,-99.52711,0.89476,895,38,,-0.302,-0.213
115,House,21340,4,2,NH,100,,,"KUSTER, Ann McLane",K000382,1956,,-0.264,-0.086,-113.24927,0.8843,921,54,,-0.236,-0.153
115,House,14863,12,4,NJ,200,,,"SMITH, Christopher Henry",S000522,1953,,0.183,-0.173,-205.05892,0.80622,952,67,,0.231,-0.202
115,House,15454,12,6,NJ,100,,,"PALLONE, Frank, Jr.",P000034,1951,,-0.402,-0.162,-94.93542,0.90556,957,56,,-0.633,0.09
115,House,20542,12,8,NJ,100,,,"SIRES, Albio",S001165,1951,,-0.404,0.098,-87.82212,0.90952,926,27,,-0.434,0.21
115,House,20929,12,7,NJ,200,,,"LANCE, Leonard",L000567,1952,,0.329,-0.237,-223.3813,0.79163,956,125,,0.262,-0.194
115,House,21536,12,1,NJ,100,,,"NORCROSS, Donald",N000188,1958,,-0.42,0.339,-101.2669,0.89787,940,41,,-0.472,0.485
115,House,21537,12,3,NJ,200,,,"MacARTHUR, Thomas Charles",M001193,1960,,0.206,0.274,-131.27432,0.87068,948,76,,0.204,0.291
115,House,21538,12,12,NJ,100,,,"WATSON COLEMAN, Bonnie",W000822,1945,,-0.594,-0.223,-72.45903,0.92604,943,22,,-0.721,0.099
115,House,21723,12,5,NJ,100,,,"GOTTHEIMER, Josh S.",G000583,1975,,-0.164,0.212,-220.15429,0.79315,950,111,,-0.135,0.123
115,House,29539,12,2,NJ,200,,,"LoBIONDO, Frank A.",L000554,1946,,0.211,-0.224,-221.30431,0.79219,950,107,,0.2,-0.07
115,House,29541,12,11,NJ,200,,,"FRELINGHUYSEN, Rodney P.",F000372,1946,,0.292,-0.262,-163.62492,0.84024,940,59,,0.34,0.01
115,House,29741,12,9,NJ,100,,,"PASCRELL, William J., Jr.",P000096,1937,2024.0,-0.369,-0.004,-92.54235,0.90528,930,40,,-0.374,-0.138
115,House,31103,12,10,NJ,100,,,"PAYNE, Donald, Jr.",P000604,1958,2024.0,-0.52,-0.096,-62.21164,0.93152,877,19,,-0.563,0.108
115,House,20337,66,2,NM,200,,,"PEARCE, Stevan",P000588,1947,,0.472,0.064,-131.691,0.86374,899,76,,0.475,0.077
115,House,20932,66,3,NM,100,,,"LUJÁN, Ben Ray",L000570,1972,,-0.38,0.032,-106.82639,0.89396,953,49,,-0.347,-0.15
115,House,21341,66,1,NM,100,,,"LUJAN GRISHAM, Michelle",L000580,1959,,-0.313,0.047,-125.69163,0.86952,899,67,,-0.267,-0.198
115,House,15444,13,25,NY,100,,,"SLAUGHTER, Louise McIntosh",S000480,1929,2018.0,-0.465,-0.104,-44.86097,0.92749,596,11,,-0.517,0.082
115,House,15603,13,16,NY,100,,,"ENGEL, Eliot Lance",E000179,1947,,-0.408,-0.093,-98.19514,0.89845,917,50,,-0.408,-0.199
115,House,15612,13,17,NY,100,,,"LOWEY, Nita M.",L000480,1937,2025.0,-0.389,-0.152,-78.09141,0.92085,947,30,,-0.409,-0.103
115,House,20519,13,26,NY,100,,,"HIGGINS, Brian",H001038,1959,,-0.348,-0.032,-98.59575,0.89951,931,41,,-0.37,-0.028
115,House,20733,13,9,NY,100,,,"CLARKE, Yvette Diane",C001067,1964,,-0.606,-0.263,-65.94014,0.93267,946,27,,-0.66,-0.051
115,House,20934,13,20,NY,100,,,"TONKO, Paul",T000469,1949,,-0.416,-0.263,-54.46472,0.9419,910,21,,-0.436,-0.19
115,House,21101,13,23,NY,200,,,"REED, Thomas W. II",R000585,1971,,0.269,0.12,-124.17295,0.87638,941,73,,0.243,0.23
115,House,21342,13,6,NY,100,,,"MENG, Grace",M001188,1975,,-0.37,-0.207,-81.01326,0.91768,943,26,,-0.385,-0.247
115,House,21343,13,8,NY,100,,,"JEFFRIES, Hakeem",J000294,1970,,-0.482,-0.063,-78.92922,0.91753,917,44,,-0.492,-0.106
115,House,21344,13,18,NY,100,,,"MALONEY, Sean Patrick",M001185,1966,,-0.239,0.114,-129.89654,0.86938,928,58,,-0.293,0.246
115,House,21345,13,27,NY,200,,,"COLLINS, Chris",C001092,1950,,0.357,0.236,-69.77038,0.92704,921,16,,0.355,0.323
115,House,21539,13,1,NY,200,,,"ZELDIN, Lee M",Z000017,1980,,0.397,-0.129,-141.5912,0.85933,934,74,,0.415,-0.168
115,House,21540,13,4,NY,100,,,"RICE, Kathleen Maura",R000602,1965,,-0.28,0.039,-115.45886,0.88254,924,53,,-0.31,0.127
115,House,21541,13,21,NY,200,,,"STEFANIK, Elise M",S001196,1984,,0.307,-0.109,-156.02033,0.84928,955,61,,0.242,-0.08
115,House,21542,13,24,NY,200,,,"KATKO, John",K000386,1962,,0.185,0.013,-165.7581,0.83675,930,76,,0.227,-0.009
115,House,21560,13,11,NY,200,,,"DONOVAN, Daniel M., Jr.",D000625,1956,,0.227,0.095,-139.79283,0.86168,939,51,,0.24,0.04
115,House,21715,13,13,NY,100,,,"ESPAILLAT, Adriano J.",E000297,1954,,-0.529,-0.211,-71.53165,0.92762,952,23,,-0.623,-0.046
115,House,21716,13,19,NY,200,,,"FASO, John J.",F000464,1952,,0.234,-0.008,-160.99512,0.84471,954,78,,0.234,-0.008
115,House,21747,13,3,NY,100,,,"SUOZZI, Thomas",S001201,1962,,-0.213,0.159,-189.2796,0.81603,931,73,,-0.2,0.057
115,House,21749,13,22,NY,200,,,"TENNEY, Claudia",T000478,1961,,0.464,0.018,-127.35457,0.87479,952,74,,0.275,0.508
115,House,21761,13,25,NY,100,,,"MORELLE, Joseph D.",M001206,1957,,-0.333,0.156,-1.42823,0.96213,37,0,,-0.568,0.317
115,House,29134,13,15,NY,100,,,"SERRANO, José E.",S000248,1943,,-0.491,-0.377,-78.54173,0.92105,955,42,,-0.549,-0.216
115,House,29375,13,2,NY,200,,,"KING, Peter T.",K000210,1944,,0.259,-0.03,-133.57467,0.86513,922,49,,0.239,0.033
115,House,29377,13,10,NY,100,,,"NADLER, Jerrold Lewis",N000002,1947,,-0.507,-0.478,-58.16497,0.93987,938,23,,-0.497,-0.561
115,House,29378,13,7,NY,100,,,"VELÁZQUEZ, Nydia M.",V000081,1953,,-0.547,-0.37,-74.08299,0.92414,939,49,,-0.597,-0.134
115,House,29379,13,12,NY,100,,,"MALONEY, Carolyn Bosher",M000087,1946,,-0.387,-0.285,-89.13877,0.90823,926,44,,-0.419,-0.19
115,House,29776,13,5,NY,100,,,"MEEKS, Gregory W.",M001137,1953,,-0.415,-0.062,-118.43683,0.87896,918,55,,-0.339,-0.082
115,House,29925,13,14,NY,100,,,"CROWLEY, Joseph",C001038,1962,,-0.412,-0.07,-69.85749,0.92443,889,29,,-0.509,0.022
115,House,15438,47,4,NC,100,,,"PRICE, David Eugene",P000523,1940,,-0.343,-0.03,-74.66206,0.9238,942,27,,-0.439,-0.001
115,House,20340,47,1,NC,100,,,"BUTTERFIELD, George Kenneth, Jr. (G.K.)",B001251,1947,,-0.404,0.184,-84.15319,0.91268,921,46,,-0.383,-0.143
115,House,20521,47,5,NC,200,,,"FOXX, Virginia Ann",F000450,1943,,0.624,0.174,-134.03066,0.86944,958,78,,0.537,0.07
115,House,20522,47,10,NC,200,,,"McHENRY, Patrick T.",M001156,1975,,0.524,0.156,-76.65592,0.92193,943,19,,0.469,0.103
115,House,21346,47,8,NC,200,,,"HUDSON, Richard",H001067,1971,,0.524,0.205,-91.46342,0.90285,895,60,,0.7,0.188
115,House,21347,47,9,NC,200,,,"PITTENGER, Robert",P000606,1948,,0.561,0.333,-68.88374,0.92687,907,47,,0.592,0.465
115,House,21348,47,11,NC,200,,,"MEADOWS, Mark",M001187,1959,,0.605,-0.201,-97.20759,0.90045,927,30,,0.618,-0.258
115,House,21349,47,2,NC,200,,,"HOLDING, George E.B.",H001065,1968,,0.604,0.165,-81.39174,0.91764,947,56,,0.626,0.262
115,House,21543,47,6,NC,200,,,"WALKER, Bradley Mark",W000819,1969,,0.641,0.017,-76.21416,0.92188,937,27,,0.607,-0.078
115,House,21544,47,7,NC,200,,,"ROUZER, David",R000603,1972,,0.567,0.284,-78.80706,0.92047,951,55,,0.609,0.382
115,House,21545,47,12,NC,100,,,"ADAMS, Alma",A000370,1946,,-0.464,-0.003,-58.56105,0.93948,938,25,,-0.465,0.028
115,House,21708,47,13,NC,200,,,"BUDD, Theodore Paul",B001305,1971,,0.633,-0.077,-77.04086,0.92242,954,33,,0.709,-0.103
115,House,29546,47,3,NC,200,,,"JONES, Walter Beaman, Jr.",J000255,1943,2019.0,0.244,-0.362,-854.17148,0.34654,806,380,,0.293,-0.956
115,House,21350,36,1,ND,200,,,"CRAMER, Kevin",C001096,1961,,0.4,0.367,-66.67259,0.9289,904,20,,0.43,0.301
115,House,15029,24,9,OH,100,,,"KAPTUR, Marcia Carolyn (Marcy)",K000009,1946,,-0.341,0.132,-139.47128,0.86252,943,70,,-0.362,-0.042
115,House,20130,24,12,OH,200,,,"TIBERI, Patrick (Pat)",T000462,1962,,0.386,-0.026,-60.26094,0.89253,530,24,,0.269,0.552
115,House,20342,24,10,OH,200,,,"TURNER, Michael R.",T000463,1960,,0.265,0.259,-97.32291,0.90155,939,61,,0.242,0.465
115,House,20343,24,13,OH,100,,,"RYAN, Timothy J.",R000577,1973,,-0.402,0.208,-94.18282,0.90075,901,34,,-0.414,0.238
115,House,20738,24,4,OH,200,,,"JORDAN, Jim",J000289,1964,,0.712,-0.182,-130.72967,0.86952,935,76,,1.0,-0.03
115,House,20755,24,5,OH,200,,,"LATTA, Robert E.",L000566,1956,,0.508,0.288,-67.61377,0.93186,958,33,,0.558,0.282
115,House,20941,24,11,OH,100,,,"FUDGE, Marcia L.",F000455,1952,,-0.581,0.14,-71.00655,0.92611,925,24,,-0.613,0.46
115,House,21162,24,6,OH,200,,,"JOHNSON, Bill",J000292,1954,,0.436,0.235,-90.19432,0.90924,948,63,,0.375,0.404
115,House,21163,24,15,OH,200,,,"STIVERS, Steve",S001187,1965,,0.3,0.269,-84.8995,0.9096,896,54,,0.262,0.491
115,House,21164,24,16,OH,200,,,"RENACCI, Jim",R000586,1958,,0.387,0.143,-107.22367,0.88455,874,62,,0.423,0.174
115,House,21165,24,7,OH,200,,,"GIBBS, Bob",G000563,1954,,0.484,0.284,-71.67646,0.9274,951,35,,0.54,0.334
115,House,21351,24,2,OH,200,,,"WENSTRUP, Brad",W000815,1958,,0.527,0.289,-81.62383,0.91733,946,36,,0.585,0.167
115,House,21352,24,3,OH,100,,,"BEATTY, Joyce",B001281,1950,,-0.439,0.018,-87.40948,0.90745,900,44,,-0.404,0.085
115,House,21353,24,14,OH,200,,,"JOYCE, David",J000295,1957,,0.25,0.314,-107.76164,0.8918,941,57,,0.23,0.389
115,House,21564,24,8,OH,200,,,"DAVIDSON, Warren",D000626,1970,,0.652,-0.37,-114.47545,0.88636,949,41,,0.88,-0.193
115,House,21759,24,12,OH,200,,,"BALDERSON, Troy",B001306,1962,,0.462,0.196,-1.74908,0.97079,59,0,,0.306,0.53
115,House,29550,24,1,OH,200,,,"CHABOT, Steve",C000266,1953,,0.542,-0.137,-66.80781,0.9325,956,20,,0.645,0.004
115,House,20344,53,4,OK,200,,,"COLE, Tom",C001053,1949,,0.323,0.413,-105.16937,0.89415,940,31,,0.285,0.396
115,House,21354,53,1,OK,200,,,"BRIDENSTINE, Jim",B001283,1975,,0.689,-0.157,-29.48709,0.93417,433,6,,0.623,-0.253
115,House,21355,53,2,OK,200,,,"MULLIN, Markwayne",M001190,1977,,0.531,0.251,-76.60549,0.92229,947,23,,0.562,0.291
115,House,21546,53,5,OK,200,,,"RUSSELL, Steve",R000604,1963,,0.473,-0.183,-151.96706,0.84835,924,45,,0.51,-0.348
115,House,21760,53,1,OK,200,,,"HERN, Kevin",H001082,1961,,0.68,-0.049,-8.13035,0.80273,37,4,,0.418,-0.176
115,House,29393,53,3,OK,200,,,"LUCAS, Frank D.",L000491,1960,,0.361,0.453,-70.44388,0.92875,953,20,,0.388,0.372
115,House,15410,72,4,OR,100,,,"DeFAZIO, Peter Anthony",D000191,1947,,-0.427,-0.002,-133.22326,0.86546,922,46,,-0.41,0.019
115,House,20944,72,5,OR,100,,,"SCHRADER, Kurt",S001180,1951,,-0.182,0.054,-282.09071,0.73617,921,131,,-0.231,0.285
115,House,21198,72,1,OR,100,,,"BONAMICI, Suzanne",B001278,1954,,-0.4,-0.416,-76.3641,0.923,953,37,,-0.392,-0.496
115,House,29588,72,3,OR,100,,,"BLUMENAUER, Earl",B000574,1948,,-0.426,-0.626,-82.40354,0.91397,916,35,,-0.388,-0.763
115,House,29932,72,2,OR,200,,,"WALDEN, Greg",W000791,1957,,0.333,-0.011,-90.99339,0.90894,953,33,,0.285,0.263
115,House,20134,14,9,PA,200,,,"SHUSTER, William (Bill)",S001154,1961,,0.374,0.323,-74.6645,0.91619,853,29,,0.317,0.276
115,House,20346,14,18,PA,200,,,"MURPHY, Timothy",M001151,1952,,0.258,0.198,-46.30004,0.90675,473,20,,0.263,0.346
115,House,20526,14,15,PA,200,,,"DENT, Charles W.",D000604,1960,,0.244,-0.085,-107.19941,0.85949,708,30,,0.271,-0.001
115,House,20946,14,5,PA,200,,,"THOMPSON, Glenn",T000467,1959,,0.335,0.338,-91.06622,0.90868,951,60,,0.285,0.654
115,House,21167,14,3,PA,200,,,"KELLY, Mike",K000376,1948,,0.379,0.395,-81.12234,0.91749,942,28,,0.336,0.344
115,House,21168,14,7,PA,200,,,"MEEHAN, Patrick",M001181,1955,,0.22,0.076,-115.51634,0.84747,698,58,,0.217,0.135
115,House,21170,14,10,PA,200,,,"MARINO, Thomas A.",M001179,1952,,0.352,0.477,-76.19301,0.91848,896,28,,0.33,0.331
115,House,21171,14,11,PA,200,,,"BARLETTA, Lou",B001269,1956,,0.278,0.393,-72.16152,0.91978,863,21,,0.298,0.355
115,House,21356,14,4,PA,200,,,"PERRY, Scott",P000605,1962,,0.685,-0.491,-144.87009,0.85787,945,80,,0.771,-0.442
115,House,21357,14,12,PA,200,,,"ROTHFUS, Keith",R000598,1962,,0.498,0.044,-92.02045,0.90805,954,36,,0.493,-0.098
115,House,21358,14,17,PA,100,,,"CARTWRIGHT, Matt",C001090,1961,,-0.344,0.042,-113.6594,0.88757,953,63,,-0.297,-0.123
115,House,21547,14,6,PA,200,,,"COSTELLO, Ryan",C001106,1976,,0.217,-0.055,-174.81377,0.82643,917,92,,0.227,-0.059
115,House,21548,14,13,PA,100,,,"BOYLE, Brendan Francis",B001296,1977,,-0.381,0.146,-102.75237,0.89278,906,34,,-0.429,0.32
115,House,21566,14,2,PA,100,,,"EVANS, Dwight",E000296,1954,,-0.47,-0.152,-90.56571,0.90907,950,45,,-0.456,-0.072
115,House,21718,14,8,PA,200,,,"FITZPATRICK, Brian K.",F000466,1973,,0.141,-0.108,-256.64858,0.76413,954,113,,0.215,-0.277
115,House,21745,14,16,PA,200,,,"SMUCKER, Lloyd K.",S001199,1964,,0.455,0.134,-92.53087,0.90756,954,37,,0.397,0.321
115,House,21756,14,18,PA,100,,,"LAMB, Conor",L000588,1984,,-0.143,0.212,-73.25637,0.75848,265,40,,-0.09,0.021
115,House,21762,14,7,PA,100,,,"SCANLON, Mary Gay",S001205,1959,,-0.462,-0.197,-3.0344,0.92126,37,1,,-0.231,-0.474
115,House,21763,14,15,PA,100,,,"WILD, Susan",W000826,1957,,-0.261,0.305,-2.33995,0.92497,30,1,,-0.603,0.542
115,House,29561,14,14,PA,100,,,"DOYLE, Michael F.",D000482,1953,,-0.331,0.099,-108.94859,0.89111,945,37,,-0.465,0.212
115,House,29777,14,1,PA,100,,,"BRADY, Robert A.",B001227,1945,,-0.484,0.225,-83.90752,0.91355,928,24,,-0.53,0.441
115,House,20136,5,2,RI,100,,,"LANGEVIN, James",L000559,1964,,-0.375,0.114,-81.08577,0.91786,946,29,,-0.411,0.17
115,House,21172,5,1,RI,100,,,"CICILLINE, David N.",C001084,1961,,-0.389,-0.262,-68.36411,0.9305,949,24,,-0.376,-0.434
115,House,20138,48,2,SC,200,,,"WILSON, Addison Graves (Joe)",W000795,1947,,0.53,0.161,-67.75744,0.93109,949,18,,0.509,0.393
115,House,21174,48,3,SC,200,,,"DUNCAN, Jeff",D000615,1966,,0.695,-0.095,-84.88527,0.91103,911,38,,0.747,-0.196
115,House,21175,48,4,SC,200,,,"GOWDY, Trey",G000566,1964,,0.655,-0.002,-58.51558,0.93732,904,17,,0.548,0.257
115,House,21176,48,5,SC,200,,,"MULVANEY, Mick",M001182,1967,,0.75,-0.592,-0.09233,0.9817,5,0,,0.349,0.625
115,House,21359,48,7,SC,200,,,"RICE, Tom",R000597,1957,,0.558,-0.217,-103.31137,0.89432,925,39,,0.558,-0.161
115,House,21753,48,5,SC,200,,,"NORMAN, Ralph",N000190,1953,,0.852,-0.377,-85.76927,0.88134,679,32,,0.693,-0.246
115,House,29565,48,1,SC,200,,,"SANFORD, Mark",S000051,1960,,0.686,-0.728,-259.14003,0.75359,916,133,,0.633,-0.774
115,House,39301,48,6,SC,100,,,"CLYBURN, James Enos",C000537,1940,,-0.467,0.246,-67.25653,0.92642,880,27,,-0.5,0.101
115,House,21177,37,1,SD,200,,,"NOEM, Kristi",N000184,1971,,0.398,0.326,-85.73389,0.90395,849,35,,0.469,0.154
115,House,15019,54,5,TN,100,,,"COOPER, James Hayes Shofner",C000754,1954,,-0.164,-0.033,-242.65878,0.775,952,91,,-0.162,-0.088
115,House,15455,54,2,TN,200,,,"DUNCAN, John J., Jr.",D000533,1947,,0.604,-0.476,-270.66716,0.75095,945,93,,1.0,-0.03
115,House,20351,54,7,TN,200,,,"BLACKBURN, Marsha",B001243,1952,,0.632,0.141,-58.17087,0.93224,829,30,,0.643,0.2
115,House,20748,54,9,TN,100,,,"COHEN, Stephen",C001068,1949,,-0.389,-0.294,-113.04105,0.88782,950,53,,-0.402,-0.175
115,House,20947,54,1,TN,200,,,"ROE, David P. (Phil)",R000582,1945,,0.486,0.024,-76.82579,0.9227,955,30,,0.486,0.081
115,House,21178,54,3,TN,200,,,"FLEISCHMANN, Chuck",F000459,1962,,0.432,0.395,-69.63466,0.92989,958,18,,0.393,0.352
115,House,21179,54,4,TN,200,,,"DESJARLAIS, Scott",D000616,1964,,0.578,-0.043,-72.03482,0.92547,930,26,,0.637,-0.068
115,House,21180,54,6,TN,200,,,"BLACK, Diane",B001273,1951,,0.58,0.219,-43.95387,0.94078,720,13,,0.572,0.082
115,House,21731,54,8,TN,200,,,"KUSTOFF, David",K000392,1966,,0.542,0.34,-75.47762,0.92253,936,19,,0.541,0.041
115,House,15085,49,6,TX,200,,,"BARTON, Joe Linus",B000213,1949,,0.528,0.047,-98.12992,0.89976,929,38,,0.541,-0.129
115,House,15445,49,21,TX,200,,,"SMITH, Lamar Seeligson",S000583,1947,,0.425,0.061,-68.77216,0.92596,894,19,,0.491,0.116
115,House,20139,49,7,TX,200,,,"CULBERSON, John",C001048,1956,,0.503,0.366,-80.52851,0.91815,943,22,,0.473,0.129
115,House,20352,49,5,TX,200,,,"HENSARLING, Jeb",H001036,1957,,0.703,0.04,-68.08408,0.93035,943,16,,0.645,0.062
115,House,20355,49,26,TX,200,,,"BURGESS, Michael C.",B001248,1950,,0.565,-0.164,-113.57767,0.88596,938,63,,0.576,-0.087
115,House,20356,49,31,TX,200,,,"CARTER, John R.",C001051,1941,,0.487,0.547,-70.99589,0.9265,930,20,,0.433,0.443
115,House,20527,49,1,TX,200,,,"GOHMERT, Louie",G000552,1953,,0.644,-0.406,-186.40601,0.81103,890,76,,0.991,-0.136
115,House,20528,49,2,TX,200,,,"POE, Ted",P000592,1948,,0.594,-0.029,-141.43323,0.85398,896,76,,0.594,-0.17
115,House,20529,49,9,TX,100,,,"GREEN, Al",G000553,1947,,-0.447,0.261,-97.01309,0.90184,939,41,,-0.484,0.203
115,House,20530,49,10,TX,200,,,"McCAUL, Michael T.",M001157,1962,,0.411,0.176,-71.26325,0.92707,941,21,,0.482,0.284
115,House,20531,49,11,TX,200,,,"CONAWAY, K. Michael",C001062,1948,,0.593,0.367,-87.56717,0.91247,956,61,,0.557,0.423
115,House,20532,49,24,TX,200,,,"MARCHANT, Kenny",M001158,1951,,0.6,0.154,-78.74,0.91711,910,37,,0.591,0.161
115,House,20533,49,28,TX,100,,,"CUELLAR, Henry",C001063,1955,,-0.225,0.646,-239.42408,0.77743,951,119,,-0.225,0.63
115,House,20948,49,22,TX,200,,,"OLSON, Pete",O000168,1962,,0.548,0.308,-55.6016,0.94239,937,10,,0.558,0.227
115,House,21182,49,17,TX,200,,,"FLORES, Bill",F000461,1954,,0.572,0.293,-75.14654,0.92333,942,54,,0.582,0.537
115,House,21184,49,27,TX,200,,,"FARENTHOLD, Blake",F000460,1961,,0.548,0.016,-55.95071,0.92135,683,24,,0.636,0.005
115,House,21360,49,14,TX,200,,,"WEBER, Randy",W000814,1953,,0.72,0.023,-102.13288,0.89694,939,61,,0.641,0.136
115,House,21361,49,16,TX,100,,,"O'ROURKE, Beto",O000170,1972,,-0.304,-0.331,-111.02625,0.88781,933,47,,-0.245,-0.337
115,House,21362,49,20,TX,100,,,"CASTRO, Joaquin",C001091,1974,,-0.401,-0.137,-90.44055,0.90901,948,50,,-0.389,-0.258
115,House,21364,49,25,TX,200,,,"WILLIAMS, Roger",W000816,1949,,0.594,0.062,-79.74129,0.91933,948,27,,0.599,-0.025
115,House,21365,49,33,TX,100,,,"VEASEY, Marc",V000131,1971,,-0.408,0.365,-121.62831,0.87983,950,48,,-0.4,0.354
115,House,21366,49,34,TX,100,,,"VELA, Filemon",V000132,1963,,-0.311,0.407,-197.06963,0.8083,926,86,,-0.343,0.435
115,House,21549,49,4,TX,200,,,"RATCLIFFE, John",R000601,1965,,0.693,0.113,-77.59737,0.91895,918,53,,0.76,0.237
115,House,21550,49,23,TX,200,,,"HURD, William Ballard",H001073,1977,,0.287,0.228,-108.35097,0.89178,946,63,,0.309,0.297
115,House,21551,49,36,TX,200,,,"BABIN, Brian",B001291,1948,,0.708,0.119,-81.04446,0.91765,943,48,,0.643,0.276
115,House,21700,49,19,TX,200,,,"ARRINGTON, Jodey Cook",A000375,1972,,0.643,0.0,-61.10752,0.93693,938,15,,0.549,0.118
115,House,21722,49,15,TX,100,,,"GONZALEZ, Vicente Jr.",G000581,1967,,-0.388,0.893,-217.17765,0.79312,937,86,,-0.363,0.642
115,House,21758,49,27,TX,200,,,"CLOUD, Michael",C001115,1975,,0.692,-0.362,-21.83301,0.83365,120,9,,0.652,-0.027
115,House,29143,49,3,TX,200,,,"JOHNSON, Sam",J000174,1930,2020.0,0.61,0.277,-53.72498,0.9371,827,13,,0.67,0.114
115,House,29571,49,35,TX,100,,,"DOGGETT, Lloyd Alton, II",D000399,1946,,-0.403,-0.333,-80.73529,0.9177,940,30,,-0.419,-0.434
115,House,29572,49,13,TX,200,,,"THORNBERRY, William McClellan (Mac)",T000238,1958,,0.525,0.313,-67.44371,0.93133,948,25,,0.451,0.373
115,House,29573,49,18,TX,100,,,"JACKSON LEE, Sheila",J000032,1950,,-0.459,0.121,-94.09889,0.90387,931,33,,-0.567,0.41
115,House,29759,49,32,TX,200,,,"SESSIONS, Pete",S000250,1955,,0.584,0.171,-62.76245,0.93613,951,18,,0.522,0.169
115,House,29760,49,8,TX,200,,,"BRADY, Kevin Patrick",B000755,1955,,0.52,0.239,-65.70335,0.93107,920,20,,0.479,0.277
115,House,29762,49,12,TX,200,,,"GRANGER, Kay",G000377,1943,,0.403,0.243,-66.13972,0.92937,903,15,,0.431,0.35
115,House,39304,49,29,TX,100,,,"GREEN, Raymond Eugene (Gene)",G000410,1947,,-0.324,0.453,-168.01147,0.83275,918,66,,-0.388,0.592
115,House,39305,49,30,TX,100,,,"JOHNSON, Eddie Bernice",J000126,1934,2023.0,-0.485,0.198,-82.17742,0.91113,883,38,,-0.477,0.18
115,House,20357,67,1,UT,200,,,"BISHOP, Robert (Rob)",B001250,1951,,0.537,0.105,-82.4525,0.91525,931,29,,0.509,0.057
115,House,20949,67,3,UT,200,,,"CHAFFETZ, Jason",C001076,1967,,0.647,-0.278,-10.59311,0.95867,251,5,,0.417,0.366
115,House,21367,67,2,UT,200,,,"STEWART, Chris",S001192,1960,,0.499,0.167,-74.31243,0.92375,937,25,,0.534,0.077
115,House,21552,67,4,UT,200,,,"LOVE, Ludmya Bourdeau (Mia)",L000584,1975,2025.0,0.542,-0.056,-102.70961,0.89501,926,39,,0.481,-0.025
115,House,21755,67,3,UT,200,,,"CURTIS, John R.",C001114,1960,,0.452,0.12,-42.38384,0.90551,427,14,,0.55,-0.024
115,House,20750,6,1,VT,100,,,"WELCH, Peter",W000800,1947,,-0.401,-0.405,-73.89305,0.92432,939,24,,-0.393,-0.585
115,House,20756,40,1,VA,200,,,"WITTMAN, Robert J.",W000804,1959,,0.447,0.024,-115.94168,0.88454,945,58,,0.588,-0.099
115,House,20952,40,11,VA,100,,,"CONNOLLY, Gerald E. (Gerry)",C001078,1950,2025.0,-0.309,-0.047,-104.01978,0.89639,951,58,,-0.359,0.131
115,House,21191,40,9,VA,200,,,"GRIFFITH, H. Morgan",G000568,1958,,0.509,-0.335,-187.98345,0.81892,941,65,,0.606,-0.501
115,House,21553,40,7,VA,200,,,"BRAT, David A.",B001290,1964,,0.829,-0.325,-88.74694,0.91009,942,29,,0.811,-0.341
115,House,21554,40,8,VA,100,,,"BEYER, Donald Sternoff Jr.",B001292,1950,,-0.394,-0.106,-127.75507,0.86942,913,49,,-0.411,0.15
115,House,21555,40,10,VA,200,,,"COMSTOCK, Barbara J.",C001105,1959,,0.276,0.389,-103.10577,0.89376,918,36,,0.293,0.213
115,House,21721,40,5,VA,200,,,"GARRETT, Thomas Alexander Jr.",G000580,1972,,0.931,-0.365,-127.34334,0.85933,840,69,,0.991,-0.136
115,House,21736,40,4,VA,100,,,"MCEACHIN, Aston Donald",M001200,1961,2022.0,-0.381,-0.017,-82.94262,0.91388,921,45,,-0.393,-0.136
115,House,21748,40,2,VA,200,,,"TAYLOR, Scott William",T000477,1979,,0.456,0.021,-96.73847,0.89936,912,36,,0.456,0.021
115,House,39307,40,3,VA,100,,,"SCOTT, Robert C.",S000185,1947,,-0.451,-0.003,-116.22744,0.88507,952,69,,-0.383,-0.248
115,House,39308,40,6,VA,200,,,"GOODLATTE, Robert William",G000289,1952,,0.496,-0.002,-83.84175,0.91544,949,22,,0.585,-0.035
115,House,20145,73,2,WA,100,,,"LARSEN, Richard Ray (Rick)",L000560,1965,,-0.365,0.166,-92.76452,0.90497,929,46,,-0.345,-0.001
115,House,20535,73,5,WA,200,,,"McMORRIS RODGERS, Cathy",M001159,1969,,0.436,0.098,-71.48709,0.92802,957,22,,0.469,0.113
115,House,20536,73,8,WA,200,,,"REICHERT, David G.",R000578,1950,,0.224,-0.146,-162.32542,0.83905,925,66,,0.257,-0.023
115,House,21187,73,3,WA,200,,,"HERRERA BEUTLER, Jaime",H001056,1978,,0.336,-0.129,-146.68109,0.85679,949,78,,0.353,-0.01
115,House,21368,73,6,WA,100,,,"KILMER, Derek",K000381,1974,,-0.316,0.005,-90.63211,0.90955,956,40,,-0.342,0.134
115,House,21369,73,10,WA,100,,,"HECK, Denny",H001064,1952,,-0.312,-0.128,-95.55347,0.90469,954,36,,-0.287,-0.216
115,House,21556,73,4,WA,200,,,"NEWHOUSE, Daniel Milton",N000189,1955,,0.317,0.334,-79.25189,0.91659,910,26,,0.352,0.249
115,House,21726,73,7,WA,100,,,"JAYAPAL, Pramila",J000298,1965,,-0.614,-0.561,-68.38477,0.93005,943,40,,-0.702,-0.159
115,House,29768,73,9,WA,100,,,"SMITH, Adam",S000510,1965,,-0.291,-0.165,-121.10587,0.87827,933,41,,-0.395,-0.508
115,House,31101,73,1,WA,100,,,"DelBENE, Suzan K.",D000617,1962,,-0.295,-0.198,-86.08693,0.91389,956,31,,-0.295,-0.302
115,House,21188,56,1,WV,200,,,"McKINLEY, David",M001180,1947,,0.3,0.178,-136.68218,0.86678,956,77,,0.239,0.406
115,House,21557,56,2,WV,200,,,"MOONEY, Alex X.",M001195,1971,,0.568,-0.241,-145.12569,0.85819,949,55,,0.616,-0.397
115,House,21558,56,3,WV,200,,,"JENKINS, Evan H.",J000297,1960,,0.315,0.308,-103.90415,0.88557,855,66,,0.329,0.338
115,House,14657,25,5,WI,200,,,"SENSENBRENNER, Frank James, Jr.",S000244,1943,,0.638,-0.579,-129.3632,0.87232,947,45,,0.666,-0.458
115,House,20537,25,4,WI,100,,,"MOORE, Gwendolynne S. (Gwen)",M001160,1951,,-0.521,-0.271,-87.81853,0.90723,902,40,,-0.528,-0.199
115,House,21189,25,7,WI,200,,,"DUFFY, Sean",D000614,1971,,0.511,-0.109,-111.03693,0.88734,929,62,,0.477,0.141
115,House,21370,25,2,WI,100,,,"POCAN, Mark",P000607,1964,,-0.523,-0.555,-46.9647,0.94673,858,16,,-0.512,-0.694
115,House,21559,25,6,WI,200,,,"GROTHMAN, Glenn",G000576,1955,,0.599,-0.205,-127.73887,0.87127,927,48,,0.667,-0.275
115,House,21720,25,8,WI,200,,,"GALLAGHER, Michael",G000579,1984,,0.437,0.033,-141.57558,0.86059,943,86,,0.566,0.079
115,House,29769,25,3,WI,100,,,"KIND, Ron",K000188,1963,,-0.26,-0.08,-173.41873,0.82631,909,94,,-0.25,0.126
115,House,29939,25,1,WI,200,,,"RYAN, Paul D.",R000570,1970,,0.556,-0.25,-7.06452,0.76207,26,4,,0.31,0.205
115,House,21710,68,1,WY,200,,,"CHENEY, Liz",C001109,1966,,0.405,0.82,-86.72845,0.90976,917,40,,0.517,0.446
115,Senate,41704,41,0,AL,200,,,"STRANGE, Luther  Johnson, III",S001202,1953,,0.56,0.18,-10.12332,0.95801,236,4,,0.57,0.225
115,Senate,41705,41,0,AL,100,,,"JONES, Gordon Douglas (Doug)",J000300,1954,,-0.088,0.187,-37.36526,0.84182,217,19,,-0.113,0.108
115,Senate,49700,41,0,AL,200,,,"SESSIONS, Jefferson Beauregard III (Jeff)",S001141,1946,,0.549,0.13,-0.56654,0.97062,19,0,,0.357,0.241
115,Senate,94659,41,0,AL,200,,,"SHELBY, Richard C.",S000320,1934,,0.446,0.57,-26.8573,0.94957,519,14,,0.394,0.49
115,Senate,40300,81,0,AK,200,,,"MURKOWSKI, Lisa",M001153,1957,,0.203,-0.304,-62.90327,0.8831,506,21,,0.229,-0.259
115,Senate,41500,81,0,AK,200,,,"SULLIVAN, Daniel Scott",S001198,1964,,0.476,0.156,-40.19786,0.92363,506,15,,0.47,0.008
115,Senate,15039,61,0,AZ,200,,,"McCAIN, John Sidney, III",M000303,1936,2018.0,0.381,-0.626,-41.58471,0.85272,261,18,,0.394,-0.762
115,Senate,15429,61,0,AZ,200,,,"KYL, Jon Llewellyn",K000352,1942,,0.548,-0.413,-8.46959,0.87605,64,2,,0.586,0.272
115,Senate,20100,61,0,AZ,200,,,"FLAKE, Jeff",F000444,1962,,0.855,-0.518,-62.93724,0.87639,477,28,,0.853,-0.522
115,Senate,20101,42,0,AR,200,,,"BOOZMAN, John",B001236,1950,,0.426,0.34,-18.66995,0.96467,519,4,,0.383,0.333
115,Senate,21301,42,0,AR,200,,,"COTTON, Tom",C001095,1977,,0.578,0.199,-31.84626,0.94082,522,12,,0.581,0.202
115,Senate,41701,71,0,CA,100,,,"HARRIS, Kamala Devi",H001075,1964,,-0.709,-0.105,-50.68641,0.90713,520,21,,-0.693,-0.068
115,Senate,49300,71,0,CA,100,,,"FEINSTEIN, Dianne",F000062,1933,2023.0,-0.268,-0.184,-101.99567,0.81069,486,44,,-0.331,-0.325
115,Senate,21112,62,0,CO,200,,,"GARDNER, Cory",G000562,1974,,0.444,-0.029,-42.36518,0.92176,520,16,,0.44,-0.124
115,Senate,40910,62,0,CO,100,,,"BENNET, Michael F.",B001267,1964,,-0.242,-0.191,-79.37469,0.85844,520,31,,-0.2,-0.148
115,Senate,20707,1,0,CT,100,,,"MURPHY, Christopher",M001169,1973,,-0.287,-0.258,-71.09498,0.87198,519,27,,-0.299,-0.044
115,Senate,41101,1,0,CT,100,,,"BLUMENTHAL, Richard",B001277,1946,,-0.434,-0.152,-82.89368,0.85265,520,36,,-0.448,-0.023
115,Senate,15015,11,0,DE,100,,,"CARPER, Thomas Richard",C000174,1947,,-0.179,-0.225,-67.46989,0.87743,516,22,,-0.183,-0.242
115,Senate,40916,11,0,DE,100,,,"COONS, Christopher A.",C001088,1963,,-0.238,-0.215,-74.78965,0.86209,504,33,,-0.214,0.001
115,Senate,14651,43,0,FL,100,,,"NELSON, Clarence William (Bill)",N000032,1942,,-0.193,0.337,-61.43426,0.88148,487,16,,-0.193,0.163
115,Senate,41102,43,0,FL,200,,,"RUBIO, Marco",R000595,1971,,0.616,-0.184,-46.50595,0.90892,487,22,,0.538,-0.065
115,Senate,29909,44,0,GA,200,,,"ISAKSON, Johnny",I000055,1944,2021.0,0.402,-0.011,-23.40168,0.95082,464,9,,0.359,0.181
115,Senate,41501,44,0,GA,200,,,"PERDUE, David Alfred, Jr.",P000612,1949,,0.562,-0.075,-38.31385,0.9287,518,16,,0.517,0.107
115,Senate,20713,82,0,HI,100,,,"HIRONO, Mazie",H001042,1947,,-0.512,-0.089,-77.69194,0.8587,510,34,,-0.441,-0.146
115,Senate,41112,82,0,HI,100,,,"SCHATZ, Brian Emanuel",S001194,1972,,-0.448,-0.119,-100.63609,0.82218,514,38,,-0.406,-0.076
115,Senate,29345,63,0,ID,200,,,"CRAPO, Michael Dean",C000880,1951,,0.505,0.291,-35.5657,0.93352,517,15,,0.583,0.337
115,Senate,40902,63,0,ID,200,,,"RISCH, James",R000584,1943,,0.552,0.384,-36.778,0.93184,521,19,,0.711,0.367
115,Senate,15021,21,0,IL,100,,,"DURBIN, Richard Joseph",D000563,1944,,-0.34,-0.311,-77.73459,0.85863,510,34,,-0.324,-0.466
115,Senate,21325,21,0,IL,100,,,"DUCKWORTH, Tammy",D000622,1968,,-0.345,0.056,-63.42292,0.87173,462,31,,-0.415,0.165
115,Senate,20717,22,0,IN,100,,,"DONNELLY, Joe",D000607,1955,,-0.119,0.435,-64.56938,0.88216,515,17,,-0.134,0.561
115,Senate,21133,22,0,IN,200,,,"YOUNG, Todd",Y000064,1972,,0.439,-0.024,-41.47294,0.9232,519,14,,0.367,-0.059
115,Senate,14226,31,0,IA,200,,,"GRASSLEY, Charles Ernest",G000386,1933,,0.362,-0.035,-45.55256,0.91643,522,21,,0.459,-0.055
115,Senate,41502,31,0,IA,200,,,"ERNST, Joni",E000295,1970,,0.537,-0.032,-33.8635,0.93707,521,13,,0.525,-0.029
115,Senate,14852,32,0,KS,200,,,"ROBERTS, Charles Patrick (Pat)",R000307,1936,,0.413,-0.09,-21.34444,0.95956,517,8,,0.342,0.167
115,Senate,29722,32,0,KS,200,,,"MORAN, Jerry",M000934,1954,,0.413,0.221,-61.42096,0.88484,502,27,,0.475,-0.278
115,Senate,14921,51,0,KY,200,,,"McCONNELL, Addison Mitchell (Mitch)",M000355,1942,,0.402,0.018,-30.88899,0.94244,521,7,,0.386,-0.024
115,Senate,41104,51,0,KY,200,,,"PAUL, Rand",P000603,1963,,0.891,-0.454,-158.15529,0.72929,501,77,,0.879,-0.477
115,Senate,20919,45,0,LA,200,,,"CASSIDY, Bill",C001075,1957,,0.464,-0.048,-37.20399,0.93044,516,19,,0.437,-0.105
115,Senate,41703,45,0,LA,200,,,"KENNEDY, John Neely",K000393,1951,,0.56,-0.149,-90.42527,0.84067,521,24,,0.482,0.462
115,Senate,41300,2,0,ME,328,,,"KING, Angus Stanley, Jr.",K000383,1944,,-0.167,-0.187,-85.94333,0.8482,522,42,,-0.14,-0.184
115,Senate,49703,2,0,ME,200,,,"COLLINS, Susan Margaret",C001035,1952,,0.124,-0.505,-76.7584,0.86325,522,34,,0.166,-0.392
115,Senate,15408,52,0,MD,100,,,"CARDIN, Benjamin Louis",C000141,1943,,-0.32,-0.224,-65.93008,0.88049,518,25,,-0.302,-0.206
115,Senate,20330,52,0,MD,100,,,"VAN HOLLEN, Christopher",V000128,1959,,-0.398,-0.227,-69.70848,0.87432,519,26,,-0.348,-0.181
115,Senate,14435,3,0,MA,100,,,"MARKEY, Edward John",M000133,1946,,-0.517,-0.471,-53.80837,0.90152,519,23,,-0.585,-0.504
115,Senate,41301,3,0,MA,100,,,"WARREN, Elizabeth",W000817,1949,,-0.745,-0.37,-32.22996,0.94012,522,13,,-0.783,-0.226
115,Senate,20923,23,0,MI,100,,,"PETERS, Gary C.",P000595,1958,,-0.25,-0.183,-107.89607,0.81229,519,45,,-0.276,-0.139
115,Senate,29732,23,0,MI,100,,,"STABENOW, Deborah Ann",S000770,1950,,-0.343,-0.019,-97.82355,0.82821,519,40,,-0.366,0.165
115,Senate,40700,33,0,MN,100,,,"KLOBUCHAR, Amy",K000367,1960,,-0.278,-0.325,-68.0274,0.87715,519,22,,-0.288,-0.058
115,Senate,40904,33,0,MN,100,,,"FRANKEN, Al",F000457,1951,,-0.399,-0.169,-23.04081,0.92388,291,9,,-0.339,-0.279
115,Senate,41706,33,0,MN,100,,,"SMITH, Tina",S001203,1958,,-0.409,-0.121,-34.6789,0.85477,221,18,,-0.346,-0.123
115,Senate,14009,46,0,MS,200,,,"COCHRAN, William Thad",C000567,1937,2019.0,0.287,0.051,-8.7148,0.97263,314,0,,0.368,0.244
115,Senate,29534,46,0,MS,200,,,"WICKER, Roger F.",W000437,1951,,0.377,0.341,-29.04675,0.94567,520,13,,0.413,0.145
115,Senate,41707,46,0,MS,200,,,"HYDE-SMITH, Cindy",H001079,1959,,0.449,0.333,-16.6703,0.90763,172,8,,0.41,0.15
115,Senate,29735,34,0,MO,200,,,"BLUNT, Roy",B000575,1950,,0.398,0.18,-15.7861,0.9697,513,2,,0.367,0.328
115,Senate,40701,34,0,MO,100,,,"McCASKILL, Claire",M001170,1953,,-0.143,0.023,-86.08537,0.84356,506,37,,-0.152,0.18
115,Senate,21338,64,0,MT,200,,,"DAINES, Steve",D000618,1962,,0.59,-0.024,-58.86944,0.89296,520,27,,0.606,-0.313
115,Senate,40702,64,0,MT,100,,,"TESTER, Jon",T000464,1956,,-0.213,0.153,-89.3516,0.84128,517,36,,-0.192,0.017
115,Senate,41302,35,0,NE,200,,,"FISCHER, Debra (Deb)",F000463,1951,,0.46,0.335,-26.46274,0.9502,518,12,,0.448,0.254
115,Senate,41503,35,0,NE,200,,,"SASSE, Benjamin Eric",S001197,1972,,0.669,-0.25,-49.53414,0.90847,516,23,,0.824,0.019
115,Senate,20730,65,0,NV,200,,,"HELLER, Dean",H001041,1960,,0.463,-0.459,-94.72531,0.82773,501,40,,0.481,-0.581
115,Senate,41700,65,0,NV,100,,,"CORTEZ MASTO, Catherine Marie",C001113,1964,,-0.347,0.35,-86.21925,0.84502,512,42,,-0.395,0.345
115,Senate,40906,4,0,NH,100,,,"SHAHEEN, Jeanne",S001181,1947,,-0.221,-0.139,-63.18602,0.8839,512,19,,-0.229,-0.077
115,Senate,41702,4,0,NH,100,,,"HASSAN, Margaret (Maggie)",H001076,1958,,-0.225,0.019,-68.35693,0.8766,519,23,,-0.258,-0.081
115,Senate,29373,12,0,NJ,100,,,"MENENDEZ, Robert",M000639,1954,,-0.366,-0.126,-86.17401,0.82537,449,35,,-0.38,-0.137
115,Senate,41308,12,0,NJ,100,,,"BOOKER, Cory Anthony",B001288,1969,,-0.558,-0.25,-62.97498,0.88232,503,29,,-0.645,-0.073
115,Senate,20930,66,0,NM,100,,,"HEINRICH, Martin",H001046,1971,,-0.334,-0.001,-75.58969,0.85995,501,35,,-0.406,0.097
115,Senate,29924,66,0,NM,100,,,"UDALL, Thomas (Tom)",U000039,1948,,-0.453,0.161,-74.64727,0.8658,518,33,,-0.419,0.089
115,Senate,14858,13,0,NY,100,,,"SCHUMER, Charles Ellis (Chuck)",S000148,1950,,-0.355,-0.411,-68.05732,0.87754,521,30,,-0.395,-0.191
115,Senate,20735,13,0,NY,100,,,"GILLIBRAND, Kirsten",G000555,1966,,-0.449,-0.308,-124.57722,0.78733,521,70,,-0.847,-0.217
115,Senate,29548,47,0,NC,200,,,"BURR, Richard M.",B001135,1955,,0.435,-0.07,-33.73154,0.93501,502,14,,0.442,0.041
115,Senate,41504,47,0,NC,200,,,"TILLIS, Thomas Roland (Thom)",T000476,1960,,0.386,-0.104,-20.21417,0.95975,492,6,,0.396,0.108
115,Senate,41107,36,0,ND,200,,,"HOEVEN, John",H001061,1957,,0.401,0.449,-18.1593,0.96555,518,5,,0.38,0.272
115,Senate,41303,36,0,ND,100,,,"HEITKAMP, Mary Kathryn (Heidi)",H001069,1955,,-0.122,0.399,-64.38813,0.88096,508,24,,-0.093,0.36
115,Senate,29386,24,0,OH,200,,,"PORTMAN, Robert Jones (Rob)",P000449,1955,,0.371,-0.208,-36.50338,0.93208,519,12,,0.324,0.006
115,Senate,29389,24,0,OH,100,,,"BROWN, Sherrod",B000944,1952,,-0.425,-0.097,-60.53153,0.89011,520,22,,-0.396,-0.08
115,Senate,15424,53,0,OK,200,,,"INHOFE, James Mountain",I000024,1934,2024.0,0.552,0.045,-27.18041,0.9484,513,10,,0.561,0.22
115,Senate,21166,53,0,OK,200,,,"LANKFORD, James",L000575,1968,,0.59,0.148,-40.58125,0.9252,522,20,,0.683,-0.023
115,Senate,14871,72,0,OR,100,,,"WYDEN, Ronald Lee",W000779,1949,,-0.334,-0.487,-98.87251,0.82654,519,51,,-0.435,-0.544
115,Senate,40908,72,0,OR,100,,,"MERKLEY, Jeff",M001176,1956,,-0.453,-0.719,-56.45368,0.89618,515,22,,-0.568,-0.722
115,Senate,29935,14,0,PA,200,,,"TOOMEY, Patrick Joseph",T000461,1961,,0.624,-0.378,-52.04724,0.90188,504,24,,0.776,-0.299
115,Senate,40703,14,0,PA,100,,,"CASEY, Robert (Bob), Jr.",C001070,1960,,-0.313,0.166,-64.94012,0.88302,522,22,,-0.317,0.065
115,Senate,29142,5,0,RI,100,,,"REED, John F. (Jack)",R000122,1949,,-0.36,-0.155,-76.11813,0.86431,522,35,,-0.312,-0.154
115,Senate,40704,5,0,RI,100,,,"WHITEHOUSE, Sheldon",W000802,1955,,-0.349,-0.112,-66.61168,0.87955,519,31,,-0.354,-0.193
115,Senate,21173,48,0,SC,200,,,"SCOTT, Tim",S001184,1965,,0.629,0.023,-31.67658,0.94057,517,15,,0.533,0.182
115,Senate,29566,48,0,SC,200,,,"GRAHAM, Lindsey O.",G000359,1955,,0.367,-0.269,-40.53936,0.92075,491,14,,0.359,-0.1
115,Senate,29754,37,0,SD,200,,,"THUNE, John",T000250,1961,,0.432,0.226,-22.43394,0.95793,522,9,,0.459,0.207
115,Senate,41505,37,0,SD,200,,,"ROUNDS, Marion Michael (Mike)",R000605,1954,,0.351,0.086,-36.83804,0.93097,515,10,,0.413,0.13
115,Senate,40304,54,0,TN,200,,,"ALEXANDER, Lamar",A000360,1940,,0.324,-0.176,-26.7818,0.94785,500,6,,0.326,-0.105
115,Senate,40705,54,0,TN,200,,,"CORKER, Robert (Bob)",C001071,1952,,0.395,-0.344,-76.78647,0.85816,502,31,,0.5,-0.579
115,Senate,40305,49,0,TX,200,,,"CORNYN, John",C001056,1952,,0.471,-0.062,-22.77009,0.95716,520,7,,0.415,0.242
115,Senate,41304,49,0,TX,200,,,"CRUZ, Rafael Edward (Ted)",C001098,1970,,0.781,-0.179,-52.12424,0.90081,499,24,,0.679,-0.2
115,Senate,14503,67,0,UT,200,,,"HATCH, Orrin Grant",H000338,1934,2022.0,0.382,-0.004,-29.34808,0.94502,519,12,,0.356,0.162
115,Senate,41110,67,0,UT,200,,,"LEE, Mike",L000577,1971,,0.891,-0.454,-99.76488,0.8242,516,60,,0.902,-0.432
115,Senate,14307,6,0,VT,100,,,"LEAHY, Patrick Joseph",L000174,1940,,-0.36,-0.121,-65.32689,0.87911,507,34,,-0.308,-0.142
115,Senate,29147,6,0,VT,328,,,"SANDERS, Bernard",S000033,1941,,-0.545,-0.428,-67.23345,0.87603,508,31,,-0.707,-0.643
115,Senate,40909,40,0,VA,100,,,"WARNER, Mark",W000805,1954,,-0.213,-0.037,-73.62306,0.86655,514,29,,-0.176,-0.03
115,Senate,41305,40,0,VA,100,,,"KAINE, Timothy Michael (Tim)",K000384,1958,,-0.237,-0.112,-67.91738,0.87734,519,23,,-0.243,-0.07
115,Senate,39310,73,0,WA,100,,,"CANTWELL, Maria E.",C000127,1958,,-0.308,-0.402,-56.56212,0.89693,520,16,,-0.349,-0.261
115,Senate,49308,73,0,WA,100,,,"MURRAY, Patty",M001111,1950,,-0.356,-0.314,-50.33521,0.90602,510,16,,-0.36,-0.235
115,Senate,20146,56,0,WV,200,,,"CAPITO, Shelley Moore",C001047,1953,,0.284,0.144,-35.08158,0.93427,516,11,,0.362,0.101
115,Senate,40915,56,0,WV,100,,,"MANCHIN, Joe, III",M001183,1947,,-0.057,0.4,-82.40179,0.85319,519,42,,-0.051,0.532
115,Senate,29940,25,0,WI,100,,,"BALDWIN, Tammy",B001230,1962,,-0.486,-0.124,-95.49417,0.83194,519,43,,-0.348,-0.209
115,Senate,41111,25,0,WI,200,,,"JOHNSON, Ron",J000293,1955,,0.643,-0.144,-36.65346,0.93169,518,18,,0.637,-0.166
115,Senate,40707,68,0,WY,200,,,"BARRASSO, John A.",B001261,1952,,0.54,0.193,-36.68182,0.93201,521,14,,0.6,0.267
115,Senate,49706,68,0,WY,200,,,"ENZI, Michael B.",E000285,1944,2021.0,0.545,0.199,-38.22236,0.92939,522,20,,0.593,0.225
116,President,99912,99,0.0,USA,200,0,0,"TRUMP, Donald John",,1946,,0.403,0.162,,,,,,,
116,House,20301,41,3.0,AL,200,,,"ROGERS, Mike Dennis",R000575,1958,,0.379,0.38,-160.24617,0.81057,763,67,,0.52,0.388
116,House,21102,41,7.0,AL,100,,,"SEWELL, Terri",S001185,1965,,-0.402,0.394,-28.08847,0.96503,789,12,,-0.43,0.384
116,House,21192,41,2.0,AL,200,,,"ROBY, Martha",R000591,1976,,0.362,0.658,-90.42097,0.88244,723,31,,0.346,0.672
116,House,21193,41,5.0,AL,200,,,"BROOKS, Mo",B001274,1954,,0.652,-0.417,-140.71682,0.83962,805,57,,0.772,-0.337
116,House,21376,41,1.0,AL,200,,,"BYRNE, Bradley",B001289,1955,,0.61,0.25,-107.81607,0.85611,694,42,,0.702,0.194
116,House,21500,41,6.0,AL,200,,,"PALMER, Gary James",P000609,1954,,0.674,0.116,-96.84763,0.88435,788,39,,0.669,0.085
116,House,29701,41,4.0,AL,200,,,"ADERHOLT, Robert",A000055,1965,,0.405,0.469,-113.89618,0.86031,757,45,,0.449,0.499
116,House,14066,81,1.0,AK,200,,,"YOUNG, Donald Edwin",Y000033,1933,2022.0,0.283,0.022,-225.61247,0.74545,768,84,,0.336,0.085
116,House,21995,93,0.0,AS,200,,,"RADEWAGEN, Aumua Amata Coleman",R000600,1947,,0.327,0.195,-16.02777,0.76557,60,7,,0.413,0.014
116,House,20305,61,3.0,AZ,100,,,"GRIJALVA, Raúl M.",G000551,1948,,-0.598,-0.264,-23.04466,0.97052,770,9,,-0.594,-0.543
116,House,20902,61,2.0,AZ,100,,,"KIRKPATRICK, Ann",K000368,1950,,-0.169,-0.01,-45.98655,0.93762,714,18,,-0.369,0.401
116,House,21103,61,4.0,AZ,200,,,"GOSAR, Paul",G000565,1958,,0.704,-0.522,-105.00767,0.87,754,32,,0.919,-0.395
116,House,21105,61,6.0,AZ,200,,,"SCHWEIKERT, David",S001183,1962,,0.552,-0.221,-196.38085,0.78447,809,84,,0.521,-0.312
116,House,21502,61,7.0,AZ,100,,,"GALLEGO, Ruben",G000574,1979,,-0.358,0.141,-24.64065,0.96959,798,10,,-0.431,0.046
116,House,21705,61,5.0,AZ,200,,,"BIGGS, Andrew S.",B001302,1958,,0.818,-0.575,-96.2597,0.88583,794,33,,1.0,-0.03
116,House,21739,61,1.0,AZ,100,,,"O'HALLERAN, Thomas C.",O000171,1946,,-0.198,0.18,-43.50479,0.94701,799,16,,-0.333,0.404
116,House,21757,61,8.0,AZ,200,,,"LESKO, Debbie",L000589,1958,,0.616,-0.104,-111.06593,0.86931,793,53,,0.591,0.019
116,House,21968,61,9.0,AZ,100,,,"STANTON, Greg",S001211,1970,,-0.278,0.263,-31.96646,0.96126,809,9,,-0.313,-0.042
116,House,21106,42,1.0,AR,200,,,"CRAWFORD, Rick",C001087,1966,,0.461,0.307,-80.934,0.89719,746,31,,0.508,0.518
116,House,21108,42,3.0,AR,200,,,"WOMACK, Steve",W000809,1957,,0.347,0.636,-70.6122,0.91661,811,28,,0.382,0.599
116,House,21503,42,2.0,AR,200,,,"HILL, French",H001072,1956,,0.435,0.278,-92.1637,0.89182,805,34,,0.421,0.337
116,House,21563,42,4.0,AR,200,,,"WESTERMAN, Bruce Eugene",W000821,1967,,0.543,0.26,-77.93989,0.90673,796,31,,0.557,0.395
116,House,15448,71,12.0,CA,100,,,"PELOSI, Nancy",P000197,1940,,-0.489,-0.178,-1.07696,0.98429,68,0,,-0.399,0.23
116,House,20104,71,28.0,CA,100,,,"SCHIFF, Adam",S001150,1960,,-0.352,-0.119,-14.84631,0.98182,809,4,,-0.427,-0.005
116,House,20108,71,53.0,CA,100,,,"DAVIS, Susan A.",D000598,1944,,-0.343,-0.103,-15.76482,0.98049,800,4,,-0.341,-0.007
116,House,20307,71,22.0,CA,200,,,"NUNES, Devin",N000181,1973,,0.45,0.223,-81.10016,0.90371,801,30,,0.462,0.366
116,House,20310,71,38.0,CA,100,,,"SÁNCHEZ, Linda T.",S001156,1969,,-0.507,-0.131,-13.15423,0.98342,787,5,,-0.523,-0.037
116,House,20501,71,16.0,CA,100,,,"COSTA, Jim",C001059,1952,,-0.199,0.449,-94.08609,0.88931,802,28,,-0.373,0.757
116,House,20538,71,6.0,CA,100,,,"MATSUI, Doris",M001163,1944,,-0.433,-0.144,-27.96084,0.96582,804,9,,-0.42,0.083
116,House,20702,71,9.0,CA,100,,,"McNERNEY, Jerry",M001166,1951,,-0.263,-0.159,-19.97492,0.97494,787,8,,-0.428,-0.167
116,House,20703,71,23.0,CA,200,,,"MCCARTHY, Kevin",M001165,1965,,0.453,0.233,-93.5791,0.88816,789,41,,0.424,0.371
116,House,20762,71,14.0,CA,100,,,"SPEIER, Karen Lorraine Jacqueline (Jackie)",S001175,1950,,-0.381,-0.41,-40.95259,0.9484,773,9,,-0.316,-0.227
116,House,20903,71,4.0,CA,200,,,"McCLINTOCK, Tom",M001177,1956,,0.67,-0.363,-162.63018,0.81416,791,80,,0.645,-0.386
116,House,20955,71,27.0,CA,100,,,"CHU, Judy",C001080,1953,,-0.48,-0.373,-16.10086,0.98029,809,6,,-0.437,-0.42
116,House,20958,71,3.0,CA,100,,,"GARAMENDI, John",G000559,1945,,-0.314,-0.098,-31.64474,0.96107,797,9,,-0.303,-0.032
116,House,20963,71,50.0,CA,200,,,"HUNTER, Duncan Duane",H001048,1976,,0.539,0.085,-124.54558,0.79736,550,57,,0.637,-0.1
116,House,21110,71,37.0,CA,100,,,"BASS, Karen",B001270,1953,,-0.584,-0.098,-16.74924,0.97843,768,8,,-0.572,-0.369
116,House,21302,71,1.0,CA,200,,,"LaMALFA, Doug",L000578,1960,,0.542,0.007,-124.1136,0.85393,786,49,,0.507,0.083
116,House,21303,71,2.0,CA,100,,,"HUFFMAN, Jared",H001068,1964,,-0.432,-0.512,-28.07935,0.96486,785,10,,-0.428,-0.684
116,House,21304,71,7.0,CA,100,,,"BERA, Ami",B001287,1965,,-0.246,0.008,-28.73149,0.96515,810,11,,-0.363,0.303
116,House,21305,71,8.0,CA,200,,,"COOK, Paul",C001094,1943,,0.372,0.208,-106.11394,0.87064,766,43,,0.323,0.37
116,House,21306,71,15.0,CA,100,,,"SWALWELL, Eric",S001193,1980,,-0.355,-0.05,-21.82341,0.96574,626,7,,-0.521,0.264
116,House,21308,71,26.0,CA,100,,,"BROWNLEY, Julia",B001285,1952,,-0.305,0.049,-29.91515,0.96321,798,12,,-0.369,0.216
116,House,21309,71,29.0,CA,100,,,"CÁRDENAS, Tony",C001097,1963,,-0.39,-0.046,-29.34938,0.9627,772,14,,-0.45,0.043
116,House,21311,71,36.0,CA,100,,,"RUIZ, Raul",R000599,1972,,-0.262,0.047,-40.45032,0.95135,811,17,,-0.392,0.219
116,House,21312,71,41.0,CA,100,,,"TAKANO, Mark",T000472,1960,,-0.456,-0.331,-18.63853,0.97686,796,7,,-0.408,-0.353
116,House,21313,71,47.0,CA,100,,,"LOWENTHAL, Alan",L000579,1941,,-0.449,-0.384,-16.31742,0.98003,809,4,,-0.482,-0.52
116,House,21314,71,51.0,CA,100,,,"VARGAS, Juan",V000130,1961,,-0.4,0.02,-30.60165,0.9621,792,11,,-0.554,-0.187
116,House,21315,71,52.0,CA,100,,,"PETERS, Scott",P000608,1958,,-0.193,-0.036,-61.03723,0.92574,791,24,,-0.227,0.179
116,House,21504,71,11.0,CA,100,,,"DESAULNIER, Mark James",D000623,1952,,-0.512,-0.361,-16.17463,0.98003,802,7,,-0.453,-0.608
116,House,21506,71,31.0,CA,100,,,"AGUILAR, Peter Rey",A000371,1979,,-0.326,0.142,-47.5804,0.94254,804,19,,-0.443,0.395
116,House,21507,71,33.0,CA,100,,,"LIEU, Ted",L000582,1969,,-0.373,-0.201,-26.26945,0.96663,774,9,,-0.592,-0.169
116,House,21508,71,35.0,CA,100,,,"TORRES, Norma Judith",T000474,1965,,-0.364,0.071,-32.97269,0.95962,800,11,,-0.395,0.075
116,House,21703,71,44.0,CA,100,,,"BARRAGÁN, Nanette Diaz",B001300,1976,,-0.5,-0.12,-20.40335,0.97476,798,11,,-0.492,-0.486
116,House,21709,71,24.0,CA,100,,,"CARBAJAL, Salud",C001112,1964,,-0.325,0.1,-16.43689,0.97994,811,4,,-0.357,0.077
116,House,21711,71,46.0,CA,100,,,"CORREA, Jose Luis",C001110,1958,,-0.284,0.171,-56.43514,0.93172,798,26,,-0.341,0.169
116,House,21728,71,17.0,CA,100,,,"KHANNA, Rohit",K000389,1976,,-0.456,-0.293,-39.99241,0.95177,809,14,,-0.323,-0.665
116,House,21740,71,20.0,CA,100,,,"PANETTA, James Varni",P000613,1969,,-0.283,0.188,-34.69639,0.95812,811,14,,-0.306,0.238
116,House,21754,71,34.0,CA,100,,,"GOMEZ, Jimmy",G000585,1974,,-0.526,-0.246,-28.57358,0.96508,804,11,,-0.416,-0.569
116,House,21907,71,39.0,CA,100,,,"CISNEROS, Gil",C001123,1971,,-0.473,0.644,-52.07638,0.93758,808,21,,-0.376,0.575
116,House,21909,71,21.0,CA,100,,,"COX, TJ",C001124,1963,,-0.343,0.478,-48.50115,0.94117,800,14,,-0.344,0.479
116,House,21930,71,10.0,CA,100,,,"HARDER, Josh",H001090,1986,,-0.3,0.448,-65.49744,0.92177,804,22,,-0.386,0.763
116,House,21932,71,25.0,CA,100,,,"HILL, Katie",H001087,1987,,-0.306,0.114,-20.26703,0.96104,510,8,,-0.305,0.113
116,House,21939,71,49.0,CA,100,,,"LEVIN, Mike",L000593,1978,,-0.319,0.161,-21.74262,0.97355,811,7,,-0.353,0.124
116,House,21954,71,45.0,CA,100,,,"PORTER, Katie",P000618,1974,,-0.236,-0.332,-132.32742,0.8472,798,40,,-0.179,0.016
116,House,21960,71,48.0,CA,100,,,"ROUDA, Harley",R000616,1961,,-0.336,0.559,-42.41024,0.94792,793,11,,-0.336,0.56
116,House,21988,71,25.0,CA,200,,,"GARCIA, Mike",G000061,1976,,0.356,0.097,-15.14211,0.88237,121,6,,0.386,0.447
116,House,29106,71,43.0,CA,100,,,"WATERS, Maxine",W000187,1938,,-0.656,-0.094,-55.78264,0.93289,803,19,,-0.589,0.367
116,House,29312,71,18.0,CA,100,,,"ESHOO, Anna Georges",E000215,1942,,-0.379,-0.372,-12.91469,0.98376,789,5,,-0.395,-0.213
116,House,29317,71,40.0,CA,100,,,"ROYBAL-ALLARD, Lucille",R000486,1941,,-0.469,-0.171,-15.44375,0.98076,795,5,,-0.399,-0.107
116,House,29323,71,42.0,CA,200,,,"CALVERT, Ken",C000059,1953,,0.339,0.278,-79.70463,0.90426,792,24,,0.321,0.524
116,House,29504,71,19.0,CA,100,,,"LOFGREN, Zoe",L000397,1947,,-0.397,-0.402,-33.06882,0.95895,789,11,,-0.461,-0.466
116,House,29707,71,30.0,CA,100,,,"SHERMAN, Brad",S000344,1954,,-0.344,-0.138,-20.91827,0.97406,796,11,,-0.454,0.067
116,House,29778,71,13.0,CA,100,,,"LEE, Barbara",L000551,1946,,-0.676,-0.582,-25.69659,0.96847,802,11,,-0.545,-0.828
116,House,29901,71,5.0,CA,100,,,"THOMPSON, Michael",T000460,1951,,-0.392,0.071,-36.95843,0.95452,794,18,,-0.441,0.414
116,House,29903,71,32.0,CA,100,,,"NAPOLITANO, Grace Flores",N000179,1936,,-0.448,-0.247,-18.33875,0.97742,803,9,,-0.479,-0.253
116,House,20704,62,5.0,CO,200,,,"LAMBORN, Doug",L000564,1954,,0.665,0.257,-72.82798,0.91151,786,30,,0.636,0.236
116,House,20705,62,7.0,CO,100,,,"PERLMUTTER, Ed",P000593,1953,,-0.282,0.072,-29.08088,0.96294,770,10,,-0.301,-0.033
116,House,21111,62,3.0,CO,200,,,"TIPTON, Scott",T000470,1956,,0.451,-0.023,-127.84774,0.85366,808,51,,0.445,-0.0
116,House,21510,62,4.0,CO,200,,,"BUCK, Kenneth Robert",B001297,1959,,0.655,-0.432,-118.26714,0.84676,711,44,,0.73,-0.418
116,House,21912,62,6.0,CO,100,,,"CROW, Jason",C001121,1979,,-0.365,0.213,-74.01198,0.91268,810,28,,-0.273,0.408
116,House,21948,62,2.0,CO,100,,,"NEGUSE, Joseph",N000191,1984,,-0.434,-0.108,-21.6542,0.97359,809,10,,-0.466,-0.463
116,House,29710,62,1.0,CO,100,,,"DeGETTE, Diana",D000197,1957,,-0.431,-0.308,-18.22306,0.97751,801,8,,-0.4,-0.356
116,House,20706,1,2.0,CT,100,,,"COURTNEY, Joe",C001069,1953,,-0.337,0.042,-21.98492,0.97322,810,5,,-0.36,0.014
116,House,20907,1,4.0,CT,100,,,"HIMES, James A.",H001047,1966,,-0.241,-0.207,-41.24979,0.94968,799,16,,-0.32,0.131
116,House,21931,1,5.0,CT,100,,,"HAYES, Jahana",H001081,1973,,-0.339,-0.041,-21.14142,0.97319,778,6,,-0.372,-0.031
116,House,29109,1,3.0,CT,100,,,"DeLAURO, Rosa L.",D000216,1943,,-0.414,-0.107,-19.40454,0.97561,786,7,,-0.378,-0.042
116,House,29908,1,1.0,CT,100,,,"LARSON, John B.",L000557,1948,,-0.396,-0.039,-17.3747,0.97852,800,6,,-0.347,0.01
116,House,21706,11,1.0,DE,100,,,"BLUNT ROCHESTER, Lisa",B001303,1962,,-0.386,-0.12,-14.70408,0.98197,808,4,,-0.399,-0.103
116,House,21993,55,0.0,DC,100,,,"NORTON, Eleanor Holmes",N000147,1937,,-0.491,-0.114,-12.47486,0.94363,215,5,,-0.301,0.113
116,House,20316,43,25.0,FL,200,,,"DIAZ-BALART, Mario",D000600,1961,,0.281,0.162,-133.04602,0.8459,795,48,,0.288,0.2
116,House,20504,43,23.0,FL,100,,,"WASSERMAN SCHULTZ, Debbie",W000797,1966,,-0.413,0.104,-26.01404,0.96761,790,8,,-0.356,0.108
116,House,20708,43,14.0,FL,100,,,"CASTOR, Kathy",C001066,1966,,-0.437,0.072,-16.94756,0.97924,808,5,,-0.417,-0.065
116,House,20709,43,16.0,FL,200,,,"BUCHANAN, Vernon G.",B001260,1951,,0.361,-0.08,-142.32704,0.83321,780,59,,0.342,0.003
116,House,20758,43,12.0,FL,200,,,"BILIRAKIS, Gus",B001257,1963,,0.423,-0.03,-126.5148,0.85063,782,56,,0.406,0.003
116,House,20909,43,8.0,FL,200,,,"POSEY, Bill",P000599,1947,,0.533,-0.353,-182.59337,0.79479,795,83,,0.538,-0.344
116,House,20959,43,22.0,FL,100,,,"DEUTCH, Theodore E. (Ted)",D000610,1966,,-0.401,-0.078,-19.78731,0.97511,785,5,,-0.394,0.062
116,House,21116,43,11.0,FL,200,,,"WEBSTER, Daniel A.",W000806,1949,,0.524,-0.076,-159.2629,0.8105,758,84,,0.56,-0.155
116,House,21118,43,24.0,FL,100,,,"WILSON, Frederica",W000808,1942,,-0.476,-0.004,-12.54499,0.98305,734,4,,-0.538,0.027
116,House,21317,43,3.0,FL,200,,,"YOHO, Ted",Y000065,1955,,0.704,-0.365,-131.16793,0.83387,722,57,,0.715,-0.336
116,House,21321,43,21.0,FL,100,,,"FRANKEL, Lois",F000462,1948,,-0.396,-0.022,-21.89905,0.97203,772,9,,-0.345,-0.022
116,House,21712,43,13.0,FL,100,,,"CRIST, Charlie Joseph Jr.",C001111,1956,,-0.227,0.079,-33.59071,0.95933,809,15,,-0.29,0.282
116,House,21713,43,10.0,FL,100,,,"DEMINGS, Valdez Butler",D000627,1957,,-0.322,-0.006,-20.74385,0.97462,807,6,,-0.314,0.09
116,House,21714,43,2.0,FL,200,,,"DUNN, Neal Patrick",D000628,1953,,0.508,0.334,-123.98963,0.84818,753,56,,0.547,0.173
116,House,21719,43,1.0,FL,200,,,"GAETZ, Matthew L. II",G000578,1982,,0.593,-0.643,-201.9849,0.753,712,96,,0.593,-0.64
116,House,21732,43,5.0,FL,100,,,"LAWSON, Alfred Jr.",L000586,1948,,-0.26,0.076,-35.0294,0.95647,787,15,,-0.262,0.073
116,House,21735,43,18.0,FL,200,,,"MAST, Brian Jeffery",M001199,1980,,0.461,-0.333,-210.88913,0.76203,776,101,,0.455,-0.369
116,House,21738,43,7.0,FL,100,,,"MURPHY, Stephanie",M001202,1978,,-0.161,0.123,-85.71652,0.89935,808,32,,-0.177,0.246
116,House,21742,43,19.0,FL,200,,,"ROONEY, Francis",R000607,1953,,0.501,-0.494,-268.86408,0.60612,537,133,,0.486,-0.634
116,House,21744,43,4.0,FL,200,,,"RUTHERFORD, John Henry",R000609,1952,,0.434,0.066,-165.96732,0.80856,781,77,,0.416,0.033
116,House,21746,43,9.0,FL,100,,,"SOTO, Darren Michael",S001200,1978,,-0.343,0.202,-21.90519,0.97299,800,6,,-0.363,0.008
116,House,21947,43,26.0,FL,100,,,"MUCARSEL-POWELL, Debbie",M001207,1971,,-0.345,0.332,-34.25115,0.9584,806,20,,-0.345,0.333
116,House,21963,43,27.0,FL,100,,,"SHALALA, Donna",S001206,1941,,-0.352,0.021,-17.13918,0.97901,808,6,,-0.351,0.018
116,House,21967,43,15.0,FL,200,,,"SPANO, Ross",S001210,1966,,0.462,0.009,-113.84357,0.86564,789,39,,0.462,0.003
116,House,21971,43,17.0,FL,200,,,"STEUBE, William",S001214,1978,,0.69,-0.352,-129.82997,0.84721,783,55,,0.66,-0.34
116,House,21981,43,6.0,FL,200,,,"WALTZ, Michael",W000823,1974,,0.452,-0.113,-154.61425,0.81657,763,73,,0.411,-0.147
116,House,29337,43,20.0,FL,100,,,"HASTINGS, Alcee Lamar",H000324,1936,2021.0,-0.564,0.157,-14.78068,0.97652,622,4,,-0.54,0.212
116,House,15431,44,5.0,GA,100,,,"LEWIS, John R.",L000287,1940,2020.0,-0.589,-0.221,-11.00536,0.98252,624,5,,-0.449,-0.132
116,House,20321,44,13.0,GA,100,,,"SCOTT, David",S001157,1945,,-0.305,0.165,-23.37286,0.97131,803,5,,-0.361,0.123
116,House,20712,44,4.0,GA,100,,,"JOHNSON, Hank",J000288,1954,,-0.478,-0.056,-36.10394,0.95603,803,10,,-0.461,-0.075
116,House,20962,44,14.0,GA,200,,,"GRAVES, Tom",G000560,1970,,0.716,-0.002,-113.96483,0.85361,720,41,,0.664,0.143
116,House,21122,44,7.0,GA,200,,,"WOODALL, Rob",W000810,1970,,0.593,-0.173,-143.25698,0.83623,801,64,,0.501,0.112
116,House,21123,44,8.0,GA,200,,,"SCOTT, Austin",S001189,1969,,0.539,0.358,-94.64624,0.88682,788,33,,0.56,0.353
116,House,21323,44,9.0,GA,200,,,"COLLINS, Doug",C001093,1966,,0.61,0.134,-81.58804,0.89601,743,31,,0.595,0.303
116,House,21513,44,1.0,GA,200,,,"CARTER, Buddy",C001103,1957,,0.559,0.343,-100.69758,0.88145,798,38,,0.596,0.179
116,House,21514,44,10.0,GA,200,,,"HICE, Jody Brownlow",H001071,1960,,0.797,-0.242,-82.05851,0.89803,763,32,,0.856,-0.087
116,House,21515,44,11.0,GA,200,,,"LOUDERMILK, Barry D.",L000583,1963,,0.679,0.036,-80.43047,0.89131,699,31,,0.715,0.133
116,House,21516,44,12.0,GA,200,,,"ALLEN, Rick W.",A000372,1951,,0.69,0.274,-91.74662,0.8919,802,38,,0.756,0.355
116,House,21717,44,3.0,GA,200,,,"FERGUSON, Anderson Drew IV",F000465,1966,,0.585,0.251,-124.56347,0.85481,794,52,,0.655,0.165
116,House,21944,44,6.0,GA,100,,,"McBATH, Lucy",M001208,1960,,-0.371,0.314,-78.84302,0.90714,809,27,,-0.249,0.354
116,House,21991,44,5.0,GA,100,,,"HALL, Kwanza",H001092,1971,,,,,,,,,-0.392,0.628
116,House,29339,44,2.0,GA,100,,,"BISHOP, Sanford Dixon, Jr.",B000490,1947,,-0.289,0.447,-55.92225,0.93199,794,28,,-0.338,0.281
116,House,21997,94,0.0,GU,100,,,"SAN NICOLAS, Michael",S001204,1981,,-0.41,-0.52,-0.92032,0.99189,113,0,,-0.407,-0.494
116,House,20322,82,1.0,HI,100,,,"CASE, Ed",C001055,1952,,-0.205,-0.081,-51.85095,0.93777,807,17,,-0.195,0.01
116,House,21324,82,2.0,HI,100,,,"GABBARD, Tulsi",G000571,1981,,-0.274,-0.282,-39.27084,0.92793,525,14,,-0.258,-0.641
116,House,21920,63,1.0,ID,200,,,"FULCHER, Russell",F000469,1962,,0.648,-0.096,-101.04628,0.88148,801,38,,0.628,0.036
116,House,29910,63,2.0,ID,200,,,"SIMPSON, Michael K.",S001148,1950,,0.296,0.314,-179.0531,0.793,772,66,,0.332,0.282
116,House,20508,21,3.0,IL,100,,,"LIPINSKI, Daniel",L000563,1966,,-0.227,0.176,-109.5829,0.87002,787,33,,-0.146,0.05
116,House,20749,21,11.0,IL,100,,,"FOSTER, Bill",F000454,1955,,-0.238,-0.224,-25.7011,0.96831,798,5,,-0.414,0.107
116,House,20954,21,5.0,IL,100,,,"QUIGLEY, Mike",Q000023,1958,,-0.325,-0.226,-19.03346,0.97634,795,6,,-0.387,-0.087
116,House,21128,21,16.0,IL,200,,,"KINZINGER, Adam",K000378,1978,,0.234,0.382,-146.30003,0.82427,757,59,,0.297,0.211
116,House,21326,21,10.0,IL,100,,,"SCHNEIDER, Brad",S001190,1961,,-0.197,-0.12,-32.74898,0.96018,806,8,,-0.295,0.024
116,House,21328,21,13.0,IL,200,,,"DAVIS, Rodney",D000619,1970,,0.279,0.17,-127.61099,0.85066,789,47,,0.234,0.341
116,House,21329,21,17.0,IL,100,,,"BUSTOS, Cheri",B001286,1961,,-0.239,0.054,-27.8776,0.96617,810,8,,-0.299,0.196
116,House,21371,21,2.0,IL,100,,,"KELLY, Robin L.",K000385,1956,,-0.473,-0.024,-23.56084,0.97126,808,10,,-0.445,0.029
116,House,21519,21,12.0,IL,200,,,"BOST, Mike",B001295,1960,,0.401,-0.046,-116.23408,0.85224,727,47,,0.292,0.453
116,House,21562,21,18.0,IL,200,,,"LaHOOD, Darin",L000585,1968,,0.461,0.221,-92.33543,0.88782,776,36,,0.473,0.284
116,House,21730,21,8.0,IL,100,,,"KRISHNAMOORTHI, S. Raja",K000391,1973,,-0.347,-0.015,-32.28833,0.96083,808,12,,-0.359,0.152
116,House,21906,21,6.0,IL,100,,,"CASTEN, Sean",C001117,1971,,-0.634,0.421,-40.94658,0.95071,810,12,,-0.402,0.253
116,House,21921,21,4.0,IL,100,,,"GARCÍA, Jesús",G000586,1956,,-0.432,-0.88,-27.81667,0.96608,806,11,,-0.459,-0.784
116,House,21979,21,14.0,IL,100,,,"UNDERWOOD, Lauren",U000040,1986,,-0.594,0.319,-56.71894,0.93197,805,16,,-0.552,0.641
116,House,29346,21,1.0,IL,100,,,"RUSH, Bobby L.",R000515,1946,,-0.479,-0.203,-23.64154,0.97003,777,6,,-0.48,-0.16
116,House,29717,21,7.0,IL,100,,,"DAVIS, Danny K.",D000096,1941,,-0.487,-0.266,-15.7637,0.98024,790,3,,-0.483,-0.316
116,House,29718,21,15.0,IL,200,,,"SHIMKUS, John M.",S000364,1958,,0.375,0.154,-98.57355,0.87925,766,45,,0.395,0.308
116,House,29911,21,9.0,IL,100,,,"SCHAKOWSKY, Janice D.",S001145,1944,,-0.602,-0.289,-16.47923,0.97964,801,6,,-0.517,-0.479
116,House,15124,22,1.0,IN,100,,,"VISCLOSKY, Peter",V000108,1949,,-0.402,0.244,-25.35942,0.96899,805,5,,-0.453,0.212
116,House,20757,22,7.0,IN,100,,,"CARSON, André",C001072,1974,,-0.435,0.027,-40.37429,0.95114,806,12,,-0.548,0.289
116,House,21132,22,8.0,IN,200,,,"BUCSHON, Larry",B001275,1962,,0.38,0.385,-100.13356,0.87967,781,45,,0.452,0.298
116,House,21330,22,2.0,IN,200,,,"WALORSKI, Jackie",W000813,1963,2022.0,0.436,0.315,-86.07111,0.8959,783,38,,0.39,0.371
116,House,21331,22,5.0,IN,200,,,"BROOKS, Susan",B001284,1960,,0.352,0.217,-134.01795,0.8412,775,65,,0.326,0.176
116,House,21702,22,3.0,IN,200,,,"BANKS, James E.",B001299,1979,,0.648,0.014,-112.18933,0.87006,806,56,,0.634,0.029
116,House,21725,22,9.0,IN,200,,,"HOLLINGSWORTH, Joseph Albert III",H001074,1983,,0.417,-0.243,-203.66398,0.77224,788,98,,0.403,-0.309
116,House,21903,22,4.0,IN,200,,,"BAIRD, James",B001307,1945,,0.446,0.417,-82.58285,0.90284,808,38,,0.427,0.668
116,House,21952,22,6.0,IN,200,,,"PENCE, Gregory",P000615,1956,,0.5,0.237,-100.2051,0.88172,796,50,,0.457,0.357
116,House,20325,31,4.0,IA,200,,,"KING, Steve",K000362,1949,,0.613,0.171,-190.61697,0.77372,743,87,,0.583,-0.184
116,House,20720,31,2.0,IA,100,,,"LOEBSACK, Dave",L000565,1952,,-0.276,-0.027,-28.98965,0.96415,794,8,,-0.3,0.214
116,House,21902,31,3.0,IA,100,,,"AXNE, Cynthia",A000378,1965,,-0.25,0.528,-80.08022,0.90452,798,37,,-0.239,0.568
116,House,21918,31,1.0,IA,100,,,"FINKENAUER, Abby",F000467,1988,,-0.224,0.501,-79.52809,0.90626,808,41,,-0.224,0.501
116,House,21734,32,1.0,KS,200,,,"MARSHALL, Roger Wayne",M001198,1960,,0.607,0.139,-126.95983,0.84854,773,57,,0.546,0.091
116,House,21750,32,4.0,KS,200,,,"ESTES, Ron",E000298,1956,,0.648,0.124,-99.76528,0.88248,798,48,,0.622,0.087
116,House,21914,32,3.0,KS,100,,,"DAVIDS, Sharice",D000629,1980,,-0.263,0.224,-57.84783,0.93083,807,23,,-0.25,0.206
116,House,21982,32,2.0,KS,200,,,"WATKINS, Steve",W000824,1976,,0.549,0.079,-114.0218,0.86747,802,52,,0.549,0.079
116,House,14854,51,5.0,KY,200,,,"ROGERS, Harold Dallas (Hal)",R000395,1937,,0.333,0.154,-87.35977,0.89643,799,26,,0.336,0.593
116,House,20723,51,3.0,KY,100,,,"YARMUTH, John",Y000062,1947,,-0.378,-0.275,-20.37847,0.97488,801,6,,-0.444,-0.161
116,House,20916,51,2.0,KY,200,,,"GUTHRIE, Brett",G000558,1964,,0.427,0.274,-72.17332,0.91394,802,28,,0.442,0.455
116,House,21333,51,6.0,KY,200,,,"BARR, Garland H. (Andy) IV",B001282,1973,,0.489,0.29,-102.67308,0.87856,793,44,,0.497,0.293
116,House,21565,51,1.0,KY,200,,,"COMER, James",C001108,1972,,0.592,-0.073,-132.27738,0.8483,804,69,,0.638,0.028
116,House,31102,51,4.0,KY,200,,,"MASSIE, Thomas",M001184,1971,,0.662,-0.75,-240.40593,0.73649,786,104,,0.919,-0.395
116,House,20759,45,1.0,LA,200,,,"SCALISE, Steve",S001176,1965,,0.559,0.163,-84.12283,0.9003,801,37,,0.577,0.298
116,House,21137,45,2.0,LA,100,,,"RICHMOND, Cedric",R000588,1973,,-0.486,0.332,-40.67477,0.94742,753,15,,-0.657,0.462
116,House,21522,45,5.0,LA,200,,,"ABRAHAM, Ralph",A000374,1954,,0.541,0.257,-62.96669,0.87964,491,29,,0.607,0.154
116,House,21523,45,6.0,LA,200,,,"GRAVES, Garret",G000577,1972,,0.425,0.049,-127.33693,0.85096,789,65,,0.42,-0.016
116,House,21724,45,3.0,LA,200,,,"HIGGINS, Clay",H001077,1961,,0.627,-0.319,-142.357,0.82261,729,71,,0.587,-0.217
116,House,21727,45,4.0,LA,200,,,"JOHNSON, Mike",J000299,1972,,0.565,0.025,-113.72805,0.85825,744,44,,0.546,0.032
116,House,20920,2,1.0,ME,100,,,"PINGREE, Chellie",P000597,1955,,-0.423,-0.36,-17.73701,0.97807,800,7,,-0.427,-0.328
116,House,21923,2,2.0,ME,100,,,"GOLDEN, Jared",G000592,1982,,-0.105,0.38,-177.70734,0.80322,811,60,,-0.123,0.367
116,House,14873,52,5.0,MD,100,,,"HOYER, Steny Hamilton",H000874,1939,,-0.381,0.122,-16.47166,0.97955,797,3,,-0.383,0.155
116,House,15433,52,7.0,MD,100,,,"MFUME, Kweisi",M000687,1948,,-0.44,-0.328,-1.52434,0.98768,123,0,,-0.588,-0.04
116,House,20329,52,2.0,MD,100,,,"RUPPERSBERGER, C. A. (Dutch)",R000576,1946,,-0.299,0.12,-23.924,0.9705,799,6,,-0.294,0.017
116,House,20724,52,3.0,MD,100,,,"SARBANES, John",S001168,1962,,-0.466,-0.078,-16.36907,0.97995,808,6,,-0.416,-0.084
116,House,21139,52,1.0,MD,200,,,"HARRIS, Andy",H001052,1957,,0.674,-0.37,-145.39341,0.83229,792,56,,0.749,-0.398
116,House,21707,52,4.0,MD,100,,,"BROWN, Anthony Gregory",B001304,1961,,-0.344,-0.063,-35.44179,0.95672,801,13,,-0.307,-0.065
116,House,21741,52,8.0,MD,100,,,"RASKIN, Jamie Ben",R000606,1962,,-0.503,-0.237,-18.70044,0.97709,807,7,,-0.486,-0.544
116,House,21978,52,6.0,MD,100,,,"TRONE, David",T000483,1955,,-0.348,0.23,-32.42159,0.95999,794,5,,-0.268,-0.038
116,House,29587,52,7.0,MD,100,,,"CUMMINGS, Elijah Eugene",C000984,1951,2019.0,-0.438,-0.148,-14.38346,0.96718,431,7,,-0.385,-0.096
116,House,15616,3,1.0,MA,100,,,"NEAL, Richard Edmund",N000015,1949,,-0.417,-0.105,-11.38124,0.98584,798,3,,-0.432,-0.087
116,House,20119,3,8.0,MA,100,,,"LYNCH, Stephen F.",L000562,1955,,-0.342,0.048,-32.74591,0.96009,804,10,,-0.302,-0.029
116,House,21140,3,9.0,MA,100,,,"KEATING, William R.",K000375,1952,,-0.329,-0.102,-30.29748,0.9627,797,10,,-0.367,0.01
116,House,21335,3,4.0,MA,100,,,"KENNEDY, Joseph P. III",K000379,1980,,-0.421,-0.206,-25.62281,0.96844,799,11,,-0.444,-0.619
116,House,21375,3,5.0,MA,100,,,"CLARK, Katherine M.",C001101,1963,,-0.479,-0.259,-15.15317,0.98128,802,6,,-0.425,-0.265
116,House,21525,3,6.0,MA,100,,,"MOULTON, Seth",M001196,1978,,-0.286,-0.044,-70.51397,0.90708,723,27,,-0.231,0.185
116,House,21955,3,7.0,MA,100,,,"PRESSLEY, Ayanna",P000617,1974,,-0.373,-0.928,-45.81728,0.94441,801,25,,-0.29,-0.957
116,House,21977,3,3.0,MA,100,,,"TRAHAN, Lori",T000482,1973,,-0.408,-0.129,-20.3563,0.97521,811,6,,-0.472,-0.175
116,House,29729,3,2.0,MA,100,,,"McGOVERN, James P.",M000312,1959,,-0.538,-0.344,-18.58667,0.97723,807,9,,-0.462,-0.624
116,House,15446,23,6.0,MI,200,,,"UPTON, Frederick Stephen",U000031,1953,,0.32,-0.355,-192.31169,0.78773,806,92,,0.24,-0.044
116,House,20725,23,7.0,MI,200,,,"WALBERG, Tim",W000798,1951,,0.498,0.165,-97.57926,0.88517,800,36,,0.464,0.242
116,House,21142,23,2.0,MI,200,,,"HUIZENGA, Bill",H001058,1969,,0.531,0.055,-141.94449,0.83554,790,54,,0.493,-0.034
116,House,21143,23,3.0,MI,200,,,"AMASH, Justin",A000367,1980,,0.654,-0.757,-172.05329,0.62734,369,65,,0.919,-0.395
116,House,21372,23,5.0,MI,100,,,"KILDEE, Dan",K000380,1958,,-0.359,-0.183,-19.93606,0.97572,811,7,,-0.489,-0.305
116,House,21526,23,4.0,MI,200,,,"MOOLENAAR, John",M001194,1961,,0.447,0.173,-81.07843,0.90464,809,31,,0.399,0.37
116,House,21529,23,12.0,MI,100,,,"DINGELL, Debbie",D000624,1953,,-0.402,-0.185,-20.59088,0.9743,791,8,,-0.396,-0.399
116,House,21530,23,14.0,MI,100,,,"LAWRENCE, Brenda L",L000581,1954,,-0.448,-0.039,-13.23385,0.98322,782,4,,-0.467,0.032
116,House,21704,23,1.0,MI,200,,,"BERGMAN, John",B001301,1947,,0.433,0.084,-131.61953,0.84724,794,60,,0.43,0.095
116,House,21737,23,10.0,MI,200,,,"MITCHELL, Paul",M001201,1956,2021.0,0.422,0.311,-106.11067,0.86741,746,43,,0.421,0.286
116,House,21940,23,9.0,MI,100,,,"LEVIN, Andy",L000592,1960,,-0.474,-0.563,-16.7619,0.97949,809,6,,-0.534,-0.549
116,House,21965,23,8.0,MI,100,,,"SLOTKIN, Elissa",S001208,1976,,-0.368,0.781,-111.09628,0.87183,810,44,,-0.3,0.776
116,House,21972,23,11.0,MI,100,,,"STEVENS, Haley",S001215,1983,,-0.371,0.259,-43.35863,0.94788,810,19,,-0.337,0.364
116,House,21975,23,13.0,MI,100,,,"TLAIB, Rashida",T000481,1976,,-0.29,-0.957,-48.68816,0.94131,805,25,,-0.255,-0.967
116,House,91143,23,3.0,MI,328,,,"AMASH, Justin",A000367,1980,,0.359,-0.933,-284.06688,0.51732,431,157,,0.358,-0.934
116,House,91737,23,10.0,MI,328,,,"MITCHELL, Paul",M001201,1956,2021.0,,,,,,,,-0.067,0.998
116,House,20122,33,4.0,MN,100,,,"McCOLLUM, Betty",M001143,1954,,-0.419,-0.186,-25.99646,0.96842,810,7,,-0.458,-0.078
116,House,21531,33,6.0,MN,200,,,"EMMER, Thomas Earl II",E000294,1961,,0.467,-0.068,-140.27606,0.82561,732,55,,0.489,-0.021
116,House,21910,33,2.0,MN,100,,,"CRAIG, Angela",C001119,1972,,-0.274,0.548,-77.89279,0.90842,811,25,,-0.311,0.708
116,House,21929,33,1.0,MN,200,,,"HAGEDORN, Jim",H001088,1962,2022.0,0.477,0.345,-78.28015,0.9069,801,35,,0.459,0.377
116,House,21950,33,5.0,MN,100,,,"OMAR, Ilhan",O000173,1982,,-0.296,-0.955,-55.51541,0.93113,778,26,,-0.278,-0.961
116,House,21953,33,3.0,MN,100,,,"PHILLIPS, Dean",P000616,1969,,-0.277,0.167,-50.53076,0.93959,811,13,,-0.235,0.073
116,House,21969,33,8.0,MN,200,,,"STAUBER, Peter",S001212,1966,,0.384,-0.101,-161.19289,0.81792,802,80,,0.288,0.163
116,House,29127,33,7.0,MN,100,,,"PETERSON, Collin Clark",P000258,1944,,-0.148,0.712,-222.35446,0.75575,794,110,,-0.156,0.752
116,House,21148,46,4.0,MS,200,,,"PALAZZO, Steven",P000601,1970,,0.535,0.45,-91.96745,0.88617,761,45,,0.601,0.459
116,House,21561,46,1.0,MS,200,,,"KELLY, Trent",K000388,1966,,0.637,0.292,-84.05522,0.89967,795,35,,0.676,0.239
116,House,21927,46,3.0,MS,200,,,"GUEST, Michael",G000591,1970,,0.53,0.119,-98.90777,0.88315,796,42,,0.486,0.232
116,House,29368,46,2.0,MS,100,,,"THOMPSON, Bennie",T000193,1948,,-0.519,0.39,-24.1491,0.96978,787,9,,-0.553,0.224
116,House,20124,34,6.0,MO,200,,,"GRAVES, Samuel",G000546,1963,,0.449,0.162,-117.26012,0.86206,790,50,,0.518,0.4
116,House,20147,34,1.0,MO,100,,,"CLAY, William Lacy, Jr.",C001049,1956,,-0.481,-0.078,-19.15163,0.97562,776,8,,-0.586,0.04
116,House,20517,34,5.0,MO,100,,,"CLEAVER, Emanuel, II",C001061,1944,,-0.454,0.0,-36.04319,0.95456,775,13,,-0.453,0.003
116,House,20926,34,3.0,MO,200,,,"LUETKEMEYER, Blaine",L000569,1952,,0.45,0.247,-104.16796,0.87805,801,47,,0.391,0.459
116,House,21149,34,4.0,MO,200,,,"HARTZLER, Vicky",H001053,1960,,0.478,0.229,-120.92754,0.85873,794,44,,0.398,0.303
116,House,21150,34,7.0,MO,200,,,"LONG, Billy",L000576,1955,,0.544,0.244,-126.26261,0.85383,799,52,,0.552,0.02
116,House,21337,34,2.0,MO,200,,,"WAGNER, Ann",W000812,1962,,0.391,0.301,-135.47356,0.84168,786,63,,0.391,0.132
116,House,21373,34,8.0,MO,200,,,"SMITH, Jason",S001195,1980,,0.577,0.202,-99.26485,0.88466,810,48,,0.582,0.107
116,House,21751,64,1.0,MT,200,,,"GIANFORTE, Greg",G000584,1961,,0.431,0.085,-99.53171,0.87089,720,40,,0.435,0.095
116,House,20518,35,1.0,NE,200,,,"FORTENBERRY, Jeff",F000449,1960,,0.304,-0.061,-163.1146,0.81323,789,72,,0.306,-0.034
116,House,20729,35,3.0,NE,200,,,"SMITH, Adrian",S001172,1970,,0.509,0.255,-105.7674,0.87702,806,45,,0.562,0.236
116,House,21701,35,2.0,NE,200,,,"BACON, Donald J.",B001298,1963,,0.281,0.182,-210.77952,0.76964,805,90,,0.382,-0.102
116,House,20927,65,1.0,NV,100,,,"TITUS, Alice (Dina)",T000468,1950,,-0.297,-0.159,-22.0962,0.97238,789,10,,-0.374,-0.272
116,House,21196,65,2.0,NV,200,,,"AMODEI, Mark E.",A000369,1958,,0.384,0.211,-120.37548,0.85783,785,58,,0.399,0.238
116,House,21339,65,4.0,NV,100,,,"HORSFORD, Steven",H001066,1973,,-0.316,0.16,-47.42881,0.94265,803,21,,-0.393,0.331
116,House,21938,65,3.0,NV,100,,,"LEE, Susie",L000590,1966,,-0.228,0.301,-50.62385,0.93934,809,15,,-0.308,0.436
116,House,21340,4,2.0,NH,100,,,"KUSTER, Ann McLane",K000382,1956,,-0.264,-0.086,-27.276,0.9664,798,8,,-0.332,0.092
116,House,21951,4,1.0,NH,100,,,"PAPPAS, Chris",P000614,1980,,-0.234,0.321,-57.38479,0.93161,810,23,,-0.299,0.322
116,House,14863,12,4.0,NJ,200,,,"SMITH, Christopher Henry",S000522,1953,,0.183,-0.173,-197.37162,0.77517,775,87,,0.2,-0.122
116,House,15454,12,6.0,NJ,100,,,"PALLONE, Frank, Jr.",P000034,1951,,-0.402,-0.162,-16.77043,0.97953,811,6,,-0.423,-0.382
116,House,20542,12,8.0,NJ,100,,,"SIRES, Albio",S001165,1951,,-0.404,0.098,-14.33639,0.98193,786,4,,-0.422,0.111
116,House,21536,12,1.0,NJ,100,,,"NORCROSS, Donald",N000188,1958,,-0.42,0.339,-29.11517,0.96435,802,7,,-0.395,-0.011
116,House,21538,12,12.0,NJ,100,,,"WATSON COLEMAN, Bonnie",W000822,1945,,-0.594,-0.223,-49.02925,0.94105,807,20,,-0.463,-0.159
116,House,21723,12,5.0,NJ,100,,,"GOTTHEIMER, Josh S.",G000583,1975,,-0.164,0.212,-109.23525,0.8734,807,56,,-0.171,0.456
116,House,21937,12,3.0,NJ,100,,,"KIM, Andy",K000394,1982,,-0.408,0.231,-89.58847,0.89542,811,28,,-0.273,0.398
116,House,21942,12,7.0,NJ,100,,,"MALINOWSKI, Tomaz",M001203,1965,,-0.272,0.121,-39.50926,0.95228,808,13,,-0.26,0.099
116,House,21964,12,11.0,NJ,100,,,"SHERRILL, Mikie",S001207,1972,,-0.234,0.243,-76.85198,0.90916,807,32,,-0.184,0.241
116,House,21980,12,2.0,NJ,100,,,"VAN DREW, Jefferson",V000133,1953,,-0.147,0.644,-89.13305,0.85956,589,37,,-0.147,0.643
116,House,29741,12,9.0,NJ,100,,,"PASCRELL, William J., Jr.",P000096,1937,2024.0,-0.369,-0.004,-23.39821,0.97132,804,6,,-0.353,-0.183
116,House,31103,12,10.0,NJ,100,,,"PAYNE, Donald, Jr.",P000604,1958,2024.0,-0.52,-0.096,-27.96736,0.9633,748,8,,-0.51,-0.028
116,House,91980,12,2.0,NJ,200,,,"VAN DREW, Jefferson",V000133,1953,,0.382,-0.419,-116.3063,0.56227,202,41,,0.179,-0.181
116,House,20932,66,3.0,NM,100,,,"LUJÁN, Ben Ray",L000570,1972,,-0.38,0.032,-26.20318,0.96809,808,13,,-0.31,-0.224
116,House,21928,66,1.0,NM,100,,,"HAALAND, Debra",H001080,1960,,-0.332,-0.233,-20.64652,0.97474,807,9,,-0.324,-0.226
116,House,21976,66,2.0,NM,100,,,"TORRES SMALL, Xochitl",T000484,1984,,-0.163,0.314,-99.88538,0.88358,807,42,,-0.163,0.314
116,House,15603,13,16.0,NY,100,,,"ENGEL, Eliot Lance",E000179,1947,,-0.408,-0.093,-23.72532,0.97078,800,9,,-0.45,-0.193
116,House,15612,13,17.0,NY,100,,,"LOWEY, Nita M.",L000480,1937,2025.0,-0.389,-0.152,-17.18646,0.97853,792,6,,-0.391,0.058
116,House,20519,13,26.0,NY,100,,,"HIGGINS, Brian",H001038,1959,,-0.348,-0.032,-18.28138,0.97746,802,7,,-0.385,-0.034
116,House,20733,13,9.0,NY,100,,,"CLARKE, Yvette Diane",C001067,1964,,-0.606,-0.263,-31.80392,0.96126,805,13,,-0.52,-0.623
116,House,20934,13,20.0,NY,100,,,"TONKO, Paul",T000469,1949,,-0.416,-0.263,-19.0639,0.97628,794,10,,-0.361,-0.405
116,House,21101,13,23.0,NY,200,,,"REED, Thomas W. II",R000585,1971,,0.269,0.12,-157.57663,0.81896,789,67,,0.238,0.182
116,House,21342,13,6.0,NY,100,,,"MENG, Grace",M001188,1975,,-0.37,-0.207,-59.96795,0.92752,797,26,,-0.281,-0.48
116,House,21343,13,8.0,NY,100,,,"JEFFRIES, Hakeem",J000294,1970,,-0.482,-0.063,-18.33935,0.97728,798,7,,-0.499,-0.124
116,House,21344,13,18.0,NY,100,,,"MALONEY, Sean Patrick",M001185,1966,,-0.239,0.114,-41.57777,0.9496,804,19,,-0.312,0.384
116,House,21345,13,27.0,NY,200,,,"COLLINS, Chris",C001092,1950,,0.357,0.236,-61.83374,0.87498,463,22,,0.328,0.316
116,House,21539,13,1.0,NY,200,,,"ZELDIN, Lee M",Z000017,1980,,0.397,-0.129,-168.93788,0.80942,799,75,,0.417,-0.145
116,House,21540,13,4.0,NY,100,,,"RICE, Kathleen Maura",R000602,1965,,-0.28,0.039,-53.88685,0.93358,784,25,,-0.273,0.232
116,House,21541,13,21.0,NY,200,,,"STEFANIK, Elise M",S001196,1984,,0.307,-0.109,-179.60931,0.8009,809,87,,0.231,-0.02
116,House,21542,13,24.0,NY,200,,,"KATKO, John",K000386,1962,,0.185,0.013,-151.17532,0.8234,778,59,,0.187,0.005
116,House,21715,13,13.0,NY,100,,,"ESPAILLAT, Adriano J.",E000297,1954,,-0.529,-0.211,-30.51275,0.96299,809,13,,-0.455,-0.629
116,House,21747,13,3.0,NY,100,,,"SUOZZI, Thomas",S001201,1962,,-0.213,0.159,-55.85142,0.93265,801,27,,-0.293,0.285
116,House,21761,13,25.0,NY,100,,,"MORELLE, Joseph D.",M001206,1957,,-0.333,0.156,-24.7406,0.96905,787,6,,-0.32,0.084
116,House,21904,13,22.0,NY,100,,,"BRINDISI, Anthony",B001308,1978,,-0.154,0.567,-136.69953,0.84418,807,45,,-0.154,0.568
116,House,21916,13,19.0,NY,100,,,"DELGADO, Antonio",D000630,1977,,-0.233,0.277,-59.37012,0.92941,811,17,,-0.216,0.2
116,House,21949,13,14.0,NY,100,,,"OCASIO-CORTEZ, Alexandria",O000172,1989,,-0.33,-0.944,-74.49801,0.91161,805,33,,-0.222,-0.975
116,House,21958,13,11.0,NY,100,,,"ROSE, Max",R000613,1986,,-0.176,0.269,-114.2671,0.86705,801,43,,-0.176,0.269
116,House,21990,13,27.0,NY,200,,,"JACOBS, Chris",J000020,1966,,0.306,0.049,-15.80369,0.8373,89,9,,0.327,-0.107
116,House,29134,13,15.0,NY,100,,,"SERRANO, José E.",S000248,1943,,-0.491,-0.377,-13.46589,0.98142,718,5,,-0.437,-0.311
116,House,29375,13,2.0,NY,200,,,"KING, Peter T.",K000210,1944,,0.259,-0.03,-156.98659,0.82121,797,57,,0.253,0.007
116,House,29377,13,10.0,NY,100,,,"NADLER, Jerrold Lewis",N000002,1947,,-0.507,-0.478,-18.20198,0.97719,789,7,,-0.544,-0.367
116,House,29378,13,7.0,NY,100,,,"VELÁZQUEZ, Nydia M.",V000081,1953,,-0.547,-0.37,-15.73925,0.98042,796,6,,-0.478,-0.58
116,House,29379,13,12.0,NY,100,,,"MALONEY, Carolyn Bosher",M000087,1946,,-0.387,-0.285,-21.73659,0.97346,808,9,,-0.416,-0.42
116,House,29776,13,5.0,NY,100,,,"MEEKS, Gregory W.",M001137,1953,,-0.415,-0.062,-18.50796,0.97622,769,7,,-0.528,0.065
116,House,15438,47,4.0,NC,100,,,"PRICE, David Eugene",P000523,1940,,-0.343,-0.03,-16.71297,0.9795,807,6,,-0.38,-0.117
116,House,20340,47,1.0,NC,100,,,"BUTTERFIELD, George Kenneth, Jr. (G.K.)",B001251,1947,,-0.404,0.184,-21.51918,0.97352,802,8,,-0.422,0.099
116,House,20521,47,5.0,NC,200,,,"FOXX, Virginia Ann",F000450,1943,,0.624,0.174,-134.17912,0.84452,794,56,,0.562,0.061
116,House,20522,47,10.0,NC,200,,,"McHENRY, Patrick T.",M001156,1975,,0.524,0.156,-146.05762,0.82305,750,57,,0.415,0.084
116,House,21346,47,8.0,NC,200,,,"HUDSON, Richard",H001067,1971,,0.524,0.205,-121.82092,0.84952,747,49,,0.481,0.111
116,House,21348,47,11.0,NC,200,,,"MEADOWS, Mark",M001187,1959,,0.605,-0.201,-132.76565,0.81396,645,60,,0.587,-0.209
116,House,21349,47,2.0,NC,200,,,"HOLDING, George E.B.",H001065,1968,,0.604,0.165,-81.25937,0.89069,702,33,,0.534,0.272
116,House,21543,47,6.0,NC,200,,,"WALKER, Bradley Mark",W000819,1969,,0.641,0.017,-80.78866,0.89115,701,33,,0.671,0.14
116,House,21544,47,7.0,NC,200,,,"ROUZER, David",R000603,1972,,0.567,0.284,-117.46867,0.86359,801,47,,0.544,0.116
116,House,21545,47,12.0,NC,100,,,"ADAMS, Alma",A000370,1946,,-0.464,-0.003,-15.15012,0.98093,787,5,,-0.429,-0.061
116,House,21708,47,13.0,NC,200,,,"BUDD, Theodore Paul",B001305,1971,,0.633,-0.077,-115.59075,0.86452,794,52,,0.659,-0.132
116,House,21986,47,9.0,NC,200,,,"BISHOP, Dan",B001311,1964,,0.703,-0.366,-28.80782,0.91339,318,13,,0.858,0.058
116,House,21987,47,3.0,NC,200,,,"MURPHY, Gregory Francis",M001210,1963,,0.486,0.132,-51.20859,0.85422,325,20,,0.594,0.058
116,House,29546,47,3.0,NC,200,,,"JONES, Walter Beaman, Jr.",J000255,1943,2019.0,0.244,-0.362,,,,,,,
116,House,21901,36,1.0,ND,200,,,"ARMSTRONG, Kelly",A000377,1976,,0.449,0.064,-135.46142,0.84151,785,59,,0.466,0.036
116,House,21996,95,0.0,MP,100,,,"SABLAN, Gregorio Kilili Camacho",S001177,1955,,-0.419,-0.252,-2.57433,0.9858,180,1,,-0.496,-0.205
116,House,15029,24,9.0,OH,100,,,"KAPTUR, Marcia Carolyn (Marcy)",K000009,1946,,-0.341,0.132,-24.68335,0.96924,790,7,,-0.432,0.277
116,House,20342,24,10.0,OH,200,,,"TURNER, Michael R.",T000463,1960,,0.265,0.259,-110.23465,0.87113,799,37,,0.307,0.259
116,House,20343,24,13.0,OH,100,,,"RYAN, Timothy J.",R000577,1973,,-0.402,0.208,-19.77598,0.97039,658,9,,-0.363,0.037
116,House,20738,24,4.0,OH,200,,,"JORDAN, Jim",J000289,1964,,0.712,-0.182,-95.04536,0.88745,796,39,,0.768,-0.193
116,House,20755,24,5.0,OH,200,,,"LATTA, Robert E.",L000566,1956,,0.508,0.288,-64.31259,0.92367,810,18,,0.511,0.337
116,House,20941,24,11.0,OH,100,,,"FUDGE, Marcia L.",F000455,1952,,-0.581,0.14,-40.29551,0.94728,744,14,,-0.552,0.306
116,House,21162,24,6.0,OH,200,,,"JOHNSON, Bill",J000292,1954,,0.436,0.235,-76.92042,0.90789,796,33,,0.426,0.424
116,House,21163,24,15.0,OH,200,,,"STIVERS, Steve",S001187,1965,,0.3,0.269,-127.19868,0.84645,763,56,,0.304,0.271
116,House,21165,24,7.0,OH,200,,,"GIBBS, Bob",G000563,1954,,0.484,0.284,-92.65039,0.88827,782,34,,0.506,0.465
116,House,21351,24,2.0,OH,200,,,"WENSTRUP, Brad",W000815,1958,,0.527,0.289,-91.55328,0.89031,788,36,,0.517,0.244
116,House,21352,24,3.0,OH,100,,,"BEATTY, Joyce",B001281,1950,,-0.439,0.018,-14.85717,0.98101,775,3,,-0.474,-0.095
116,House,21353,24,14.0,OH,200,,,"JOYCE, David",J000295,1957,,0.25,0.314,-111.54696,0.86939,797,39,,0.284,0.248
116,House,21564,24,8.0,OH,200,,,"DAVIDSON, Warren",D000626,1970,,0.652,-0.37,-172.0426,0.80606,798,82,,0.676,-0.42
116,House,21759,24,12.0,OH,200,,,"BALDERSON, Troy",B001306,1962,,0.462,0.196,-86.67464,0.89852,810,32,,0.418,0.477
116,House,21924,24,16.0,OH,200,,,"GONZALEZ, Anthony",G000588,1984,,0.24,0.315,-118.1166,0.8629,801,41,,0.285,0.245
116,House,29550,24,1.0,OH,200,,,"CHABOT, Steve",C000266,1953,,0.542,-0.137,-102.55393,0.88121,811,35,,0.493,0.232
116,House,20344,53,4.0,OK,200,,,"COLE, Tom",C001053,1949,,0.323,0.413,-120.56256,0.86155,809,45,,0.302,0.407
116,House,21355,53,2.0,OK,200,,,"MULLIN, Markwayne",M001190,1977,,0.531,0.251,-106.82364,0.85242,669,43,,0.553,0.078
116,House,21760,53,1.0,OK,200,,,"HERN, Kevin",H001082,1961,,0.68,-0.049,-100.14105,0.88289,804,42,,0.687,0.078
116,House,21933,53,5.0,OK,100,,,"HORN, Kendra",H001083,1976,,-0.169,0.519,-119.35155,0.86284,809,50,,-0.17,0.519
116,House,29393,53,3.0,OK,200,,,"LUCAS, Frank D.",L000491,1960,,0.361,0.453,-64.1596,0.91935,763,25,,0.338,0.609
116,House,15410,72,4.0,OR,100,,,"DeFAZIO, Peter Anthony",D000191,1947,,-0.427,-0.002,-60.42615,0.92509,776,19,,-0.316,-0.342
116,House,20944,72,5.0,OR,100,,,"SCHRADER, Kurt",S001180,1951,,-0.182,0.054,-120.11496,0.85944,793,52,,-0.139,0.103
116,House,21198,72,1.0,OR,100,,,"BONAMICI, Suzanne",B001278,1954,,-0.4,-0.416,-17.98706,0.97804,810,6,,-0.448,-0.437
116,House,29588,72,3.0,OR,100,,,"BLUMENAUER, Earl",B000574,1948,,-0.426,-0.626,-28.1302,0.96545,800,13,,-0.473,-0.831
116,House,29932,72,2.0,OR,200,,,"WALDEN, Greg",W000791,1957,,0.333,-0.011,-131.97424,0.8481,801,54,,0.281,0.191
116,House,20946,14,15.0,PA,200,,,"THOMPSON, Glenn",T000467,1959,,0.335,0.338,-90.94702,0.89126,790,35,,0.336,0.403
116,House,21167,14,16.0,PA,200,,,"KELLY, Mike",K000376,1948,,0.379,0.395,-128.47185,0.84903,785,61,,0.457,0.159
116,House,21170,14,12.0,PA,200,,,"MARINO, Thomas A.",M001179,1952,,0.352,0.477,-0.28897,0.98751,23,0,,0.0,0.0
116,House,21356,14,10.0,PA,200,,,"PERRY, Scott",P000605,1962,,0.685,-0.491,-179.22424,0.79703,790,105,,0.582,-0.304
116,House,21358,14,8.0,PA,100,,,"CARTWRIGHT, Matt",C001090,1961,,-0.344,0.042,-24.20916,0.96948,781,4,,-0.305,-0.02
116,House,21548,14,2.0,PA,100,,,"BOYLE, Brendan Francis",B001296,1977,,-0.381,0.146,-37.57387,0.95429,803,18,,-0.392,-0.186
116,House,21566,14,3.0,PA,100,,,"EVANS, Dwight",E000296,1954,,-0.47,-0.152,-12.51521,0.9844,796,1,,-0.502,-0.076
116,House,21718,14,1.0,PA,200,,,"FITZPATRICK, Brian K.",F000466,1973,,0.141,-0.108,-173.17121,0.8058,802,66,,0.146,-0.124
116,House,21745,14,11.0,PA,200,,,"SMUCKER, Lloyd K.",S001199,1964,,0.455,0.134,-78.55124,0.90217,763,31,,0.441,0.197
116,House,21756,14,17.0,PA,100,,,"LAMB, Conor",L000588,1984,,-0.143,0.212,-119.40512,0.86231,806,61,,-0.14,0.297
116,House,21762,14,5.0,PA,100,,,"SCANLON, Mary Gay",S001205,1959,,-0.462,-0.197,-18.25606,0.97766,808,6,,-0.534,0.121
116,House,21763,14,7.0,PA,100,,,"WILD, Susan",W000826,1957,,-0.261,0.305,-69.40101,0.9173,804,31,,-0.365,0.641
116,House,21915,14,4.0,PA,100,,,"DEAN, Madeleine",D000631,1959,,-0.443,-0.07,-13.62168,0.98328,808,5,,-0.514,0.075
116,House,21934,14,6.0,PA,100,,,"HOULAHAN, Christina",H001085,1967,,-0.261,0.221,-51.06983,0.93882,809,24,,-0.312,0.549
116,House,21936,14,13.0,PA,200,,,"JOYCE, John",J000302,1957,,0.58,-0.038,-87.08918,0.89293,769,38,,0.535,0.174
116,House,21945,14,9.0,PA,200,,,"MEUSER, Dan",M001204,1964,,0.492,0.197,-104.69267,0.87379,776,51,,0.559,0.414
116,House,21956,14,14.0,PA,200,,,"RESCHENTHALER, Guy",R000610,1983,,0.446,0.058,-112.70972,0.864,771,49,,0.358,0.386
116,House,21985,14,12.0,PA,200,,,"KELLER, Fred",K000395,1965,,0.498,0.171,-75.07824,0.88348,606,31,,0.507,0.097
116,House,29561,14,18.0,PA,100,,,"DOYLE, Michael F.",D000482,1953,,-0.331,0.099,-36.44292,0.95435,780,14,,-0.46,-0.347
116,House,21992,92,0.0,PR,200,,,"GONZÁLEZ-CÓLON, Jenniffer",G000582,1976,,0.221,0.456,-63.06844,0.72486,196,25,,0.294,0.181
116,House,20136,5,2.0,RI,100,,,"LANGEVIN, James",L000559,1964,,-0.375,0.114,-33.49212,0.95935,807,8,,-0.292,0.018
116,House,21172,5,1.0,RI,100,,,"CICILLINE, David N.",C001084,1961,,-0.389,-0.262,-23.3429,0.97131,802,8,,-0.428,-0.136
116,House,20138,48,2.0,SC,200,,,"WILSON, Addison Graves (Joe)",W000795,1947,,0.53,0.161,-113.06381,0.86442,776,52,,0.497,0.13
116,House,21174,48,3.0,SC,200,,,"DUNCAN, Jeff",D000615,1966,,0.695,-0.095,-106.34611,0.87345,786,43,,0.714,-0.132
116,House,21359,48,7.0,SC,200,,,"RICE, Tom",R000597,1957,,0.558,-0.217,-177.68236,0.79904,792,84,,0.63,-0.319
116,House,21753,48,5.0,SC,200,,,"NORMAN, Ralph",N000190,1953,,0.852,-0.377,-94.14371,0.88644,781,39,,0.822,-0.184
116,House,21913,48,1.0,SC,100,,,"CUNNINGHAM, Joe",C001122,1982,,-0.131,0.49,-142.08536,0.83727,800,53,,-0.131,0.49
116,House,21974,48,4.0,SC,200,,,"TIMMONS, William",T000480,1984,,0.6,0.051,-84.45693,0.88448,688,32,,0.599,0.145
116,House,39301,48,6.0,SC,100,,,"CLYBURN, James Enos",C000537,1940,,-0.467,0.246,-26.63555,0.96417,730,9,,-0.386,0.083
116,House,21935,37,1.0,SD,200,,,"JOHNSON, Dustin",J000301,1976,,0.467,0.139,-107.87882,0.8753,810,37,,0.474,0.111
116,House,15019,54,5.0,TN,100,,,"COOPER, James Hayes Shofner",C000754,1954,,-0.164,-0.033,-91.72252,0.89155,799,23,,-0.264,0.252
116,House,20748,54,9.0,TN,100,,,"COHEN, Stephen",C001068,1949,,-0.389,-0.294,-26.0697,0.96774,795,12,,-0.406,-0.253
116,House,20947,54,1.0,TN,200,,,"ROE, David P. (Phil)",R000582,1945,,0.486,0.024,-95.09914,0.88577,784,39,,0.459,0.127
116,House,21178,54,3.0,TN,200,,,"FLEISCHMANN, Chuck",F000459,1962,,0.432,0.395,-92.9021,0.89177,811,43,,0.411,0.42
116,House,21179,54,4.0,TN,200,,,"DESJARLAIS, Scott",D000616,1964,,0.578,-0.043,-97.69149,0.88171,776,45,,0.562,0.005
116,House,21731,54,8.0,TN,200,,,"KUSTOFF, David",K000392,1966,,0.542,0.34,-68.47671,0.91697,790,27,,0.512,0.627
116,House,21905,54,2.0,TN,200,,,"BURCHETT, Timothy",B001309,1964,,0.666,-0.443,-146.47361,0.8325,799,50,,0.678,-0.311
116,House,21926,54,7.0,TN,200,,,"GREEN, Mark",G000590,1964,,0.671,0.018,-84.7187,0.88722,708,38,,0.704,0.041
116,House,21959,54,6.0,TN,200,,,"ROSE, John",R000612,1965,,0.661,0.111,-112.01474,0.86749,788,49,,0.673,0.048
116,House,20355,49,26.0,TX,200,,,"BURGESS, Michael C.",B001248,1950,,0.565,-0.164,-154.48699,0.82238,790,72,,0.611,-0.111
116,House,20356,49,31.0,TX,200,,,"CARTER, John R.",C001051,1941,,0.487,0.547,-132.97546,0.83263,726,61,,0.514,0.649
116,House,20527,49,1.0,TX,200,,,"GOHMERT, Louie",G000552,1953,,0.644,-0.406,-132.81057,0.8349,736,61,,0.709,-0.435
116,House,20529,49,9.0,TX,100,,,"GREEN, Al",G000553,1947,,-0.447,0.261,-28.33964,0.96549,807,13,,-0.42,-0.053
116,House,20530,49,10.0,TX,200,,,"McCAUL, Michael T.",M001157,1962,,0.411,0.176,-146.12149,0.83344,802,61,,0.323,0.263
116,House,20531,49,11.0,TX,200,,,"CONAWAY, K. Michael",C001062,1948,,0.593,0.367,-81.86616,0.90319,804,36,,0.612,0.494
116,House,20532,49,24.0,TX,200,,,"MARCHANT, Kenny",M001158,1951,,0.6,0.154,-117.73578,0.83197,640,45,,0.593,0.028
116,House,20533,49,28.0,TX,100,,,"CUELLAR, Henry",C001063,1955,,-0.225,0.646,-144.45682,0.83629,808,70,,-0.359,0.9
116,House,20948,49,22.0,TX,200,,,"OLSON, Pete",O000168,1962,,0.548,0.308,-97.94453,0.88099,773,41,,0.587,0.301
116,House,21182,49,17.0,TX,200,,,"FLORES, Bill",F000461,1954,,0.572,0.293,-108.65018,0.87044,783,40,,0.519,0.198
116,House,21360,49,14.0,TX,200,,,"WEBER, Randy",W000814,1953,,0.72,0.023,-104.19885,0.87343,770,44,,0.728,-0.032
116,House,21362,49,20.0,TX,100,,,"CASTRO, Joaquin",C001091,1974,,-0.401,-0.137,-31.35884,0.96069,782,11,,-0.618,-0.155
116,House,21364,49,25.0,TX,200,,,"WILLIAMS, Roger",W000816,1949,,0.594,0.062,-108.45458,0.87172,790,43,,0.565,0.095
116,House,21365,49,33.0,TX,100,,,"VEASEY, Marc",V000131,1971,,-0.408,0.365,-32.85846,0.95986,802,11,,-0.339,0.09
116,House,21366,49,34.0,TX,100,,,"VELA, Filemon",V000132,1963,,-0.311,0.407,-92.02718,0.89185,804,36,,-0.447,0.492
116,House,21549,49,4.0,TX,200,,,"RATCLIFFE, John",R000601,1965,,0.693,0.113,-74.52081,0.88536,612,34,,0.654,0.116
116,House,21550,49,23.0,TX,200,,,"HURD, William Ballard",H001073,1977,,0.287,0.228,-175.54897,0.80231,797,77,,0.219,0.277
116,House,21551,49,36.0,TX,200,,,"BABIN, Brian",B001291,1948,,0.708,0.119,-112.1342,0.86497,773,50,,0.708,0.03
116,House,21700,49,19.0,TX,200,,,"ARRINGTON, Jodey Cook",A000375,1972,,0.643,0.0,-127.01306,0.852,793,65,,0.655,-0.097
116,House,21722,49,15.0,TX,100,,,"GONZALEZ, Vicente Jr.",G000581,1967,,-0.388,0.893,-92.67185,0.88716,774,38,,-0.533,0.846
116,House,21758,49,27.0,TX,200,,,"CLOUD, Michael",C001115,1975,,0.692,-0.362,-146.86267,0.83248,801,70,,0.656,-0.272
116,House,21900,49,32.0,TX,100,,,"ALLRED, Colin",A000376,1983,,-0.422,0.723,-42.78089,0.94748,793,22,,-0.448,0.613
116,House,21911,49,2.0,TX,200,,,"CRENSHAW, Daniel",C001120,1984,,0.436,0.266,-90.03513,0.89343,799,46,,0.397,0.364
116,House,21917,49,16.0,TX,100,,,"ESCOBAR, Veronica",E000299,1969,,-0.482,-0.268,-26.69399,0.96726,802,10,,-0.387,-0.226
116,House,21919,49,7.0,TX,100,,,"FLETCHER, Elizabeth",F000468,1975,,-0.523,0.852,-75.40307,0.9109,808,30,,-0.445,0.84
116,House,21922,49,29.0,TX,100,,,"GARCIA, Sylvia",G000587,1950,,-0.771,0.319,-49.83465,0.9404,811,14,,-0.726,0.555
116,House,21925,49,5.0,TX,200,,,"GOODEN, Lance",G000589,1982,,0.717,-0.051,-88.91683,0.89406,794,32,,0.724,0.007
116,House,21961,49,21.0,TX,200,,,"ROY, Charles",R000614,1972,,0.8,-0.6,-139.01887,0.8392,793,54,,0.919,-0.395
116,House,21973,49,3.0,TX,200,,,"TAYLOR, Nicholas",T000479,1972,,0.581,-0.223,-148.7408,0.83168,807,68,,0.551,-0.114
116,House,21984,49,6.0,TX,200,,,"WRIGHT, Ron",W000827,1953,2021.0,0.711,-0.09,-67.09875,0.89632,613,24,,0.709,-0.095
116,House,29571,49,35.0,TX,100,,,"DOGGETT, Lloyd Alton, II",D000399,1946,,-0.403,-0.333,-40.55669,0.94958,784,12,,-0.41,-0.443
116,House,29572,49,13.0,TX,200,,,"THORNBERRY, William McClellan (Mac)",T000238,1958,,0.525,0.313,-106.92728,0.87159,778,48,,0.502,0.319
116,House,29573,49,18.0,TX,100,,,"JACKSON LEE, Sheila",J000032,1950,,-0.459,0.121,-21.44645,0.97345,797,10,,-0.558,-0.065
116,House,29760,49,8.0,TX,200,,,"BRADY, Kevin Patrick",B000755,1955,,0.52,0.239,-112.93704,0.86325,768,48,,0.579,0.307
116,House,29762,49,12.0,TX,200,,,"GRANGER, Kay",G000377,1943,,0.403,0.243,-108.03472,0.86191,727,51,,0.421,0.396
116,House,39305,49,30.0,TX,100,,,"JOHNSON, Eddie Bernice",J000126,1934,2023.0,-0.485,0.198,-22.5185,0.97193,791,9,,-0.405,0.011
116,House,20357,67,1.0,UT,200,,,"BISHOP, Robert (Rob)",B001250,1951,,0.537,0.105,-137.88969,0.83287,754,63,,0.573,0.028
116,House,21367,67,2.0,UT,200,,,"STEWART, Chris",S001192,1960,,0.499,0.167,-93.52269,0.88822,789,41,,0.535,0.266
116,House,21755,67,3.0,UT,200,,,"CURTIS, John R.",C001114,1960,,0.452,0.12,-116.0731,0.85679,751,51,,0.54,0.052
116,House,21943,67,4.0,UT,100,,,"McADAMS, Ben",M001209,1974,,-0.069,0.294,-222.21133,0.75982,809,87,,-0.069,0.294
116,House,20750,6,1.0,VT,100,,,"WELCH, Peter",W000800,1947,,-0.401,-0.405,-23.1231,0.97105,787,9,,-0.53,-0.324
116,House,21994,96,1.0,VI,100,,,"PLASKETT, Stacey E.",P000610,1966,,-0.473,0.565,-11.92783,0.93588,180,5,,-0.327,0.219
116,House,20756,40,1.0,VA,200,,,"WITTMAN, Robert J.",W000804,1959,,0.447,0.024,-131.17549,0.84963,805,54,,0.528,0.142
116,House,20952,40,11.0,VA,100,,,"CONNOLLY, Gerald E. (Gerry)",C001078,1950,2025.0,-0.309,-0.047,-52.00006,0.93737,804,25,,-0.246,-0.077
116,House,21191,40,9.0,VA,200,,,"GRIFFITH, H. Morgan",G000568,1958,,0.509,-0.335,-186.44106,0.78739,780,78,,0.563,-0.363
116,House,21554,40,8.0,VA,100,,,"BEYER, Donald Sternoff Jr.",B001292,1950,,-0.394,-0.106,-18.49834,0.97694,793,7,,-0.345,-0.198
116,House,21736,40,4.0,VA,100,,,"MCEACHIN, Aston Donald",M001200,1961,2022.0,-0.381,-0.017,-38.3904,0.94487,677,15,,-0.301,-0.033
116,House,21908,40,6.0,VA,200,,,"CLINE, Benjamin",C001118,1972,,0.716,-0.201,-124.34704,0.85785,811,52,,0.703,-0.184
116,House,21941,40,2.0,VA,100,,,"LURIA, Elaine",L000591,1975,,-0.206,0.426,-111.21009,0.87052,802,54,,-0.177,0.381
116,House,21957,40,5.0,VA,200,,,"RIGGLEMAN, Denver",R000611,1970,,0.476,-0.018,-124.62104,0.84949,764,40,,0.478,-0.026
116,House,21966,40,7.0,VA,100,,,"SPANBERGER, Abigail",S001209,1979,,-0.196,0.3,-122.36775,0.85963,809,53,,-0.165,0.429
116,House,21983,40,10.0,VA,100,,,"WEXTON, Jennifer",W000825,1968,,-0.384,0.302,-30.39777,0.96312,809,18,,-0.413,0.493
116,House,39307,40,3.0,VA,100,,,"SCOTT, Robert C.",S000185,1947,,-0.451,-0.003,-39.43089,0.95249,810,14,,-0.38,0.125
116,House,20145,73,2.0,WA,100,,,"LARSEN, Richard Ray (Rick)",L000560,1965,,-0.365,0.166,-39.00418,0.95276,806,10,,-0.374,0.122
116,House,20535,73,5.0,WA,200,,,"McMORRIS RODGERS, Cathy",M001159,1969,,0.436,0.098,-124.74686,0.85359,788,55,,0.409,-0.016
116,House,21187,73,3.0,WA,200,,,"HERRERA BEUTLER, Jaime",H001056,1978,,0.336,-0.129,-131.37222,0.81417,639,63,,0.285,-0.059
116,House,21368,73,6.0,WA,100,,,"KILMER, Derek",K000381,1974,,-0.316,0.005,-31.40947,0.96192,809,16,,-0.415,0.37
116,House,21369,73,10.0,WA,100,,,"HECK, Denny",H001064,1952,,-0.312,-0.128,-19.30426,0.9761,798,6,,-0.312,-0.199
116,House,21556,73,4.0,WA,200,,,"NEWHOUSE, Daniel Milton",N000189,1955,,0.317,0.334,-101.38013,0.87928,788,43,,0.331,0.282
116,House,21726,73,7.0,WA,100,,,"JAYAPAL, Pramila",J000298,1965,,-0.614,-0.561,-37.01781,0.955,804,13,,-0.504,-0.824
116,House,21962,73,8.0,WA,100,,,"SCHRIER, Kim",S001216,1968,,-0.276,0.381,-40.04924,0.9517,809,19,,-0.348,0.448
116,House,29768,73,9.0,WA,100,,,"SMITH, Adam",S000510,1965,,-0.291,-0.165,-17.59538,0.97814,796,7,,-0.359,-0.216
116,House,31101,73,1.0,WA,100,,,"DelBENE, Suzan K.",D000617,1962,,-0.295,-0.198,-19.19648,0.97652,808,2,,-0.353,-0.178
116,House,21188,56,1.0,WV,200,,,"McKINLEY, David",M001180,1947,,0.3,0.178,-138.81922,0.84268,811,57,,0.321,0.322
116,House,21557,56,2.0,WV,200,,,"MOONEY, Alex X.",M001195,1971,,0.568,-0.241,-164.44071,0.81565,807,67,,0.581,-0.283
116,House,21946,56,3.0,WV,200,,,"MILLER, Carol",M001205,1950,,0.527,0.106,-91.96212,0.89141,800,36,,0.469,0.299
116,House,14657,25,5.0,WI,200,,,"SENSENBRENNER, Frank James, Jr.",S000244,1943,,0.638,-0.579,-165.27996,0.78478,682,83,,0.573,-0.267
116,House,20537,25,4.0,WI,100,,,"MOORE, Gwendolynne S. (Gwen)",M001160,1951,,-0.521,-0.271,-32.71883,0.95988,799,15,,-0.433,-0.4
116,House,21189,25,7.0,WI,200,,,"DUFFY, Sean",D000614,1971,,0.511,-0.109,-100.93909,0.79459,439,46,,0.515,0.012
116,House,21370,25,2.0,WI,100,,,"POCAN, Mark",P000607,1964,,-0.523,-0.555,-32.75554,0.95978,798,12,,-0.472,-0.882
116,House,21559,25,6.0,WI,200,,,"GROTHMAN, Glenn",G000576,1955,,0.599,-0.205,-163.10573,0.81239,785,81,,0.606,-0.3
116,House,21720,25,8.0,WI,200,,,"GALLAGHER, Michael",G000579,1984,,0.437,0.033,-167.2892,0.80674,779,72,,0.411,-0.078
116,House,21970,25,1.0,WI,200,,,"STEIL, Bryan",S001213,1981,,0.42,0.066,-139.58041,0.84008,801,61,,0.421,-0.061
116,House,21989,25,7.0,WI,200,,,"TIFFANY, Thomas P.",T000165,1957,,0.642,-0.252,-18.06393,0.85227,113,8,,0.59,-0.238
116,House,29769,25,3.0,WI,100,,,"KIND, Ron",K000188,1963,,-0.26,-0.08,-67.15408,0.91781,783,24,,-0.261,0.178
116,House,21710,68,1.0,WY,200,,,"CHENEY, Liz",C001109,1966,,0.405,0.82,-138.67371,0.83577,773,58,,0.519,0.467
116,Senate,41705,41,0.0,AL,100,,,"JONES, Gordon Douglas (Doug)",J000300,1954,,-0.088,0.187,-80.32594,0.88065,632,33,,-0.081,0.234
116,Senate,94659,41,0.0,AL,200,,,"SHELBY, Richard C.",S000320,1934,,0.446,0.57,-45.74049,0.93334,663,27,,0.437,0.219
116,Senate,40300,81,0.0,AK,200,,,"MURKOWSKI, Lisa",M001153,1957,,0.203,-0.304,-49.06013,0.92427,623,12,,0.283,-0.424
116,Senate,41500,81,0.0,AK,200,,,"SULLIVAN, Daniel Scott",S001198,1964,,0.476,0.156,-54.77462,0.91906,649,23,,0.51,-0.04
116,Senate,21300,61,0.0,AZ,100,,,"SINEMA, Kyrsten",S001191,1976,,-0.105,0.076,-86.25793,0.86773,608,27,,-0.065,0.217
116,Senate,21501,61,0.0,AZ,200,,,"McSALLY, Martha",M001197,1966,,0.345,0.027,-35.62669,0.94281,605,13,,0.338,0.209
116,Senate,41905,61,0.0,AZ,100,,,"KELLY, Mark Edward",K000377,1964,,-0.264,0.29,-21.0339,0.62,44,13,,-0.064,0.499
116,Senate,20101,42,0.0,AR,200,,,"BOOZMAN, John",B001236,1950,,0.426,0.34,-31.31286,0.95421,668,16,,0.354,0.245
116,Senate,21301,42,0.0,AR,200,,,"COTTON, Tom",C001095,1977,,0.578,0.199,-77.21604,0.88991,662,30,,0.471,-0.083
116,Senate,41701,71,0.0,CA,100,,,"HARRIS, Kamala Devi",H001075,1964,,-0.709,-0.105,-29.10452,0.90983,308,12,,-0.729,-0.137
116,Senate,49300,71,0.0,CA,100,,,"FEINSTEIN, Dianne",F000062,1933,2023.0,-0.268,-0.184,-78.11306,0.88838,660,24,,-0.263,-0.057
116,Senate,21112,62,0.0,CO,200,,,"GARDNER, Cory",G000562,1974,,0.444,-0.029,-48.59692,0.92807,651,21,,0.355,-0.009
116,Senate,40910,62,0.0,CO,100,,,"BENNET, Michael F.",B001267,1964,,-0.242,-0.191,-102.73736,0.83045,553,43,,-0.3,-0.144
116,Senate,20707,1,0.0,CT,100,,,"MURPHY, Christopher",M001169,1973,,-0.287,-0.258,-178.85417,0.76387,664,75,,-0.165,-0.323
116,Senate,41101,1,0.0,CT,100,,,"BLUMENTHAL, Richard",B001277,1946,,-0.434,-0.152,-110.30118,0.84652,662,47,,-0.456,-0.173
116,Senate,15015,11,0.0,DE,100,,,"CARPER, Thomas Richard",C000174,1947,,-0.179,-0.225,-105.49719,0.8531,664,29,,-0.19,-0.211
116,Senate,40916,11,0.0,DE,100,,,"COONS, Christopher A.",C001088,1963,,-0.238,-0.215,-77.54356,0.88672,645,35,,-0.21,-0.237
116,Senate,41102,43,0.0,FL,200,,,"RUBIO, Marco",R000595,1971,,0.616,-0.184,-52.05559,0.92141,636,26,,0.517,-0.102
116,Senate,41903,43,0.0,FL,200,,,"SCOTT, Richard Lynn (Rick)",S001217,1952,,0.722,-0.037,-77.11056,0.88682,642,30,,0.547,0.065
116,Senate,29909,44,0.0,GA,200,,,"ISAKSON, Johnny",I000055,1944,2021.0,0.402,-0.011,-10.54373,0.96184,271,2,,0.336,0.153
116,Senate,41501,44,0.0,GA,200,,,"PERDUE, David Alfred, Jr.",P000612,1949,,0.562,-0.075,-38.26812,0.93689,587,19,,0.474,0.156
116,Senate,41904,44,0.0,GA,200,,,"LOEFFLER, Kelly",L000594,1970,,0.555,-0.203,-18.40266,0.9218,226,7,,0.556,-0.201
116,Senate,20713,82,0.0,HI,100,,,"HIRONO, Mazie",H001042,1947,,-0.512,-0.089,-88.53701,0.87266,650,44,,-0.575,-0.002
116,Senate,41112,82,0.0,HI,100,,,"SCHATZ, Brian Emanuel",S001194,1972,,-0.448,-0.119,-97.36205,0.85764,634,42,,-0.466,-0.111
116,Senate,29345,63,0.0,ID,200,,,"CRAPO, Michael Dean",C000880,1951,,0.505,0.291,-33.21237,0.95121,664,16,,0.492,0.65
116,Senate,40902,63,0.0,ID,200,,,"RISCH, James",R000584,1943,,0.552,0.384,-28.05696,0.95775,650,11,,0.573,0.636
116,Senate,15021,21,0.0,IL,100,,,"DURBIN, Richard Joseph",D000563,1944,,-0.34,-0.311,-130.52358,0.81982,657,67,,-0.287,-0.12
116,Senate,21325,21,0.0,IL,100,,,"DUCKWORTH, Tammy",D000622,1968,,-0.345,0.056,-95.7722,0.86221,646,36,,-0.376,0.208
116,Senate,21133,22,0.0,IN,200,,,"YOUNG, Todd",Y000064,1972,,0.439,-0.024,-68.25861,0.90103,655,31,,0.46,-0.329
116,Senate,41900,22,0.0,IN,200,,,"BRAUN, Michael",B001310,1954,,0.8,0.6,-61.55663,0.91133,663,29,,0.837,0.335
116,Senate,14226,31,0.0,IA,200,,,"GRASSLEY, Charles Ernest",G000386,1933,,0.362,-0.035,-57.31887,0.91658,658,21,,0.491,0.026
116,Senate,41502,31,0.0,IA,200,,,"ERNST, Joni",E000295,1970,,0.537,-0.032,-57.70392,0.91579,656,24,,0.544,-0.139
116,Senate,14852,32,0.0,KS,200,,,"ROBERTS, Charles Patrick (Pat)",R000307,1936,,0.413,-0.09,-23.41567,0.96396,638,2,,0.339,0.203
116,Senate,29722,32,0.0,KS,200,,,"MORAN, Jerry",M000934,1954,,0.413,0.221,-86.02841,0.86704,603,35,,0.452,-0.276
116,Senate,14921,51,0.0,KY,200,,,"McCONNELL, Addison Mitchell (Mitch)",M000355,1942,,0.402,0.018,-63.46911,0.90936,668,16,,0.297,0.201
116,Senate,41104,51,0.0,KY,200,,,"PAUL, Rand",P000603,1963,,0.891,-0.454,-175.88871,0.74844,607,91,,0.879,-0.477
116,Senate,20919,45,0.0,LA,200,,,"CASSIDY, Bill",C001075,1957,,0.464,-0.048,-48.40552,0.92593,629,23,,0.504,-0.06
116,Senate,41703,45,0.0,LA,200,,,"KENNEDY, John Neely",K000393,1951,,0.56,-0.149,-81.3781,0.88317,655,44,,0.681,-0.043
116,Senate,41300,2,0.0,ME,328,,,"KING, Angus Stanley, Jr.",K000383,1944,,-0.167,-0.187,-83.53393,0.88245,668,33,,-0.167,-0.201
116,Senate,49703,2,0.0,ME,200,,,"COLLINS, Susan Margaret",C001035,1952,,0.124,-0.505,-57.26766,0.91784,668,16,,0.139,-0.404
116,Senate,15408,52,0.0,MD,100,,,"CARDIN, Benjamin Louis",C000141,1943,,-0.32,-0.224,-108.96699,0.84674,655,38,,-0.277,-0.113
116,Senate,20330,52,0.0,MD,100,,,"VAN HOLLEN, Christopher",V000128,1959,,-0.398,-0.227,-103.22909,0.85662,667,39,,-0.38,-0.333
116,Senate,14435,3,0.0,MA,100,,,"MARKEY, Edward John",M000133,1946,,-0.517,-0.471,-65.48092,0.89612,597,21,,-0.625,-0.759
116,Senate,41301,3,0.0,MA,100,,,"WARREN, Elizabeth",W000817,1949,,-0.745,-0.37,-14.17735,0.96665,418,3,,-0.792,-0.434
116,Senate,20923,23,0.0,MI,100,,,"PETERS, Gary C.",P000595,1958,,-0.25,-0.183,-105.18481,0.85411,667,44,,-0.296,-0.027
116,Senate,29732,23,0.0,MI,100,,,"STABENOW, Deborah Ann",S000770,1950,,-0.343,-0.019,-114.85185,0.83502,637,58,,-0.397,-0.108
116,Senate,40700,33,0.0,MN,100,,,"KLOBUCHAR, Amy",K000367,1960,,-0.278,-0.325,-152.84485,0.73016,486,81,,-0.476,-0.367
116,Senate,41706,33,0.0,MN,100,,,"SMITH, Tina",S001203,1958,,-0.409,-0.121,-82.87135,0.88234,662,35,,-0.413,-0.032
116,Senate,29534,46,0.0,MS,200,,,"WICKER, Roger F.",W000437,1951,,0.377,0.341,-27.94074,0.95898,667,8,,0.364,0.196
116,Senate,41707,46,0.0,MS,200,,,"HYDE-SMITH, Cindy",H001079,1959,,0.449,0.333,-25.17336,0.96235,656,9,,0.363,0.38
116,Senate,29735,34,0.0,MO,200,,,"BLUNT, Roy",B000575,1950,,0.398,0.18,-26.60674,0.96013,654,6,,0.341,0.156
116,Senate,41901,34,0.0,MO,200,,,"HAWLEY, Joshua David",H001089,1979,,0.83,-0.372,-108.39084,0.84939,664,37,,0.618,-0.383
116,Senate,21338,64,0.0,MT,200,,,"DAINES, Steve",D000618,1962,,0.59,-0.024,-65.75172,0.90477,657,26,,0.58,-0.214
116,Senate,40702,64,0.0,MT,100,,,"TESTER, Jon",T000464,1956,,-0.213,0.153,-88.218,0.87235,646,35,,-0.237,0.158
116,Senate,41302,35,0.0,NE,200,,,"FISCHER, Debra (Deb)",F000463,1951,,0.46,0.335,-25.11691,0.96169,643,8,,0.48,0.486
116,Senate,41503,35,0.0,NE,200,,,"SASSE, Benjamin Eric",S001197,1972,,0.669,-0.25,-41.30191,0.93788,644,15,,0.717,-0.012
116,Senate,21743,65,0.0,NV,100,,,"ROSEN, Jacklyn Sheryl",R000608,1957,,-0.286,0.317,-67.34949,0.90354,664,22,,-0.321,0.339
116,Senate,41700,65,0.0,NV,100,,,"CORTEZ MASTO, Catherine Marie",C001113,1964,,-0.347,0.35,-63.07482,0.90938,664,24,,-0.354,0.337
116,Senate,40906,4,0.0,NH,100,,,"SHAHEEN, Jeanne",S001181,1947,,-0.221,-0.139,-79.58268,0.88657,661,30,,-0.216,-0.036
116,Senate,41702,4,0.0,NH,100,,,"HASSAN, Margaret (Maggie)",H001076,1958,,-0.225,0.019,-76.14213,0.89227,668,28,,-0.214,0.006
116,Senate,29373,12,0.0,NJ,100,,,"MENENDEZ, Robert",M000639,1954,,-0.366,-0.126,-122.74105,0.83123,664,52,,-0.382,-0.125
116,Senate,41308,12,0.0,NJ,100,,,"BOOKER, Cory Anthony",B001288,1969,,-0.558,-0.25,-53.50173,0.87682,407,23,,-0.551,-0.382
116,Senate,20930,66,0.0,NM,100,,,"HEINRICH, Martin",H001046,1971,,-0.334,-0.001,-119.69825,0.83014,643,54,,-0.393,-0.015
116,Senate,29924,66,0.0,NM,100,,,"UDALL, Thomas (Tom)",U000039,1948,,-0.453,0.161,-82.54995,0.88176,656,36,,-0.435,0.04
116,Senate,14858,13,0.0,NY,100,,,"SCHUMER, Charles Ellis (Chuck)",S000148,1950,,-0.355,-0.411,-105.80053,0.85352,668,40,,-0.416,-0.387
116,Senate,20735,13,0.0,NY,100,,,"GILLIBRAND, Kirsten",G000555,1966,,-0.449,-0.308,-124.49687,0.80255,566,68,,-0.654,-0.349
116,Senate,29548,47,0.0,NC,200,,,"BURR, Richard M.",B001135,1955,,0.435,-0.07,-25.13575,0.95773,582,5,,0.342,0.189
116,Senate,41504,47,0.0,NC,200,,,"TILLIS, Thomas Roland (Thom)",T000476,1960,,0.386,-0.104,-46.36277,0.92938,633,14,,0.426,0.202
116,Senate,21350,36,0.0,ND,200,,,"CRAMER, Kevin",C001096,1961,,0.4,0.367,-23.67809,0.96428,651,8,,0.373,0.247
116,Senate,41107,36,0.0,ND,200,,,"HOEVEN, John",H001061,1957,,0.401,0.449,-27.25043,0.95937,657,15,,0.371,0.274
116,Senate,29386,24,0.0,OH,200,,,"PORTMAN, Robert Jones (Rob)",P000449,1955,,0.371,-0.208,-28.7474,0.95732,659,6,,0.314,0.104
116,Senate,29389,24,0.0,OH,100,,,"BROWN, Sherrod",B000944,1952,,-0.425,-0.097,-136.01978,0.81299,657,59,,-0.374,-0.106
116,Senate,15424,53,0.0,OK,200,,,"INHOFE, James Mountain",I000024,1934,2024.0,0.552,0.045,-46.16816,0.93133,649,27,,0.617,-0.005
116,Senate,21166,53,0.0,OK,200,,,"LANKFORD, James",L000575,1968,,0.59,0.148,-33.37671,0.95126,668,14,,0.687,0.296
116,Senate,14871,72,0.0,OR,100,,,"WYDEN, Ronald Lee",W000779,1949,,-0.334,-0.487,-121.88909,0.8309,658,65,,-0.376,-0.627
116,Senate,40908,72,0.0,OR,100,,,"MERKLEY, Jeff",M001176,1956,,-0.453,-0.719,-77.49903,0.88968,663,27,,-0.409,-0.724
116,Senate,29935,14,0.0,PA,200,,,"TOOMEY, Patrick Joseph",T000461,1961,,0.624,-0.378,-63.42411,0.90579,641,28,,0.707,-0.107
116,Senate,40703,14,0.0,PA,100,,,"CASEY, Robert (Bob), Jr.",C001070,1960,,-0.313,0.166,-100.38484,0.86047,668,50,,-0.339,0.197
116,Senate,29142,5,0.0,RI,100,,,"REED, John F. (Jack)",R000122,1949,,-0.36,-0.155,-114.50516,0.84204,666,60,,-0.313,-0.076
116,Senate,40704,5,0.0,RI,100,,,"WHITEHOUSE, Sheldon",W000802,1955,,-0.349,-0.112,-128.40126,0.8113,614,49,,-0.291,0.019
116,Senate,21173,48,0.0,SC,200,,,"SCOTT, Tim",S001184,1965,,0.629,0.023,-41.73449,0.9389,662,19,,0.557,0.093
116,Senate,29566,48,0.0,SC,200,,,"GRAHAM, Lindsey O.",G000359,1955,,0.367,-0.269,-30.80532,0.95286,638,11,,0.325,-0.006
116,Senate,29754,37,0.0,SD,200,,,"THUNE, John",T000250,1961,,0.432,0.226,-25.6431,0.96223,666,7,,0.394,0.28
116,Senate,41505,37,0.0,SD,200,,,"ROUNDS, Marion Michael (Mike)",R000605,1954,,0.351,0.086,-47.71251,0.92116,581,19,,0.437,0.388
116,Senate,20351,54,0.0,TN,200,,,"BLACKBURN, Marsha",B001243,1952,,0.632,0.141,-43.4168,0.93596,656,19,,0.695,0.164
116,Senate,40304,54,0.0,TN,200,,,"ALEXANDER, Lamar",A000360,1940,,0.324,-0.176,-28.71808,0.94821,540,9,,0.322,-0.086
116,Senate,40305,49,0.0,TX,200,,,"CORNYN, John",C001056,1952,,0.471,-0.062,-37.86185,0.94433,661,17,,0.44,0.093
116,Senate,41304,49,0.0,TX,200,,,"CRUZ, Rafael Edward (Ted)",C001098,1970,,0.781,-0.179,-51.09142,0.9221,630,25,,0.908,-0.418
116,Senate,41110,67,0.0,UT,200,,,"LEE, Mike",L000577,1971,,0.891,-0.454,-118.712,0.83493,658,71,,0.91,-0.414
116,Senate,41902,67,0.0,UT,200,,,"ROMNEY, Willard Mitt (Mitt)",R000615,1947,,0.286,0.294,-103.13902,0.85593,663,44,,0.39,0.705
116,Senate,14307,6,0.0,VT,100,,,"LEAHY, Patrick Joseph",L000174,1940,,-0.36,-0.121,-117.4496,0.83399,647,67,,-0.279,-0.04
116,Senate,29147,6,0.0,VT,328,,,"SANDERS, Bernard",S000033,1941,,-0.545,-0.428,-36.6019,0.88368,296,14,,-0.775,-0.467
116,Senate,40909,40,0.0,VA,100,,,"WARNER, Mark",W000805,1954,,-0.213,-0.037,-75.41331,0.89062,651,28,,-0.222,-0.019
116,Senate,41305,40,0.0,VA,100,,,"KAINE, Timothy Michael (Tim)",K000384,1958,,-0.237,-0.112,-86.65032,0.87591,654,33,,-0.255,0.005
116,Senate,39310,73,0.0,WA,100,,,"CANTWELL, Maria E.",C000127,1958,,-0.308,-0.402,-106.87209,0.8505,660,40,,-0.36,-0.36
116,Senate,49308,73,0.0,WA,100,,,"MURRAY, Patty",M001111,1950,,-0.356,-0.314,-85.45037,0.87316,630,33,,-0.4,-0.275
116,Senate,20146,56,0.0,WV,200,,,"CAPITO, Shelley Moore",C001047,1953,,0.284,0.144,-23.50214,0.96344,631,6,,0.326,0.177
116,Senate,40915,56,0.0,WV,100,,,"MANCHIN, Joe, III",M001183,1947,,-0.057,0.4,-70.45262,0.89802,655,19,,-0.052,0.388
116,Senate,29940,25,0.0,WI,100,,,"BALDWIN, Tammy",B001230,1962,,-0.486,-0.124,-124.92871,0.82896,666,59,,-0.396,-0.001
116,Senate,41111,25,0.0,WI,200,,,"JOHNSON, Ron",J000293,1955,,0.643,-0.144,-45.75683,0.93131,643,25,,0.61,0.017
116,Senate,40707,68,0.0,WY,200,,,"BARRASSO, John A.",B001261,1952,,0.54,0.193,-30.93947,0.95474,668,16,,0.602,0.323
116,Senate,49706,68,0.0,WY,200,,,"ENZI, Michael B.",E000285,1944,2021.0,0.545,0.199,-42.601,0.93551,639,16,,0.587,0.414
117,President,99912,99,0,USA,200,0,0,"TRUMP, Donald John",,1946,,0.403,0.162,,,,,,,
117,President,99913,99,0,USA,100,0,0,"BIDEN, Joseph Robinette, Jr.",B000444,1942,,-0.32,0.283,,,,,,,
117,House,20301,41,3,AL,200,,,"ROGERS, Mike Dennis",R000575,1958,,0.379,0.38,-85.74776,0.89943,809,31,,0.419,0.537
117,House,21102,41,7,AL,100,,,"SEWELL, Terri",S001185,1965,,-0.402,0.394,-22.17331,0.97351,826,9,,-0.492,0.475
117,House,21193,41,5,AL,200,,,"BROOKS, Mo",B001274,1954,,0.652,-0.417,-168.03035,0.8141,817,80,,0.697,-0.288
117,House,21500,41,6,AL,200,,,"PALMER, Gary James",P000609,1954,,0.674,0.116,-110.64624,0.87534,831,49,,0.648,0.245
117,House,22108,41,1,AL,200,,,"CARL, Jerry L.",C001054,1958,,0.55,0.239,-80.07435,0.90856,835,30,,0.51,0.568
117,House,22140,41,2,AL,200,,,"MOORE, Barry",M001212,1966,,0.643,-0.247,-154.31662,0.8294,825,78,,0.633,-0.132
117,House,29701,41,4,AL,200,,,"ADERHOLT, Robert",A000055,1965,,0.405,0.469,-127.71811,0.85706,828,55,,0.541,0.365
117,House,14066,81,1,AK,200,,,"YOUNG, Donald Edwin",Y000033,1933,2022.0,0.283,0.022,-83.13235,0.81484,406,33,,0.255,0.047
117,House,22168,81,1,AK,100,,,"PELTOLA, Mary Sattler",P000619,1973,,-0.138,0.378,-5.15177,0.95581,114,1,,-0.627,-0.363
117,House,21995,93,0,AS,200,,,"RADEWAGEN, Aumua Amata Coleman",R000600,1947,,0.327,0.195,,,,,,,
117,House,20305,61,3,AZ,100,,,"GRIJALVA, Raúl M.",G000551,1948,,-0.598,-0.264,-11.35376,0.98632,824,3,,-0.527,-0.305
117,House,20902,61,2,AZ,100,,,"KIRKPATRICK, Ann",K000368,1950,,-0.169,-0.01,-30.95096,0.96374,838,14,,-0.423,0.144
117,House,21103,61,4,AZ,200,,,"GOSAR, Paul",G000565,1958,,0.704,-0.522,-151.59676,0.83177,823,67,,0.733,-0.53
117,House,21105,61,6,AZ,200,,,"SCHWEIKERT, David",S001183,1962,,0.552,-0.221,-156.08553,0.82987,837,72,,0.549,-0.241
117,House,21502,61,7,AZ,100,,,"GALLEGO, Ruben",G000574,1979,,-0.358,0.141,-15.93424,0.98112,836,6,,-0.488,0.334
117,House,21705,61,5,AZ,200,,,"BIGGS, Andrew S.",B001302,1958,,0.818,-0.575,-127.70797,0.8577,832,54,,0.773,-0.635
117,House,21739,61,1,AZ,100,,,"O'HALLERAN, Thomas C.",O000171,1946,,-0.198,0.18,-27.28299,0.96759,828,7,,-0.298,0.492
117,House,21757,61,8,AZ,200,,,"LESKO, Debbie",L000589,1958,,0.616,-0.104,-131.80709,0.8423,768,51,,0.614,-0.139
117,House,21968,61,9,AZ,100,,,"STANTON, Greg",S001211,1970,,-0.278,0.263,-20.7211,0.97563,840,6,,-0.264,0.254
117,House,21106,42,1,AR,200,,,"CRAWFORD, Rick",C001087,1966,,0.461,0.307,-123.88453,0.86181,833,46,,0.558,0.339
117,House,21108,42,3,AR,200,,,"WOMACK, Steve",W000809,1957,,0.347,0.636,-78.66576,0.9106,840,34,,0.334,0.586
117,House,21503,42,2,AR,200,,,"HILL, French",H001072,1956,,0.435,0.278,-70.01882,0.91919,831,26,,0.398,0.353
117,House,21563,42,4,AR,200,,,"WESTERMAN, Bruce Eugene",W000821,1967,,0.543,0.26,-73.8623,0.91476,829,26,,0.537,0.375
117,House,15448,71,12,CA,100,,,"PELOSI, Nancy",P000197,1940,,-0.489,-0.178,-0.61376,0.99494,121,0,,-0.413,0.253
117,House,20104,71,28,CA,100,,,"SCHIFF, Adam",S001150,1960,,-0.352,-0.119,-16.36197,0.98071,840,7,,-0.457,-0.173
117,House,20107,71,50,CA,200,,,"ISSA, Darrell",I000056,1953,,0.476,0.031,-95.41066,0.88901,811,36,,0.418,0.252
117,House,20307,71,22,CA,200,,,"NUNES, Devin",N000181,1973,,0.45,0.223,-18.62697,0.95129,373,6,,0.456,0.68
117,House,20310,71,38,CA,100,,,"SÁNCHEZ, Linda T.",S001156,1969,,-0.507,-0.131,-10.61696,0.98735,834,4,,-0.453,-0.179
117,House,20501,71,16,CA,100,,,"COSTA, Jim",C001059,1952,,-0.199,0.449,-33.957,0.95943,820,9,,-0.245,0.176
117,House,20538,71,6,CA,100,,,"MATSUI, Doris",M001163,1944,,-0.433,-0.144,-17.1302,0.97955,829,7,,-0.458,-0.035
117,House,20702,71,9,CA,100,,,"McNERNEY, Jerry",M001166,1951,,-0.263,-0.159,-17.91455,0.97877,835,6,,-0.43,-0.142
117,House,20703,71,23,CA,200,,,"MCCARTHY, Kevin",M001165,1965,,0.453,0.233,-83.61265,0.90261,816,29,,0.457,0.304
117,House,20762,71,14,CA,100,,,"SPEIER, Karen Lorraine Jacqueline (Jackie)",S001175,1950,,-0.381,-0.41,-41.4487,0.94926,796,10,,-0.389,-0.11
117,House,20903,71,4,CA,200,,,"McCLINTOCK, Tom",M001177,1956,,0.67,-0.363,-227.89259,0.75736,820,104,,0.614,-0.418
117,House,20955,71,27,CA,100,,,"CHU, Judy",C001080,1953,,-0.48,-0.373,-14.48078,0.98287,838,4,,-0.573,-0.255
117,House,20958,71,3,CA,100,,,"GARAMENDI, John",G000559,1945,,-0.314,-0.098,-24.7254,0.97068,831,8,,-0.317,-0.175
117,House,21110,71,37,CA,100,,,"BASS, Karen",B001270,1953,,-0.584,-0.098,-20.59215,0.97437,793,3,,-0.553,-0.015
117,House,21302,71,1,CA,200,,,"LaMALFA, Doug",L000578,1960,,0.542,0.007,-142.63991,0.83926,814,60,,0.519,-0.007
117,House,21303,71,2,CA,100,,,"HUFFMAN, Jared",H001068,1964,,-0.432,-0.512,-12.66206,0.98493,834,3,,-0.524,-0.441
117,House,21304,71,7,CA,100,,,"BERA, Ami",B001287,1965,,-0.246,0.008,-19.73348,0.97619,819,7,,-0.352,0.115
117,House,21306,71,15,CA,100,,,"SWALWELL, Eric",S001193,1980,,-0.355,-0.05,-20.43644,0.97579,834,7,,-0.285,-0.051
117,House,21307,71,21,CA,200,,,"VALADAO, David G.",V000129,1977,,0.255,0.435,-74.05341,0.91395,823,23,,0.283,0.311
117,House,21308,71,26,CA,100,,,"BROWNLEY, Julia",B001285,1952,,-0.305,0.049,-13.46854,0.98394,832,3,,-0.393,0.224
117,House,21309,71,29,CA,100,,,"CÁRDENAS, Tony",C001097,1963,,-0.39,-0.046,-19.51907,0.9767,828,10,,-0.527,0.007
117,House,21311,71,36,CA,100,,,"RUIZ, Raul",R000599,1972,,-0.262,0.047,-20.78575,0.97553,839,12,,-0.482,0.292
117,House,21312,71,41,CA,100,,,"TAKANO, Mark",T000472,1960,,-0.456,-0.331,-15.49394,0.98148,829,8,,-0.466,-0.383
117,House,21313,71,47,CA,100,,,"LOWENTHAL, Alan",L000579,1941,,-0.449,-0.384,-23.48437,0.97223,834,9,,-0.409,-0.501
117,House,21314,71,51,CA,100,,,"VARGAS, Juan",V000130,1961,,-0.4,0.02,-18.40065,0.97797,826,7,,-0.507,-0.08
117,House,21315,71,52,CA,100,,,"PETERS, Scott",P000608,1958,,-0.193,-0.036,-27.58695,0.96704,823,12,,-0.258,0.288
117,House,21504,71,11,CA,100,,,"DESAULNIER, Mark James",D000623,1952,,-0.512,-0.361,-15.98551,0.98102,834,8,,-0.544,-0.38
117,House,21506,71,31,CA,100,,,"AGUILAR, Peter Rey",A000371,1979,,-0.326,0.142,-16.25038,0.98079,838,6,,-0.406,0.281
117,House,21507,71,33,CA,100,,,"LIEU, Ted",L000582,1969,,-0.373,-0.201,-15.78088,0.98123,833,6,,-0.434,-0.126
117,House,21508,71,35,CA,100,,,"TORRES, Norma Judith",T000474,1965,,-0.364,0.071,-22.24016,0.97343,826,7,,-0.481,0.33
117,House,21703,71,44,CA,100,,,"BARRAGÁN, Nanette Diaz",B001300,1976,,-0.5,-0.12,-16.31179,0.98056,831,4,,-0.483,-0.284
117,House,21709,71,24,CA,100,,,"CARBAJAL, Salud",C001112,1964,,-0.325,0.1,-19.77005,0.97674,840,11,,-0.292,-0.022
117,House,21711,71,46,CA,100,,,"CORREA, Jose Luis",C001110,1958,,-0.284,0.171,-37.46557,0.95628,838,14,,-0.331,0.057
117,House,21728,71,17,CA,100,,,"KHANNA, Rohit",K000389,1976,,-0.456,-0.293,-15.59945,0.98147,834,9,,-0.333,-0.429
117,House,21740,71,20,CA,100,,,"PANETTA, James Varni",P000613,1969,,-0.283,0.188,-30.00628,0.96491,840,13,,-0.248,0.17
117,House,21754,71,34,CA,100,,,"GOMEZ, Jimmy",G000585,1974,,-0.526,-0.246,-19.93415,0.97641,835,8,,-0.398,-0.57
117,House,21930,71,10,CA,100,,,"HARDER, Josh",H001090,1986,,-0.3,0.448,-22.90687,0.97297,836,9,,-0.37,0.459
117,House,21939,71,49,CA,100,,,"LEVIN, Mike",L000593,1978,,-0.319,0.161,-17.9762,0.97883,840,9,,-0.414,0.35
117,House,21954,71,45,CA,100,,,"PORTER, Katie",P000618,1974,,-0.236,-0.332,-32.69967,0.96169,837,15,,-0.281,-0.414
117,House,21988,71,25,CA,200,,,"GARCIA, Mike",G000061,1976,,0.356,0.097,-105.65754,0.88087,833,43,,0.365,0.044
117,House,22126,71,53,CA,100,,,"JACOBS, Sara",J000305,1989,,-0.406,-0.428,-16.75164,0.97997,828,8,,-0.33,-0.446
117,House,22129,71,39,CA,200,,,"KIM, Young",K000397,1962,,0.261,0.381,-90.85064,0.89702,836,40,,0.275,0.25
117,House,22145,71,8,CA,200,,,"OBERNOLTE, Jay",O000019,1970,,0.314,0.293,-126.68903,0.85907,834,53,,0.323,0.229
117,House,22152,71,48,CA,200,,,"STEEL, Michelle",S001135,1955,,0.37,0.275,-80.58995,0.90747,830,35,,0.359,0.338
117,House,22164,71,22,CA,200,,,"CONWAY, Connie",C001128,1950,,0.376,0.295,-21.90512,0.9099,232,9,,0.379,0.27
117,House,29106,71,43,CA,100,,,"WATERS, Maxine",W000187,1938,,-0.656,-0.094,-52.21352,0.93809,817,20,,-0.883,-0.035
117,House,29312,71,18,CA,100,,,"ESHOO, Anna Georges",E000215,1942,,-0.379,-0.372,-21.87161,0.97412,834,9,,-0.362,-0.124
117,House,29317,71,40,CA,100,,,"ROYBAL-ALLARD, Lucille",R000486,1941,,-0.469,-0.171,-24.87001,0.97069,836,11,,-0.428,0.179
117,House,29323,71,42,CA,200,,,"CALVERT, Ken",C000059,1953,,0.339,0.278,-72.88715,0.91574,828,32,,0.335,0.44
117,House,29504,71,19,CA,100,,,"LOFGREN, Zoe",L000397,1947,,-0.397,-0.402,-39.11772,0.95385,828,12,,-0.277,-0.307
117,House,29707,71,30,CA,100,,,"SHERMAN, Brad",S000344,1954,,-0.344,-0.138,-16.77984,0.98013,836,5,,-0.422,0.11
117,House,29778,71,13,CA,100,,,"LEE, Barbara",L000551,1946,,-0.676,-0.582,-15.71547,0.98129,832,5,,-0.506,-0.589
117,House,29901,71,5,CA,100,,,"THOMPSON, Michael",T000460,1951,,-0.392,0.071,-20.10582,0.97629,838,8,,-0.295,-0.079
117,House,29903,71,32,CA,100,,,"NAPOLITANO, Grace Flores",N000179,1936,,-0.448,-0.247,-10.06478,0.98808,839,2,,-0.458,-0.2
117,House,20704,62,5,CO,200,,,"LAMBORN, Doug",L000564,1954,,0.665,0.257,-112.62356,0.87239,825,49,,0.596,0.18
117,House,20705,62,7,CO,100,,,"PERLMUTTER, Ed",P000593,1953,,-0.282,0.072,-21.52777,0.97464,838,11,,-0.349,0.041
117,House,21510,62,4,CO,200,,,"BUCK, Kenneth Robert",B001297,1959,,0.655,-0.432,-158.25462,0.81929,794,83,,0.677,-0.445
117,House,21912,62,6,CO,100,,,"CROW, Jason",C001121,1979,,-0.365,0.213,-20.80169,0.97537,834,12,,-0.335,0.23
117,House,21948,62,2,CO,100,,,"NEGUSE, Joseph",N000191,1984,,-0.434,-0.108,-15.35056,0.98187,839,4,,-0.313,-0.3
117,House,22103,62,3,CO,200,,,"BOEBERT, Lauren",B000825,1986,,0.718,-0.521,-141.42939,0.8414,819,63,,0.761,-0.534
117,House,29710,62,1,CO,100,,,"DeGETTE, Diana",D000197,1957,,-0.431,-0.308,-19.37921,0.97709,836,9,,-0.371,-0.253
117,House,20706,1,2,CT,100,,,"COURTNEY, Joe",C001069,1953,,-0.337,0.042,-26.85353,0.96854,840,14,,-0.278,-0.036
117,House,20907,1,4,CT,100,,,"HIMES, James A.",H001047,1966,,-0.241,-0.207,-44.28475,0.94841,836,16,,-0.204,-0.183
117,House,21931,1,5,CT,100,,,"HAYES, Jahana",H001081,1973,,-0.339,-0.041,-34.05994,0.96026,840,14,,-0.373,-0.147
117,House,29109,1,3,CT,100,,,"DeLAURO, Rosa L.",D000216,1943,,-0.414,-0.107,-56.47115,0.93461,835,18,,-0.257,-0.29
117,House,29908,1,1,CT,100,,,"LARSON, John B.",L000557,1948,,-0.396,-0.039,-33.58039,0.96035,830,12,,-0.282,-0.104
117,House,21706,11,1,DE,100,,,"BLUNT ROCHESTER, Lisa",B001303,1962,,-0.386,-0.12,-17.73652,0.97908,839,8,,-0.377,-0.159
117,House,21993,55,0,DC,100,,,"NORTON, Eleanor Holmes",N000147,1937,,-0.491,-0.114,-0.19623,0.98502,13,0,,-0.411,-0.874
117,House,20316,43,25,FL,200,,,"DIAZ-BALART, Mario",D000600,1961,,0.281,0.162,-85.50347,0.90121,822,30,,0.311,0.332
117,House,20504,43,23,FL,100,,,"WASSERMAN SCHULTZ, Debbie",W000797,1966,,-0.413,0.104,-24.59288,0.97111,839,10,,-0.362,0.238
117,House,20708,43,14,FL,100,,,"CASTOR, Kathy",C001066,1966,,-0.437,0.072,-25.52203,0.96968,829,12,,-0.506,0.311
117,House,20709,43,16,FL,200,,,"BUCHANAN, Vernon G.",B001260,1951,,0.361,-0.08,-93.77703,0.89231,823,31,,0.429,0.226
117,House,20758,43,12,FL,200,,,"BILIRAKIS, Gus",B001257,1963,,0.423,-0.03,-85.25191,0.90272,833,28,,0.433,0.07
117,House,20909,43,8,FL,200,,,"POSEY, Bill",P000599,1947,,0.533,-0.353,-165.61276,0.81426,806,72,,0.541,-0.326
117,House,20959,43,22,FL,100,,,"DEUTCH, Theodore E. (Ted)",D000610,1966,,-0.401,-0.078,-13.51561,0.98183,737,6,,-0.469,0.307
117,House,21116,43,11,FL,200,,,"WEBSTER, Daniel A.",W000806,1949,,0.524,-0.076,-142.12738,0.83165,771,67,,0.583,-0.108
117,House,21118,43,24,FL,100,,,"WILSON, Frederica",W000808,1942,,-0.476,-0.004,-16.98148,0.9798,832,8,,-0.572,0.123
117,House,21321,43,21,FL,100,,,"FRANKEL, Lois",F000462,1948,,-0.396,-0.022,-21.51091,0.97445,831,12,,-0.524,0.174
117,House,21712,43,13,FL,100,,,"CRIST, Charlie Joseph Jr.",C001111,1956,,-0.227,0.079,-21.6091,0.97051,722,10,,-0.26,0.273
117,House,21713,43,10,FL,100,,,"DEMINGS, Valdez Butler",D000627,1957,,-0.322,-0.006,-35.54213,0.95843,837,18,,-0.241,0.204
117,House,21714,43,2,FL,200,,,"DUNN, Neal Patrick",D000628,1953,,0.508,0.334,-83.89206,0.90342,826,31,,0.47,0.506
117,House,21719,43,1,FL,200,,,"GAETZ, Matthew L. II",G000578,1982,,0.593,-0.643,-259.48644,0.72873,820,111,,0.562,-0.717
117,House,21732,43,5,FL,100,,,"LAWSON, Alfred Jr.",L000586,1948,,-0.26,0.076,-26.65543,0.96862,836,10,,-0.344,0.163
117,House,21735,43,18,FL,200,,,"MAST, Brian Jeffery",M001199,1980,,0.461,-0.333,-208.63974,0.77511,819,111,,0.519,-0.363
117,House,21738,43,7,FL,100,,,"MURPHY, Stephanie",M001202,1978,,-0.161,0.123,-56.4531,0.93009,779,20,,-0.181,0.332
117,House,21744,43,4,FL,200,,,"RUTHERFORD, John Henry",R000609,1952,,0.434,0.066,-170.63959,0.80834,802,72,,0.478,-0.051
117,House,21746,43,9,FL,100,,,"SOTO, Darren Michael",S001200,1978,,-0.343,0.202,-26.02832,0.96942,838,13,,-0.296,0.174
117,House,21971,43,17,FL,200,,,"STEUBE, William",S001214,1978,,0.69,-0.352,-140.86418,0.84127,815,59,,0.74,-0.151
117,House,21981,43,6,FL,200,,,"WALTZ, Michael",W000823,1974,,0.452,-0.113,-97.53643,0.88888,828,37,,0.429,0.155
117,House,22107,43,3,FL,200,,,"CAMMACK, Kat",C001039,1988,,0.591,-0.25,-143.31025,0.84142,830,63,,0.593,-0.192
117,House,22111,43,19,FL,200,,,"DONALDS, Byron",D000032,1978,,0.638,-0.297,-131.61025,0.85003,810,58,,0.647,-0.155
117,House,22116,43,15,FL,200,,,"FRANKLIN, C. Scott",F000472,1964,,0.624,0.199,-102.28575,0.88392,829,44,,0.602,0.129
117,House,22118,43,26,FL,200,,,"GIMENEZ, Carlos A.",G000593,1954,,0.332,0.149,-96.76113,0.8907,836,40,,0.309,0.15
117,House,22150,43,27,FL,200,,,"SALAZAR, Maria Elvira",S000168,1961,,0.274,0.154,-128.04715,0.8551,818,54,,0.266,0.06
117,House,22163,43,20,FL,100,,,"CHERFILUS-MCCORMICK, Sheila",C001127,1979,,-0.43,-0.005,-15.05324,0.96696,448,8,,-0.63,0.452
117,House,29337,43,20,FL,100,,,"HASTINGS, Alcee Lamar",H000324,1936,2021.0,-0.564,0.157,-1.0145,0.988,84,0,,-0.567,-0.227
117,House,20321,44,13,GA,100,,,"SCOTT, David",S001157,1945,,-0.305,0.165,-18.77075,0.97767,831,6,,-0.428,0.363
117,House,20712,44,4,GA,100,,,"JOHNSON, Hank",J000288,1954,,-0.478,-0.056,-16.87804,0.97958,818,8,,-0.428,-0.286
117,House,21123,44,8,GA,200,,,"SCOTT, Austin",S001189,1969,,0.539,0.358,-86.86621,0.89937,819,38,,0.54,0.288
117,House,21513,44,1,GA,200,,,"CARTER, Buddy",C001103,1957,,0.559,0.343,-76.19972,0.90805,790,28,,0.509,0.331
117,House,21514,44,10,GA,200,,,"HICE, Jody Brownlow",H001071,1960,,0.797,-0.242,-131.67576,0.84575,786,64,,0.762,-0.402
117,House,21515,44,11,GA,200,,,"LOUDERMILK, Barry D.",L000583,1963,,0.679,0.036,-119.98366,0.86137,804,66,,0.669,-0.042
117,House,21516,44,12,GA,200,,,"ALLEN, Rick W.",A000372,1951,,0.69,0.274,-125.28401,0.85815,819,65,,0.727,0.202
117,House,21717,44,3,GA,200,,,"FERGUSON, Anderson Drew IV",F000465,1966,,0.585,0.251,-126.81097,0.85768,826,52,,0.577,0.069
117,House,21944,44,6,GA,100,,,"McBATH, Lucy",M001208,1960,,-0.371,0.314,-22.41761,0.97363,839,8,,-0.359,0.306
117,House,22104,44,7,GA,100,,,"BOURDEAUX, Carolyn",B001312,1970,,-0.303,0.463,-34.0652,0.96026,840,12,,-0.303,0.464
117,House,22110,44,9,GA,200,,,"CLYDE, Andrew S.",C001116,1963,,0.828,-0.138,-135.26841,0.84776,819,59,,0.794,-0.156
117,House,22121,44,14,GA,200,,,"GREENE, Marjorie Taylor",G000596,1974,,0.8,-0.6,-98.31362,0.88714,821,40,,0.785,-0.62
117,House,22156,44,5,GA,100,,,"WILLIAMS, Nikema",W000788,1978,,-0.447,-0.397,-13.80991,0.98367,839,5,,-0.39,-0.418
117,House,29339,44,2,GA,100,,,"BISHOP, Sanford Dixon, Jr.",B000490,1947,,-0.289,0.447,-25.17965,0.97022,833,12,,-0.403,0.382
117,House,21997,94,0,GU,100,,,"SAN NICOLAS, Michael",S001204,1981,,-0.41,-0.52,-0.09024,0.99251,12,0,,-0.41,-0.875
117,House,20322,82,1,HI,100,,,"CASE, Ed",C001055,1952,,-0.205,-0.081,-39.72523,0.95332,831,13,,-0.192,0.056
117,House,22128,82,2,HI,100,,,"KAHELE, Kaialiʻi",K000396,1974,,-0.353,0.052,-17.5342,0.97922,835,9,,-0.354,0.052
117,House,21920,63,1,ID,200,,,"FULCHER, Russell",F000469,1962,,0.648,-0.096,-143.5796,0.83439,793,69,,0.651,-0.01
117,House,29910,63,2,ID,200,,,"SIMPSON, Michael K.",S001148,1950,,0.296,0.314,-111.89637,0.86977,802,42,,0.333,0.324
117,House,20749,21,11,IL,100,,,"FOSTER, Bill",F000454,1955,,-0.238,-0.224,-21.95483,0.97411,837,6,,-0.356,-0.066
117,House,20954,21,5,IL,100,,,"QUIGLEY, Mike",Q000023,1958,,-0.325,-0.226,-17.03713,0.97983,836,6,,-0.372,-0.015
117,House,21128,21,16,IL,200,,,"KINZINGER, Adam",K000378,1978,,0.234,0.382,-159.10857,0.74997,553,81,,0.14,0.468
117,House,21326,21,10,IL,100,,,"SCHNEIDER, Brad",S001190,1961,,-0.197,-0.12,-26.69883,0.96857,836,14,,-0.415,0.548
117,House,21328,21,13,IL,200,,,"DAVIS, Rodney",D000619,1970,,0.279,0.17,-95.7811,0.88808,807,38,,0.295,0.154
117,House,21329,21,17,IL,100,,,"BUSTOS, Cheri",B001286,1961,,-0.239,0.054,-25.52481,0.96887,807,11,,-0.263,0.347
117,House,21371,21,2,IL,100,,,"KELLY, Robin L.",K000385,1956,,-0.473,-0.024,-18.63637,0.97798,837,10,,-0.523,-0.057
117,House,21519,21,12,IL,200,,,"BOST, Mike",B001295,1960,,0.401,-0.046,-111.96087,0.8709,810,44,,0.349,0.115
117,House,21562,21,18,IL,200,,,"LaHOOD, Darin",L000585,1968,,0.461,0.221,-68.59108,0.92096,833,25,,0.466,0.317
117,House,21730,21,8,IL,100,,,"KRISHNAMOORTHI, S. Raja",K000391,1973,,-0.347,-0.015,-24.27197,0.97142,837,10,,-0.321,0.11
117,House,21906,21,6,IL,100,,,"CASTEN, Sean",C001117,1971,,-0.634,0.421,-70.18463,0.91768,817,23,,-0.818,0.575
117,House,21921,21,4,IL,100,,,"GARCÍA, Jesús",G000586,1956,,-0.432,-0.88,-25.57446,0.96973,832,10,,-0.437,-0.836
117,House,21979,21,14,IL,100,,,"UNDERWOOD, Lauren",U000040,1986,,-0.594,0.319,-21.82895,0.97432,839,10,,-0.455,0.352
117,House,22138,21,15,IL,200,,,"MILLER, Mary E.",M001211,1959,,0.791,-0.154,-128.54896,0.84532,765,60,,0.792,-0.255
117,House,22144,21,3,IL,100,,,"NEWMAN, Marie",N000192,1964,,-0.588,-0.303,-11.65067,0.98618,837,6,,-0.591,-0.302
117,House,29346,21,1,IL,100,,,"RUSH, Bobby L.",R000515,1946,,-0.479,-0.203,-12.41116,0.98526,836,5,,-0.548,-0.16
117,House,29717,21,7,IL,100,,,"DAVIS, Danny K.",D000096,1941,,-0.487,-0.266,-13.05109,0.98417,818,5,,-0.496,-0.342
117,House,29911,21,9,IL,100,,,"SCHAKOWSKY, Janice D.",S001145,1944,,-0.602,-0.289,-23.29745,0.97232,830,10,,-0.352,-0.472
117,House,20757,22,7,IN,100,,,"CARSON, André",C001072,1974,,-0.435,0.027,-17.57981,0.97919,836,8,,-0.345,-0.082
117,House,21132,22,8,IN,200,,,"BUCSHON, Larry",B001275,1962,,0.38,0.385,-67.30864,0.92147,823,26,,0.414,0.395
117,House,21330,22,2,IN,200,,,"WALORSKI, Jackie",W000813,1963,2022.0,0.436,0.315,-54.20181,0.92748,720,16,,0.477,0.339
117,House,21702,22,3,IN,200,,,"BANKS, James E.",B001299,1979,,0.648,0.014,-126.40721,0.85714,820,60,,0.658,0.034
117,House,21725,22,9,IN,200,,,"HOLLINGSWORTH, Joseph Albert III",H001074,1983,,0.417,-0.243,-155.30678,0.8143,756,65,,0.422,-0.226
117,House,21903,22,4,IN,200,,,"BAIRD, James",B001307,1945,,0.446,0.417,-108.28191,0.87797,832,37,,0.515,0.246
117,House,21952,22,6,IN,200,,,"PENCE, Gregory",P000615,1956,,0.5,0.237,-199.42555,0.77591,786,72,,0.619,0.006
117,House,22142,22,1,IN,100,,,"MRVAN, Frank J.",M001214,1969,,-0.305,0.36,-16.41412,0.98056,836,6,,-0.3,0.247
117,House,22151,22,5,IN,200,,,"SPARTZ, Victoria",S000929,1978,,0.49,-0.281,-130.9599,0.85206,818,54,,0.43,0.079
117,House,22171,22,2,IN,200,,,"YAKYM, Rudy, III",Y000067,1984,,0.516,0.14,-8.41638,0.87677,64,2,,0.457,0.503
117,House,21902,31,3,IA,100,,,"AXNE, Cynthia",A000378,1965,,-0.25,0.528,-20.3222,0.97604,838,5,,-0.29,0.439
117,House,22113,31,4,IA,200,,,"FEENSTRA, Randy",F000446,1969,,0.467,0.179,-67.44461,0.92249,836,21,,0.444,0.299
117,House,22124,31,1,IA,200,,,"HINSON, Ashley",H001091,1983,,0.356,0.351,-118.77049,0.86667,830,39,,0.369,0.076
117,House,22139,31,2,IA,200,,,"MILLER-MEEKS, Mariannette",M001215,1955,,0.335,0.196,-86.31975,0.90134,831,44,,0.302,0.364
117,House,21750,32,4,KS,200,,,"ESTES, Ron",E000298,1956,,0.648,0.124,-116.02333,0.86437,796,60,,0.702,0.062
117,House,21914,32,3,KS,100,,,"DAVIDS, Sharice",D000629,1980,,-0.263,0.224,-21.7134,0.97442,838,7,,-0.28,0.359
117,House,22130,32,2,KS,200,,,"LATURNER, Jake",L000266,1988,,0.468,0.445,-52.77531,0.93832,829,19,,0.48,0.432
117,House,22134,32,1,KS,200,,,"MANN, Tracey",M000871,1976,,0.607,0.06,-115.63779,0.87139,840,56,,0.658,0.158
117,House,14854,51,5,KY,200,,,"ROGERS, Harold Dallas (Hal)",R000395,1937,,0.333,0.154,-80.07236,0.90856,835,33,,0.348,0.551
117,House,20723,51,3,KY,100,,,"YARMUTH, John",Y000062,1947,,-0.378,-0.275,-17.65847,0.97654,744,6,,-0.349,-0.357
117,House,20916,51,2,KY,200,,,"GUTHRIE, Brett",G000558,1964,,0.427,0.274,-52.24165,0.93956,838,18,,0.42,0.435
117,House,21333,51,6,KY,200,,,"BARR, Garland H. (Andy) IV",B001282,1973,,0.489,0.29,-72.94829,0.91576,829,30,,0.431,0.36
117,House,21565,51,1,KY,200,,,"COMER, James",C001108,1972,,0.592,-0.073,-151.07234,0.83432,834,79,,0.54,-0.087
117,House,31102,51,4,KY,200,,,"MASSIE, Thomas",M001184,1971,,0.662,-0.75,-182.19645,0.79879,811,75,,0.669,-0.744
117,House,20759,45,1,LA,200,,,"SCALISE, Steve",S001176,1965,,0.559,0.163,-84.9153,0.90036,809,32,,0.533,0.223
117,House,21137,45,2,LA,100,,,"RICHMOND, Cedric",R000588,1973,,-0.486,0.332,-0.00248,0.99982,14,0,,-0.387,-0.04
117,House,21523,45,6,LA,200,,,"GRAVES, Garret",G000577,1972,,0.425,0.049,-100.45104,0.88549,826,38,,0.393,0.313
117,House,21724,45,3,LA,200,,,"HIGGINS, Clay",H001077,1961,,0.627,-0.319,-192.1735,0.7737,749,95,,0.648,-0.394
117,House,21727,45,4,LA,200,,,"JOHNSON, Mike",J000299,1972,,0.565,0.025,-108.85016,0.87382,807,50,,0.588,0.139
117,House,22157,45,5,LA,200,,,"LETLOW, Julia",L000595,1981,,0.43,0.336,-60.48865,0.92181,743,20,,0.416,0.534
117,House,22158,45,2,LA,100,,,"CARTER, Troy",C001125,1963,,-0.517,0.259,-20.62321,0.97169,718,11,,-0.38,0.164
117,House,20920,2,1,ME,100,,,"PINGREE, Chellie",P000597,1955,,-0.423,-0.36,-23.63661,0.97219,838,9,,-0.384,-0.15
117,House,21923,2,2,ME,100,,,"GOLDEN, Jared",G000592,1982,,-0.105,0.38,-119.06354,0.86392,814,51,,-0.11,0.358
117,House,14873,52,5,MD,100,,,"HOYER, Steny Hamilton",H000874,1939,,-0.381,0.122,-15.56796,0.98124,822,6,,-0.456,0.356
117,House,15433,52,7,MD,100,,,"MFUME, Kweisi",M000687,1948,,-0.44,-0.328,-16.33559,0.9803,821,5,,-0.429,-0.21
117,House,20329,52,2,MD,100,,,"RUPPERSBERGER, C. A. (Dutch)",R000576,1946,,-0.299,0.12,-18.65823,0.9778,831,9,,-0.316,0.087
117,House,20724,52,3,MD,100,,,"SARBANES, John",S001168,1962,,-0.466,-0.078,-14.89927,0.98236,837,6,,-0.414,-0.098
117,House,21139,52,1,MD,200,,,"HARRIS, Andy",H001052,1957,,0.674,-0.37,-158.82663,0.82391,820,77,,0.741,-0.331
117,House,21707,52,4,MD,100,,,"BROWN, Anthony Gregory",B001304,1961,,-0.344,-0.063,-27.01327,0.96786,827,15,,-0.511,0.323
117,House,21741,52,8,MD,100,,,"RASKIN, Jamie Ben",R000606,1962,,-0.503,-0.237,-14.43997,0.98273,829,6,,-0.377,-0.435
117,House,21978,52,6,MD,100,,,"TRONE, David",T000483,1955,,-0.348,0.23,-25.0884,0.97033,833,10,,-0.319,0.401
117,House,15616,3,1,MA,100,,,"NEAL, Richard Edmund",N000015,1949,,-0.417,-0.105,-16.55257,0.98035,834,7,,-0.41,0.057
117,House,20119,3,8,MA,100,,,"LYNCH, Stephen F.",L000562,1955,,-0.342,0.048,-17.84204,0.97883,834,6,,-0.29,0.036
117,House,21140,3,9,MA,100,,,"KEATING, William R.",K000375,1952,,-0.329,-0.102,-18.11468,0.97818,821,8,,-0.335,0.113
117,House,21375,3,5,MA,100,,,"CLARK, Katherine M.",C001101,1963,,-0.479,-0.259,-11.51865,0.98632,836,5,,-0.464,-0.3
117,House,21525,3,6,MA,100,,,"MOULTON, Seth",M001196,1978,,-0.286,-0.044,-35.19034,0.95888,838,11,,-0.225,-0.066
117,House,21955,3,7,MA,100,,,"PRESSLEY, Ayanna",P000617,1974,,-0.373,-0.928,-28.43825,0.96652,835,9,,-0.747,-0.665
117,House,21977,3,3,MA,100,,,"TRAHAN, Lori",T000482,1973,,-0.408,-0.129,-15.15892,0.98209,839,8,,-0.457,-0.062
117,House,22100,3,4,MA,100,,,"AUCHINCLOSS, Jake",A000148,1988,,-0.274,-0.284,-29.06932,0.96587,837,8,,-0.323,-0.46
117,House,29729,3,2,MA,100,,,"McGOVERN, James P.",M000312,1959,,-0.538,-0.344,-14.02429,0.98331,833,6,,-0.496,-0.558
117,House,15446,23,6,MI,200,,,"UPTON, Frederick Stephen",U000031,1953,,0.32,-0.355,-208.10778,0.78033,839,106,,0.205,-0.027
117,House,20725,23,7,MI,200,,,"WALBERG, Tim",W000798,1951,,0.498,0.165,-98.23953,0.88888,834,31,,0.485,0.209
117,House,21142,23,2,MI,200,,,"HUIZENGA, Bill",H001058,1969,,0.531,0.055,-113.01854,0.87255,829,42,,0.494,0.068
117,House,21372,23,5,MI,100,,,"KILDEE, Dan",K000380,1958,,-0.359,-0.183,-21.56786,0.97459,838,8,,-0.266,-0.279
117,House,21526,23,4,MI,200,,,"MOOLENAAR, John",M001194,1961,,0.447,0.173,-127.26231,0.85942,840,58,,0.511,0.064
117,House,21529,23,12,MI,100,,,"DINGELL, Debbie",D000624,1953,,-0.402,-0.185,-21.70217,0.97431,834,6,,-0.371,-0.178
117,House,21530,23,14,MI,100,,,"LAWRENCE, Brenda L",L000581,1954,,-0.448,-0.039,-17.19258,0.97969,838,8,,-0.51,-0.08
117,House,21704,23,1,MI,200,,,"BERGMAN, John",B001301,1947,,0.433,0.084,-88.10694,0.8994,831,29,,0.441,0.177
117,House,21940,23,9,MI,100,,,"LEVIN, Andy",L000592,1960,,-0.474,-0.563,-15.6005,0.98158,839,3,,-0.428,-0.572
117,House,21965,23,8,MI,100,,,"SLOTKIN, Elissa",S001208,1976,,-0.368,0.781,-69.04441,0.91829,810,19,,-0.34,0.94
117,House,21972,23,11,MI,100,,,"STEVENS, Haley",S001215,1983,,-0.371,0.259,-21.38229,0.97487,840,9,,-0.366,0.262
117,House,21975,23,13,MI,100,,,"TLAIB, Rashida",T000481,1976,,-0.29,-0.957,-49.11043,0.94248,829,21,,-0.27,-0.963
117,House,22136,23,10,MI,200,,,"MCCLAIN, Lisa C.",M001136,1966,,0.548,0.171,-134.59733,0.85129,836,59,,0.558,0.088
117,House,22137,23,3,MI,200,,,"MEIJER, Peter",M001186,1988,,0.245,0.213,-116.1168,0.87032,836,51,,0.241,0.22
117,House,20122,33,4,MN,100,,,"McCOLLUM, Betty",M001143,1954,,-0.419,-0.186,-24.4762,0.97111,835,11,,-0.357,-0.158
117,House,21531,33,6,MN,200,,,"EMMER, Thomas Earl II",E000294,1961,,0.467,-0.068,-131.68866,0.85097,816,48,,0.443,-0.057
117,House,21910,33,2,MN,100,,,"CRAIG, Angela",C001119,1972,,-0.274,0.548,-35.86673,0.958,836,13,,-0.271,0.644
117,House,21929,33,1,MN,200,,,"HAGEDORN, Jim",H001088,1962,2022.0,0.477,0.345,-20.96589,0.94856,397,8,,0.531,0.362
117,House,21950,33,5,MN,100,,,"OMAR, Ilhan",O000173,1982,,-0.296,-0.955,-37.12533,0.95631,831,14,,-0.981,-0.192
117,House,21953,33,3,MN,100,,,"PHILLIPS, Dean",P000616,1969,,-0.277,0.167,-29.7461,0.96504,836,14,,-0.462,0.624
117,House,21969,33,8,MN,200,,,"STAUBER, Peter",S001212,1966,,0.384,-0.101,-125.19902,0.86014,831,59,,0.385,-0.058
117,House,22114,33,7,MN,200,,,"FISCHBACH, Michelle",F000470,1965,,0.539,-0.024,-89.9936,0.8984,840,36,,0.52,0.186
117,House,22167,33,1,MN,200,,,"FINSTAD, Brad",F000475,1976,,0.55,-0.035,-24.61773,0.80729,115,9,,0.548,0.17
117,House,21148,46,4,MS,200,,,"PALAZZO, Steven",P000601,1970,,0.535,0.45,-99.37958,0.88573,819,46,,0.577,0.25
117,House,21561,46,1,MS,200,,,"KELLY, Trent",K000388,1966,,0.637,0.292,-75.83331,0.91258,829,24,,0.643,0.424
117,House,21927,46,3,MS,200,,,"GUEST, Michael",G000591,1970,,0.53,0.119,-85.22888,0.8947,766,39,,0.588,0.207
117,House,29368,46,2,MS,100,,,"THOMPSON, Bennie",T000193,1948,,-0.519,0.39,-24.59096,0.97112,839,11,,-0.515,0.32
117,House,20124,34,6,MO,200,,,"GRAVES, Samuel",G000546,1963,,0.449,0.162,-70.68278,0.91893,836,26,,0.461,0.542
117,House,20517,34,5,MO,100,,,"CLEAVER, Emanuel, II",C001061,1944,,-0.454,0.0,-14.90868,0.98232,836,6,,-0.456,0.076
117,House,20926,34,3,MO,200,,,"LUETKEMEYER, Blaine",L000569,1952,,0.45,0.247,-90.96024,0.89525,822,31,,0.489,0.303
117,House,21149,34,4,MO,200,,,"HARTZLER, Vicky",H001053,1960,,0.478,0.229,-131.29064,0.84116,759,51,,0.499,0.032
117,House,21150,34,7,MO,200,,,"LONG, Billy",L000576,1955,,0.544,0.244,-90.26395,0.8966,827,37,,0.531,0.314
117,House,21337,34,2,MO,200,,,"WAGNER, Ann",W000812,1962,,0.391,0.301,-76.5259,0.91243,835,23,,0.374,0.224
117,House,21373,34,8,MO,200,,,"SMITH, Jason",S001195,1980,,0.577,0.202,-87.19006,0.89948,823,37,,0.559,0.46
117,House,22106,34,1,MO,100,,,"BUSH, Cori",B001224,1976,,-0.247,-0.969,-66.90226,0.92274,832,28,,-0.246,-0.969
117,House,22148,64,1,MT,200,,,"ROSENDALE, Matthew M., Sr.",R000103,1960,,0.753,-0.658,-133.39241,0.84936,817,55,,0.764,-0.527
117,House,20518,35,1,NE,200,,,"FORTENBERRY, Jeff",F000449,1960,,0.304,-0.061,-53.88885,0.88373,436,21,,0.347,-0.056
117,House,20729,35,3,NE,200,,,"SMITH, Adrian",S001172,1970,,0.509,0.255,-68.29379,0.92028,822,27,,0.538,0.67
117,House,21701,35,2,NE,200,,,"BACON, Donald J.",B001298,1963,,0.281,0.182,-148.4118,0.83769,838,59,,0.279,0.002
117,House,22166,35,1,NE,200,,,"FLOOD, Mike",F000474,1975,,0.445,0.689,-19.83955,0.91666,228,7,,0.495,0.868
117,House,20927,65,1,NV,100,,,"TITUS, Alice (Dina)",T000468,1950,,-0.297,-0.159,-16.76178,0.9801,834,5,,-0.418,-0.084
117,House,21196,65,2,NV,200,,,"AMODEI, Mark E.",A000369,1958,,0.384,0.211,-89.42625,0.89798,831,38,,0.379,0.166
117,House,21339,65,4,NV,100,,,"HORSFORD, Steven",H001066,1973,,-0.316,0.16,-38.62142,0.95459,831,15,,-0.381,0.292
117,House,21938,65,3,NV,100,,,"LEE, Susie",L000590,1966,,-0.228,0.301,-29.33096,0.96544,834,10,,-0.256,0.447
117,House,21340,4,2,NH,100,,,"KUSTER, Ann McLane",K000382,1956,,-0.264,-0.086,-22.16284,0.97387,837,11,,-0.357,0.284
117,House,21951,4,1,NH,100,,,"PAPPAS, Chris",P000614,1980,,-0.234,0.321,-25.63241,0.96984,837,9,,-0.259,0.48
117,House,14863,12,4,NJ,200,,,"SMITH, Christopher Henry",S000522,1953,,0.183,-0.173,-204.24515,0.78116,827,91,,0.278,-0.188
117,House,15454,12,6,NJ,100,,,"PALLONE, Frank, Jr.",P000034,1951,,-0.402,-0.162,-19.47507,0.97706,839,7,,-0.362,-0.407
117,House,20542,12,8,NJ,100,,,"SIRES, Albio",S001165,1951,,-0.404,0.098,-30.74493,0.96372,832,10,,-0.358,0.116
117,House,21536,12,1,NJ,100,,,"NORCROSS, Donald",N000188,1958,,-0.42,0.339,-17.00394,0.97953,822,6,,-0.454,0.458
117,House,21538,12,12,NJ,100,,,"WATSON COLEMAN, Bonnie",W000822,1945,,-0.594,-0.223,-20.19791,0.97624,840,8,,-0.427,-0.481
117,House,21723,12,5,NJ,100,,,"GOTTHEIMER, Josh S.",G000583,1975,,-0.164,0.212,-42.2217,0.95058,833,12,,-0.209,0.362
117,House,21937,12,3,NJ,100,,,"KIM, Andy",K000394,1982,,-0.408,0.231,-24.38474,0.97135,839,14,,-0.461,0.427
117,House,21942,12,7,NJ,100,,,"MALINOWSKI, Tomaz",M001203,1965,,-0.272,0.121,-48.48107,0.94359,835,23,,-0.318,0.214
117,House,21964,12,11,NJ,100,,,"SHERRILL, Mikie",S001207,1972,,-0.234,0.243,-33.13854,0.9603,818,9,,-0.283,0.508
117,House,29741,12,9,NJ,100,,,"PASCRELL, William J., Jr.",P000096,1937,2024.0,-0.369,-0.004,-15.6835,0.98119,826,4,,-0.409,-0.006
117,House,31103,12,10,NJ,100,,,"PAYNE, Donald, Jr.",P000604,1958,2024.0,-0.52,-0.096,-16.53558,0.98046,838,7,,-0.595,-0.203
117,House,91980,12,2,NJ,200,,,"VAN DREW, Jefferson",V000133,1953,,0.382,-0.419,-247.91811,0.74178,830,117,,0.401,-0.507
117,House,21928,66,1,NM,100,,,"HAALAND, Debra",H001080,1960,,-0.332,-0.233,-1.32643,0.98149,71,1,,-0.567,-0.214
117,House,22123,66,2,NM,200,,,"HERRELL, Yvette",H001084,1964,,0.936,0.352,-165.92091,0.81601,816,80,,0.739,0.13
117,House,22131,66,3,NM,100,,,"LEGER FERNANDEZ, Teresa",L000273,1959,,-0.368,-0.181,-14.67292,0.98258,835,4,,-0.39,-0.19
117,House,22159,66,1,NM,100,,,"STANSBURY, Melanie Ann",S001218,1979,,-0.442,-0.217,-13.34651,0.98095,694,6,,-0.455,-0.211
117,House,20519,13,26,NY,100,,,"HIGGINS, Brian",H001038,1959,,-0.348,-0.032,-14.52313,0.98272,833,6,,-0.44,0.053
117,House,20733,13,9,NY,100,,,"CLARKE, Yvette Diane",C001067,1964,,-0.606,-0.263,-13.17633,0.98421,828,5,,-0.483,-0.491
117,House,20934,13,20,NY,100,,,"TONKO, Paul",T000469,1949,,-0.416,-0.263,-10.89366,0.98707,837,3,,-0.451,-0.205
117,House,21101,13,23,NY,200,,,"REED, Thomas W. II",R000585,1971,,0.269,0.12,-80.56808,0.84636,483,32,,0.227,0.152
117,House,21342,13,6,NY,100,,,"MENG, Grace",M001188,1975,,-0.37,-0.207,-19.73677,0.97667,836,8,,-0.464,-0.459
117,House,21343,13,8,NY,100,,,"JEFFRIES, Hakeem",J000294,1970,,-0.482,-0.063,-10.86361,0.98709,836,4,,-0.491,-0.139
117,House,21344,13,18,NY,100,,,"MALONEY, Sean Patrick",M001185,1966,,-0.239,0.114,-20.95984,0.97512,832,8,,-0.261,-0.002
117,House,21539,13,1,NY,200,,,"ZELDIN, Lee M",Z000017,1980,,0.397,-0.129,-94.07439,0.87971,734,40,,0.435,-0.087
117,House,21540,13,4,NY,100,,,"RICE, Kathleen Maura",R000602,1965,,-0.28,0.039,-47.01193,0.94375,812,16,,-0.215,0.081
117,House,21541,13,21,NY,200,,,"STEFANIK, Elise M",S001196,1984,,0.307,-0.109,-113.59491,0.87266,834,46,,0.394,0.313
117,House,21542,13,24,NY,200,,,"KATKO, John",K000386,1962,,0.185,0.013,-145.64636,0.83923,831,64,,0.161,-0.043
117,House,21715,13,13,NY,100,,,"ESPAILLAT, Adriano J.",E000297,1954,,-0.529,-0.211,-18.9771,0.97758,837,7,,-0.533,-0.523
117,House,21747,13,3,NY,100,,,"SUOZZI, Thomas",S001201,1962,,-0.213,0.159,-21.96675,0.97385,829,8,,-0.315,0.188
117,House,21749,13,22,NY,200,,,"TENNEY, Claudia",T000478,1961,,0.464,0.018,-140.1443,0.84148,812,57,,0.506,0.015
117,House,21761,13,25,NY,100,,,"MORELLE, Joseph D.",M001206,1957,,-0.333,0.156,-15.69933,0.98137,835,5,,-0.41,0.353
117,House,21916,13,19,NY,100,,,"DELGADO, Antonio",D000630,1977,,-0.233,0.277,-11.88706,0.97858,549,5,,-0.29,0.53
117,House,21949,13,14,NY,100,,,"OCASIO-CORTEZ, Alexandria",O000172,1989,,-0.33,-0.944,-48.05296,0.94375,830,20,,-0.298,-0.955
117,House,21990,13,27,NY,200,,,"JACOBS, Chris",J000020,1966,,0.306,0.049,-140.83774,0.84393,830,52,,0.309,0.051
117,House,22105,13,16,NY,100,,,"BOWMAN, Jamaal",B001223,1976,,-0.357,-0.934,-39.40398,0.95363,830,15,,-0.981,-0.192
117,House,22117,13,2,NY,200,,,"GARBARINO, Andrew R.",G000597,1984,,0.244,0.236,-97.22344,0.88921,828,43,,0.286,0.067
117,House,22127,13,17,NY,100,,,"JONES, Mondaire",J000306,1987,,-0.414,-0.533,-14.2568,0.98301,832,6,,-0.414,-0.535
117,House,22133,13,11,NY,200,,,"MALLIOTAKIS, Nicole",M000317,1980,,0.335,-0.079,-140.26101,0.8452,834,64,,0.299,0.028
117,House,22154,13,15,NY,100,,,"TORRES, Ritchie",T000486,1988,,-0.31,-0.094,-28.1481,0.96666,830,11,,-0.537,-0.318
117,House,22169,13,19,NY,100,,,"RYAN, Patrick",R000579,1982,,-0.226,0.218,-0.33135,0.99712,115,0,,-0.365,0.372
117,House,22170,13,23,NY,200,,,"SEMPOLINSKI, Joseph",S001219,1983,,0.545,0.047,-29.71059,0.77232,115,16,,0.529,0.092
117,House,29377,13,10,NY,100,,,"NADLER, Jerrold Lewis",N000002,1947,,-0.507,-0.478,-13.83508,0.98331,822,6,,-0.488,-0.356
117,House,29378,13,7,NY,100,,,"VELÁZQUEZ, Nydia M.",V000081,1953,,-0.547,-0.37,-12.70528,0.98488,834,5,,-0.47,-0.498
117,House,29379,13,12,NY,100,,,"MALONEY, Carolyn Bosher",M000087,1946,,-0.387,-0.285,-15.25203,0.98186,833,7,,-0.417,-0.374
117,House,29776,13,5,NY,100,,,"MEEKS, Gregory W.",M001137,1953,,-0.415,-0.062,-12.50586,0.98501,828,4,,-0.489,0.096
117,House,15438,47,4,NC,100,,,"PRICE, David Eugene",P000523,1940,,-0.343,-0.03,-12.32371,0.98492,811,3,,-0.456,0.113
117,House,20340,47,1,NC,100,,,"BUTTERFIELD, George Kenneth, Jr. (G.K.)",B001251,1947,,-0.404,0.184,-16.50003,0.98025,827,5,,-0.483,0.347
117,House,20521,47,5,NC,200,,,"FOXX, Virginia Ann",F000450,1943,,0.624,0.174,-124.85659,0.85516,798,45,,0.624,0.23
117,House,20522,47,10,NC,200,,,"McHENRY, Patrick T.",M001156,1975,,0.524,0.156,-127.0622,0.85331,801,53,,0.408,0.162
117,House,21346,47,8,NC,200,,,"HUDSON, Richard",H001067,1971,,0.524,0.205,-102.75974,0.88355,830,38,,0.424,0.211
117,House,21544,47,7,NC,200,,,"ROUZER, David",R000603,1972,,0.567,0.284,-100.14973,0.88697,835,44,,0.551,0.287
117,House,21545,47,12,NC,100,,,"ADAMS, Alma",A000370,1946,,-0.464,-0.003,-15.52915,0.98157,835,8,,-0.466,0.094
117,House,21708,47,13,NC,200,,,"BUDD, Theodore Paul",B001305,1971,,0.633,-0.077,-155.15788,0.81423,755,70,,0.595,-0.09
117,House,21986,47,9,NC,200,,,"BISHOP, Dan",B001311,1964,,0.703,-0.366,-147.36176,0.83533,819,64,,0.697,-0.366
117,House,21987,47,3,NC,200,,,"MURPHY, Gregory Francis",M001210,1963,,0.486,0.132,-144.41679,0.8378,816,50,,0.474,-0.006
117,House,22109,47,11,NC,200,,,"CAWTHORN, Madison",C001104,1995,,0.555,-0.243,-172.26812,0.8082,809,84,,0.554,-0.246
117,House,22135,47,6,NC,100,,,"MANNING, Kathy E.",M001135,1956,,-0.276,0.348,-18.55846,0.9781,838,7,,-0.276,0.194
117,House,22149,47,2,NC,100,,,"ROSS, Deborah K.",R000305,1963,,-0.383,-0.001,-17.36007,0.97952,839,10,,-0.408,0.267
117,House,21901,36,1,ND,200,,,"ARMSTRONG, Kelly",A000377,1976,,0.449,0.064,-123.99985,0.85642,800,46,,0.471,-0.04
117,House,21996,95,0,MP,100,,,"SABLAN, Gregorio Kilili Camacho",S001177,1955,,-0.419,-0.252,-0.16061,0.98859,14,0,,-0.411,-0.874
117,House,15029,24,9,OH,100,,,"KAPTUR, Marcia Carolyn (Marcy)",K000009,1946,,-0.341,0.132,-16.51167,0.9803,830,4,,-0.306,0.004
117,House,20342,24,10,OH,200,,,"TURNER, Michael R.",T000463,1960,,0.265,0.259,-98.97919,0.88655,822,43,,0.304,0.344
117,House,20343,24,13,OH,100,,,"RYAN, Timothy J.",R000577,1973,,-0.402,0.208,-14.35051,0.98286,830,6,,-0.358,-0.006
117,House,20738,24,4,OH,200,,,"JORDAN, Jim",J000289,1964,,0.712,-0.182,-116.26954,0.86735,817,40,,0.74,-0.123
117,House,20755,24,5,OH,200,,,"LATTA, Robert E.",L000566,1956,,0.508,0.288,-66.29128,0.92412,840,25,,0.481,0.289
117,House,20941,24,11,OH,100,,,"FUDGE, Marcia L.",F000455,1952,,-0.581,0.14,-1.13895,0.97913,54,1,,-0.295,0.196
117,House,21162,24,6,OH,200,,,"JOHNSON, Bill",J000292,1954,,0.436,0.235,-88.41385,0.89976,837,35,,0.391,0.205
117,House,21163,24,15,OH,200,,,"STIVERS, Steve",S001187,1965,,0.3,0.269,-11.4027,0.90714,117,7,,0.283,0.201
117,House,21165,24,7,OH,200,,,"GIBBS, Bob",G000563,1954,,0.484,0.284,-88.3757,0.89429,791,35,,0.524,0.199
117,House,21351,24,2,OH,200,,,"WENSTRUP, Brad",W000815,1958,,0.527,0.289,-81.33738,0.90687,832,34,,0.475,0.314
117,House,21352,24,3,OH,100,,,"BEATTY, Joyce",B001281,1950,,-0.439,0.018,-16.30879,0.9807,837,7,,-0.572,-0.047
117,House,21353,24,14,OH,200,,,"JOYCE, David",J000295,1957,,0.25,0.314,-78.75316,0.90969,832,32,,0.254,0.281
117,House,21564,24,8,OH,200,,,"DAVIDSON, Warren",D000626,1970,,0.652,-0.37,-200.21211,0.78544,829,91,,0.617,-0.394
117,House,21759,24,12,OH,200,,,"BALDERSON, Troy",B001306,1962,,0.462,0.196,-74.93102,0.91378,831,28,,0.42,0.228
117,House,21924,24,16,OH,200,,,"GONZALEZ, Anthony",G000588,1984,,0.24,0.315,-107.85637,0.87283,793,54,,0.208,0.295
117,House,22161,24,11,OH,100,,,"BROWN, Shontel  M.",B001313,1975,,-0.466,-0.096,-5.89406,0.98884,525,2,,-0.463,-0.046
117,House,22162,24,15,OH,200,,,"CAREY, Mike",C001126,1971,,0.406,0.021,-81.26514,0.85609,523,36,,0.409,-0.037
117,House,29550,24,1,OH,200,,,"CHABOT, Steve",C000266,1953,,0.542,-0.137,-150.48122,0.83563,838,65,,0.392,0.258
117,House,20344,53,4,OK,200,,,"COLE, Tom",C001053,1949,,0.323,0.413,-79.66766,0.909,835,33,,0.309,0.501
117,House,21355,53,2,OK,200,,,"MULLIN, Markwayne",M001190,1977,,0.531,0.251,-116.84803,0.86536,808,57,,0.579,0.129
117,House,21760,53,1,OK,200,,,"HERN, Kevin",H001082,1961,,0.68,-0.049,-119.53639,0.8642,819,49,,0.695,-0.092
117,House,22102,53,5,OK,200,,,"BICE, Stephanie I.",B000740,1973,,0.413,0.331,-68.83939,0.92114,838,29,,0.408,0.434
117,House,29393,53,3,OK,200,,,"LUCAS, Frank D.",L000491,1960,,0.361,0.453,-61.58524,0.92748,818,25,,0.412,0.517
117,House,15410,72,4,OR,100,,,"DeFAZIO, Peter Anthony",D000191,1947,,-0.427,-0.002,-28.36461,0.96628,827,10,,-0.269,-0.412
117,House,20944,72,5,OR,100,,,"SCHRADER, Kurt",S001180,1951,,-0.182,0.054,-141.4911,0.84275,827,45,,-0.12,0.022
117,House,21198,72,1,OR,100,,,"BONAMICI, Suzanne",B001278,1954,,-0.4,-0.416,-11.44147,0.98647,840,5,,-0.41,-0.45
117,House,22101,72,2,OR,200,,,"BENTZ, Cliff",B000668,1952,,0.474,0.268,-75.41798,0.91393,838,28,,0.478,0.332
117,House,29588,72,3,OR,100,,,"BLUMENAUER, Earl",B000574,1948,,-0.426,-0.626,-16.01336,0.98091,831,7,,-0.37,-0.556
117,House,20946,14,15,PA,200,,,"THOMPSON, Glenn",T000467,1959,,0.335,0.338,-74.39502,0.91377,825,27,,0.355,0.513
117,House,21167,14,16,PA,200,,,"KELLY, Mike",K000376,1948,,0.379,0.395,-70.97828,0.91832,833,25,,0.438,0.319
117,House,21356,14,10,PA,200,,,"PERRY, Scott",P000605,1962,,0.685,-0.491,-142.67393,0.84119,825,61,,0.776,-0.447
117,House,21358,14,8,PA,100,,,"CARTWRIGHT, Matt",C001090,1961,,-0.344,0.042,-25.37187,0.96927,813,13,,-0.243,0.011
117,House,21548,14,2,PA,100,,,"BOYLE, Brendan Francis",B001296,1977,,-0.381,0.146,-20.92405,0.97528,836,9,,-0.474,0.243
117,House,21566,14,3,PA,100,,,"EVANS, Dwight",E000296,1954,,-0.47,-0.152,-15.89804,0.98119,837,7,,-0.555,-0.055
117,House,21718,14,1,PA,200,,,"FITZPATRICK, Brian K.",F000466,1973,,0.141,-0.108,-139.11346,0.84721,839,42,,0.137,-0.19
117,House,21745,14,11,PA,200,,,"SMUCKER, Lloyd K.",S001199,1964,,0.455,0.134,-83.40986,0.90461,832,31,,0.449,0.228
117,House,21756,14,17,PA,100,,,"LAMB, Conor",L000588,1984,,-0.143,0.212,-29.46819,0.96541,837,3,,-0.23,0.286
117,House,21762,14,5,PA,100,,,"SCANLON, Mary Gay",S001205,1959,,-0.462,-0.197,-18.09608,0.97851,833,9,,-0.378,-0.141
117,House,21763,14,7,PA,100,,,"WILD, Susan",W000826,1957,,-0.261,0.305,-45.50671,0.94677,832,19,,-0.209,0.143
117,House,21915,14,4,PA,100,,,"DEAN, Madeleine",D000631,1959,,-0.443,-0.07,-10.82733,0.98716,838,3,,-0.39,-0.11
117,House,21934,14,6,PA,100,,,"HOULAHAN, Christina",H001085,1967,,-0.261,0.221,-22.67718,0.97324,836,9,,-0.284,0.335
117,House,21936,14,13,PA,200,,,"JOYCE, John",J000302,1957,,0.58,-0.038,-144.75389,0.84118,837,67,,0.595,0.024
117,House,21945,14,9,PA,200,,,"MEUSER, Dan",M001204,1964,,0.492,0.197,-97.45069,0.8882,822,39,,0.428,0.111
117,House,21956,14,14,PA,200,,,"RESCHENTHALER, Guy",R000610,1983,,0.446,0.058,-86.68422,0.90139,835,34,,0.374,0.367
117,House,21985,14,12,PA,200,,,"KELLER, Fred",K000395,1965,,0.498,0.171,-87.31005,0.90106,838,35,,0.496,0.211
117,House,29561,14,18,PA,100,,,"DOYLE, Michael F.",D000482,1953,,-0.331,0.099,-39.28662,0.95001,766,15,,-0.384,-0.472
117,House,21992,92,0,PR,200,,,"GONZÁLEZ-CÓLON, Jenniffer",G000582,1976,,0.221,0.456,-4.58897,0.72052,14,3,,0.176,0.984
117,House,20136,5,2,RI,100,,,"LANGEVIN, James",L000559,1964,,-0.375,0.114,-19.96026,0.97638,835,8,,-0.353,0.23
117,House,21172,5,1,RI,100,,,"CICILLINE, David N.",C001084,1961,,-0.389,-0.262,-23.18,0.97256,833,9,,-0.312,-0.174
117,House,20138,48,2,SC,200,,,"WILSON, Addison Graves (Joe)",W000795,1947,,0.53,0.161,-92.63169,0.89219,812,37,,0.485,0.477
117,House,21174,48,3,SC,200,,,"DUNCAN, Jeff",D000615,1966,,0.695,-0.095,-156.7042,0.82566,818,81,,0.657,0.042
117,House,21359,48,7,SC,200,,,"RICE, Tom",R000597,1957,,0.558,-0.217,-216.26018,0.77062,830,91,,0.48,-0.194
117,House,21753,48,5,SC,200,,,"NORMAN, Ralph",N000190,1953,,0.852,-0.377,-73.66008,0.91214,801,25,,0.889,-0.457
117,House,21974,48,4,SC,200,,,"TIMMONS, William",T000480,1984,,0.6,0.051,-96.81181,0.89065,836,41,,0.588,0.269
117,House,22132,48,1,SC,200,,,"MACE, Nancy",M000194,1977,,0.348,-0.291,-219.46568,0.7679,831,89,,0.378,-0.219
117,House,39301,48,6,SC,100,,,"CLYBURN, James Enos",C000537,1940,,-0.467,0.246,-13.58933,0.98372,828,5,,-0.536,0.281
117,House,21935,37,1,SD,200,,,"JOHNSON, Dustin",J000301,1976,,0.467,0.139,-83.74584,0.90457,835,30,,0.403,0.361
117,House,15019,54,5,TN,100,,,"COOPER, James Hayes Shofner",C000754,1954,,-0.164,-0.033,-32.97128,0.9611,831,14,,-0.359,0.138
117,House,20748,54,9,TN,100,,,"COHEN, Stephen",C001068,1949,,-0.389,-0.294,-29.20562,0.96534,828,13,,-0.303,-0.409
117,House,21178,54,3,TN,200,,,"FLEISCHMANN, Chuck",F000459,1962,,0.432,0.395,-109.65882,0.87762,840,48,,0.497,0.177
117,House,21179,54,4,TN,200,,,"DESJARLAIS, Scott",D000616,1964,,0.578,-0.043,-135.50023,0.84988,833,62,,0.57,-0.013
117,House,21731,54,8,TN,200,,,"KUSTOFF, David",K000392,1966,,0.542,0.34,-74.8436,0.91407,833,30,,0.555,0.389
117,House,21905,54,2,TN,200,,,"BURCHETT, Timothy",B001309,1964,,0.666,-0.443,-150.23566,0.83071,810,69,,0.652,-0.353
117,House,21926,54,7,TN,200,,,"GREEN, Mark",G000590,1964,,0.671,0.018,-140.08305,0.8419,814,71,,0.65,-0.026
117,House,21959,54,6,TN,200,,,"ROSE, John",R000612,1965,,0.661,0.111,-119.49268,0.86269,809,53,,0.679,0.087
117,House,22122,54,1,TN,200,,,"HARSHBARGER, Diana",H001086,1960,,0.678,-0.1,-143.00279,0.84226,833,66,,0.689,0.074
117,House,20355,49,26,TX,200,,,"BURGESS, Michael C.",B001248,1950,,0.565,-0.164,-154.97963,0.82663,814,67,,0.582,-0.143
117,House,20356,49,31,TX,200,,,"CARTER, John R.",C001051,1941,,0.487,0.547,-152.12943,0.83253,830,58,,0.614,0.475
117,House,20527,49,1,TX,200,,,"GOHMERT, Louie",G000552,1953,,0.644,-0.406,-173.10977,0.803,789,86,,0.678,-0.496
117,House,20529,49,9,TX,100,,,"GREEN, Al",G000553,1947,,-0.447,0.261,-29.39642,0.96549,837,15,,-0.389,-0.282
117,House,20530,49,10,TX,200,,,"McCAUL, Michael T.",M001157,1962,,0.411,0.176,-83.70881,0.90307,821,34,,0.349,0.409
117,House,20533,49,28,TX,100,,,"CUELLAR, Henry",C001063,1955,,-0.225,0.646,-76.45695,0.9128,838,29,,-0.287,0.684
117,House,21360,49,14,TX,200,,,"WEBER, Randy",W000814,1953,,0.72,0.023,-135.70324,0.84679,816,63,,0.82,0.179
117,House,21362,49,20,TX,100,,,"CASTRO, Joaquin",C001091,1974,,-0.401,-0.137,-13.03314,0.98451,835,4,,-0.434,-0.269
117,House,21364,49,25,TX,200,,,"WILLIAMS, Roger",W000816,1949,,0.594,0.062,-88.34677,0.89317,782,32,,0.587,0.182
117,House,21365,49,33,TX,100,,,"VEASEY, Marc",V000131,1971,,-0.408,0.365,-22.87532,0.97288,832,11,,-0.311,0.157
117,House,21366,49,34,TX,100,,,"VELA, Filemon",V000132,1963,,-0.311,0.407,-11.96004,0.97336,443,6,,-0.224,0.161
117,House,21551,49,36,TX,200,,,"BABIN, Brian",B001291,1948,,0.708,0.119,-122.17073,0.86297,829,61,,0.727,0.106
117,House,21700,49,19,TX,200,,,"ARRINGTON, Jodey Cook",A000375,1972,,0.643,0.0,-141.32367,0.8337,777,65,,0.671,-0.042
117,House,21722,49,15,TX,100,,,"GONZALEZ, Vicente Jr.",G000581,1967,,-0.388,0.893,-50.01372,0.94005,809,17,,-0.29,0.468
117,House,21758,49,27,TX,200,,,"CLOUD, Michael",C001115,1975,,0.692,-0.362,-137.25677,0.84395,809,61,,0.714,-0.282
117,House,21900,49,32,TX,100,,,"ALLRED, Colin",A000376,1983,,-0.422,0.723,-15.74359,0.98123,831,4,,-0.399,0.495
117,House,21911,49,2,TX,200,,,"CRENSHAW, Daniel",C001120,1984,,0.436,0.266,-109.07336,0.87531,819,39,,0.447,0.121
117,House,21917,49,16,TX,100,,,"ESCOBAR, Veronica",E000299,1969,,-0.482,-0.268,-63.27736,0.92702,835,19,,-0.529,-0.525
117,House,21919,49,7,TX,100,,,"FLETCHER, Elizabeth",F000468,1975,,-0.523,0.852,-38.88508,0.95466,838,15,,-0.236,0.285
117,House,21922,49,29,TX,100,,,"GARCIA, Sylvia",G000587,1950,,-0.771,0.319,-52.32753,0.93926,835,21,,-0.878,0.453
117,House,21925,49,5,TX,200,,,"GOODEN, Lance",G000589,1982,,0.717,-0.051,-163.60205,0.82245,837,75,,0.765,-0.119
117,House,21961,49,21,TX,200,,,"ROY, Charles",R000614,1972,,0.8,-0.6,-103.40277,0.87918,803,44,,0.798,-0.603
117,House,21973,49,3,TX,200,,,"TAYLOR, Nicholas",T000479,1972,,0.581,-0.223,-175.65639,0.80822,825,90,,0.604,-0.245
117,House,21984,49,6,TX,200,,,"WRIGHT, Ron",W000827,1953,2021.0,0.711,-0.09,-0.27921,0.98025,14,0,,0.908,-0.418
117,House,22112,49,4,TX,200,,,"FALLON, Pat",F000246,1967,,0.714,0.127,-119.82483,0.86451,823,53,,0.719,0.146
117,House,22119,49,23,TX,200,,,"GONZALES, Tony",G000594,1980,,0.35,0.229,-72.15916,0.9174,837,32,,0.309,0.384
117,House,22125,49,13,TX,200,,,"JACKSON, Ronny",J000304,1967,,0.785,0.157,-102.48107,0.88046,805,41,,0.78,0.163
117,House,22143,49,22,TX,200,,,"NEHLS, Troy E.",N000026,1968,,0.611,-0.234,-144.29578,0.83846,819,70,,0.636,-0.114
117,House,22147,49,11,TX,200,,,"PFLUGER, August",P000048,1977,,0.634,0.37,-86.69607,0.89979,821,37,,0.662,0.367
117,House,22155,49,24,TX,200,,,"VAN DUYNE, Beth",V000134,1970,,0.606,-0.004,-123.0548,0.86313,836,59,,0.577,0.01
117,House,22160,49,6,TX,200,,,"ELLZEY, Jake",E000071,1970,,0.511,0.704,-71.60436,0.88855,606,30,,0.514,0.358
117,House,22165,49,34,TX,200,,,"FLORES, Mayra",F000473,1986,,0.336,0.623,-18.15622,0.92995,250,5,,0.342,0.653
117,House,29571,49,35,TX,100,,,"DOGGETT, Lloyd Alton, II",D000399,1946,,-0.403,-0.333,-21.07071,0.97502,833,5,,-0.329,-0.409
117,House,29573,49,18,TX,100,,,"JACKSON LEE, Sheila",J000032,1950,,-0.459,0.121,-15.23919,0.98192,835,7,,-0.391,-0.147
117,House,29759,49,17,TX,200,,,"SESSIONS, Pete",S000250,1955,,0.584,0.171,-168.47966,0.81549,826,72,,0.587,-0.035
117,House,29760,49,8,TX,200,,,"BRADY, Kevin Patrick",B000755,1955,,0.52,0.239,-73.2156,0.89863,685,27,,0.477,0.473
117,House,29762,49,12,TX,200,,,"GRANGER, Kay",G000377,1943,,0.403,0.243,-132.11536,0.85119,820,49,,0.465,0.201
117,House,39305,49,30,TX,100,,,"JOHNSON, Eddie Bernice",J000126,1934,2023.0,-0.485,0.198,-19.27868,0.97709,832,11,,-0.488,-0.023
117,House,21367,67,2,UT,200,,,"STEWART, Chris",S001192,1960,,0.499,0.167,-101.11933,0.88607,836,40,,0.439,0.136
117,House,21755,67,3,UT,200,,,"CURTIS, John R.",C001114,1960,,0.452,0.12,-112.4018,0.87306,828,44,,0.409,0.121
117,House,22141,67,1,UT,200,,,"MOORE, Blake D.",M001213,1980,,0.369,0.32,-70.96168,0.91834,833,25,,0.349,0.353
117,House,22146,67,4,UT,200,,,"OWENS, Burgess",O000086,1951,,0.452,0.168,-81.63932,0.90654,832,31,,0.451,0.249
117,House,20750,6,1,VT,100,,,"WELCH, Peter",W000800,1947,,-0.401,-0.405,-24.10228,0.97124,826,11,,-0.301,-0.469
117,House,21994,96,0,VI,100,,,"PLASKETT, Stacey E.",P000610,1966,,-0.473,0.565,-0.88047,0.93905,14,0,,-0.411,-0.874
117,House,20756,40,1,VA,200,,,"WITTMAN, Robert J.",W000804,1959,,0.447,0.024,-82.27323,0.90204,798,25,,0.463,0.181
117,House,20952,40,11,VA,100,,,"CONNOLLY, Gerald E. (Gerry)",C001078,1950,2025.0,-0.309,-0.047,-20.97108,0.97529,838,7,,-0.311,-0.101
117,House,21191,40,9,VA,200,,,"GRIFFITH, H. Morgan",G000568,1958,,0.509,-0.335,-182.17736,0.80121,822,89,,0.499,-0.356
117,House,21554,40,8,VA,100,,,"BEYER, Donald Sternoff Jr.",B001292,1950,,-0.394,-0.106,-11.4152,0.98647,838,3,,-0.409,-0.123
117,House,21736,40,4,VA,100,,,"MCEACHIN, Aston Donald",M001200,1961,2022.0,-0.381,-0.017,-19.80339,0.97496,781,12,,-0.493,0.309
117,House,21908,40,6,VA,200,,,"CLINE, Benjamin",C001118,1972,,0.716,-0.201,-132.99972,0.85144,827,52,,0.734,-0.17
117,House,21941,40,2,VA,100,,,"LURIA, Elaine",L000591,1975,,-0.206,0.426,-48.57943,0.94374,839,15,,-0.401,0.854
117,House,21966,40,7,VA,100,,,"SPANBERGER, Abigail",S001209,1979,,-0.196,0.3,-44.74797,0.9477,833,18,,-0.197,0.41
117,House,21983,40,10,VA,100,,,"WEXTON, Jennifer",W000825,1968,,-0.384,0.302,-32.8902,0.96147,837,18,,-0.252,0.205
117,House,22120,40,5,VA,200,,,"GOOD, Bob",G000595,1965,,0.8,-0.6,-136.88357,0.84381,806,66,,0.835,-0.359
117,House,39307,40,3,VA,100,,,"SCOTT, Robert C.",S000185,1947,,-0.451,-0.003,-15.66082,0.98144,836,10,,-0.488,0.096
117,House,20145,73,2,WA,100,,,"LARSEN, Richard Ray (Rick)",L000560,1965,,-0.365,0.166,-18.56749,0.97777,826,6,,-0.435,0.113
117,House,20535,73,5,WA,200,,,"McMORRIS RODGERS, Cathy",M001159,1969,,0.436,0.098,-78.70519,0.90901,825,29,,0.402,0.333
117,House,21187,73,3,WA,200,,,"HERRERA BEUTLER, Jaime",H001056,1978,,0.336,-0.129,-125.94746,0.85632,812,53,,0.286,0.129
117,House,21368,73,6,WA,100,,,"KILMER, Derek",K000381,1974,,-0.316,0.005,-13.44334,0.9841,839,5,,-0.305,-0.081
117,House,21556,73,4,WA,200,,,"NEWHOUSE, Daniel Milton",N000189,1955,,0.317,0.334,-83.18486,0.90364,821,38,,0.291,0.379
117,House,21726,73,7,WA,100,,,"JAYAPAL, Pramila",J000298,1965,,-0.614,-0.561,-15.89405,0.98117,836,5,,-0.472,-0.636
117,House,21962,73,8,WA,100,,,"SCHRIER, Kim",S001216,1968,,-0.276,0.381,-25.82202,0.96966,838,10,,-0.295,0.59
117,House,22153,73,10,WA,100,,,"STRICKLAND, Marilyn",S001159,1962,,-0.446,0.365,-23.01728,0.97245,824,11,,-0.399,0.356
117,House,29768,73,9,WA,100,,,"SMITH, Adam",S000510,1965,,-0.291,-0.165,-26.36857,0.96895,836,10,,-0.612,0.18
117,House,31101,73,1,WA,100,,,"DelBENE, Suzan K.",D000617,1962,,-0.295,-0.198,-19.60771,0.97693,840,7,,-0.475,0.289
117,House,21188,56,1,WV,200,,,"McKINLEY, David",M001180,1947,,0.3,0.178,-109.51066,0.86381,748,48,,0.298,0.113
117,House,21557,56,2,WV,200,,,"MOONEY, Alex X.",M001195,1971,,0.568,-0.241,-142.94044,0.84127,827,64,,0.537,-0.044
117,House,21946,56,3,WV,200,,,"MILLER, Carol",M001205,1950,,0.527,0.106,-67.21432,0.92093,816,15,,0.501,0.384
117,House,20537,25,4,WI,100,,,"MOORE, Gwendolynne S. (Gwen)",M001160,1951,,-0.521,-0.271,-31.97567,0.96221,830,12,,-0.302,-0.45
117,House,21370,25,2,WI,100,,,"POCAN, Mark",P000607,1964,,-0.523,-0.555,-25.98705,0.96921,831,9,,-0.407,-0.642
117,House,21559,25,6,WI,200,,,"GROTHMAN, Glenn",G000576,1955,,0.599,-0.205,-174.00625,0.81108,831,76,,0.581,-0.285
117,House,21720,25,8,WI,200,,,"GALLAGHER, Michael",G000579,1984,,0.437,0.033,-108.12818,0.87632,819,42,,0.412,0.086
117,House,21970,25,1,WI,200,,,"STEIL, Bryan",S001213,1981,,0.42,0.066,-76.92598,0.91239,839,29,,0.424,0.176
117,House,21989,25,7,WI,200,,,"TIFFANY, Thomas P.",T000165,1957,,0.642,-0.252,-133.86263,0.84645,803,57,,0.641,-0.19
117,House,22115,25,5,WI,200,,,"FITZGERALD, Scott",F000471,1963,,0.6,0.085,-105.74339,0.88038,830,45,,0.617,0.272
117,House,29769,25,3,WI,100,,,"KIND, Ron",K000188,1963,,-0.26,-0.08,-65.96909,0.92421,837,20,,-0.176,-0.105
117,House,21710,68,1,WY,200,,,"CHENEY, Liz",C001109,1966,,0.405,0.82,-188.67119,0.75832,682,70,,0.282,0.815
117,Senate,42102,41,0,AL,200,,,"TUBERVILLE, Thomas Hawley (Tommy)",T000278,1954,,0.936,-0.352,-90.88991,0.90271,888,35,,0.857,-0.224
117,Senate,94659,41,0,AL,200,,,"SHELBY, Richard C.",S000320,1934,,0.446,0.57,-163.57584,0.82305,840,90,,0.536,0.494
117,Senate,40300,81,0,AK,200,,,"MURKOWSKI, Lisa",M001153,1957,,0.203,-0.304,-137.33038,0.84951,842,63,,0.212,-0.371
117,Senate,41500,81,0,AK,200,,,"SULLIVAN, Daniel Scott",S001198,1964,,0.476,0.156,-251.34703,0.74478,853,112,,0.484,0.069
117,Senate,21300,61,0,AZ,100,,,"SINEMA, Kyrsten",S001191,1976,,-0.105,0.076,-40.94784,0.95402,870,11,,-0.153,0.212
117,Senate,41905,61,0,AZ,100,,,"KELLY, Mark Edward",K000377,1964,,-0.264,0.29,-38.0043,0.95811,888,19,,-0.217,0.42
117,Senate,20101,42,0,AR,200,,,"BOOZMAN, John",B001236,1950,,0.426,0.34,-173.01273,0.82511,900,77,,0.546,0.322
117,Senate,21301,42,0,AR,200,,,"COTTON, Tom",C001095,1977,,0.578,0.199,-125.42214,0.86842,889,52,,0.641,0.206
117,Senate,41701,71,0,CA,100,,,"HARRIS, Kamala Devi",H001075,1964,,-0.709,-0.105,-0.00037,0.99981,2,0,,0.0,0.0
117,Senate,42104,71,0,CA,100,,,"PADILLA, Alejandro (Alex)",P000145,1973,,-0.438,-0.249,-11.31175,0.98741,893,4,,-0.418,-0.381
117,Senate,49300,71,0,CA,100,,,"FEINSTEIN, Dianne",F000062,1933,2023.0,-0.268,-0.184,-9.42012,0.98821,794,1,,-0.296,-0.196
117,Senate,40910,62,0,CO,100,,,"BENNET, Michael F.",B001267,1964,,-0.242,-0.191,-16.49466,0.98158,887,6,,-0.287,-0.026
117,Senate,42101,62,0,CO,100,,,"HICKENLOOPER, John Wright",H000273,1952,,-0.29,-0.016,-27.54029,0.96922,881,7,,-0.229,-0.108
117,Senate,20707,1,0,CT,100,,,"MURPHY, Christopher",M001169,1973,,-0.287,-0.258,-16.90801,0.98112,887,6,,-0.32,-0.26
117,Senate,41101,1,0,CT,100,,,"BLUMENTHAL, Richard",B001277,1946,,-0.434,-0.152,-20.18314,0.97763,892,7,,-0.365,-0.242
117,Senate,15015,11,0,DE,100,,,"CARPER, Thomas Richard",C000174,1947,,-0.179,-0.225,-31.20682,0.96603,903,8,,-0.304,-0.333
117,Senate,40916,11,0,DE,100,,,"COONS, Christopher A.",C001088,1963,,-0.238,-0.215,-12.20981,0.98653,900,3,,-0.256,-0.197
117,Senate,41102,43,0,FL,200,,,"RUBIO, Marco",R000595,1971,,0.616,-0.184,-148.43667,0.84097,857,58,,0.647,-0.106
117,Senate,41903,43,0,FL,200,,,"SCOTT, Richard Lynn (Rick)",S001217,1952,,0.722,-0.037,-95.50163,0.89793,887,42,,0.723,0.182
117,Senate,41904,44,0,GA,200,,,"LOEFFLER, Kelly",L000594,1970,,0.555,-0.203,-0.16867,0.91912,2,0,,0.0,0.0
117,Senate,42103,44,0,GA,100,,,"OSSOFF, Thomas Jonathan (Jon)",O000174,1987,,-0.459,0.475,-25.55189,0.97089,865,10,,-0.465,0.513
117,Senate,42105,44,0,GA,100,,,"WARNOCK, Raphael Gamaliel",W000790,1969,,-0.431,0.423,-28.27213,0.96755,857,13,,-0.392,0.463
117,Senate,20713,82,0,HI,100,,,"HIRONO, Mazie",H001042,1947,,-0.512,-0.089,-13.2212,0.98542,900,4,,-0.483,-0.196
117,Senate,41112,82,0,HI,100,,,"SCHATZ, Brian Emanuel",S001194,1972,,-0.448,-0.119,-19.00373,0.97887,890,6,,-0.443,-0.027
117,Senate,29345,63,0,ID,200,,,"CRAPO, Michael Dean",C000880,1951,,0.505,0.291,-180.65834,0.81629,890,96,,0.45,0.395
117,Senate,40902,63,0,ID,200,,,"RISCH, James",R000584,1943,,0.552,0.384,-164.71838,0.82194,840,85,,0.466,0.411
117,Senate,15021,21,0,IL,100,,,"DURBIN, Richard Joseph",D000563,1944,,-0.34,-0.311,-9.36564,0.98969,904,2,,-0.313,-0.181
117,Senate,21325,21,0,IL,100,,,"DUCKWORTH, Tammy",D000622,1968,,-0.345,0.056,-13.88176,0.98445,886,5,,-0.322,-0.212
117,Senate,21133,22,0,IN,200,,,"YOUNG, Todd",Y000064,1972,,0.439,-0.024,-163.7291,0.83058,882,55,,0.419,0.02
117,Senate,41900,22,0,IN,200,,,"BRAUN, Michael",B001310,1954,,0.8,0.6,-90.60235,0.90217,880,38,,0.74,0.375
117,Senate,14226,31,0,IA,200,,,"GRASSLEY, Charles Ernest",G000386,1933,,0.362,-0.035,-238.12459,0.76887,906,110,,0.417,-0.12
117,Senate,41502,31,0,IA,200,,,"ERNST, Joni",E000295,1970,,0.537,-0.032,-171.76599,0.82176,875,75,,0.574,-0.16
117,Senate,21734,32,0,KS,200,,,"MARSHALL, Roger Wayne",M001198,1960,,0.607,0.139,-119.24816,0.87381,884,46,,0.643,0.099
117,Senate,29722,32,0,KS,200,,,"MORAN, Jerry",M000934,1954,,0.413,0.221,-151.88638,0.8294,812,62,,0.413,0.328
117,Senate,14921,51,0,KY,200,,,"McCONNELL, Addison Mitchell (Mitch)",M000355,1942,,0.402,0.018,-204.07873,0.79364,883,89,,0.419,0.015
117,Senate,41104,51,0,KY,200,,,"PAUL, Rand",P000603,1963,,0.891,-0.454,-146.00663,0.84149,846,63,,0.905,-0.425
117,Senate,20919,45,0,LA,200,,,"CASSIDY, Bill",C001075,1957,,0.464,-0.048,-226.55439,0.7728,879,98,,0.474,-0.033
117,Senate,41703,45,0,LA,200,,,"KENNEDY, John Neely",K000393,1951,,0.56,-0.149,-224.64426,0.76823,852,92,,0.569,-0.089
117,Senate,41300,2,0,ME,328,,,"KING, Angus Stanley, Jr.",K000383,1944,,-0.167,-0.187,-23.18257,0.97457,900,6,,-0.193,-0.159
117,Senate,49703,2,0,ME,200,,,"COLLINS, Susan Margaret",C001035,1952,,0.124,-0.505,-90.39971,0.90504,906,37,,0.138,-0.513
117,Senate,15408,52,0,MD,100,,,"CARDIN, Benjamin Louis",C000141,1943,,-0.32,-0.224,-13.49233,0.98507,897,7,,-0.295,-0.311
117,Senate,20330,52,0,MD,100,,,"VAN HOLLEN, Christopher",V000128,1959,,-0.398,-0.227,-10.52538,0.98782,859,3,,-0.374,-0.102
117,Senate,14435,3,0,MA,100,,,"MARKEY, Edward John",M000133,1946,,-0.517,-0.471,-28.88564,0.96821,894,11,,-0.647,-0.472
117,Senate,41301,3,0,MA,100,,,"WARREN, Elizabeth",W000817,1949,,-0.745,-0.37,-26.27265,0.97123,900,10,,-0.67,-0.466
117,Senate,20923,23,0,MI,100,,,"PETERS, Gary C.",P000595,1958,,-0.25,-0.183,-13.84018,0.98455,889,6,,-0.284,-0.119
117,Senate,29732,23,0,MI,100,,,"STABENOW, Deborah Ann",S000770,1950,,-0.343,-0.019,-15.35557,0.98305,898,6,,-0.337,0.044
117,Senate,40700,33,0,MN,100,,,"KLOBUCHAR, Amy",K000367,1960,,-0.278,-0.325,-16.60139,0.98162,895,8,,-0.297,-0.131
117,Senate,41706,33,0,MN,100,,,"SMITH, Tina",S001203,1958,,-0.409,-0.121,-14.3439,0.98414,897,7,,-0.447,-0.079
117,Senate,29534,46,0,MS,200,,,"WICKER, Roger F.",W000437,1951,,0.377,0.341,-164.4782,0.83161,892,79,,0.381,0.332
117,Senate,41707,46,0,MS,200,,,"HYDE-SMITH, Cindy",H001079,1959,,0.449,0.333,-159.7952,0.83203,869,74,,0.457,0.353
117,Senate,29735,34,0,MO,200,,,"BLUNT, Roy",B000575,1950,,0.398,0.18,-262.25106,0.72797,826,126,,0.314,0.182
117,Senate,41901,34,0,MO,200,,,"HAWLEY, Joshua David",H001089,1979,,0.83,-0.372,-131.37034,0.86277,890,57,,0.813,-0.177
117,Senate,21338,64,0,MT,200,,,"DAINES, Steve",D000618,1962,,0.59,-0.024,-118.51845,0.87042,854,44,,0.592,0.068
117,Senate,40702,64,0,MT,100,,,"TESTER, Jon",T000464,1956,,-0.213,0.153,-48.48552,0.94778,904,19,,-0.184,0.148
117,Senate,41302,35,0,NE,200,,,"FISCHER, Debra (Deb)",F000463,1951,,0.46,0.335,-136.23038,0.85582,875,47,,0.455,0.255
117,Senate,41503,35,0,NE,200,,,"SASSE, Benjamin Eric",S001197,1972,,0.669,-0.25,-168.18766,0.82105,853,79,,0.573,-0.098
117,Senate,21743,65,0,NV,100,,,"ROSEN, Jacklyn Sheryl",R000608,1957,,-0.286,0.317,-24.18945,0.97301,884,11,,-0.259,0.202
117,Senate,41700,65,0,NV,100,,,"CORTEZ MASTO, Catherine Marie",C001113,1964,,-0.347,0.35,-30.18161,0.96706,901,14,,-0.237,0.208
117,Senate,40906,4,0,NH,100,,,"SHAHEEN, Jeanne",S001181,1947,,-0.221,-0.139,-15.67592,0.98192,859,5,,-0.235,-0.13
117,Senate,41702,4,0,NH,100,,,"HASSAN, Margaret (Maggie)",H001076,1958,,-0.225,0.019,-41.51934,0.95477,897,18,,-0.212,0.185
117,Senate,29373,12,0,NJ,100,,,"MENENDEZ, Robert",M000639,1954,,-0.366,-0.126,-24.62043,0.97229,876,9,,-0.443,-0.012
117,Senate,41308,12,0,NJ,100,,,"BOOKER, Cory Anthony",B001288,1969,,-0.558,-0.25,-24.47091,0.97264,882,12,,-0.516,-0.415
117,Senate,20930,66,0,NM,100,,,"HEINRICH, Martin",H001046,1971,,-0.334,-0.001,-16.71469,0.98125,883,7,,-0.439,0.053
117,Senate,20932,66,0,NM,100,,,"LUJÁN, Ben Ray",L000570,1972,,-0.38,0.032,-14.89564,0.9823,834,7,,-0.421,0.048
117,Senate,14858,13,0,NY,100,,,"SCHUMER, Charles Ellis (Chuck)",S000148,1950,,-0.355,-0.411,-48.86153,0.9467,892,15,,-0.242,-0.617
117,Senate,20735,13,0,NY,100,,,"GILLIBRAND, Kirsten",G000555,1966,,-0.449,-0.308,-16.20343,0.9821,897,9,,-0.385,-0.521
117,Senate,29548,47,0,NC,200,,,"BURR, Richard M.",B001135,1955,,0.435,-0.07,-207.32327,0.76528,775,100,,0.363,0.074
117,Senate,41504,47,0,NC,200,,,"TILLIS, Thomas Roland (Thom)",T000476,1960,,0.386,-0.104,-237.99288,0.75504,847,99,,0.399,-0.152
117,Senate,21350,36,0,ND,200,,,"CRAMER, Kevin",C001096,1961,,0.4,0.367,-149.30425,0.8272,787,67,,0.386,0.532
117,Senate,41107,36,0,ND,200,,,"HOEVEN, John",H001061,1957,,0.401,0.449,-130.8424,0.8617,879,61,,0.443,0.461
117,Senate,29386,24,0,OH,200,,,"PORTMAN, Robert Jones (Rob)",P000449,1955,,0.371,-0.208,-201.86383,0.79229,867,82,,0.338,-0.061
117,Senate,29389,24,0,OH,100,,,"BROWN, Sherrod",B000944,1952,,-0.425,-0.097,-13.43344,0.98512,896,6,,-0.402,-0.094
117,Senate,15424,53,0,OK,200,,,"INHOFE, James Mountain",I000024,1934,2024.0,0.552,0.045,-123.1535,0.85879,809,49,,0.539,0.111
117,Senate,21166,53,0,OK,200,,,"LANKFORD, James",L000575,1968,,0.59,0.148,-99.99047,0.89485,900,37,,0.67,0.001
117,Senate,14871,72,0,OR,100,,,"WYDEN, Ronald Lee",W000779,1949,,-0.334,-0.487,-16.78132,0.98145,896,8,,-0.349,-0.572
117,Senate,40908,72,0,OR,100,,,"MERKLEY, Jeff",M001176,1956,,-0.453,-0.719,-24.15,0.97259,869,8,,-0.459,-0.656
117,Senate,29935,14,0,PA,200,,,"TOOMEY, Patrick Joseph",T000461,1961,,0.624,-0.378,-195.04865,0.78411,802,102,,0.614,-0.487
117,Senate,40703,14,0,PA,100,,,"CASEY, Robert (Bob), Jr.",C001070,1960,,-0.313,0.166,-21.34001,0.97636,892,7,,-0.296,0.046
117,Senate,29142,5,0,RI,100,,,"REED, John F. (Jack)",R000122,1949,,-0.36,-0.155,-11.48302,0.98736,903,4,,-0.384,-0.235
117,Senate,40704,5,0,RI,100,,,"WHITEHOUSE, Sheldon",W000802,1955,,-0.349,-0.112,-13.37481,0.98517,895,5,,-0.37,-0.187
117,Senate,21173,48,0,SC,200,,,"SCOTT, Tim",S001184,1965,,0.629,0.023,-142.54405,0.85154,887,58,,0.611,0.009
117,Senate,29566,48,0,SC,200,,,"GRAHAM, Lindsey O.",G000359,1955,,0.367,-0.269,-242.54395,0.74608,828,141,,0.318,-0.353
117,Senate,29754,37,0,SD,200,,,"THUNE, John",T000250,1961,,0.432,0.226,-140.0878,0.85541,897,54,,0.465,0.269
117,Senate,41505,37,0,SD,200,,,"ROUNDS, Marion Michael (Mike)",R000605,1954,,0.351,0.086,-183.54628,0.7722,710,88,,0.357,0.04
117,Senate,20351,54,0,TN,200,,,"BLACKBURN, Marsha",B001243,1952,,0.632,0.141,-106.31413,0.88282,853,42,,0.667,0.15
117,Senate,42100,54,0,TN,200,,,"HAGERTY, William Francis (Bill)",H000601,1959,,0.679,-0.085,-136.10348,0.85655,879,54,,0.711,-0.209
117,Senate,40305,49,0,TX,200,,,"CORNYN, John",C001056,1952,,0.471,-0.062,-192.2382,0.79738,849,91,,0.451,-0.119
117,Senate,41304,49,0,TX,200,,,"CRUZ, Rafael Edward (Ted)",C001098,1970,,0.781,-0.179,-75.42178,0.915,849,33,,0.783,-0.072
117,Senate,41110,67,0,UT,200,,,"LEE, Mike",L000577,1971,,0.891,-0.454,-137.62589,0.85791,898,66,,0.866,-0.5
117,Senate,41902,67,0,UT,200,,,"ROMNEY, Willard Mitt (Mitt)",R000615,1947,,0.286,0.294,-216.5292,0.77742,860,92,,0.287,0.229
117,Senate,14307,6,0,VT,100,,,"LEAHY, Patrick Joseph",L000174,1940,,-0.36,-0.121,-8.63674,0.98985,847,3,,-0.403,-0.16
117,Senate,29147,6,0,VT,328,,,"SANDERS, Bernard",S000033,1941,,-0.545,-0.428,-100.93871,0.88405,819,33,,-0.925,-0.357
117,Senate,40909,40,0,VA,100,,,"WARNER, Mark",W000805,1954,,-0.213,-0.037,-12.91638,0.98558,889,2,,-0.275,-0.159
117,Senate,41305,40,0,VA,100,,,"KAINE, Timothy Michael (Tim)",K000384,1958,,-0.237,-0.112,-17.43424,0.98025,874,6,,-0.274,-0.051
117,Senate,39310,73,0,WA,100,,,"CANTWELL, Maria E.",C000127,1958,,-0.308,-0.402,-10.36333,0.98853,898,3,,-0.381,-0.132
117,Senate,49308,73,0,WA,100,,,"MURRAY, Patty",M001111,1950,,-0.356,-0.314,-9.07464,0.98973,879,2,,-0.388,-0.152
117,Senate,20146,56,0,WV,200,,,"CAPITO, Shelley Moore",C001047,1953,,0.284,0.144,-168.43669,0.82526,877,62,,0.326,0.113
117,Senate,40915,56,0,WV,100,,,"MANCHIN, Joe, III",M001183,1947,,-0.057,0.4,-84.35039,0.90678,862,27,,-0.078,0.381
117,Senate,29940,25,0,WI,100,,,"BALDWIN, Tammy",B001230,1962,,-0.486,-0.124,-22.13098,0.9756,896,10,,-0.467,-0.027
117,Senate,41111,25,0,WI,200,,,"JOHNSON, Ron",J000293,1955,,0.643,-0.144,-136.40594,0.85222,853,60,,0.617,0.035
117,Senate,20953,68,0,WY,200,,,"LUMMIS, Cynthia M.",L000571,1954,,0.685,-0.327,-143.82279,0.8455,857,63,,0.722,-0.361
117,Senate,40707,68,0,WY,200,,,"BARRASSO, John A.",B001261,1952,,0.54,0.193,-119.22738,0.86391,815,44,,0.542,0.144
118,House,20301,41,3,AL,200,,,"ROGERS, Mike Dennis",R000575,1958,,0.379,0.38,-162.37285,0.86183,1092,79,,0.44,0.312
118,House,21102,41,7,AL,100,,,"SEWELL, Terri",S001185,1965,,-0.402,0.394,-53.57591,0.9503,1051,19,,-0.522,0.361
118,House,21500,41,6,AL,200,,,"PALMER, Gary James",P000609,1954,,0.674,0.116,-94.3716,0.91778,1100,41,,0.675,0.136
118,House,22108,41,1,AL,200,,,"CARL, Jerry L.",C001054,1958,,0.55,0.239,-126.19488,0.89299,1115,58,,0.594,0.236
118,House,22140,41,2,AL,200,,,"MOORE, Barry",M001212,1966,,0.643,-0.247,-108.92118,0.90669,1112,48,,0.7,-0.292
118,House,22366,41,5,AL,200,,,"STRONG, Dale",S001220,1970,,0.602,0.368,-114.04093,0.90219,1108,47,,0.624,0.364
118,House,29701,41,4,AL,200,,,"ADERHOLT, Robert",A000055,1965,,0.405,0.469,-175.57489,0.85185,1095,86,,0.464,0.276
118,House,22168,81,1,AK,100,,,"PELTOLA, Mary Sattler",P000619,1973,,-0.138,0.378,-199.60663,0.80148,902,94,,-0.137,0.377
118,House,21995,93,0,AS,200,,,"RADEWAGEN, Aumua Amata Coleman",R000600,1947,,0.327,0.195,-72.95997,0.70175,206,36,,0.305,0.116
118,House,20305,61,7,AZ,100,,,"GRIJALVA, Raúl M.",G000551,1948,,-0.598,-0.264,-34.94764,0.95089,694,15,,-0.573,-0.39
118,House,21103,61,9,AZ,200,,,"GOSAR, Paul",G000565,1958,,0.704,-0.522,-89.67265,0.91784,1046,36,,0.758,-0.637
118,House,21105,61,1,AZ,200,,,"SCHWEIKERT, David",S001183,1962,,0.552,-0.221,-279.0446,0.77736,1108,103,,0.478,-0.162
118,House,21502,61,3,AZ,100,,,"GALLEGO, Ruben",G000574,1979,,-0.358,0.141,-127.21691,0.87241,932,56,,-0.3,0.399
118,House,21705,61,5,AZ,200,,,"BIGGS, Andrew S.",B001302,1958,,0.818,-0.575,-122.06723,0.89577,1109,55,,0.728,-0.686
118,House,21757,61,8,AZ,200,,,"LESKO, Debbie",L000589,1958,,0.616,-0.104,-114.4106,0.89409,1022,51,,0.637,-0.091
118,House,21968,61,4,AZ,100,,,"STANTON, Greg",S001211,1970,,-0.278,0.263,-73.19151,0.93597,1106,27,,-0.294,0.405
118,House,22309,61,6,AZ,200,,,"CISCOMANI, Juan",C001133,1982,,0.3,0.702,-61.95523,0.94489,1093,29,,0.288,0.718
118,House,22311,61,2,AZ,200,,,"CRANE, Eli",C001132,1980,,0.747,-0.665,-100.10317,0.91369,1109,44,,0.738,-0.675
118,House,21106,42,1,AR,200,,,"CRAWFORD, Rick",C001087,1966,,0.461,0.307,-163.68917,0.86185,1101,66,,0.472,0.19
118,House,21108,42,3,AR,200,,,"WOMACK, Steve",W000809,1957,,0.347,0.636,-71.12496,0.93842,1119,24,,0.37,0.929
118,House,21503,42,2,AR,200,,,"HILL, French",H001072,1956,,0.435,0.278,-160.28741,0.86543,1109,72,,0.443,0.289
118,House,21563,42,4,AR,200,,,"WESTERMAN, Bruce Eugene",W000821,1967,,0.543,0.26,-116.48351,0.90063,1113,57,,0.511,0.099
118,House,15448,71,11,CA,100,,,"PELOSI, Nancy",P000197,1940,,-0.489,-0.178,-44.70702,0.95691,1015,18,,-0.552,0.236
118,House,20104,71,30,CA,100,,,"SCHIFF, Adam",S001150,1960,,-0.352,-0.119,-49.75534,0.95436,1065,22,,-0.367,0.022
118,House,20107,71,48,CA,200,,,"ISSA, Darrell",I000056,1953,,0.476,0.031,-157.23161,0.86521,1086,72,,0.432,0.08
118,House,20310,71,38,CA,100,,,"SÁNCHEZ, Linda T.",S001156,1969,,-0.507,-0.131,-44.01002,0.96057,1094,20,,-0.525,-0.072
118,House,20501,71,21,CA,100,,,"COSTA, Jim",C001059,1952,,-0.199,0.449,-144.28847,0.87217,1055,62,,-0.301,0.554
118,House,20538,71,7,CA,100,,,"MATSUI, Doris",M001163,1944,,-0.433,-0.144,-44.81872,0.95964,1088,16,,-0.406,-0.063
118,House,20703,71,20,CA,200,,,"MCCARTHY, Kevin",M001165,1965,,0.453,0.233,-71.46574,0.82262,366,36,,0.381,0.07
118,House,20903,71,5,CA,200,,,"McCLINTOCK, Tom",M001177,1956,,0.67,-0.363,-316.75399,0.74979,1100,112,,0.518,-0.39
118,House,20955,71,28,CA,100,,,"CHU, Judy",C001080,1953,,-0.48,-0.373,-43.98085,0.96077,1099,17,,-0.407,-0.429
118,House,20958,71,8,CA,100,,,"GARAMENDI, John",G000559,1945,,-0.314,-0.098,-90.88875,0.91245,992,32,,-0.354,-0.039
118,House,21302,71,1,CA,200,,,"LaMALFA, Doug",L000578,1960,,0.542,0.007,-120.62741,0.88969,1032,55,,0.588,-0.003
118,House,21303,71,2,CA,100,,,"HUFFMAN, Jared",H001068,1964,,-0.432,-0.512,-69.64207,0.93766,1082,28,,-0.435,-0.451
118,House,21304,71,6,CA,100,,,"BERA, Ami",B001287,1965,,-0.246,0.008,-76.00736,0.93393,1112,35,,-0.364,0.152
118,House,21306,71,14,CA,100,,,"SWALWELL, Eric",S001193,1980,,-0.355,-0.05,-70.65974,0.93288,1017,33,,-0.345,0.182
118,House,21307,71,22,CA,200,,,"VALADAO, David G.",V000129,1977,,0.255,0.435,-70.26139,0.93796,1097,22,,0.264,0.653
118,House,21308,71,26,CA,100,,,"BROWNLEY, Julia",B001285,1952,,-0.305,0.049,-47.13612,0.95772,1091,15,,-0.454,0.17
118,House,21309,71,29,CA,100,,,"CÁRDENAS, Tony",C001097,1963,,-0.39,-0.046,-73.77358,0.93397,1080,37,,-0.478,-0.234
118,House,21311,71,25,CA,100,,,"RUIZ, Raul",R000599,1972,,-0.262,0.047,-72.36548,0.93678,1108,32,,-0.379,0.08
118,House,21312,71,39,CA,100,,,"TAKANO, Mark",T000472,1960,,-0.456,-0.331,-57.54757,0.94939,1108,23,,-0.431,-0.495
118,House,21314,71,52,CA,100,,,"VARGAS, Juan",V000130,1961,,-0.4,0.02,-87.33542,0.92427,1109,40,,-0.326,-0.281
118,House,21315,71,50,CA,100,,,"PETERS, Scott",P000608,1958,,-0.193,-0.036,-90.03157,0.92155,1102,43,,-0.283,0.045
118,House,21504,71,10,CA,100,,,"DESAULNIER, Mark James",D000623,1952,,-0.512,-0.361,-50.7569,0.9547,1095,25,,-0.419,-0.412
118,House,21506,71,33,CA,100,,,"AGUILAR, Peter Rey",A000371,1979,,-0.326,0.142,-60.08376,0.94731,1110,23,,-0.511,0.315
118,House,21507,71,36,CA,100,,,"LIEU, Ted",L000582,1969,,-0.373,-0.201,-65.92878,0.93986,1063,27,,-0.371,-0.117
118,House,21508,71,35,CA,100,,,"TORRES, Norma Judith",T000474,1965,,-0.364,0.071,-61.16758,0.94638,1110,21,,-0.408,0.195
118,House,21703,71,44,CA,100,,,"BARRAGÁN, Nanette Diaz",B001300,1976,,-0.5,-0.12,-56.23065,0.9499,1094,26,,-0.436,-0.303
118,House,21709,71,24,CA,100,,,"CARBAJAL, Salud",C001112,1964,,-0.325,0.1,-46.83451,0.95879,1113,11,,-0.429,0.23
118,House,21711,71,46,CA,100,,,"CORREA, Jose Luis",C001110,1958,,-0.284,0.171,-133.60083,0.88313,1075,56,,-0.287,-0.052
118,House,21728,71,17,CA,100,,,"KHANNA, Rohit",K000389,1976,,-0.456,-0.293,-70.40996,0.93843,1108,29,,-0.324,-0.408
118,House,21740,71,19,CA,100,,,"PANETTA, James Varni",P000613,1969,,-0.283,0.188,-101.00538,0.91332,1114,42,,-0.278,0.32
118,House,21754,71,34,CA,100,,,"GOMEZ, Jimmy",G000585,1974,,-0.526,-0.246,-63.3666,0.94276,1075,30,,-0.455,-0.377
118,House,21930,71,9,CA,100,,,"HARDER, Josh",H001090,1986,,-0.3,0.448,-88.90015,0.92133,1085,36,,-0.287,0.435
118,House,21939,71,49,CA,100,,,"LEVIN, Mike",L000593,1978,,-0.319,0.161,-84.48069,0.92722,1118,37,,-0.307,0.15
118,House,21954,71,47,CA,100,,,"PORTER, Katie",P000618,1974,,-0.236,-0.332,-74.1096,0.92773,988,28,,-0.372,-0.405
118,House,21988,71,27,CA,200,,,"GARCIA, Mike",G000061,1976,,0.356,0.097,-181.88224,0.84501,1080,72,,0.344,0.078
118,House,22126,71,51,CA,100,,,"JACOBS, Sara",J000305,1989,,-0.406,-0.428,-45.08625,0.95941,1088,18,,-0.422,-0.434
118,House,22129,71,40,CA,200,,,"KIM, Young",K000397,1962,,0.261,0.381,-99.86544,0.91351,1104,39,,0.246,0.43
118,House,22145,71,23,CA,200,,,"OBERNOLTE, Jay",O000019,1970,,0.314,0.293,-152.40463,0.87149,1108,45,,0.316,0.298
118,House,22152,71,45,CA,200,,,"STEEL, Michelle",S001135,1955,,0.37,0.275,-156.96898,0.86802,1109,56,,0.374,0.271
118,House,22317,71,13,CA,200,,,"DUARTE, John",D000633,1966,,0.335,0.002,-209.90038,0.82714,1106,74,,0.335,0.002
118,House,22323,71,42,CA,100,,,"GARCIA, Robert",G000598,1977,,-0.373,-0.601,-56.05486,0.94873,1065,20,,-0.379,-0.622
118,House,22333,71,37,CA,100,,,"KAMLAGER-DOVE, Sydney",K000400,1972,,-0.519,-0.468,-51.83849,0.95314,1080,25,,-0.548,-0.482
118,House,22336,71,3,CA,200,,,"KILEY, Kevin",K000401,1985,,0.256,0.434,-87.76068,0.92405,1111,31,,0.254,0.441
118,House,22354,71,15,CA,100,,,"MULLIN, Kevin",M001225,1970,,-0.493,0.007,-43.50374,0.95983,1061,16,,-0.473,-0.037
118,House,22378,71,20,CA,200,,,"FONG, Vince",F000480,1979,,0.456,0.885,-18.15507,0.93154,256,9,,0.461,0.844
118,House,29106,71,43,CA,100,,,"WATERS, Maxine",W000187,1938,,-0.656,-0.094,-74.42907,0.93341,1080,34,,-0.488,-0.456
118,House,29312,71,16,CA,100,,,"ESHOO, Anna Georges",E000215,1942,,-0.379,-0.372,-84.00092,0.92699,1108,35,,-0.406,0.093
118,House,29323,71,41,CA,200,,,"CALVERT, Ken",C000059,1953,,0.339,0.278,-95.01309,0.91839,1116,27,,0.344,0.741
118,House,29504,71,18,CA,100,,,"LOFGREN, Zoe",L000397,1947,,-0.397,-0.402,-92.99017,0.91728,1077,36,,-0.313,-0.272
118,House,29707,71,32,CA,100,,,"SHERMAN, Brad",S000344,1954,,-0.344,-0.138,-71.45461,0.93738,1105,29,,-0.396,-0.008
118,House,29778,71,12,CA,100,,,"LEE, Barbara",L000551,1946,,-0.676,-0.582,-47.00817,0.95706,1071,20,,-0.504,-0.672
118,House,29901,71,4,CA,100,,,"THOMPSON, Michael",T000460,1951,,-0.392,0.071,-64.95808,0.94346,1116,26,,-0.372,0.12
118,House,29903,71,31,CA,100,,,"NAPOLITANO, Grace Flores",N000179,1936,,-0.448,-0.247,-37.14284,0.96566,1063,15,,-0.449,-0.249
118,House,20704,62,5,CO,200,,,"LAMBORN, Doug",L000564,1954,,0.665,0.257,-111.03105,0.90324,1091,50,,0.68,0.391
118,House,21510,62,4,CO,200,,,"BUCK, Kenneth Robert",B001297,1959,,0.655,-0.432,-370.28315,0.58697,695,104,,0.413,-0.458
118,House,21912,62,6,CO,100,,,"CROW, Jason",C001121,1979,,-0.365,0.213,-49.65612,0.95465,1070,17,,-0.445,0.121
118,House,21948,62,2,CO,100,,,"NEGUSE, Joseph",N000191,1984,,-0.434,-0.108,-36.11911,0.96821,1118,17,,-0.456,0.064
118,House,22103,62,3,CO,200,,,"BOEBERT, Lauren",B000825,1986,,0.718,-0.521,-125.5361,0.88861,1063,61,,0.679,-0.484
118,House,22306,62,8,CO,100,,,"CARAVEO, Yadira",C001134,1980,,-0.256,0.626,-111.77573,0.90271,1092,45,,-0.256,0.626
118,House,22359,62,7,CO,100,,,"PETTERSEN, Brittany",P000620,1981,,-0.369,0.311,-57.29466,0.94974,1111,29,,-0.352,0.321
118,House,22380,62,4,CO,200,,,"LOPEZ, Greg",L000604,1964,,0.894,0.448,-23.26534,0.86227,157,9,,0.888,0.459
118,House,29710,62,1,CO,100,,,"DeGETTE, Diana",D000197,1957,,-0.431,-0.308,-41.24652,0.96346,1108,15,,-0.407,-0.327
118,House,20706,1,2,CT,100,,,"COURTNEY, Joe",C001069,1953,,-0.337,0.042,-71.35287,0.93769,1109,31,,-0.322,0.221
118,House,20907,1,4,CT,100,,,"HIMES, James A.",H001047,1966,,-0.241,-0.207,-97.82326,0.91535,1106,48,,-0.264,-0.013
118,House,21931,1,5,CT,100,,,"HAYES, Jahana",H001081,1973,,-0.339,-0.041,-80.16638,0.93051,1113,37,,-0.309,-0.0
118,House,29109,1,3,CT,100,,,"DeLAURO, Rosa L.",D000216,1943,,-0.414,-0.107,-59.16041,0.94773,1102,22,,-0.444,0.071
118,House,29908,1,1,CT,100,,,"LARSON, John B.",L000557,1948,,-0.396,-0.039,-64.82112,0.9419,1083,23,,-0.419,0.11
118,House,21706,11,1,DE,100,,,"BLUNT ROCHESTER, Lisa",B001303,1962,,-0.386,-0.12,-48.74208,0.95619,1088,15,,-0.422,-0.011
118,House,21993,55,0,DC,100,,,"NORTON, Eleanor Holmes",N000147,1937,,-0.491,-0.114,-19.22174,0.96451,532,8,,-0.434,-0.257
118,House,20316,43,26,FL,200,,,"DIAZ-BALART, Mario",D000600,1961,,0.281,0.162,-120.98534,0.89068,1045,49,,0.312,0.395
118,House,20504,43,25,FL,100,,,"WASSERMAN SCHULTZ, Debbie",W000797,1966,,-0.413,0.104,-77.58568,0.93237,1108,33,,-0.382,0.257
118,House,20708,43,14,FL,100,,,"CASTOR, Kathy",C001066,1966,,-0.437,0.072,-56.97573,0.94961,1102,20,,-0.432,0.228
118,House,20709,43,16,FL,200,,,"BUCHANAN, Vernon G.",B001260,1951,,0.361,-0.08,-160.8362,0.8608,1073,78,,0.408,0.102
118,House,20758,43,12,FL,200,,,"BILIRAKIS, Gus",B001257,1963,,0.423,-0.03,-156.55819,0.86305,1063,79,,0.498,-0.035
118,House,20909,43,8,FL,200,,,"POSEY, Bill",P000599,1947,,0.533,-0.353,-131.31062,0.8868,1093,49,,0.593,-0.354
118,House,21116,43,11,FL,200,,,"WEBSTER, Daniel A.",W000806,1949,,0.524,-0.076,-145.53583,0.87447,1085,62,,0.503,-0.068
118,House,21118,43,24,FL,100,,,"WILSON, Frederica",W000808,1942,,-0.476,-0.004,-45.02776,0.95518,982,14,,-0.473,0.041
118,House,21321,43,22,FL,100,,,"FRANKEL, Lois",F000462,1948,,-0.396,-0.022,-66.59819,0.93944,1066,26,,-0.398,0.187
118,House,21714,43,2,FL,200,,,"DUNN, Neal Patrick",D000628,1953,,0.508,0.334,-137.64994,0.88075,1084,61,,0.502,0.309
118,House,21719,43,1,FL,200,,,"GAETZ, Matthew L. II",G000578,1982,,0.593,-0.643,-166.23062,0.845,987,75,,0.542,-0.696
118,House,21735,43,21,FL,200,,,"MAST, Brian Jeffery",M001199,1980,,0.461,-0.333,-173.196,0.85221,1083,75,,0.482,-0.246
118,House,21744,43,5,FL,200,,,"RUTHERFORD, John Henry",R000609,1952,,0.434,0.066,-177.25938,0.85179,1105,75,,0.439,0.124
118,House,21746,43,9,FL,100,,,"SOTO, Darren Michael",S001200,1978,,-0.343,0.202,-74.89658,0.93503,1115,35,,-0.294,0.191
118,House,21971,43,17,FL,200,,,"STEUBE, William",S001214,1978,,0.69,-0.352,-90.80319,0.91369,1006,38,,0.732,-0.403
118,House,21981,43,6,FL,200,,,"WALTZ, Michael",W000823,1974,,0.452,-0.113,-128.18881,0.88058,1008,67,,0.596,0.04
118,House,22107,43,3,FL,200,,,"CAMMACK, Kat",C001039,1988,,0.591,-0.25,-104.96254,0.90673,1072,42,,0.59,-0.264
118,House,22111,43,19,FL,200,,,"DONALDS, Byron",D000032,1978,,0.638,-0.297,-92.68778,0.9145,1037,37,,0.694,-0.326
118,House,22116,43,18,FL,200,,,"FRANKLIN, C. Scott",F000472,1964,,0.624,0.199,-95.8559,0.91734,1111,44,,0.652,0.246
118,House,22118,43,28,FL,200,,,"GIMENEZ, Carlos A.",G000593,1954,,0.332,0.149,-139.73045,0.87832,1077,60,,0.353,0.181
118,House,22150,43,27,FL,200,,,"SALAZAR, Maria Elvira",S000168,1961,,0.274,0.154,-170.84535,0.84647,1025,69,,0.293,0.26
118,House,22163,43,20,FL,100,,,"CHERFILUS-MCCORMICK, Sheila",C001127,1979,,-0.43,-0.005,-44.92146,0.95955,1088,19,,-0.445,-0.101
118,House,22302,43,4,FL,200,,,"BEAN, Aaron",B001314,1967,,0.69,-0.154,-108.13426,0.90757,1115,42,,0.668,-0.15
118,House,22321,43,10,FL,100,,,"FROST, Maxwell",F000476,1997,,-0.44,-0.711,-51.65355,0.95449,1109,17,,-0.422,-0.708
118,House,22341,43,15,FL,200,,,"LEE, Laurel",L000597,1974,,0.416,0.15,-170.19099,0.85761,1108,78,,0.408,0.152
118,House,22343,43,13,FL,200,,,"LUNA, Anna",L000596,1989,,0.564,-0.492,-108.63117,0.89108,942,49,,0.574,-0.507
118,House,22350,43,7,FL,200,,,"MILLS, Cory",M001216,1980,,0.602,-0.316,-113.44165,0.9026,1107,45,,0.602,-0.306
118,House,22353,43,23,FL,100,,,"MOSKOWITZ, Jared",M001217,1980,,-0.228,0.312,-101.16849,0.90897,1060,42,,-0.233,0.311
118,House,20321,44,13,GA,100,,,"SCOTT, David",S001157,1945,,-0.305,0.165,-99.09002,0.9128,1086,38,,-0.325,0.264
118,House,20712,44,4,GA,100,,,"JOHNSON, Hank",J000288,1954,,-0.478,-0.056,-126.15221,0.88995,1082,42,,-0.767,-0.083
118,House,21123,44,8,GA,200,,,"SCOTT, Austin",S001189,1969,,0.539,0.358,-166.25707,0.8609,1110,78,,0.488,0.505
118,House,21513,44,1,GA,200,,,"CARTER, Buddy",C001103,1957,,0.559,0.343,-133.58462,0.88603,1104,56,,0.575,0.435
118,House,21515,44,11,GA,200,,,"LOUDERMILK, Barry D.",L000583,1963,,0.679,0.036,-118.24377,0.89584,1075,50,,0.66,0.049
118,House,21516,44,12,GA,200,,,"ALLEN, Rick W.",A000372,1951,,0.69,0.274,-120.1627,0.89775,1114,57,,0.636,0.269
118,House,21717,44,3,GA,200,,,"FERGUSON, Anderson Drew IV",F000465,1966,,0.585,0.251,-146.06378,0.87206,1067,66,,0.53,0.278
118,House,21944,44,7,GA,100,,,"McBATH, Lucy",M001208,1960,,-0.371,0.314,-61.7262,0.94509,1093,22,,-0.479,0.272
118,House,22110,44,9,GA,200,,,"CLYDE, Andrew S.",C001116,1963,,0.828,-0.138,-135.23441,0.8852,1109,61,,0.914,-0.047
118,House,22121,44,14,GA,200,,,"GREENE, Marjorie Taylor",G000596,1974,,0.8,-0.6,-162.16397,0.85752,1055,64,,0.668,-0.554
118,House,22156,44,5,GA,100,,,"WILLIAMS, Nikema",W000788,1978,,-0.447,-0.397,-46.07143,0.95934,1110,20,,-0.432,-0.42
118,House,22310,44,10,GA,200,,,"COLLINS, Mike",C001129,1967,,0.682,-0.242,-101.29835,0.91286,1111,40,,0.667,-0.26
118,House,22346,44,6,GA,200,,,"MCCORMICK, Rich",M001218,1968,,0.891,0.454,-175.53453,0.8525,1100,86,,0.89,0.455
118,House,29339,44,2,GA,100,,,"BISHOP, Sanford Dixon, Jr.",B000490,1947,,-0.289,0.447,-113.19758,0.90288,1108,56,,-0.44,0.455
118,House,22373,94,0,GU,200,,,"MOYLAN, James",M001219,1962,,0.362,0.166,-101.90999,0.74296,343,49,,0.443,0.431
118,House,20322,82,1,HI,100,,,"CASE, Ed",C001055,1952,,-0.205,-0.081,-112.14401,0.90358,1106,48,,-0.265,0.09
118,House,22369,82,2,HI,100,,,"TOKUDA, Jill",T000487,1976,,-0.475,-0.339,-40.44698,0.96409,1106,15,,-0.464,-0.372
118,House,21920,63,1,ID,200,,,"FULCHER, Russell",F000469,1962,,0.648,-0.096,-127.50317,0.89176,1113,49,,0.671,-0.145
118,House,29910,63,2,ID,200,,,"SIMPSON, Michael K.",S001148,1950,,0.296,0.314,-101.70544,0.90957,1073,37,,0.285,0.451
118,House,20749,21,11,IL,100,,,"FOSTER, Bill",F000454,1955,,-0.238,-0.224,-76.70297,0.93312,1108,31,,-0.345,-0.075
118,House,20954,21,5,IL,100,,,"QUIGLEY, Mike",Q000023,1958,,-0.325,-0.226,-76.13209,0.93163,1075,27,,-0.44,0.156
118,House,21326,21,10,IL,100,,,"SCHNEIDER, Brad",S001190,1961,,-0.197,-0.12,-85.35744,0.92507,1096,41,,-0.307,0.151
118,House,21371,21,2,IL,100,,,"KELLY, Robin L.",K000385,1956,,-0.473,-0.024,-34.42678,0.96848,1075,13,,-0.551,-0.008
118,House,21519,21,12,IL,200,,,"BOST, Mike",B001295,1960,,0.401,-0.046,-166.7397,0.86005,1106,90,,0.515,-0.11
118,House,21562,21,16,IL,200,,,"LaHOOD, Darin",L000585,1968,,0.461,0.221,-164.3184,0.8591,1082,66,,0.465,0.236
118,House,21730,21,8,IL,100,,,"KRISHNAMOORTHI, S. Raja",K000391,1973,,-0.347,-0.015,-52.25222,0.95414,1113,15,,-0.41,0.13
118,House,21906,21,6,IL,100,,,"CASTEN, Sean",C001117,1971,,-0.634,0.421,-63.05214,0.94454,1105,26,,-0.609,0.259
118,House,21921,21,4,IL,100,,,"GARCÍA, Jesús",G000586,1956,,-0.432,-0.88,-44.75424,0.95715,1022,19,,-0.418,-0.909
118,House,21979,21,14,IL,100,,,"UNDERWOOD, Lauren",U000040,1986,,-0.594,0.319,-54.98681,0.95141,1104,20,,-0.645,0.018
118,House,22138,21,15,IL,200,,,"MILLER, Mary E.",M001211,1959,,0.791,-0.154,-116.02133,0.90024,1104,43,,0.718,-0.132
118,House,22304,21,13,IL,100,,,"BUDZINSKI, Nikki",B001315,1977,,-0.32,0.436,-81.53503,0.92948,1115,38,,-0.325,0.497
118,House,22330,21,1,IL,100,,,"JACKSON, Jonathan",J000309,1966,,-0.346,-0.449,-77.34426,0.9318,1095,36,,-0.388,-0.446
118,House,22360,21,3,IL,100,,,"RAMIREZ, Delia",R000617,1983,,-0.496,-0.868,-39.38352,0.9647,1096,12,,-0.739,-0.674
118,House,22365,21,17,IL,100,,,"SORENSEN, Eric",S001225,1976,,-0.239,0.241,-80.4104,0.92701,1061,32,,-0.246,0.288
118,House,29717,21,7,IL,100,,,"DAVIS, Danny K.",D000096,1941,,-0.487,-0.266,-45.64414,0.95824,1070,17,,-0.489,-0.268
118,House,29911,21,9,IL,100,,,"SCHAKOWSKY, Janice D.",S001145,1944,,-0.602,-0.289,-54.86641,0.95051,1081,26,,-0.435,-0.55
118,House,20757,22,7,IN,100,,,"CARSON, André",C001072,1974,,-0.435,0.027,-77.24018,0.93183,1094,30,,-0.494,-0.153
118,House,21132,22,8,IN,200,,,"BUCSHON, Larry",B001275,1962,,0.38,0.385,-117.01451,0.89677,1074,34,,0.325,0.47
118,House,21702,22,3,IN,200,,,"BANKS, James E.",B001299,1979,,0.648,0.014,-122.79415,0.89281,1083,42,,0.661,0.037
118,House,21903,22,4,IN,200,,,"BAIRD, James",B001307,1945,,0.446,0.417,-176.93594,0.85167,1102,73,,0.37,0.248
118,House,21952,22,6,IN,200,,,"PENCE, Gregory",P000615,1956,,0.5,0.237,-148.09061,0.86449,1017,72,,0.424,0.299
118,House,22142,22,1,IN,100,,,"MRVAN, Frank J.",M001214,1969,,-0.305,0.36,-65.8834,0.94202,1103,23,,-0.323,0.414
118,House,22151,22,5,IN,200,,,"SPARTZ, Victoria",S000929,1978,,0.49,-0.281,-214.8258,0.81273,1036,94,,0.559,-0.339
118,House,22171,22,2,IN,200,,,"YAKYM, Rudy, III",Y000067,1984,,0.516,0.14,-114.78803,0.90226,1116,47,,0.518,0.14
118,House,22326,22,9,IN,200,,,"HOUCHIN, Erin",H001093,1976,,0.637,0.226,-99.08597,0.91504,1116,42,,0.628,0.213
118,House,22113,31,4,IA,200,,,"FEENSTRA, Randy",F000446,1969,,0.467,0.179,-124.19325,0.89468,1116,48,,0.486,0.177
118,House,22124,31,2,IA,200,,,"HINSON, Ashley",H001091,1983,,0.356,0.351,-93.21235,0.91959,1112,35,,0.387,0.639
118,House,22139,31,1,IA,200,,,"MILLER-MEEKS, Mariannette",M001215,1955,,0.335,0.196,-139.92854,0.8789,1084,62,,0.35,0.182
118,House,22356,31,3,IA,200,,,"NUNN, Zach",N000193,1979,,0.29,0.193,-173.49397,0.8526,1088,65,,0.291,0.195
118,House,21750,32,4,KS,200,,,"ESTES, Ron",E000298,1956,,0.648,0.124,-108.11275,0.90711,1109,45,,0.658,0.253
118,House,21914,32,3,KS,100,,,"DAVIDS, Sharice",D000629,1980,,-0.263,0.224,-79.86421,0.93088,1115,25,,-0.293,0.289
118,House,22130,32,2,KS,200,,,"LATURNER, Jake",L000266,1988,,0.468,0.445,-136.19987,0.88213,1086,53,,0.452,0.401
118,House,22134,32,1,KS,200,,,"MANN, Tracey",M000871,1976,,0.607,0.06,-131.49062,0.88876,1115,61,,0.532,-0.047
118,House,14854,51,5,KY,200,,,"ROGERS, Harold Dallas (Hal)",R000395,1937,,0.333,0.154,-123.59245,0.89043,1065,38,,0.359,0.781
118,House,20916,51,2,KY,200,,,"GUTHRIE, Brett",G000558,1964,,0.427,0.274,-128.47477,0.89144,1118,58,,0.471,0.345
118,House,21333,51,6,KY,200,,,"BARR, Garland H. (Andy) IV",B001282,1973,,0.489,0.29,-106.63785,0.90438,1061,35,,0.532,0.391
118,House,21565,51,1,KY,200,,,"COMER, James",C001108,1972,,0.592,-0.073,-98.16805,0.91492,1104,39,,0.597,-0.127
118,House,22347,51,3,KY,100,,,"MCGARVEY, Morgan",M001220,1979,,-0.502,-0.035,-35.87635,0.96834,1115,13,,-0.539,0.033
118,House,31102,51,4,KY,200,,,"MASSIE, Thomas",M001184,1971,,0.662,-0.75,-239.45169,0.79095,1021,93,,0.606,-0.796
118,House,20759,45,1,LA,200,,,"SCALISE, Steve",S001176,1965,,0.559,0.163,-96.72016,0.90928,1017,33,,0.587,0.224
118,House,21523,45,6,LA,200,,,"GRAVES, Garret",G000577,1972,,0.425,0.049,-182.91888,0.84706,1102,74,,0.397,0.017
118,House,21724,45,3,LA,200,,,"HIGGINS, Clay",H001077,1961,,0.627,-0.319,-131.13434,0.88332,1057,59,,0.628,-0.293
118,House,21727,45,4,LA,200,,,"JOHNSON, Mike",J000299,1972,,0.565,0.025,-51.67967,0.9366,789,25,,0.657,0.155
118,House,22157,45,5,LA,200,,,"LETLOW, Julia",L000595,1981,,0.43,0.336,-164.21224,0.86015,1090,72,,0.413,0.288
118,House,22158,45,2,LA,100,,,"CARTER, Troy",C001125,1963,,-0.517,0.259,-43.78359,0.96101,1101,16,,-0.582,0.261
118,House,20920,2,1,ME,100,,,"PINGREE, Chellie",P000597,1955,,-0.423,-0.36,-49.69455,0.95458,1069,22,,-0.44,-0.321
118,House,21923,2,2,ME,100,,,"GOLDEN, Jared",G000592,1982,,-0.105,0.38,-310.91645,0.74743,1068,109,,-0.085,0.36
118,House,14873,52,5,MD,100,,,"HOYER, Steny Hamilton",H000874,1939,,-0.381,0.122,-60.19711,0.94428,1050,19,,-0.489,0.376
118,House,15433,52,7,MD,100,,,"MFUME, Kweisi",M000687,1948,,-0.44,-0.328,-53.06465,0.95223,1084,18,,-0.417,-0.146
118,House,20329,52,2,MD,100,,,"RUPPERSBERGER, C. A. (Dutch)",R000576,1946,,-0.299,0.12,-66.53266,0.93883,1054,26,,-0.406,0.121
118,House,20724,52,3,MD,100,,,"SARBANES, John",S001168,1962,,-0.466,-0.078,-43.77373,0.96049,1086,19,,-0.444,-0.134
118,House,21139,52,1,MD,200,,,"HARRIS, Andy",H001052,1957,,0.674,-0.37,-182.03369,0.84761,1101,72,,0.677,-0.308
118,House,21741,52,8,MD,100,,,"RASKIN, Jamie Ben",R000606,1962,,-0.503,-0.237,-44.2383,0.96076,1105,20,,-0.446,-0.235
118,House,21978,52,6,MD,100,,,"TRONE, David",T000483,1955,,-0.348,0.23,-53.61892,0.94649,975,17,,-0.412,0.326
118,House,22329,52,4,MD,100,,,"IVEY, Glenn",I000058,1961,,-0.464,-0.034,-40.52138,0.96409,1108,18,,-0.497,0.007
118,House,15616,3,1,MA,100,,,"NEAL, Richard Edmund",N000015,1949,,-0.417,-0.105,-48.22156,0.95707,1099,24,,-0.471,-0.07
118,House,20119,3,8,MA,100,,,"LYNCH, Stephen F.",L000562,1955,,-0.342,0.048,-83.91978,0.92622,1095,34,,-0.306,0.098
118,House,21140,3,9,MA,100,,,"KEATING, William R.",K000375,1952,,-0.329,-0.102,-68.04108,0.93943,1089,28,,-0.37,0.093
118,House,21375,3,5,MA,100,,,"CLARK, Katherine M.",C001101,1963,,-0.479,-0.259,-41.12296,0.96389,1118,17,,-0.515,0.008
118,House,21525,3,6,MA,100,,,"MOULTON, Seth",M001196,1978,,-0.286,-0.044,-82.8158,0.92722,1096,31,,-0.286,0.018
118,House,21955,3,7,MA,100,,,"PRESSLEY, Ayanna",P000617,1974,,-0.373,-0.928,-46.53576,0.95721,1064,15,,-0.739,-0.674
118,House,21977,3,3,MA,100,,,"TRAHAN, Lori",T000482,1973,,-0.408,-0.129,-41.70542,0.96293,1104,20,,-0.415,-0.133
118,House,22100,3,4,MA,100,,,"AUCHINCLOSS, Jake",A000148,1988,,-0.274,-0.284,-101.54063,0.91144,1095,42,,-0.31,-0.196
118,House,29729,3,2,MA,100,,,"McGOVERN, James P.",M000312,1959,,-0.538,-0.344,-52.84679,0.95355,1111,30,,-0.422,-0.579
118,House,20725,23,5,MI,200,,,"WALBERG, Tim",W000798,1951,,0.498,0.165,-126.56394,0.89206,1108,56,,0.471,0.222
118,House,21142,23,4,MI,200,,,"HUIZENGA, Bill",H001058,1969,,0.531,0.055,-153.32706,0.87077,1108,59,,0.457,0.049
118,House,21372,23,8,MI,100,,,"KILDEE, Dan",K000380,1958,,-0.359,-0.183,-120.25746,0.89472,1081,41,,-0.235,-0.198
118,House,21526,23,2,MI,200,,,"MOOLENAAR, John",M001194,1961,,0.447,0.173,-149.933,0.87407,1114,60,,0.431,0.068
118,House,21529,23,6,MI,100,,,"DINGELL, Debbie",D000624,1953,,-0.402,-0.185,-43.92187,0.95956,1064,19,,-0.358,-0.311
118,House,21704,23,1,MI,200,,,"BERGMAN, John",B001301,1947,,0.433,0.084,-146.75568,0.87615,1110,57,,0.424,0.046
118,House,21965,23,7,MI,100,,,"SLOTKIN, Elissa",S001208,1976,,-0.368,0.781,-85.1572,0.92634,1113,29,,-0.302,0.426
118,House,21972,23,11,MI,100,,,"STEVENS, Haley",S001215,1983,,-0.371,0.259,-68.52392,0.94055,1118,30,,-0.398,0.171
118,House,21975,23,12,MI,100,,,"TLAIB, Rashida",T000481,1976,,-0.29,-0.957,-58.96316,0.94744,1092,20,,-0.981,-0.192
118,House,22136,23,9,MI,200,,,"MCCLAIN, Lisa C.",M001136,1966,,0.548,0.171,-111.64222,0.90222,1085,42,,0.543,0.167
118,House,22332,23,10,MI,200,,,"JAMES, John",J000307,1981,,0.318,0.419,-109.25866,0.90471,1091,41,,0.311,0.413
118,House,22363,23,3,MI,100,,,"SCHOLTEN, Hillary",S001221,1982,,-0.257,0.23,-82.25573,0.92864,1111,28,,-0.258,0.217
118,House,22368,23,13,MI,100,,,"THANEDAR, Shri",T000488,1955,,-0.357,-0.034,-60.33446,0.94746,1118,29,,-0.351,-0.044
118,House,20122,33,4,MN,100,,,"McCOLLUM, Betty",M001143,1954,,-0.419,-0.186,-58.07603,0.94907,1111,28,,-0.493,-0.114
118,House,21531,33,6,MN,200,,,"EMMER, Thomas Earl II",E000294,1961,,0.467,-0.068,-124.11979,0.89456,1114,49,,0.531,0.012
118,House,21910,33,2,MN,100,,,"CRAIG, Angela",C001119,1972,,-0.274,0.548,-122.08836,0.89422,1092,59,,-0.24,0.539
118,House,21950,33,5,MN,100,,,"OMAR, Ilhan",O000173,1982,,-0.296,-0.955,-73.32937,0.93551,1100,30,,-0.981,-0.192
118,House,21953,33,3,MN,100,,,"PHILLIPS, Dean",P000616,1969,,-0.277,0.167,-59.22507,0.92907,805,23,,-0.28,0.161
118,House,21969,33,8,MN,200,,,"STAUBER, Peter",S001212,1966,,0.384,-0.101,-152.855,0.86416,1047,66,,0.445,-0.036
118,House,22114,33,7,MN,200,,,"FISCHBACH, Michelle",F000470,1965,,0.539,-0.024,-117.15156,0.89992,1111,55,,0.56,-0.099
118,House,22167,33,1,MN,200,,,"FINSTAD, Brad",F000475,1976,,0.55,-0.035,-106.8166,0.90833,1111,47,,0.553,-0.058
118,House,21561,46,1,MS,200,,,"KELLY, Trent",K000388,1966,,0.637,0.292,-105.33481,0.91001,1117,44,,0.693,0.385
118,House,21927,46,3,MS,200,,,"GUEST, Michael",G000591,1970,,0.53,0.119,-131.40764,0.8874,1100,69,,0.523,0.104
118,House,22319,46,4,MS,200,,,"EZELL, Mike",E000235,1959,,0.544,0.136,-106.46752,0.90596,1078,59,,0.56,0.181
118,House,29368,46,2,MS,100,,,"THOMPSON, Bennie",T000193,1948,,-0.519,0.39,-39.7665,0.96434,1095,11,,-0.607,0.317
118,House,20124,34,6,MO,200,,,"GRAVES, Samuel",G000546,1963,,0.449,0.162,-161.27709,0.86351,1099,59,,0.451,0.087
118,House,20517,34,5,MO,100,,,"CLEAVER, Emanuel, II",C001061,1944,,-0.454,0.0,-36.68513,0.9612,927,18,,-0.447,-0.168
118,House,20926,34,3,MO,200,,,"LUETKEMEYER, Blaine",L000569,1952,,0.45,0.247,-113.47165,0.89597,1033,40,,0.493,0.347
118,House,21337,34,2,MO,200,,,"WAGNER, Ann",W000812,1962,,0.391,0.301,-130.47394,0.88806,1099,57,,0.349,0.362
118,House,21373,34,8,MO,200,,,"SMITH, Jason",S001195,1980,,0.577,0.202,-116.12804,0.89814,1081,62,,0.521,0.05
118,House,22106,34,1,MO,100,,,"BUSH, Cori",B001224,1976,,-0.247,-0.969,-53.47467,0.94213,897,18,,-0.981,-0.192
118,House,22300,34,4,MO,200,,,"ALFORD, Mark",A000379,1963,,0.562,0.064,-104.57422,0.9104,1114,54,,0.588,0.04
118,House,22305,34,7,MO,200,,,"BURLISON, Eric",B001316,1976,,0.733,-0.536,-83.79353,0.9264,1096,34,,0.711,-0.521
118,House,21532,64,1,MT,200,,,"ZINKE, Ryan",Z000018,1961,,0.441,-0.13,-191.2583,0.83934,1092,89,,0.464,-0.101
118,House,22148,64,2,MT,200,,,"ROSENDALE, Matthew M., Sr.",R000103,1960,,0.753,-0.658,-123.27088,0.89525,1114,53,,0.739,-0.674
118,House,20729,35,3,NE,200,,,"SMITH, Adrian",S001172,1970,,0.509,0.255,-109.72638,0.90423,1090,43,,0.513,0.347
118,House,21701,35,2,NE,200,,,"BACON, Donald J.",B001298,1963,,0.281,0.182,-133.0417,0.88676,1107,52,,0.237,0.372
118,House,22166,35,1,NE,200,,,"FLOOD, Mike",F000474,1975,,0.445,0.689,-111.56264,0.90413,1107,42,,0.442,0.681
118,House,20927,65,1,NV,100,,,"TITUS, Alice (Dina)",T000468,1950,,-0.297,-0.159,-81.45979,0.92696,1074,37,,-0.284,0.021
118,House,21196,65,2,NV,200,,,"AMODEI, Mark E.",A000369,1958,,0.384,0.211,-125.9191,0.89257,1108,57,,0.418,0.331
118,House,21339,65,4,NV,100,,,"HORSFORD, Steven",H001066,1973,,-0.316,0.16,-85.76518,0.92413,1087,37,,-0.269,0.133
118,House,21938,65,3,NV,100,,,"LEE, Susie",L000590,1966,,-0.228,0.301,-107.86021,0.90411,1070,44,,-0.2,0.237
118,House,21340,4,2,NH,100,,,"KUSTER, Ann McLane",K000382,1956,,-0.264,-0.086,-54.33624,0.95003,1060,22,,-0.325,0.06
118,House,21951,4,1,NH,100,,,"PAPPAS, Chris",P000614,1980,,-0.234,0.321,-99.96762,0.91395,1111,43,,-0.216,0.347
118,House,14863,12,4,NJ,200,,,"SMITH, Christopher Henry",S000522,1953,,0.183,-0.173,-267.69131,0.78295,1094,128,,0.302,-0.047
118,House,15454,12,6,NJ,100,,,"PALLONE, Frank, Jr.",P000034,1951,,-0.402,-0.162,-94.08921,0.91915,1116,32,,-0.322,-0.187
118,House,21536,12,1,NJ,100,,,"NORCROSS, Donald",N000188,1958,,-0.42,0.339,-55.12749,0.94918,1057,26,,-0.383,0.344
118,House,21538,12,12,NJ,100,,,"WATSON COLEMAN, Bonnie",W000822,1945,,-0.594,-0.223,-47.6019,0.9531,991,25,,-0.479,-0.399
118,House,21723,12,5,NJ,100,,,"GOTTHEIMER, Josh S.",G000583,1975,,-0.164,0.212,-109.6809,0.90036,1045,31,,-0.206,0.202
118,House,21937,12,3,NJ,100,,,"KIM, Andy",K000394,1982,,-0.408,0.231,-65.25141,0.93683,1000,24,,-0.43,-0.077
118,House,21964,12,11,NJ,100,,,"SHERRILL, Mikie",S001207,1972,,-0.234,0.243,-77.71735,0.92866,1050,30,,-0.293,0.283
118,House,22334,12,7,NJ,200,,,"KEAN, Thomas",K000398,1968,,0.2,0.354,-92.64469,0.92006,1112,32,,0.194,0.372
118,House,22348,12,8,NJ,100,,,"MENENDEZ, Robert",M001226,1985,,-0.521,0.247,-51.18825,0.95473,1105,21,,-0.487,0.216
118,House,22381,12,10,NJ,100,,,"MCIVER, LaMonica",M001229,1986,,-0.557,-0.188,-1.16438,0.98169,63,0,,-0.398,-0.25
118,House,29741,12,9,NJ,100,,,"PASCRELL, William J., Jr.",P000096,1937,2024.0,-0.369,-0.004,-46.29041,0.95239,949,16,,-0.498,0.212
118,House,31103,12,10,NJ,100,,,"PAYNE, Donald, Jr.",P000604,1958,2024.0,-0.52,-0.096,-21.28424,0.97001,699,7,,-0.534,0.035
118,House,91980,12,2,NJ,200,,,"VAN DREW, Jefferson",V000133,1953,,0.382,-0.419,-156.88519,0.86831,1111,48,,0.448,-0.299
118,House,22131,66,3,NM,100,,,"LEGER FERNANDEZ, Teresa",L000273,1959,,-0.368,-0.181,-59.5238,0.94647,1082,22,,-0.347,-0.182
118,House,22159,66,1,NM,100,,,"STANSBURY, Melanie Ann",S001218,1979,,-0.442,-0.217,-45.52638,0.95917,1092,17,,-0.455,-0.172
118,House,22371,66,2,NM,100,,,"VASQUEZ, Gabriel",V000136,1984,,-0.325,0.554,-112.20157,0.90427,1115,42,,-0.303,0.494
118,House,20519,13,26,NY,100,,,"HIGGINS, Brian",H001038,1959,,-0.348,-0.032,-37.78669,0.94548,674,17,,-0.333,-0.035
118,House,20733,13,9,NY,100,,,"CLARKE, Yvette Diane",C001067,1964,,-0.606,-0.263,-46.35445,0.95903,1108,22,,-0.514,-0.458
118,House,20934,13,20,NY,100,,,"TONKO, Paul",T000469,1949,,-0.416,-0.263,-53.50168,0.95294,1110,18,,-0.352,-0.293
118,House,21342,13,6,NY,100,,,"MENG, Grace",M001188,1975,,-0.37,-0.207,-62.81187,0.94345,1079,25,,-0.324,-0.252
118,House,21343,13,8,NY,100,,,"JEFFRIES, Hakeem",J000294,1970,,-0.482,-0.063,-35.90962,0.96822,1112,13,,-0.491,0.08
118,House,21541,13,21,NY,200,,,"STEFANIK, Elise M",S001196,1984,,0.307,-0.109,-178.13135,0.85137,1107,74,,0.485,0.243
118,House,21715,13,13,NY,100,,,"ESPAILLAT, Adriano J.",E000297,1954,,-0.529,-0.211,-73.81233,0.93527,1103,33,,-0.36,-0.31
118,House,21747,13,3,NY,100,,,"SUOZZI, Thomas",S001201,1962,,-0.213,0.159,-33.93686,0.92,407,10,,-0.253,0.331
118,House,21749,13,24,NY,200,,,"TENNEY, Claudia",T000478,1961,,0.464,0.018,-147.66079,0.87544,1110,68,,0.488,0.035
118,House,21761,13,25,NY,100,,,"MORELLE, Joseph D.",M001206,1957,,-0.333,0.156,-62.32802,0.94432,1088,28,,-0.323,0.137
118,House,21949,13,14,NY,100,,,"OCASIO-CORTEZ, Alexandria",O000172,1989,,-0.33,-0.944,-50.66602,0.95446,1087,17,,-0.739,-0.674
118,House,22105,13,16,NY,100,,,"BOWMAN, Jamaal",B001223,1976,,-0.357,-0.934,-48.57108,0.95071,961,16,,-0.739,-0.674
118,House,22117,13,2,NY,200,,,"GARBARINO, Andrew R.",G000597,1984,,0.244,0.236,-91.76746,0.91624,1049,34,,0.222,0.285
118,House,22133,13,11,NY,200,,,"MALLIOTAKIS, Nicole",M000317,1980,,0.335,-0.079,-168.88377,0.85659,1091,63,,0.363,-0.069
118,House,22154,13,15,NY,100,,,"TORRES, Ritchie",T000486,1988,,-0.31,-0.094,-92.12515,0.91831,1081,44,,-0.312,-0.008
118,House,22169,13,18,NY,100,,,"RYAN, Patrick",R000579,1982,,-0.226,0.218,-89.49808,0.9226,1111,34,,-0.239,0.275
118,House,22313,13,4,NY,200,,,"D'ESPOSITO, Anthony",D000632,1982,,0.24,0.188,-122.84476,0.89077,1062,47,,0.24,0.188
118,House,22324,13,10,NY,100,,,"GOLDMAN, Daniel",G000599,1976,,-0.444,0.127,-53.67496,0.95058,1059,21,,-0.428,0.105
118,House,22337,13,1,NY,200,,,"LALOTA, Nicholas",L000598,1978,,0.25,0.088,-177.57692,0.85105,1101,68,,0.254,0.096
118,House,22339,13,23,NY,200,,,"LANGWORTHY, Nick",L000600,1981,,0.425,-0.033,-132.30432,0.88379,1071,61,,0.418,-0.06
118,House,22340,13,17,NY,200,,,"LAWLER, Michael",L000599,1986,,0.19,0.231,-113.03711,0.90268,1104,33,,0.187,0.253
118,House,22351,13,19,NY,200,,,"MOLINARO, Marcus",M001221,1975,,0.25,0.104,-161.15509,0.86138,1080,71,,0.25,0.104
118,House,22362,13,3,NY,200,,,"SANTOS, George",S001222,1988,,0.473,-0.421,-117.88222,0.81608,580,47,,0.473,-0.42
118,House,22372,13,22,NY,200,,,"WILLIAMS, Brandon",W000828,1967,,0.314,0.11,-146.79636,0.86871,1043,78,,0.314,0.11
118,House,22377,13,26,NY,100,,,"KENNEDY, Timothy M.",K000402,1976,,-0.381,0.28,-22.49355,0.92957,308,10,,-0.372,0.295
118,House,29377,13,12,NY,100,,,"NADLER, Jerrold Lewis",N000002,1947,,-0.507,-0.478,-47.50452,0.95705,1082,20,,-0.448,-0.39
118,House,29378,13,7,NY,100,,,"VELÁZQUEZ, Nydia M.",V000081,1953,,-0.547,-0.37,-44.98882,0.95905,1076,19,,-0.444,-0.606
118,House,29776,13,5,NY,100,,,"MEEKS, Gregory W.",M001137,1953,,-0.415,-0.062,-47.8381,0.95733,1097,18,,-0.518,0.192
118,House,20521,47,5,NC,200,,,"FOXX, Virginia Ann",F000450,1943,,0.624,0.174,-160.43343,0.86554,1111,62,,0.592,0.18
118,House,20522,47,10,NC,200,,,"McHENRY, Patrick T.",M001156,1975,,0.524,0.156,-140.34596,0.8588,922,64,,0.476,0.194
118,House,21346,47,9,NC,200,,,"HUDSON, Richard",H001067,1971,,0.524,0.205,-148.92948,0.87085,1077,57,,0.504,0.241
118,House,21544,47,7,NC,200,,,"ROUZER, David",R000603,1972,,0.567,0.284,-103.09453,0.91161,1114,37,,0.67,0.641
118,House,21545,47,12,NC,100,,,"ADAMS, Alma",A000370,1946,,-0.464,-0.003,-37.7736,0.96624,1100,14,,-0.447,-0.1
118,House,21986,47,8,NC,200,,,"BISHOP, Dan",B001311,1964,,0.703,-0.366,-110.8075,0.89912,1042,47,,0.67,-0.443
118,House,21987,47,3,NC,200,,,"MURPHY, Gregory Francis",M001210,1963,,0.486,0.132,-136.5476,0.86831,967,62,,0.49,0.216
118,House,22135,47,6,NC,100,,,"MANNING, Kathy E.",M001135,1956,,-0.276,0.348,-76.6194,0.93348,1113,29,,-0.28,0.395
118,House,22149,47,2,NC,100,,,"ROSS, Deborah K.",R000305,1963,,-0.383,-0.001,-41.46227,0.96294,1098,18,,-0.398,-0.06
118,House,22314,47,1,NC,100,,,"DAVIS, Don",D000230,1971,,-0.245,0.876,-131.85742,0.88497,1079,60,,-0.259,0.893
118,House,22318,47,11,NC,200,,,"EDWARDS, Chuck",E000246,1960,,0.373,0.408,-167.00728,0.85926,1101,47,,0.381,0.476
118,House,22320,47,4,NC,100,,,"FOUSHEE, Valerie",F000477,1956,,-0.498,-0.284,-34.5812,0.96874,1089,12,,-0.529,-0.253
118,House,22331,47,14,NC,100,,,"JACKSON, Jeff",J000308,1982,,-0.263,0.171,-77.04034,0.93176,1090,33,,-0.263,0.171
118,House,22355,47,13,NC,100,,,"NICKEL, Wiley",N000194,1975,,-0.243,0.246,-87.05238,0.9227,1082,34,,-0.243,0.246
118,House,21901,36,1,ND,200,,,"ARMSTRONG, Kelly",A000377,1976,,0.449,0.064,-154.01432,0.86417,1055,72,,0.419,0.064
118,House,21996,95,0,MP,100,,,"SABLAN, Gregorio Kilili Camacho",S001177,1955,,-0.419,-0.252,-15.9778,0.96187,411,6,,-0.381,-0.356
118,House,15029,24,9,OH,100,,,"KAPTUR, Marcia Carolyn (Marcy)",K000009,1946,,-0.341,0.132,-140.84296,0.8792,1094,61,,-0.292,0.341
118,House,20342,24,10,OH,200,,,"TURNER, Michael R.",T000463,1960,,0.265,0.259,-118.6221,0.8925,1043,45,,0.234,0.476
118,House,20738,24,4,OH,200,,,"JORDAN, Jim",J000289,1964,,0.712,-0.182,-79.93744,0.92991,1100,30,,0.671,-0.199
118,House,20755,24,5,OH,200,,,"LATTA, Robert E.",L000566,1956,,0.508,0.288,-110.02218,0.90636,1119,38,,0.483,0.245
118,House,21162,24,6,OH,200,,,"JOHNSON, Bill",J000292,1954,,0.436,0.235,-78.83363,0.88725,659,36,,0.535,0.435
118,House,21351,24,2,OH,200,,,"WENSTRUP, Brad",W000815,1958,,0.527,0.289,-104.03981,0.91061,1111,38,,0.543,0.397
118,House,21352,24,3,OH,100,,,"BEATTY, Joyce",B001281,1950,,-0.439,0.018,-39.25241,0.96453,1087,17,,-0.444,-0.152
118,House,21353,24,14,OH,200,,,"JOYCE, David",J000295,1957,,0.25,0.314,-95.3394,0.91159,1030,31,,0.236,0.416
118,House,21564,24,8,OH,200,,,"DAVIDSON, Warren",D000626,1970,,0.652,-0.37,-158.25555,0.86589,1099,68,,0.611,-0.406
118,House,21759,24,12,OH,200,,,"BALDERSON, Troy",B001306,1962,,0.462,0.196,-112.48584,0.90428,1118,41,,0.513,0.262
118,House,22161,24,11,OH,100,,,"BROWN, Shontel  M.",B001313,1975,,-0.466,-0.096,-35.47689,0.96866,1114,15,,-0.441,-0.133
118,House,22162,24,15,OH,200,,,"CAREY, Mike",C001126,1971,,0.406,0.021,-166.46512,0.8612,1114,78,,0.407,0.009
118,House,22338,24,1,OH,100,,,"LANDSMAN, Greg",L000601,1976,,-0.228,0.242,-93.53022,0.91645,1072,35,,-0.217,0.204
118,House,22349,24,7,OH,200,,,"MILLER, Max",M001222,1988,,0.382,0.019,-162.08771,0.85943,1070,84,,0.389,0.048
118,House,22367,24,13,OH,100,,,"SYKES, Emilia",S001223,1986,,-0.325,0.18,-64.11874,0.94287,1090,34,,-0.333,0.152
118,House,22379,24,6,OH,200,,,"RULLI, Michael A.",R000619,1969,,0.43,-0.017,-32.68284,0.85713,212,16,,0.405,-0.087
118,House,20344,53,4,OK,200,,,"COLE, Tom",C001053,1949,,0.323,0.413,-84.83482,0.92525,1092,25,,0.332,0.75
118,House,21760,53,1,OK,200,,,"HERN, Kevin",H001082,1961,,0.68,-0.049,-83.43034,0.92772,1112,29,,0.651,-0.098
118,House,22102,53,5,OK,200,,,"BICE, Stephanie I.",B000740,1973,,0.413,0.331,-125.87236,0.89325,1115,64,,0.403,0.277
118,House,22303,53,2,OK,200,,,"BRECHEEN, Josh",B001317,1979,,0.844,-0.481,-78.65716,0.93117,1103,36,,0.853,-0.477
118,House,29393,53,3,OK,200,,,"LUCAS, Frank D.",L000491,1960,,0.361,0.453,-81.95661,0.92653,1074,28,,0.384,0.85
118,House,21198,72,1,OR,100,,,"BONAMICI, Suzanne",B001278,1954,,-0.4,-0.416,-43.03937,0.96014,1058,12,,-0.44,-0.417
118,House,22101,72,2,OR,200,,,"BENTZ, Cliff",B000668,1952,,0.474,0.268,-115.90461,0.9011,1113,42,,0.474,0.232
118,House,22308,72,5,OR,200,,,"CHAVEZ-DEREMER, Lori",C001135,1968,,0.167,0.426,-110.74436,0.90406,1098,42,,0.167,0.426
118,House,22327,72,4,OR,100,,,"HOYLE, Val",H001094,1964,,-0.232,-0.398,-77.36062,0.93143,1089,31,,-0.226,-0.376
118,House,22361,72,6,OR,100,,,"SALINAS, Andrea",S001226,1969,,-0.222,-0.209,-75.92626,0.93371,1107,34,,-0.205,-0.194
118,House,29588,72,3,OR,100,,,"BLUMENAUER, Earl",B000574,1948,,-0.426,-0.626,-52.25913,0.94953,1009,24,,-0.475,-0.402
118,House,20946,14,15,PA,200,,,"THOMPSON, Glenn",T000467,1959,,0.335,0.338,-157.5679,0.86766,1110,62,,0.367,0.29
118,House,21167,14,16,PA,200,,,"KELLY, Mike",K000376,1948,,0.379,0.395,-115.17454,0.89121,1000,39,,0.436,0.576
118,House,21356,14,10,PA,200,,,"PERRY, Scott",P000605,1962,,0.685,-0.491,-101.0052,0.91111,1085,38,,0.781,-0.537
118,House,21358,14,8,PA,100,,,"CARTWRIGHT, Matt",C001090,1961,,-0.344,0.042,-118.25905,0.89745,1093,50,,-0.306,0.308
118,House,21548,14,2,PA,100,,,"BOYLE, Brendan Francis",B001296,1977,,-0.381,0.146,-79.24248,0.92944,1083,36,,-0.345,0.194
118,House,21566,14,3,PA,100,,,"EVANS, Dwight",E000296,1954,,-0.47,-0.152,-35.67959,0.95523,779,15,,-0.474,-0.266
118,House,21718,14,1,PA,200,,,"FITZPATRICK, Brian K.",F000466,1973,,0.141,-0.108,-247.44855,0.80129,1117,116,,0.111,-0.044
118,House,21745,14,11,PA,200,,,"SMUCKER, Lloyd K.",S001199,1964,,0.455,0.134,-153.63494,0.87085,1111,60,,0.47,0.096
118,House,21762,14,5,PA,100,,,"SCANLON, Mary Gay",S001205,1959,,-0.462,-0.197,-41.72828,0.96151,1063,18,,-0.449,-0.339
118,House,21763,14,7,PA,100,,,"WILD, Susan",W000826,1957,,-0.261,0.305,-110.59003,0.90181,1070,51,,-0.25,0.266
118,House,21915,14,4,PA,100,,,"DEAN, Madeleine",D000631,1959,,-0.443,-0.07,-41.6277,0.96303,1105,19,,-0.433,-0.113
118,House,21934,14,6,PA,100,,,"HOULAHAN, Christina",H001085,1967,,-0.261,0.221,-106.48324,0.90693,1090,39,,-0.234,0.092
118,House,21936,14,13,PA,200,,,"JOYCE, John",J000302,1957,,0.58,-0.038,-127.81106,0.89179,1116,50,,0.582,-0.058
118,House,21945,14,9,PA,200,,,"MEUSER, Dan",M001204,1964,,0.492,0.197,-131.21821,0.88569,1081,58,,0.464,0.101
118,House,21956,14,14,PA,200,,,"RESCHENTHALER, Guy",R000610,1983,,0.446,0.058,-135.00665,0.88567,1112,61,,0.555,0.133
118,House,22316,14,17,PA,100,,,"DELUZIO, Chris",D000530,1984,,-0.26,-0.13,-108.2831,0.90721,1112,38,,-0.239,-0.147
118,House,22342,14,12,PA,100,,,"LEE, Summer",L000602,1987,,-0.414,-0.91,-43.57729,0.96181,1119,12,,-0.739,-0.674
118,House,21992,92,0,PR,200,,,"GONZÁLEZ-CÓLON, Jenniffer",G000582,1976,,0.221,0.456,-79.24216,0.81178,380,40,,0.222,0.532
118,House,21172,5,1,RI,100,,,"CICILLINE, David N.",C001084,1961,,-0.389,-0.262,-7.12944,0.96614,207,1,,-0.45,0.016
118,House,22345,5,2,RI,100,,,"MAGAZINER, Seth",M001223,1983,,-0.312,0.131,-58.04246,0.94447,1016,26,,-0.342,0.222
118,House,22375,5,1,RI,100,,,"AMO, Gabe",A000380,1987,,-0.431,-0.052,-24.28401,0.9553,531,10,,-0.529,0.038
118,House,20138,48,2,SC,200,,,"WILSON, Addison Graves (Joe)",W000795,1947,,0.53,0.161,-144.28048,0.87655,1095,63,,0.597,0.371
118,House,21174,48,3,SC,200,,,"DUNCAN, Jeff",D000615,1966,,0.695,-0.095,-99.82885,0.91286,1095,40,,0.651,-0.176
118,House,21753,48,5,SC,200,,,"NORMAN, Ralph",N000190,1953,,0.852,-0.377,-103.93361,0.90953,1096,45,,0.816,-0.445
118,House,21974,48,4,SC,200,,,"TIMMONS, William",T000480,1984,,0.6,0.051,-95.03141,0.9183,1115,36,,0.625,-0.032
118,House,22132,48,1,SC,200,,,"MACE, Nancy",M000194,1977,,0.348,-0.291,-305.42067,0.75208,1072,163,,0.309,-0.338
118,House,22322,48,7,SC,200,,,"FRY, Russell",F000478,1985,,0.545,-0.265,-134.13086,0.88647,1113,51,,0.523,-0.272
118,House,39301,48,6,SC,100,,,"CLYBURN, James Enos",C000537,1940,,-0.467,0.246,-46.45646,0.95879,1104,14,,-0.584,0.232
118,House,21935,37,1,SD,200,,,"JOHNSON, Dustin",J000301,1976,,0.467,0.139,-109.01223,0.90638,1109,41,,0.51,0.176
118,House,20748,54,9,TN,100,,,"COHEN, Stephen",C001068,1949,,-0.389,-0.294,-95.20565,0.91487,1070,35,,-0.351,-0.048
118,House,21178,54,3,TN,200,,,"FLEISCHMANN, Chuck",F000459,1962,,0.432,0.395,-167.53035,0.86072,1117,69,,0.336,0.323
118,House,21179,54,4,TN,200,,,"DESJARLAIS, Scott",D000616,1964,,0.578,-0.043,-114.11326,0.89812,1062,55,,0.607,0.013
118,House,21731,54,8,TN,200,,,"KUSTOFF, David",K000392,1966,,0.542,0.34,-148.75977,0.87221,1088,63,,0.581,0.446
118,House,21905,54,2,TN,200,,,"BURCHETT, Timothy",B001309,1964,,0.666,-0.443,-139.00139,0.88299,1117,57,,0.674,-0.572
118,House,21926,54,7,TN,200,,,"GREEN, Mark",G000590,1964,,0.671,0.018,-87.87775,0.91867,1036,39,,0.653,0.004
118,House,21959,54,6,TN,200,,,"ROSE, John",R000612,1965,,0.661,0.111,-121.82842,0.89434,1091,56,,0.623,0.107
118,House,22122,54,1,TN,200,,,"HARSHBARGER, Diana",H001086,1960,,0.678,-0.1,-107.38155,0.90826,1116,41,,0.699,-0.157
118,House,22357,54,5,TN,200,,,"OGLES, Andy",O000175,1971,,0.776,-0.364,-83.71833,0.92568,1084,39,,0.802,-0.359
118,House,20355,49,26,TX,200,,,"BURGESS, Michael C.",B001248,1950,,0.565,-0.164,-187.16915,0.84222,1090,80,,0.504,-0.138
118,House,20356,49,31,TX,200,,,"CARTER, John R.",C001051,1941,,0.487,0.547,-133.54154,0.87138,970,59,,0.439,0.334
118,House,20529,49,9,TX,100,,,"GREEN, Al",G000553,1947,,-0.447,0.261,-103.98906,0.90893,1089,34,,-0.499,-0.153
118,House,20530,49,10,TX,200,,,"McCAUL, Michael T.",M001157,1962,,0.411,0.176,-157.4957,0.86442,1081,65,,0.39,0.264
118,House,20533,49,28,TX,100,,,"CUELLAR, Henry",C001063,1955,,-0.225,0.646,-186.11365,0.84343,1093,92,,-0.193,0.67
118,House,21360,49,14,TX,200,,,"WEBER, Randy",W000814,1953,,0.72,0.023,-83.13648,0.92714,1099,32,,0.666,-0.04
118,House,21362,49,20,TX,100,,,"CASTRO, Joaquin",C001091,1974,,-0.401,-0.137,-60.66441,0.94102,998,31,,-0.39,-0.463
118,House,21364,49,25,TX,200,,,"WILLIAMS, Roger",W000816,1949,,0.594,0.062,-84.04955,0.92222,1038,24,,0.638,-0.024
118,House,21365,49,33,TX,100,,,"VEASEY, Marc",V000131,1971,,-0.408,0.365,-123.41454,0.89459,1108,49,,-0.541,0.841
118,House,21551,49,36,TX,200,,,"BABIN, Brian",B001291,1948,,0.708,0.119,-77.51121,0.93105,1085,31,,0.71,0.144
118,House,21700,49,19,TX,200,,,"ARRINGTON, Jodey Cook",A000375,1972,,0.643,0.0,-145.07638,0.87254,1064,51,,0.613,0.052
118,House,21722,49,34,TX,100,,,"GONZALEZ, Vicente Jr.",G000581,1967,,-0.388,0.893,-180.20818,0.84684,1084,82,,-0.349,0.937
118,House,21758,49,27,TX,200,,,"CLOUD, Michael",C001115,1975,,0.692,-0.362,-92.63999,0.91958,1105,39,,0.709,-0.461
118,House,21900,49,32,TX,100,,,"ALLRED, Colin",A000376,1983,,-0.422,0.723,-107.17746,0.90788,1109,51,,-0.445,0.875
118,House,21911,49,2,TX,200,,,"CRENSHAW, Daniel",C001120,1984,,0.436,0.266,-147.26198,0.86458,1012,65,,0.507,0.534
118,House,21917,49,16,TX,100,,,"ESCOBAR, Veronica",E000299,1969,,-0.482,-0.268,-43.66611,0.96001,1070,20,,-0.525,-0.137
118,House,21919,49,7,TX,100,,,"FLETCHER, Elizabeth",F000468,1975,,-0.523,0.852,-148.67483,0.87206,1086,61,,-0.525,0.851
118,House,21922,49,29,TX,100,,,"GARCIA, Sylvia",G000587,1950,,-0.771,0.319,-68.44814,0.93859,1080,27,,-0.486,-0.193
118,House,21925,49,5,TX,200,,,"GOODEN, Lance",G000589,1982,,0.717,-0.051,-112.59176,0.90313,1105,41,,0.609,-0.099
118,House,21961,49,21,TX,200,,,"ROY, Charles",R000614,1972,,0.8,-0.6,-98.02454,0.91415,1092,44,,0.801,-0.599
118,House,22112,49,4,TX,200,,,"FALLON, Pat",F000246,1967,,0.714,0.127,-84.20953,0.92578,1092,37,,0.714,0.103
118,House,22119,49,23,TX,200,,,"GONZALES, Tony",G000594,1980,,0.35,0.229,-152.48867,0.8635,1039,57,,0.356,0.23
118,House,22125,49,13,TX,200,,,"JACKSON, Ronny",J000304,1967,,0.785,0.157,-81.30334,0.92709,1074,31,,0.77,0.125
118,House,22143,49,22,TX,200,,,"NEHLS, Troy E.",N000026,1968,,0.611,-0.234,-100.62801,0.90684,1029,37,,0.59,-0.345
118,House,22147,49,11,TX,200,,,"PFLUGER, August",P000048,1977,,0.634,0.37,-109.78751,0.90615,1114,42,,0.594,0.308
118,House,22155,49,24,TX,200,,,"VAN DUYNE, Beth",V000134,1970,,0.606,-0.004,-101.67051,0.9124,1109,42,,0.679,0.081
118,House,22160,49,6,TX,200,,,"ELLZEY, Jake",E000071,1970,,0.511,0.704,-149.79018,0.87408,1113,72,,0.536,0.844
118,House,22307,49,35,TX,100,,,"CASAR, Greg",C001131,1989,,-0.423,-0.868,-42.84615,0.9618,1100,18,,-0.405,-0.872
118,House,22312,49,30,TX,100,,,"CROCKETT, Jasmine",C001130,1981,,-0.5,-0.202,-44.38757,0.95948,1073,15,,-0.503,-0.205
118,House,22315,49,15,TX,200,,,"DE LA CRUZ, Monica",D000594,1974,,0.467,0.112,-125.48891,0.88963,1073,49,,0.466,0.138
118,House,22328,49,38,TX,200,,,"HUNT, Wesley",H001095,1981,,0.596,-0.285,-98.95634,0.89927,932,38,,0.595,-0.28
118,House,22344,49,8,TX,200,,,"LUTTRELL, Morgan",L000603,1975,,0.597,-0.048,-124.623,0.89261,1097,50,,0.608,-0.015
118,House,22352,49,1,TX,200,,,"MORAN, Nathaniel",M001224,1974,,0.585,0.567,-157.3523,0.86772,1109,83,,0.571,0.546
118,House,22364,49,3,TX,200,,,"SELF, Keith",S001224,1953,,0.818,-0.276,-111.35764,0.90463,1111,47,,0.825,-0.227
118,House,22382,49,18,TX,100,,,"LEE CARTER, Erica",L000605,1980,,-0.331,-0.379,-0.5385,0.98929,50,0,,-0.33,-0.38
118,House,29571,49,37,TX,100,,,"DOGGETT, Lloyd Alton, II",D000399,1946,,-0.403,-0.333,-71.17849,0.93662,1087,26,,-0.403,-0.44
118,House,29573,49,18,TX,100,,,"JACKSON LEE, Sheila",J000032,1950,,-0.459,0.121,-34.65994,0.94387,600,15,,-0.389,-0.085
118,House,29759,49,17,TX,200,,,"SESSIONS, Pete",S000250,1955,,0.584,0.171,-144.93082,0.87243,1062,60,,0.551,0.222
118,House,29762,49,12,TX,200,,,"GRANGER, Kay",G000377,1943,,0.403,0.243,-118.95949,0.86897,847,54,,0.456,0.462
118,House,21367,67,2,UT,200,,,"STEWART, Chris",S001192,1960,,0.499,0.167,-20.09721,0.94194,336,9,,0.437,0.141
118,House,21755,67,3,UT,200,,,"CURTIS, John R.",C001114,1960,,0.452,0.12,-196.81198,0.83113,1064,103,,0.39,0.036
118,House,22141,67,1,UT,200,,,"MOORE, Blake D.",M001213,1980,,0.369,0.32,-158.469,0.86595,1101,60,,0.381,0.362
118,House,22146,67,4,UT,200,,,"OWENS, Burgess",O000086,1951,,0.452,0.168,-170.71847,0.8578,1113,101,,0.443,0.123
118,House,22376,67,2,UT,200,,,"MALOY, Celeste",M001228,1981,,0.404,0.086,-57.82804,0.88953,494,34,,0.423,0.083
118,House,22301,6,1,VT,100,,,"BALINT, Becca",B001318,1968,,-0.444,-0.494,-37.21421,0.96673,1100,11,,-0.452,-0.475
118,House,21994,96,0,VI,100,,,"PLASKETT, Stacey E.",P000610,1966,,-0.473,0.565,-37.62542,0.92521,484,17,,-0.499,0.647
118,House,20756,40,1,VA,200,,,"WITTMAN, Robert J.",W000804,1959,,0.447,0.024,-132.24964,0.88739,1107,62,,0.506,0.191
118,House,20952,40,11,VA,100,,,"CONNOLLY, Gerald E. (Gerry)",C001078,1950,2025.0,-0.309,-0.047,-79.13367,0.92916,1077,32,,-0.349,-0.209
118,House,21191,40,9,VA,200,,,"GRIFFITH, H. Morgan",G000568,1958,,0.509,-0.335,-245.08018,0.78987,1039,113,,0.446,-0.276
118,House,21554,40,8,VA,100,,,"BEYER, Donald Sternoff Jr.",B001292,1950,,-0.394,-0.106,-74.55502,0.934,1092,30,,-0.409,-0.215
118,House,21908,40,6,VA,200,,,"CLINE, Benjamin",C001118,1972,,0.716,-0.201,-88.58126,0.92369,1116,32,,0.704,-0.235
118,House,21966,40,7,VA,100,,,"SPANBERGER, Abigail",S001209,1979,,-0.196,0.3,-111.07682,0.90469,1109,35,,-0.252,0.245
118,House,21983,40,10,VA,100,,,"WEXTON, Jennifer",W000825,1968,,-0.384,0.302,-42.20951,0.95511,919,14,,-0.418,0.177
118,House,22120,40,5,VA,200,,,"GOOD, Bob",G000595,1965,,0.8,-0.6,-82.08259,0.92772,1094,35,,0.767,-0.642
118,House,22335,40,2,VA,200,,,"KIGGANS, Jennifer",K000399,1971,,0.26,0.461,-105.2838,0.90841,1096,34,,0.259,0.436
118,House,22374,40,4,VA,100,,,"MCCLELLAN, Jennifer",M001227,1972,,-0.548,0.06,-39.28657,0.96082,983,17,,-0.555,0.054
118,House,39307,40,3,VA,100,,,"SCOTT, Robert C.",S000185,1947,,-0.451,-0.003,-76.94489,0.93338,1116,38,,-0.404,-0.307
118,House,20145,73,2,WA,100,,,"LARSEN, Richard Ray (Rick)",L000560,1965,,-0.365,0.166,-82.79475,0.92527,1066,32,,-0.325,-0.131
118,House,20535,73,5,WA,200,,,"McMORRIS RODGERS, Cathy",M001159,1969,,0.436,0.098,-127.60363,0.88618,1056,55,,0.565,0.288
118,House,21368,73,6,WA,100,,,"KILMER, Derek",K000381,1974,,-0.316,0.005,-45.41941,0.95984,1108,11,,-0.389,0.206
118,House,21556,73,4,WA,200,,,"NEWHOUSE, Daniel Milton",N000189,1955,,0.317,0.334,-100.45018,0.90983,1063,42,,0.308,0.359
118,House,21726,73,7,WA,100,,,"JAYAPAL, Pramila",J000298,1965,,-0.614,-0.561,-42.82961,0.96105,1078,23,,-0.466,-0.782
118,House,21962,73,8,WA,100,,,"SCHRIER, Kim",S001216,1968,,-0.276,0.381,-91.96094,0.92028,1107,36,,-0.26,0.375
118,House,22153,73,10,WA,100,,,"STRICKLAND, Marilyn",S001159,1962,,-0.446,0.365,-45.35154,0.95957,1099,17,,-0.469,0.402
118,House,22358,73,3,WA,100,,,"PEREZ, Marie Gluesenkamp",G000600,1988,,-0.096,0.363,-303.64758,0.75935,1103,104,,-0.084,0.299
118,House,29768,73,9,WA,100,,,"SMITH, Adam",S000510,1965,,-0.291,-0.165,-58.09097,0.94865,1102,21,,-0.49,0.055
118,House,31101,73,1,WA,100,,,"DelBENE, Suzan K.",D000617,1962,,-0.295,-0.198,-46.71974,0.95889,1113,17,,-0.36,-0.143
118,House,21557,56,2,WV,200,,,"MOONEY, Alex X.",M001195,1971,,0.568,-0.241,-83.49832,0.9208,1012,30,,0.648,-0.296
118,House,21946,56,1,WV,200,,,"MILLER, Carol",M001205,1950,,0.527,0.106,-110.31761,0.90449,1099,51,,0.614,0.155
118,House,20537,25,4,WI,100,,,"MOORE, Gwendolynne S. (Gwen)",M001160,1951,,-0.521,-0.271,-58.14832,0.94628,1053,23,,-0.423,-0.459
118,House,21370,25,2,WI,100,,,"POCAN, Mark",P000607,1964,,-0.523,-0.555,-38.29326,0.96484,1070,16,,-0.457,-0.589
118,House,21559,25,6,WI,200,,,"GROTHMAN, Glenn",G000576,1955,,0.599,-0.205,-166.26534,0.85972,1100,85,,0.644,-0.005
118,House,21720,25,8,WI,200,,,"GALLAGHER, Michael",G000579,1984,,0.437,0.033,-108.11404,0.8701,777,41,,0.508,0.193
118,House,21970,25,1,WI,200,,,"STEIL, Bryan",S001213,1981,,0.42,0.066,-119.23125,0.89833,1112,46,,0.44,0.139
118,House,21989,25,7,WI,200,,,"TIFFANY, Thomas P.",T000165,1957,,0.642,-0.252,-98.5411,0.91446,1102,39,,0.669,-0.271
118,House,22115,25,5,WI,200,,,"FITZGERALD, Scott",F000471,1963,,0.6,0.085,-102.88631,0.9117,1113,50,,0.589,-0.002
118,House,22370,25,3,WI,200,,,"VAN ORDEN, Derrick",V000135,1969,,0.376,-0.036,-193.52546,0.83691,1087,85,,0.376,-0.023
118,House,22383,25,8,WI,200,,,"WIED, Tony",W000829,1976,,0.517,-0.263,-9.83588,0.81813,49,1,,0.358,-0.316
118,House,22325,68,1,WY,200,,,"HAGEMAN, Harriet",H001096,1962,,0.651,-0.35,-100.10698,0.91278,1097,46,,0.654,-0.377
118,Senate,42102,41,0,AL,200,,,"TUBERVILLE, Thomas Hawley (Tommy)",T000278,1954,,0.936,-0.352,-53.68709,0.91588,611,23,,0.856,-0.008
118,Senate,42300,41,0,AL,200,,,"BRITT, Katie Elizabeth",B001319,1982,,0.586,0.587,-49.25287,0.92399,623,20,,0.571,0.646
118,Senate,40300,81,0,AK,200,,,"MURKOWSKI, Lisa",M001153,1957,,0.203,-0.304,-100.73264,0.85416,639,47,,0.169,-0.297
118,Senate,41500,81,0,AK,200,,,"SULLIVAN, Daniel Scott",S001198,1964,,0.476,0.156,-172.58458,0.75837,624,78,,0.521,0.253
118,Senate,41905,61,0,AZ,100,,,"KELLY, Mark Edward",K000377,1964,,-0.264,0.29,-25.50558,0.96057,634,7,,-0.308,0.116
118,Senate,91300,61,0,AZ,328,,,"SINEMA, Kyrsten",S001191,1976,,-0.186,0.387,-64.60198,0.89562,586,22,,-0.185,0.386
118,Senate,20101,42,0,AR,200,,,"BOOZMAN, John",B001236,1950,,0.426,0.34,-73.69857,0.89265,649,25,,0.433,0.427
118,Senate,21301,42,0,AR,200,,,"COTTON, Tom",C001095,1977,,0.578,0.199,-69.84399,0.8949,629,32,,0.506,0.334
118,Senate,20104,71,0,CA,100,,,"SCHIFF, Adam",S001150,1960,,-0.352,-0.119,-4.1688,0.68456,11,2,,-0.957,-0.044
118,Senate,42104,71,0,CA,100,,,"PADILLA, Alejandro (Alex)",P000145,1973,,-0.438,-0.249,-25.5333,0.96028,630,11,,-0.305,-0.313
118,Senate,42305,71,0,CA,100,,,"BUTLER, Laphonza Romanique",B001320,1979,,-0.447,-0.073,-15.76477,0.95988,385,7,,-0.447,-0.073
118,Senate,49300,71,0,CA,100,,,"FEINSTEIN, Dianne",F000062,1933,2023.0,-0.268,-0.184,-4.04146,0.96661,119,1,,-0.432,0.037
118,Senate,40910,62,0,CO,100,,,"BENNET, Michael F.",B001267,1964,,-0.242,-0.191,-30.30987,0.95478,655,7,,-0.363,0.173
118,Senate,42101,62,0,CO,100,,,"HICKENLOOPER, John Wright",H000273,1952,,-0.29,-0.016,-22.09328,0.96638,646,6,,-0.27,0.051
118,Senate,20707,1,0,CT,100,,,"MURPHY, Christopher",M001169,1973,,-0.287,-0.258,-41.44222,0.93869,655,18,,-0.459,-0.267
118,Senate,41101,1,0,CT,100,,,"BLUMENTHAL, Richard",B001277,1946,,-0.434,-0.152,-16.77248,0.97472,655,5,,-0.425,0.029
118,Senate,15015,11,0,DE,100,,,"CARPER, Thomas Richard",C000174,1947,,-0.179,-0.225,-33.84308,0.94964,655,9,,-0.27,-0.205
118,Senate,40916,11,0,DE,100,,,"COONS, Christopher A.",C001088,1963,,-0.238,-0.215,-14.73128,0.97682,628,5,,-0.311,-0.23
118,Senate,41102,43,0,FL,200,,,"RUBIO, Marco",R000595,1971,,0.616,-0.184,-88.79246,0.85645,573,42,,0.638,-0.236
118,Senate,41903,43,0,FL,200,,,"SCOTT, Richard Lynn (Rick)",S001217,1952,,0.722,-0.037,-86.12386,0.86853,611,36,,0.808,-0.216
118,Senate,42103,44,0,GA,100,,,"OSSOFF, Thomas Jonathan (Jon)",O000174,1987,,-0.459,0.475,-25.50131,0.96147,649,8,,-0.361,0.249
118,Senate,42105,44,0,GA,100,,,"WARNOCK, Raphael Gamaliel",W000790,1969,,-0.431,0.423,-13.58653,0.9787,631,2,,-0.426,0.127
118,Senate,20713,82,0,HI,100,,,"HIRONO, Mazie",H001042,1947,,-0.512,-0.089,-27.6668,0.95876,657,13,,-0.554,-0.065
118,Senate,41112,82,0,HI,100,,,"SCHATZ, Brian Emanuel",S001194,1972,,-0.448,-0.119,-15.57212,0.97626,648,4,,-0.459,0.076
118,Senate,29345,63,0,ID,200,,,"CRAPO, Michael Dean",C000880,1951,,0.505,0.291,-99.01625,0.85349,625,48,,0.531,0.353
118,Senate,40902,63,0,ID,200,,,"RISCH, James",R000584,1943,,0.552,0.384,-85.73085,0.86518,592,39,,0.531,0.387
118,Senate,15021,21,0,IL,100,,,"DURBIN, Richard Joseph",D000563,1944,,-0.34,-0.311,-21.381,0.96572,613,12,,-0.41,-0.253
118,Senate,21325,21,0,IL,100,,,"DUCKWORTH, Tammy",D000622,1968,,-0.345,0.056,-12.98791,0.98025,651,3,,-0.371,-0.018
118,Senate,21133,22,0,IN,200,,,"YOUNG, Todd",Y000064,1972,,0.439,-0.024,-128.53563,0.82083,651,52,,0.358,0.114
118,Senate,41900,22,0,IN,200,,,"BRAUN, Michael",B001310,1954,,0.8,0.6,-103.81473,0.83586,579,49,,0.823,0.262
118,Senate,14226,31,0,IA,200,,,"GRASSLEY, Charles Ernest",G000386,1933,,0.362,-0.035,-156.33934,0.78737,654,72,,0.453,-0.115
118,Senate,41502,31,0,IA,200,,,"ERNST, Joni",E000295,1970,,0.537,-0.032,-106.03963,0.84326,622,43,,0.518,0.082
118,Senate,21734,32,0,KS,200,,,"MARSHALL, Roger Wayne",M001198,1960,,0.607,0.139,-123.45469,0.81892,618,67,,0.7,-0.075
118,Senate,29722,32,0,KS,200,,,"MORAN, Jerry",M000934,1954,,0.413,0.221,-95.29543,0.85404,604,51,,0.381,0.212
118,Senate,14921,51,0,KY,200,,,"McCONNELL, Addison Mitchell (Mitch)",M000355,1942,,0.402,0.018,-97.58854,0.85479,622,43,,0.385,0.076
118,Senate,41104,51,0,KY,200,,,"PAUL, Rand",P000603,1963,,0.891,-0.454,-125.66165,0.81995,633,60,,0.906,-0.424
118,Senate,20919,45,0,LA,200,,,"CASSIDY, Bill",C001075,1957,,0.464,-0.048,-149.02432,0.78542,617,68,,0.451,0.018
118,Senate,41703,45,0,LA,200,,,"KENNEDY, John Neely",K000393,1951,,0.56,-0.149,-178.47014,0.75364,631,91,,0.53,-0.287
118,Senate,41300,2,0,ME,328,,,"KING, Angus Stanley, Jr.",K000383,1944,,-0.167,-0.187,-36.09818,0.94549,644,14,,-0.241,0.121
118,Senate,49703,2,0,ME,200,,,"COLLINS, Susan Margaret",C001035,1952,,0.124,-0.505,-75.48707,0.89177,659,39,,0.149,-0.413
118,Senate,15408,52,0,MD,100,,,"CARDIN, Benjamin Louis",C000141,1943,,-0.32,-0.224,-32.75116,0.95019,641,11,,-0.442,-0.079
118,Senate,20330,52,0,MD,100,,,"VAN HOLLEN, Christopher",V000128,1959,,-0.398,-0.227,-30.93194,0.95282,640,18,,-0.53,-0.154
118,Senate,14435,3,0,MA,100,,,"MARKEY, Edward John",M000133,1946,,-0.517,-0.471,-39.29214,0.94027,638,19,,-0.669,-0.744
118,Senate,41301,3,0,MA,100,,,"WARREN, Elizabeth",W000817,1949,,-0.745,-0.37,-25.83246,0.96127,654,14,,-0.702,-0.457
118,Senate,20923,23,0,MI,100,,,"PETERS, Gary C.",P000595,1958,,-0.25,-0.183,-19.98714,0.96999,656,6,,-0.258,-0.076
118,Senate,29732,23,0,MI,100,,,"STABENOW, Deborah Ann",S000770,1950,,-0.343,-0.019,-20.1058,0.96912,641,7,,-0.352,-0.134
118,Senate,40700,33,0,MN,100,,,"KLOBUCHAR, Amy",K000367,1960,,-0.278,-0.325,-23.27228,0.96472,648,8,,-0.247,-0.111
118,Senate,41706,33,0,MN,100,,,"SMITH, Tina",S001203,1958,,-0.409,-0.121,-14.45216,0.97777,643,2,,-0.418,-0.041
118,Senate,29534,46,0,MS,200,,,"WICKER, Roger F.",W000437,1951,,0.377,0.341,-87.44115,0.87377,648,38,,0.39,0.282
118,Senate,41707,46,0,MS,200,,,"HYDE-SMITH, Cindy",H001079,1959,,0.449,0.333,-86.00622,0.87352,636,39,,0.475,0.249
118,Senate,41901,34,0,MO,200,,,"HAWLEY, Joshua David",H001089,1979,,0.83,-0.372,-98.48555,0.85068,609,51,,0.97,-0.244
118,Senate,42303,34,0,MO,200,,,"SCHMITT, Eric Stephen",S001227,1975,,0.902,0.076,-56.30045,0.91464,631,31,,0.944,-0.007
118,Senate,21338,64,0,MT,200,,,"DAINES, Steve",D000618,1962,,0.59,-0.024,-89.55551,0.86591,622,46,,0.63,-0.055
118,Senate,40702,64,0,MT,100,,,"TESTER, Jon",T000464,1956,,-0.213,0.153,-69.72385,0.89601,635,33,,-0.18,0.121
118,Senate,41302,35,0,NE,200,,,"FISCHER, Debra (Deb)",F000463,1951,,0.46,0.335,-61.67678,0.91013,655,18,,0.472,0.485
118,Senate,42302,35,0,NE,200,,,"RICKETTS, John Peter (Pete)",R000618,1964,,0.441,0.506,-90.93353,0.86716,638,34,,0.432,0.544
118,Senate,21743,65,0,NV,100,,,"ROSEN, Jacklyn Sheryl",R000608,1957,,-0.286,0.317,-35.30848,0.94768,657,14,,-0.313,0.431
118,Senate,41700,65,0,NV,100,,,"CORTEZ MASTO, Catherine Marie",C001113,1964,,-0.347,0.35,-17.17859,0.97388,649,5,,-0.312,0.111
118,Senate,40906,4,0,NH,100,,,"SHAHEEN, Jeanne",S001181,1947,,-0.221,-0.139,-22.13241,0.96569,634,7,,-0.367,0.213
118,Senate,41702,4,0,NH,100,,,"HASSAN, Margaret (Maggie)",H001076,1958,,-0.225,0.019,-15.60341,0.97639,653,3,,-0.282,0.082
118,Senate,21937,12,0,NJ,100,,,"KIM, Andy",K000394,1982,,-0.408,0.231,-2.59734,0.88864,22,1,,-0.484,-0.133
118,Senate,29373,12,0,NJ,100,,,"MENENDEZ, Robert",M000639,1954,,-0.366,-0.126,-46.0427,0.90706,472,17,,-0.268,-0.275
118,Senate,41308,12,0,NJ,100,,,"BOOKER, Cory Anthony",B001288,1969,,-0.558,-0.25,-34.3645,0.94667,627,18,,-0.407,-0.479
118,Senate,42306,12,0,NJ,100,,,"HELMY, George S.",H001097,1979,,-0.347,-0.308,-1.84882,0.97873,86,1,,-0.347,-0.308
118,Senate,20930,66,0,NM,100,,,"HEINRICH, Martin",H001046,1971,,-0.334,-0.001,-23.66649,0.96441,653,10,,-0.421,0.009
118,Senate,20932,66,0,NM,100,,,"LUJÁN, Ben Ray",L000570,1972,,-0.38,0.032,-24.8879,0.96255,652,12,,-0.427,0.014
118,Senate,14858,13,0,NY,100,,,"SCHUMER, Charles Ellis (Chuck)",S000148,1950,,-0.355,-0.411,-51.94891,0.92386,656,16,,-0.206,-0.416
118,Senate,20735,13,0,NY,100,,,"GILLIBRAND, Kirsten",G000555,1966,,-0.449,-0.308,-24.79396,0.96257,650,11,,-0.325,-0.107
118,Senate,21708,47,0,NC,200,,,"BUDD, Theodore Paul",B001305,1971,,0.633,-0.077,-77.89354,0.88557,641,38,,0.625,-0.049
118,Senate,41504,47,0,NC,200,,,"TILLIS, Thomas Roland (Thom)",T000476,1960,,0.386,-0.104,-129.57813,0.8046,596,67,,0.353,-0.108
118,Senate,21350,36,0,ND,200,,,"CRAMER, Kevin",C001096,1961,,0.4,0.367,-106.43396,0.83468,589,47,,0.402,0.306
118,Senate,41107,36,0,ND,200,,,"HOEVEN, John",H001061,1957,,0.401,0.449,-99.23753,0.85532,635,46,,0.476,0.473
118,Senate,29389,24,0,OH,100,,,"BROWN, Sherrod",B000944,1952,,-0.425,-0.097,-62.66879,0.90795,649,23,,-0.236,0.015
118,Senate,42304,24,0,OH,200,,,"VANCE, James David",V000137,1984,,0.85,-0.527,-77.7805,0.85881,511,39,,0.85,-0.527
118,Senate,21166,53,0,OK,200,,,"LANKFORD, James",L000575,1968,,0.59,0.148,-110.64922,0.84435,654,41,,0.538,0.128
118,Senate,21355,53,0,OK,200,,,"MULLIN, Markwayne",M001190,1977,,0.531,0.251,-93.21341,0.86062,621,40,,0.48,0.436
118,Senate,14871,72,0,OR,100,,,"WYDEN, Ronald Lee",W000779,1949,,-0.334,-0.487,-35.99722,0.94629,652,18,,-0.375,-0.676
118,Senate,40908,72,0,OR,100,,,"MERKLEY, Jeff",M001176,1956,,-0.453,-0.719,-49.51945,0.92577,642,20,,-0.544,-0.681
118,Senate,40703,14,0,PA,100,,,"CASEY, Robert (Bob), Jr.",C001070,1960,,-0.313,0.166,-15.71436,0.97578,641,4,,-0.286,0.028
118,Senate,42301,14,0,PA,100,,,"FETTERMAN, John Karl",F000479,1969,,-0.186,0.146,-33.57675,0.93724,518,11,,-0.314,0.018
118,Senate,29142,5,0,RI,100,,,"REED, John F. (Jack)",R000122,1949,,-0.36,-0.155,-16.98995,0.97455,659,5,,-0.362,-0.118
118,Senate,40704,5,0,RI,100,,,"WHITEHOUSE, Sheldon",W000802,1955,,-0.349,-0.112,-15.9575,0.97556,645,3,,-0.379,-0.068
118,Senate,21173,48,0,SC,200,,,"SCOTT, Tim",S001184,1965,,0.629,0.023,-57.52303,0.89566,522,17,,0.672,0.09
118,Senate,29566,48,0,SC,200,,,"GRAHAM, Lindsey O.",G000359,1955,,0.367,-0.269,-208.44535,0.7164,625,116,,0.316,-0.346
118,Senate,29754,37,0,SD,200,,,"THUNE, John",T000250,1961,,0.432,0.226,-88.67344,0.8741,659,38,,0.442,0.424
118,Senate,41505,37,0,SD,200,,,"ROUNDS, Marion Michael (Mike)",R000605,1954,,0.351,0.086,-128.13088,0.81491,626,57,,0.3,0.161
118,Senate,20351,54,0,TN,200,,,"BLACKBURN, Marsha",B001243,1952,,0.632,0.141,-58.08281,0.90974,614,23,,0.695,0.037
118,Senate,42100,54,0,TN,200,,,"HAGERTY, William Francis (Bill)",H000601,1959,,0.679,-0.085,-69.03891,0.88667,574,26,,0.662,0.0
118,Senate,40305,49,0,TX,200,,,"CORNYN, John",C001056,1952,,0.471,-0.062,-105.11152,0.84941,644,47,,0.433,0.065
118,Senate,41304,49,0,TX,200,,,"CRUZ, Rafael Edward (Ted)",C001098,1970,,0.781,-0.179,-71.90989,0.88776,604,37,,0.71,-0.101
118,Senate,41110,67,0,UT,200,,,"LEE, Mike",L000577,1971,,0.891,-0.454,-81.14174,0.87825,625,52,,0.88,-0.475
118,Senate,41902,67,0,UT,200,,,"ROMNEY, Willard Mitt (Mitt)",R000615,1947,,0.286,0.294,-108.57849,0.83165,589,53,,0.263,0.339
118,Senate,20750,6,0,VT,100,,,"WELCH, Peter",W000800,1947,,-0.401,-0.405,-35.44102,0.94686,649,21,,-0.512,-0.589
118,Senate,29147,6,0,VT,328,,,"SANDERS, Bernard",S000033,1941,,-0.545,-0.428,-122.05506,0.81454,595,46,,-0.737,-0.676
118,Senate,40909,40,0,VA,100,,,"WARNER, Mark",W000805,1954,,-0.213,-0.037,-29.33653,0.95526,641,9,,-0.356,0.134
118,Senate,41305,40,0,VA,100,,,"KAINE, Timothy Michael (Tim)",K000384,1958,,-0.237,-0.112,-51.75178,0.92403,655,18,,-0.438,0.118
118,Senate,39310,73,0,WA,100,,,"CANTWELL, Maria E.",C000127,1958,,-0.308,-0.402,-19.54821,0.97046,652,5,,-0.329,-0.292
118,Senate,49308,73,0,WA,100,,,"MURRAY, Patty",M001111,1950,,-0.356,-0.314,-16.15581,0.97534,647,4,,-0.308,-0.284
118,Senate,20146,56,0,WV,200,,,"CAPITO, Shelley Moore",C001047,1953,,0.284,0.144,-109.99047,0.8398,630,35,,0.318,0.304
118,Senate,40915,56,0,WV,100,,,"MANCHIN, Joe, III",M001183,1947,,-0.057,0.4,-69.44833,0.86209,468,17,,-0.034,0.32
118,Senate,90915,56,0,WV,328,,,"MANCHIN, Joe, III",M001183,1947,,-0.06,-0.805,-7.54264,0.92444,96,1,,-0.06,-0.805
118,Senate,29940,25,0,WI,100,,,"BALDWIN, Tammy",B001230,1962,,-0.486,-0.124,-36.64549,0.94543,653,19,,-0.363,-0.322
118,Senate,41111,25,0,WI,200,,,"JOHNSON, Ron",J000293,1955,,0.643,-0.144,-82.45086,0.8793,641,33,,0.699,-0.064
118,Senate,20953,68,0,WY,200,,,"LUMMIS, Cynthia M.",L000571,1954,,0.685,-0.327,-94.06138,0.8611,629,51,,0.648,-0.19
118,Senate,40707,68,0,WY,200,,,"BARRASSO, John A.",B001261,1952,,0.54,0.193,-54.70069,0.905,548,20,,0.557,0.082
119,House,20301,41,3,AL,200,,,"ROGERS, Mike Dennis",R000575,1958.0,,0.379,0.38,-5.04124,0.98524,339,1,,0.398,0.821
119,House,21102,41,7,AL,100,,,"SEWELL, Terri",S001185,1965.0,,-0.402,0.394,-22.41269,0.93584,338,11,,-0.379,0.331
119,House,21500,41,6,AL,200,,,"PALMER, Gary James",P000609,1954.0,,0.674,0.116,-22.05007,0.93774,343,13,,0.539,-0.032
119,House,22140,41,1,AL,200,,,"MOORE, Barry",M001212,1966.0,,0.643,-0.247,-35.09857,0.90137,338,16,,0.663,-0.257
119,House,22366,41,5,AL,200,,,"STRONG, Dale",S001220,1970.0,,0.602,0.368,-14.53147,0.9584,342,10,,0.427,0.756
119,House,22515,41,2,AL,100,,,"FIGURES, Shomari",F000481,1985.0,,-0.394,0.497,-23.24327,0.93373,339,11,,-0.393,0.496
119,House,29701,41,4,AL,200,,,"ADERHOLT, Robert",A000055,1965.0,,0.405,0.469,-4.70504,0.98622,339,2,,0.428,0.757
119,House,22503,81,1,AK,200,,,"BEGICH, Nicholas J., III",B001323,1977.0,,0.661,-0.008,-27.58049,0.92295,344,14,,0.655,-0.02
119,House,21995,93,0,AS,200,,,"RADEWAGEN, Aumua Amata Coleman",R000600,1947.0,,0.327,0.195,-0.65905,0.95057,13,0,,0.575,0.765
119,House,20305,61,7,AZ,100,,,"GRIJALVA, Raúl M.",G000551,1948.0,,-0.598,-0.264,-0.0,1.0,1,0,,-0.895,0.129
119,House,21103,61,9,AZ,200,,,"GOSAR, Paul",G000565,1958.0,,0.704,-0.522,-21.40506,0.93828,336,9,,0.735,-0.619
119,House,21105,61,1,AZ,200,,,"SCHWEIKERT, David",S001183,1962.0,,0.552,-0.221,-30.56455,0.91403,340,14,,0.491,-0.161
119,House,21705,61,5,AZ,200,,,"BIGGS, Andrew S.",B001302,1958.0,,0.818,-0.575,-25.36139,0.92853,342,10,,0.841,-0.542
119,House,21968,61,4,AZ,100,,,"STANTON, Greg",S001211,1970.0,,-0.278,0.263,-21.36446,0.93839,336,10,,-0.26,0.237
119,House,22309,61,6,AZ,200,,,"CISCOMANI, Juan",C001133,1982.0,,0.3,0.702,-12.0683,0.9642,331,4,,0.375,0.553
119,House,22311,61,2,AZ,200,,,"CRANE, Eli",C001132,1980.0,,0.747,-0.665,-20.46623,0.94224,344,10,,0.774,-0.634
119,House,22500,61,3,AZ,100,,,"ANSARI, Yassamin",A000381,1992.0,,-0.473,-0.076,-13.87112,0.96002,340,6,,-0.486,-0.011
119,House,22522,61,8,AZ,200,,,"HAMADEH, Abraham J.",H001098,1991.0,,0.673,-0.062,-29.03166,0.91884,343,14,,0.667,-0.075
119,House,22565,61,7,AZ,100,,,"GRIJALVA, Adelita S.",G000606,,,-0.429,-0.625,-2.4039,0.97949,116,1,,-0.451,-0.545
119,House,21106,42,1,AR,200,,,"CRAWFORD, Rick",C001087,1966.0,,0.461,0.307,-12.00159,0.96512,338,7,,0.537,0.383
119,House,21108,42,3,AR,200,,,"WOMACK, Steve",W000809,1957.0,,0.347,0.636,-5.86557,0.98044,297,2,,0.321,0.614
119,House,21503,42,2,AR,200,,,"HILL, French",H001072,1956.0,,0.435,0.278,-8.5183,0.9754,342,2,,0.367,0.532
119,House,21563,42,4,AR,200,,,"WESTERMAN, Bruce Eugene",W000821,1967.0,,0.543,0.26,-15.71966,0.95546,345,10,,0.4,0.293
119,House,15448,71,11,CA,100,,,"PELOSI, Nancy",P000197,1940.0,,-0.489,-0.178,-13.76039,0.95726,315,7,,-0.443,0.025
119,House,20107,71,48,CA,200,,,"ISSA, Darrell",I000056,1953.0,,0.476,0.031,-18.72333,0.94718,345,11,,0.334,0.436
119,House,20310,71,38,CA,100,,,"SÁNCHEZ, Linda T.",S001156,1969.0,,-0.507,-0.131,-13.15275,0.96183,338,4,,-0.408,-0.266
119,House,20501,71,21,CA,100,,,"COSTA, Jim",C001059,1952.0,,-0.199,0.449,-63.59332,0.82568,332,35,,-0.341,0.784
119,House,20538,71,7,CA,100,,,"MATSUI, Doris",M001163,1944.0,,-0.433,-0.144,-11.0833,0.96847,346,5,,-0.468,-0.198
119,House,20903,71,5,CA,200,,,"McCLINTOCK, Tom",M001177,1956.0,,0.67,-0.363,-55.77403,0.84493,331,25,,0.588,-0.332
119,House,20955,71,28,CA,100,,,"CHU, Judy",C001080,1953.0,,-0.48,-0.373,-14.95638,0.95769,346,5,,-0.382,-0.449
119,House,20958,71,8,CA,100,,,"GARAMENDI, John",G000559,1945.0,,-0.314,-0.098,-12.35104,0.96069,308,6,,-0.407,-0.364
119,House,21302,71,1,CA,200,,,"LaMALFA, Doug",L000578,1960.0,,0.542,0.007,-12.90376,0.95663,291,4,,0.576,0.048
119,House,21303,71,2,CA,100,,,"HUFFMAN, Jared",H001068,1964.0,,-0.432,-0.512,-10.55306,0.96935,339,5,,-0.508,-0.423
119,House,21304,71,6,CA,100,,,"BERA, Ami",B001287,1965.0,,-0.246,0.008,-26.33148,0.92505,338,13,,-0.266,-0.146
119,House,21306,71,14,CA,100,,,"SWALWELL, Eric",S001193,1980.0,,-0.355,-0.05,-12.11522,0.94735,224,7,,-0.292,-0.186
119,House,21307,71,22,CA,200,,,"VALADAO, David G.",V000129,1977.0,,0.255,0.435,-18.55368,0.94719,342,11,,0.221,0.376
119,House,21308,71,26,CA,100,,,"BROWNLEY, Julia",B001285,1952.0,,-0.305,0.049,-17.16076,0.95064,339,5,,-0.408,-0.12
119,House,21311,71,25,CA,100,,,"RUIZ, Raul",R000599,1972.0,,-0.262,0.047,-24.45584,0.93079,341,10,,-0.47,0.333
119,House,21312,71,39,CA,100,,,"TAKANO, Mark",T000472,1960.0,,-0.456,-0.331,-7.82163,0.97758,345,4,,-0.375,-0.483
119,House,21314,71,52,CA,100,,,"VARGAS, Juan",V000130,1961.0,,-0.4,0.02,-22.40052,0.93569,337,6,,-0.575,0.07
119,House,21315,71,50,CA,100,,,"PETERS, Scott",P000608,1958.0,,-0.193,-0.036,-32.46359,0.90969,343,12,,-0.22,-0.153
119,House,21504,71,10,CA,100,,,"DESAULNIER, Mark James",D000623,1952.0,,-0.512,-0.361,-4.98153,0.98533,337,1,,-0.558,-0.203
119,House,21506,71,33,CA,100,,,"AGUILAR, Peter Rey",A000371,1979.0,,-0.326,0.142,-17.87276,0.94937,344,7,,-0.454,0.239
119,House,21507,71,36,CA,100,,,"LIEU, Ted",L000582,1969.0,,-0.373,-0.201,-18.17853,0.94867,345,8,,-0.413,0.077
119,House,21508,71,35,CA,100,,,"TORRES, Norma Judith",T000474,1965.0,,-0.364,0.071,-25.04301,0.92959,343,10,,-0.329,0.079
119,House,21703,71,44,CA,100,,,"BARRAGÁN, Nanette Diaz",B001300,1976.0,,-0.5,-0.12,-6.50046,0.9809,337,1,,-0.498,-0.154
119,House,21709,71,24,CA,100,,,"CARBAJAL, Salud",C001112,1964.0,,-0.325,0.1,-15.30738,0.95672,346,7,,-0.335,0.011
119,House,21711,71,46,CA,100,,,"CORREA, Jose Luis",C001110,1958.0,,-0.284,0.171,-53.90683,0.84673,324,19,,-0.409,0.653
119,House,21728,71,17,CA,100,,,"KHANNA, Rohit",K000389,1976.0,,-0.456,-0.293,-18.22063,0.94826,343,7,,-0.421,0.033
119,House,21740,71,19,CA,100,,,"PANETTA, James Varni",P000613,1969.0,,-0.283,0.188,-31.73485,0.9126,347,14,,-0.261,0.274
119,House,21754,71,34,CA,100,,,"GOMEZ, Jimmy",G000585,1974.0,,-0.526,-0.246,-21.60577,0.93606,327,8,,-0.587,0.479
119,House,21907,71,31,CA,100,,,"CISNEROS, Gil",C001123,1971.0,,-0.473,0.644,-25.57564,0.92875,346,14,,-0.498,0.487
119,House,21930,71,9,CA,100,,,"HARDER, Josh",H001090,1986.0,,-0.3,0.448,-33.66674,0.90728,346,17,,-0.221,0.105
119,House,21939,71,49,CA,100,,,"LEVIN, Mike",L000593,1978.0,,-0.319,0.161,-18.90026,0.94669,345,10,,-0.293,0.127
119,House,22126,71,51,CA,100,,,"JACOBS, Sara",J000305,1989.0,,-0.406,-0.428,-7.42213,0.97878,346,2,,-0.51,-0.227
119,House,22129,71,40,CA,200,,,"KIM, Young",K000397,1962.0,,0.261,0.381,-13.18984,0.96249,345,4,,0.367,0.572
119,House,22145,71,23,CA,200,,,"OBERNOLTE, Jay",O000019,1970.0,,0.314,0.293,-19.78444,0.94395,343,8,,0.27,0.522
119,House,22323,71,42,CA,100,,,"GARCIA, Robert",G000598,1977.0,,-0.373,-0.601,-8.85113,0.974,336,2,,-0.398,-0.356
119,House,22333,71,37,CA,100,,,"KAMLAGER-DOVE, Sydney",K000400,1972.0,,-0.519,-0.468,-11.5195,0.9661,334,4,,-0.515,-0.173
119,House,22336,71,3,CA,200,,,"KILEY, Kevin",K000401,1985.0,,0.256,0.434,-18.0142,0.94898,344,5,,0.274,0.339
119,House,22354,71,15,CA,100,,,"MULLIN, Kevin",M001225,1970.0,,-0.493,0.007,-12.5636,0.9615,320,6,,-0.596,0.274
119,House,22378,71,20,CA,200,,,"FONG, Vince",F000480,1979.0,,0.456,0.885,-9.8265,0.97101,334,2,,0.436,0.9
119,House,22516,71,30,CA,100,,,"FRIEDMAN, Laura",F000483,1966.0,,-0.346,-0.316,-14.7015,0.95804,343,9,,-0.364,-0.238
119,House,22521,71,13,CA,100,,,"GRAY, Adam",G000605,1977.0,,-0.235,0.811,-41.42845,0.87997,324,14,,-0.235,0.826
119,House,22532,71,16,CA,100,,,"LICCARDO, Sam T.",L000607,1970.0,,-0.359,-0.15,-12.30993,0.96495,345,6,,-0.351,-0.191
119,House,22541,71,47,CA,100,,,"MIN, Dave",M001241,1976.0,,-0.22,0.011,-43.29229,0.88239,346,20,,-0.234,0.076
119,House,22550,71,29,CA,100,,,"RIVAS, Luz M.",R000620,1974.0,,-0.487,-0.335,-6.91345,0.9801,344,2,,-0.497,-0.284
119,House,22553,71,12,CA,100,,,"SIMON, Lateefah",S001231,1977.0,,-0.604,-0.325,-15.16292,0.95613,338,9,,-0.623,-0.284
119,House,22556,71,45,CA,100,,,"TRAN, Derek",T000491,1980.0,,-0.246,0.193,-27.35663,0.92398,346,13,,-0.245,0.189
119,House,22559,71,27,CA,100,,,"WHITESIDES, George",W000830,1974.0,,-0.199,0.205,-23.87598,0.9316,337,7,,-0.198,0.203
119,House,29106,71,43,CA,100,,,"WATERS, Maxine",W000187,1938.0,,-0.656,-0.094,-10.68892,0.96841,333,3,,-0.645,0.039
119,House,29323,71,41,CA,200,,,"CALVERT, Ken",C000059,1953.0,,0.339,0.278,-6.88043,0.98031,346,1,,0.349,0.672
119,House,29504,71,18,CA,100,,,"LOFGREN, Zoe",L000397,1947.0,,-0.397,-0.402,-16.1675,0.95329,338,6,,-0.337,-0.232
119,House,29707,71,32,CA,100,,,"SHERMAN, Brad",S000344,1954.0,,-0.344,-0.138,-22.12793,0.93681,339,11,,-0.484,0.121
119,House,29901,71,4,CA,100,,,"THOMPSON, Michael",T000460,1951.0,,-0.392,0.071,-27.48741,0.9232,344,10,,-0.397,0.218
119,House,21912,62,6,CO,100,,,"CROW, Jason",C001121,1979.0,,-0.365,0.213,-28.93457,0.91978,346,12,,-0.44,0.15
119,House,21948,62,2,CO,100,,,"NEGUSE, Joseph",N000191,1984.0,,-0.434,-0.108,-16.55965,0.95327,346,6,,-0.558,0.103
119,House,22103,62,4,CO,200,,,"BOEBERT, Lauren",B000825,1986.0,,0.718,-0.521,-40.01717,0.88709,334,15,,0.609,-0.624
119,House,22359,62,7,CO,100,,,"PETTERSEN, Brittany",P000620,1981.0,,-0.369,0.311,-28.49081,0.90325,280,10,,-0.449,0.352
119,House,22509,62,5,CO,200,,,"CRANK, Jeff",C001137,1967.0,,0.633,-0.216,-32.10583,0.91163,347,15,,0.623,-0.238
119,House,22513,62,8,CO,200,,,"EVANS, Gabe",E000300,1986.0,,0.328,-0.034,-29.51224,0.91847,347,13,,0.327,-0.035
119,House,22526,62,3,CO,200,,,"HURD, Jeff",H001100,1979.0,,0.311,0.27,-17.69934,0.94985,344,7,,0.317,0.243
119,House,29710,62,1,CO,100,,,"DeGETTE, Diana",D000197,1957.0,,-0.431,-0.308,-11.47064,0.96711,343,5,,-0.566,-0.161
119,House,20706,1,2,CT,100,,,"COURTNEY, Joe",C001069,1953.0,,-0.337,0.042,-22.91204,0.93048,318,10,,-0.291,0.036
119,House,20907,1,4,CT,100,,,"HIMES, James A.",H001047,1966.0,,-0.241,-0.207,-20.62365,0.94164,343,8,,-0.223,-0.225
119,House,21931,1,5,CT,100,,,"HAYES, Jahana",H001081,1973.0,,-0.339,-0.041,-20.75263,0.94146,344,12,,-0.383,-0.061
119,House,29109,1,3,CT,100,,,"DeLAURO, Rosa L.",D000216,1943.0,,-0.414,-0.107,-17.82749,0.94935,343,5,,-0.329,-0.241
119,House,29908,1,1,CT,100,,,"LARSON, John B.",L000557,1948.0,,-0.396,-0.039,-15.56169,0.95448,334,5,,-0.362,-0.181
119,House,22535,11,1,DE,100,,,"MCBRIDE, Sarah",M001238,1990.0,,-0.267,-0.296,-21.18522,0.94027,344,10,,-0.259,-0.342
119,House,21993,55,0,DC,100,,,"NORTON, Eleanor Holmes",N000147,1937.0,,-0.491,-0.114,-0.05062,0.99874,40,0,,-0.497,-0.198
119,House,20316,43,26,FL,200,,,"DIAZ-BALART, Mario",D000600,1961.0,,0.281,0.162,-10.03115,0.97006,330,1,,0.345,0.703
119,House,20504,43,25,FL,100,,,"WASSERMAN SCHULTZ, Debbie",W000797,1966.0,,-0.413,0.104,-20.85896,0.94066,341,11,,-0.362,0.175
119,House,20708,43,14,FL,100,,,"CASTOR, Kathy",C001066,1966.0,,-0.437,0.072,-17.00701,0.95064,336,4,,-0.466,0.169
119,House,20709,43,16,FL,200,,,"BUCHANAN, Vernon G.",B001260,1951.0,,0.361,-0.08,-17.49357,0.9468,320,4,,0.376,0.164
119,House,20758,43,12,FL,200,,,"BILIRAKIS, Gus",B001257,1963.0,,0.423,-0.03,-18.189,0.947,334,10,,0.541,0.33
119,House,21116,43,11,FL,200,,,"WEBSTER, Daniel A.",W000806,1949.0,,0.524,-0.076,-19.82636,0.94368,342,7,,0.681,0.238
119,House,21118,43,24,FL,100,,,"WILSON, Frederica",W000808,1942.0,,-0.476,-0.004,-11.66104,0.96124,295,5,,-0.452,0.087
119,House,21321,43,22,FL,100,,,"FRANKEL, Lois",F000462,1948.0,,-0.396,-0.022,-13.13852,0.9612,332,7,,-0.45,0.301
119,House,21714,43,2,FL,200,,,"DUNN, Neal Patrick",D000628,1953.0,,0.508,0.334,-10.53672,0.96731,317,8,,0.6,0.498
119,House,21735,43,21,FL,200,,,"MAST, Brian Jeffery",M001199,1980.0,,0.461,-0.333,-33.11962,0.90666,338,17,,0.537,0.042
119,House,21744,43,5,FL,200,,,"RUTHERFORD, John Henry",R000609,1952.0,,0.434,0.066,-12.68053,0.95736,291,6,,0.552,0.275
119,House,21746,43,9,FL,100,,,"SOTO, Darren Michael",S001200,1978.0,,-0.343,0.202,-29.9399,0.91711,346,15,,-0.327,0.299
119,House,21971,43,17,FL,200,,,"STEUBE, William",S001214,1978.0,,0.69,-0.352,-32.02935,0.90984,339,17,,0.699,-0.507
119,House,21981,43,6,FL,200,,,"WALTZ, Michael",W000823,1974.0,,0.452,-0.113,-0.00399,0.99934,6,0,,0.682,0.732
119,House,22107,43,3,FL,200,,,"CAMMACK, Kat",C001039,1988.0,,0.591,-0.25,-27.68926,0.92309,346,10,,0.606,-0.334
119,House,22111,43,19,FL,200,,,"DONALDS, Byron",D000032,1978.0,,0.638,-0.297,-31.63928,0.90415,314,15,,0.559,-0.492
119,House,22116,43,18,FL,200,,,"FRANKLIN, C. Scott",F000472,1964.0,,0.624,0.199,-15.09801,0.95718,345,6,,0.713,0.529
119,House,22118,43,28,FL,200,,,"GIMENEZ, Carlos A.",G000593,1954.0,,0.332,0.149,-7.71563,0.97565,313,1,,0.344,0.686
119,House,22150,43,27,FL,200,,,"SALAZAR, Maria Elvira",S000168,1961.0,,0.274,0.154,-22.28096,0.92888,302,10,,0.333,0.008
119,House,22163,43,20,FL,100,,,"CHERFILUS-MCCORMICK, Sheila",C001127,1979.0,,-0.43,-0.005,-18.68813,0.94652,340,8,,-0.442,0.312
119,House,22302,43,4,FL,200,,,"BEAN, Aaron",B001314,1967.0,,0.69,-0.154,-25.79132,0.92837,347,14,,0.713,-0.23
119,House,22321,43,10,FL,100,,,"FROST, Maxwell",F000476,1997.0,,-0.44,-0.711,-6.31327,0.98187,345,2,,-0.499,-0.708
119,House,22341,43,15,FL,200,,,"LEE, Laurel",L000597,1974.0,,0.416,0.15,-21.48809,0.93505,320,11,,0.47,0.038
119,House,22343,43,13,FL,200,,,"LUNA, Anna",L000596,1989.0,,0.564,-0.492,-44.10047,0.87455,329,17,,0.535,-0.444
119,House,22350,43,7,FL,200,,,"MILLS, Cory",M001216,1980.0,,0.602,-0.316,-27.8927,0.92146,341,12,,0.606,-0.326
119,House,22353,43,23,FL,100,,,"MOSKOWITZ, Jared",M001217,1980.0,,-0.228,0.312,-37.53093,0.89607,342,10,,-0.218,0.317
119,House,22523,43,8,FL,200,,,"HARIDOPOLOS, Mike",H001099,1970.0,,0.42,0.074,-20.61209,0.94151,342,9,,0.407,0.075
119,House,22562,43,6,FL,200,,,"FINE, Randy",F000484,1974.0,,0.591,-0.24,-36.95606,0.87838,285,17,,0.66,-0.117
119,House,22563,43,1,FL,200,,,"PATRONIS, Jimmy",P000622,1972.0,,0.555,-0.011,-30.06055,0.90023,286,14,,0.546,-0.023
119,House,20321,44,13,GA,100,,,"SCOTT, David",S001157,1945.0,,-0.305,0.165,-24.15678,0.93238,345,12,,-0.381,-0.029
119,House,20712,44,4,GA,100,,,"JOHNSON, Hank",J000288,1954.0,,-0.478,-0.056,-20.24467,0.94186,338,6,,-0.591,0.031
119,House,21123,44,8,GA,200,,,"SCOTT, Austin",S001189,1969.0,,0.539,0.358,-25.20485,0.92955,345,11,,0.748,0.568
119,House,21513,44,1,GA,200,,,"CARTER, Buddy",C001103,1957.0,,0.559,0.343,-10.36834,0.96879,327,2,,0.673,0.556
119,House,21515,44,11,GA,200,,,"LOUDERMILK, Barry D.",L000583,1963.0,,0.679,0.036,-19.17668,0.94436,335,11,,0.641,0.247
119,House,21516,44,12,GA,200,,,"ALLEN, Rick W.",A000372,1951.0,,0.69,0.274,-15.63629,0.95569,345,4,,0.67,0.242
119,House,21944,44,6,GA,100,,,"McBATH, Lucy",M001208,1960.0,,-0.371,0.314,-19.3976,0.94136,321,9,,-0.458,0.543
119,House,22110,44,9,GA,200,,,"CLYDE, Andrew S.",C001116,1963.0,,0.828,-0.138,-28.556,0.92034,344,12,,0.892,-0.182
119,House,22121,44,14,GA,200,,,"GREENE, Marjorie Taylor",G000596,1974.0,,0.8,-0.6,-38.98234,0.86783,275,18,,0.637,-0.647
119,House,22156,44,5,GA,100,,,"WILLIAMS, Nikema",W000788,1978.0,,-0.447,-0.397,-6.62111,0.98043,335,2,,-0.59,-0.148
119,House,22310,44,10,GA,200,,,"COLLINS, Mike",C001129,1967.0,,0.682,-0.242,-25.65081,0.92774,342,10,,0.728,-0.183
119,House,22346,44,7,GA,200,,,"MCCORMICK, Rich",M001218,1968.0,,0.891,0.454,-27.32544,0.92385,345,11,,0.934,0.358
119,House,22527,44,3,GA,200,,,"JACK, Brian",J000311,1988.0,,0.538,-0.0,-19.95125,0.94413,347,11,,0.559,0.028
119,House,29339,44,2,GA,100,,,"BISHOP, Sanford Dixon, Jr.",B000490,1947.0,,-0.289,0.447,-52.7736,0.85701,342,27,,-0.454,0.766
119,House,22373,94,0,GU,200,,,"MOYLAN, James",M001219,1962.0,,0.362,0.166,-24.92329,0.50987,37,8,,0.13,0.059
119,House,20322,82,1,HI,100,,,"CASE, Ed",C001055,1952.0,,-0.205,-0.081,-42.49742,0.88379,344,20,,-0.21,-0.18
119,House,22369,82,2,HI,100,,,"TOKUDA, Jill",T000487,1976.0,,-0.475,-0.339,-6.28347,0.982,346,3,,-0.517,-0.128
119,House,21920,63,1,ID,200,,,"FULCHER, Russell",F000469,1962.0,,0.648,-0.096,-26.67188,0.92498,342,13,,0.758,-0.037
119,House,29910,63,2,ID,200,,,"SIMPSON, Michael K.",S001148,1950.0,,0.296,0.314,-8.18772,0.97614,339,3,,0.307,0.579
119,House,20749,21,11,IL,100,,,"FOSTER, Bill",F000454,1955.0,,-0.238,-0.224,-17.22282,0.9513,345,5,,-0.253,-0.326
119,House,20954,21,5,IL,100,,,"QUIGLEY, Mike",Q000023,1958.0,,-0.325,-0.226,-16.27113,0.95231,333,8,,-0.316,-0.104
119,House,21326,21,10,IL,100,,,"SCHNEIDER, Brad",S001190,1961.0,,-0.197,-0.12,-26.4096,0.92484,338,10,,-0.287,0.014
119,House,21371,21,2,IL,100,,,"KELLY, Robin L.",K000385,1956.0,,-0.473,-0.024,-8.31672,0.97618,345,3,,-0.466,-0.34
119,House,21519,21,12,IL,200,,,"BOST, Mike",B001295,1960.0,,0.401,-0.046,-28.49452,0.9205,344,15,,0.47,-0.192
119,House,21562,21,16,IL,200,,,"LaHOOD, Darin",L000585,1968.0,,0.461,0.221,-19.17596,0.94184,320,11,,0.631,0.776
119,House,21730,21,8,IL,100,,,"KRISHNAMOORTHI, S. Raja",K000391,1973.0,,-0.347,-0.015,-17.08836,0.95126,342,9,,-0.431,-0.115
119,House,21906,21,6,IL,100,,,"CASTEN, Sean",C001117,1971.0,,-0.634,0.421,-14.49218,0.95863,343,6,,-0.546,0.207
119,House,21921,21,4,IL,100,,,"GARCÍA, Jesús",G000586,1956.0,,-0.432,-0.88,-14.36331,0.95875,341,4,,-0.412,-0.9
119,House,21979,21,14,IL,100,,,"UNDERWOOD, Lauren",U000040,1986.0,,-0.594,0.319,-7.49006,0.97859,346,2,,-0.554,0.071
119,House,22138,21,15,IL,200,,,"MILLER, Mary E.",M001211,1959.0,,0.791,-0.154,-18.61745,0.94656,339,7,,0.788,-0.194
119,House,22304,21,13,IL,100,,,"BUDZINSKI, Nikki",B001315,1977.0,,-0.32,0.436,-30.7005,0.91533,347,9,,-0.285,0.2
119,House,22330,21,1,IL,100,,,"JACKSON, Jonathan",J000309,1966.0,,-0.346,-0.449,-27.18847,0.92114,331,11,,-0.293,-0.386
119,House,22360,21,3,IL,100,,,"RAMIREZ, Delia",R000617,1983.0,,-0.496,-0.868,-13.01627,0.96167,333,6,,-0.579,-0.815
119,House,22365,21,17,IL,100,,,"SORENSEN, Eric",S001225,1976.0,,-0.239,0.241,-22.852,0.93627,347,8,,-0.211,0.086
119,House,29717,21,7,IL,100,,,"DAVIS, Danny K.",D000096,1941.0,,-0.487,-0.266,-4.98245,0.98528,336,1,,-0.502,-0.277
119,House,29911,21,9,IL,100,,,"SCHAKOWSKY, Janice D.",S001145,1944.0,,-0.602,-0.289,-5.2383,0.98462,338,2,,-0.583,-0.17
119,House,20757,22,7,IN,100,,,"CARSON, André",C001072,1974.0,,-0.435,0.027,-23.69666,0.93287,341,4,,-0.41,-0.289
119,House,21100,22,3,IN,200,,,"STUTZMAN, Marlin",S001188,1976.0,,0.722,-0.094,-22.61523,0.93565,340,10,,0.628,-0.04
119,House,21903,22,4,IN,200,,,"BAIRD, James",B001307,1945.0,,0.446,0.417,-12.12299,0.96361,327,4,,0.563,0.826
119,House,22142,22,1,IN,100,,,"MRVAN, Frank J.",M001214,1969.0,,-0.305,0.36,-27.71603,0.9206,335,15,,-0.289,0.357
119,House,22151,22,5,IN,200,,,"SPARTZ, Victoria",S000929,1978.0,,0.49,-0.281,-51.13656,0.854,324,19,,0.527,-0.433
119,House,22171,22,2,IN,200,,,"YAKYM, Rudy, III",Y000067,1984.0,,0.516,0.14,-12.51901,0.96457,347,4,,0.568,0.18
119,House,22326,22,9,IN,200,,,"HOUCHIN, Erin",H001093,1976.0,,0.637,0.226,-14.77969,0.95746,340,7,,0.689,0.326
119,House,22540,22,8,IN,200,,,"MESSMER, Mark B.",M001233,1962.0,,0.571,0.265,-11.74591,0.96604,340,5,,0.555,0.239
119,House,22552,22,6,IN,200,,,"SHREVE, Jefferson",S001229,1965.0,,0.49,-0.03,-14.9342,0.95727,342,3,,0.481,-0.037
119,House,22113,31,4,IA,200,,,"FEENSTRA, Randy",F000446,1969.0,,0.467,0.179,-15.01303,0.95693,341,5,,0.43,0.189
119,House,22124,31,2,IA,200,,,"HINSON, Ashley",H001091,1983.0,,0.356,0.351,-17.62611,0.94933,339,8,,0.572,0.667
119,House,22139,31,1,IA,200,,,"MILLER-MEEKS, Mariannette",M001215,1955.0,,0.335,0.196,-12.44021,0.96311,331,6,,0.326,0.245
119,House,22356,31,3,IA,200,,,"NUNN, Zach",N000193,1979.0,,0.29,0.193,-17.94249,0.94645,326,6,,0.293,0.164
119,House,21750,32,4,KS,200,,,"ESTES, Ron",E000298,1956.0,,0.648,0.124,-27.75021,0.92271,345,11,,0.809,0.588
119,House,21914,32,3,KS,100,,,"DAVIDS, Sharice",D000629,1980.0,,-0.263,0.224,-37.6538,0.89689,346,16,,-0.195,-0.047
119,House,22134,32,1,KS,200,,,"MANN, Tracey",M000871,1976.0,,0.607,0.06,-14.81937,0.95819,347,6,,0.632,0.041
119,House,22551,32,2,KS,200,,,"SCHMIDT, Derek",S001228,1968.0,,0.733,0.092,-30.5687,0.91473,343,15,,0.731,0.087
119,House,14854,51,5,KY,200,,,"ROGERS, Harold Dallas (Hal)",R000395,1937.0,,0.333,0.154,-7.87522,0.97724,342,0,,0.397,0.83
119,House,20916,51,2,KY,200,,,"GUTHRIE, Brett",G000558,1964.0,,0.427,0.274,-6.33606,0.98175,344,0,,0.427,0.756
119,House,21333,51,6,KY,200,,,"BARR, Garland H. (Andy) IV",B001282,1973.0,,0.489,0.29,-14.22733,0.95793,331,11,,0.611,0.232
119,House,21565,51,1,KY,200,,,"COMER, James",C001108,1972.0,,0.592,-0.073,-21.86011,0.93737,338,9,,0.535,-0.232
119,House,22347,51,3,KY,100,,,"MCGARVEY, Morgan",M001220,1979.0,,-0.502,-0.035,-13.43589,0.96191,346,9,,-0.419,-0.287
119,House,31102,51,4,KY,200,,,"MASSIE, Thomas",M001184,1971.0,,0.662,-0.75,-109.54974,0.71679,329,38,,0.526,-0.851
119,House,20759,45,1,LA,200,,,"SCALISE, Steve",S001176,1965.0,,0.559,0.163,-14.92001,0.95682,338,5,,0.551,-0.002
119,House,21724,45,3,LA,200,,,"HIGGINS, Clay",H001077,1961.0,,0.627,-0.319,-24.6373,0.9303,341,11,,0.816,-0.145
119,House,21727,45,4,LA,200,,,"JOHNSON, Mike",J000299,1972.0,,0.565,0.025,-2.3086,0.99149,270,0,,0.556,0.574
119,House,22157,45,5,LA,200,,,"LETLOW, Julia",L000595,1981.0,,0.43,0.336,-19.96373,0.94297,340,10,,0.531,0.141
119,House,22158,45,2,LA,100,,,"CARTER, Troy",C001125,1963.0,,-0.517,0.259,-16.47991,0.95282,341,6,,-0.52,0.414
119,House,29354,45,6,LA,100,,,"FIELDS, Cleo",F000110,1962.0,,-0.456,0.11,-19.47998,0.94318,333,9,,-0.468,0.396
119,House,20920,2,1,ME,100,,,"PINGREE, Chellie",P000597,1955.0,,-0.423,-0.36,-10.09121,0.96979,329,4,,-0.577,0.056
119,House,21923,2,2,ME,100,,,"GOLDEN, Jared",G000592,1982.0,,-0.105,0.38,-61.16708,0.83796,346,22,,-0.136,0.531
119,House,14873,52,5,MD,100,,,"HOYER, Steny Hamilton",H000874,1939.0,,-0.381,0.122,-19.88064,0.94255,336,8,,-0.35,-0.002
119,House,15433,52,7,MD,100,,,"MFUME, Kweisi",M000687,1948.0,,-0.44,-0.328,-11.92416,0.9643,328,5,,-0.365,-0.268
119,House,21139,52,1,MD,200,,,"HARRIS, Andy",H001052,1957.0,,0.674,-0.37,-45.65874,0.87329,337,22,,0.779,-0.243
119,House,21741,52,8,MD,100,,,"RASKIN, Jamie Ben",R000606,1962.0,,-0.503,-0.237,-9.83819,0.97181,344,5,,-0.403,-0.337
119,House,22329,52,4,MD,100,,,"IVEY, Glenn",I000058,1961.0,,-0.464,-0.034,-10.68617,0.96915,341,3,,-0.402,-0.19
119,House,22512,52,3,MD,100,,,"ELFRETH, Sarah",E000301,1988.0,,-0.415,0.101,-17.83053,0.94991,347,7,,-0.411,0.079
119,House,22536,52,6,MD,100,,,"MCCLAIN DELANEY, April",M001232,1964.0,,-0.306,0.23,-23.66065,0.93278,340,7,,-0.305,0.225
119,House,22545,52,2,MD,100,,,"OLSZEWSKI, Johnny, Jr.",O000176,1982.0,,-0.356,-0.109,-10.88792,0.96893,345,4,,-0.35,-0.142
119,House,15616,3,1,MA,100,,,"NEAL, Richard Edmund",N000015,1949.0,,-0.417,-0.105,-10.66253,0.96821,330,4,,-0.402,-0.052
119,House,20119,3,8,MA,100,,,"LYNCH, Stephen F.",L000562,1955.0,,-0.342,0.048,-37.87995,0.89457,340,17,,-0.191,-0.282
119,House,21140,3,9,MA,100,,,"KEATING, William R.",K000375,1952.0,,-0.329,-0.102,-19.45735,0.94374,336,9,,-0.247,-0.42
119,House,21375,3,5,MA,100,,,"CLARK, Katherine M.",C001101,1963.0,,-0.479,-0.259,-14.094,0.96008,346,6,,-0.481,0.084
119,House,21525,3,6,MA,100,,,"MOULTON, Seth",M001196,1978.0,,-0.286,-0.044,-20.63938,0.93828,324,7,,-0.346,-0.059
119,House,21955,3,7,MA,100,,,"PRESSLEY, Ayanna",P000617,1974.0,,-0.373,-0.928,-12.38209,0.96454,343,4,,-0.487,-0.799
119,House,21977,3,3,MA,100,,,"TRAHAN, Lori",T000482,1973.0,,-0.408,-0.129,-15.03956,0.95558,331,7,,-0.379,0.004
119,House,22100,3,4,MA,100,,,"AUCHINCLOSS, Jake",A000148,1988.0,,-0.274,-0.284,-31.24097,0.91146,337,13,,-0.216,-0.332
119,House,29729,3,2,MA,100,,,"McGOVERN, James P.",M000312,1959.0,,-0.538,-0.344,-10.10589,0.97028,335,5,,-0.491,-0.643
119,House,20725,23,5,MI,200,,,"WALBERG, Tim",W000798,1951.0,,0.498,0.165,-11.42794,0.96732,344,6,,0.525,0.634
119,House,21142,23,4,MI,200,,,"HUIZENGA, Bill",H001058,1969.0,,0.531,0.055,-15.5617,0.95526,340,8,,0.458,0.688
119,House,21526,23,2,MI,200,,,"MOOLENAAR, John",M001194,1961.0,,0.447,0.173,-9.4421,0.97308,346,1,,0.434,0.767
119,House,21529,23,6,MI,100,,,"DINGELL, Debbie",D000624,1953.0,,-0.402,-0.185,-7.42977,0.97845,341,2,,-0.451,-0.113
119,House,21704,23,1,MI,200,,,"BERGMAN, John",B001301,1947.0,,0.433,0.084,-13.03706,0.96216,338,7,,0.515,0.338
119,House,21972,23,11,MI,100,,,"STEVENS, Haley",S001215,1983.0,,-0.371,0.259,-27.0023,0.92472,345,11,,-0.381,0.415
119,House,21975,23,12,MI,100,,,"TLAIB, Rashida",T000481,1976.0,,-0.29,-0.957,-23.98808,0.9311,336,10,,-0.747,-0.665
119,House,22136,23,9,MI,200,,,"MCCLAIN, Lisa C.",M001136,1966.0,,0.548,0.171,-13.72937,0.96031,339,8,,0.462,0.62
119,House,22332,23,10,MI,200,,,"JAMES, John",J000307,1981.0,,0.318,0.419,-11.09664,0.96602,321,3,,0.404,0.304
119,House,22363,23,3,MI,100,,,"SCHOLTEN, Hillary",S001221,1982.0,,-0.257,0.23,-32.57146,0.90865,340,15,,-0.262,0.277
119,House,22368,23,13,MI,100,,,"THANEDAR, Shri",T000488,1955.0,,-0.357,-0.034,-26.41008,0.9261,344,14,,-0.369,-0.016
119,House,22501,23,7,MI,200,,,"BARRETT, Tom",B001321,1981.0,,0.567,-0.052,-27.25645,0.92382,344,10,,0.557,-0.069
119,House,22537,23,8,MI,100,,,"MCDONALD RIVET, Kristen",M001237,1970.0,,-0.232,0.343,-39.20645,0.89316,347,18,,-0.231,0.343
119,House,20122,33,4,MN,100,,,"McCOLLUM, Betty",M001143,1954.0,,-0.419,-0.186,-6.89076,0.98011,343,2,,-0.421,-0.3
119,House,21531,33,6,MN,200,,,"EMMER, Thomas Earl II",E000294,1961.0,,0.467,-0.068,-12.72192,0.9639,346,4,,0.539,0.132
119,House,21910,33,2,MN,100,,,"CRAIG, Angela",C001119,1972.0,,-0.274,0.548,-54.966,0.85311,346,24,,-0.274,0.095
119,House,21950,33,5,MN,100,,,"OMAR, Ilhan",O000173,1982.0,,-0.296,-0.955,-20.3838,0.94164,339,9,,-0.372,-0.867
119,House,21969,33,8,MN,200,,,"STAUBER, Peter",S001212,1966.0,,0.384,-0.101,-26.94827,0.92465,344,11,,0.407,-0.15
119,House,22114,33,7,MN,200,,,"FISCHBACH, Michelle",F000470,1965.0,,0.539,-0.024,-14.95026,0.95759,345,6,,0.564,0.055
119,House,22167,33,1,MN,200,,,"FINSTAD, Brad",F000475,1976.0,,0.55,-0.035,-14.28602,0.95897,341,6,,0.566,0.041
119,House,22544,33,3,MN,100,,,"MORRISON, Kelly",M001234,1969.0,,-0.302,-0.28,-11.67757,0.96681,346,4,,-0.293,-0.327
119,House,21561,46,1,MS,200,,,"KELLY, Trent",K000388,1966.0,,0.637,0.292,-11.4447,0.96718,343,5,,0.586,0.176
119,House,21927,46,3,MS,200,,,"GUEST, Michael",G000591,1970.0,,0.53,0.119,-20.80305,0.94148,345,12,,0.501,0.0
119,House,22319,46,4,MS,200,,,"EZELL, Mike",E000235,1959.0,,0.544,0.136,-23.96219,0.9329,345,14,,0.469,-0.066
119,House,29368,46,2,MS,100,,,"THOMPSON, Bennie",T000193,1948.0,,-0.519,0.39,-13.63655,0.96069,340,5,,-0.658,0.496
119,House,20124,34,6,MO,200,,,"GRAVES, Samuel",G000546,1963.0,,0.449,0.162,-11.79324,0.9651,332,7,,0.618,0.44
119,House,20517,34,5,MO,100,,,"CLEAVER, Emanuel, II",C001061,1944.0,,-0.454,0.0,-8.64724,0.97467,337,1,,-0.484,-0.013
119,House,21337,34,2,MO,200,,,"WAGNER, Ann",W000812,1962.0,,0.391,0.301,-6.71929,0.9806,343,2,,0.427,0.757
119,House,21373,34,8,MO,200,,,"SMITH, Jason",S001195,1980.0,,0.577,0.202,-18.44271,0.9472,340,10,,0.514,-0.004
119,House,22300,34,4,MO,200,,,"ALFORD, Mark",A000379,1963.0,,0.562,0.064,-25.9476,0.92673,341,13,,0.434,0.555
119,House,22305,34,7,MO,200,,,"BURLISON, Eric",B001316,1976.0,,0.733,-0.536,-25.82657,0.92623,337,10,,0.837,-0.547
119,House,22504,34,1,MO,100,,,"BELL, Wesley",B001324,1974.0,,-0.507,0.515,-19.8321,0.94382,343,9,,-0.507,0.513
119,House,22546,34,3,MO,200,,,"ONDER, Robert F., Jr.",O000177,1962.0,,0.674,-0.189,-27.42594,0.92184,337,17,,0.665,-0.209
119,House,21532,64,1,MT,200,,,"ZINKE, Ryan",Z000018,1961.0,,0.441,-0.13,-27.36078,0.92246,339,12,,0.451,-0.064
119,House,22511,64,2,MT,200,,,"DOWNING, Troy",D000634,1967.0,,0.842,0.41,-20.72137,0.94203,347,10,,0.841,0.409
119,House,20729,35,3,NE,200,,,"SMITH, Adrian",S001172,1970.0,,0.509,0.255,-15.87717,0.95438,340,6,,0.392,0.278
119,House,21701,35,2,NE,200,,,"BACON, Donald J.",B001298,1963.0,,0.281,0.182,-47.80033,0.87062,345,15,,0.219,0.158
119,House,22166,35,1,NE,200,,,"FLOOD, Mike",F000474,1975.0,,0.445,0.689,-18.93807,0.94644,344,6,,0.347,0.415
119,House,20927,65,1,NV,100,,,"TITUS, Alice (Dina)",T000468,1950.0,,-0.297,-0.159,-23.2504,0.92706,307,14,,-0.294,0.028
119,House,21196,65,2,NV,200,,,"AMODEI, Mark E.",A000369,1958.0,,0.384,0.211,-18.13419,0.94776,338,4,,0.354,0.211
119,House,21339,65,4,NV,100,,,"HORSFORD, Steven",H001066,1973.0,,-0.316,0.16,-35.88516,0.90094,344,17,,-0.319,0.424
119,House,21938,65,3,NV,100,,,"LEE, Susie",L000590,1966.0,,-0.228,0.301,-32.68035,0.90937,344,15,,-0.206,0.244
119,House,21951,4,1,NH,100,,,"PAPPAS, Chris",P000614,1980.0,,-0.234,0.321,-22.97509,0.93575,346,6,,-0.206,0.162
119,House,22520,4,2,NH,100,,,"GOODLANDER, Maggie",G000604,1986.0,,-0.211,0.137,-22.56947,0.93685,346,6,,-0.209,0.133
119,House,14863,12,4,NJ,200,,,"SMITH, Christopher Henry",S000522,1953.0,,0.183,-0.173,-77.70127,0.79834,345,27,,0.362,-0.18
119,House,15454,12,6,NJ,100,,,"PALLONE, Frank, Jr.",P000034,1951.0,,-0.402,-0.162,-17.43187,0.95059,344,5,,-0.502,0.172
119,House,21536,12,1,NJ,100,,,"NORCROSS, Donald",N000188,1958.0,,-0.42,0.339,-20.56937,0.92742,273,9,,-0.431,0.257
119,House,21538,12,12,NJ,100,,,"WATSON COLEMAN, Bonnie",W000822,1945.0,,-0.594,-0.223,-5.55457,0.98398,344,2,,-0.567,-0.259
119,House,21723,12,5,NJ,100,,,"GOTTHEIMER, Josh S.",G000583,1975.0,,-0.164,0.212,-28.89194,0.9061,293,10,,-0.234,0.347
119,House,21964,12,11,NJ,100,,,"SHERRILL, Mikie",S001207,1972.0,,-0.234,0.243,-6.51276,0.9454,116,2,,-0.23,0.026
119,House,22334,12,7,NJ,200,,,"KEAN, Thomas",K000398,1968.0,,0.2,0.354,-17.70377,0.94998,345,6,,0.236,0.199
119,House,22348,12,8,NJ,100,,,"MENENDEZ, Robert",M001226,1985.0,,-0.521,0.247,-14.88426,0.95801,347,8,,-0.579,0.197
119,House,22381,12,10,NJ,100,,,"MCIVER, LaMonica",M001229,1986.0,,-0.557,-0.188,-5.59464,0.98396,346,2,,-0.567,-0.259
119,House,22508,12,3,NJ,100,,,"CONAWAY, Herbert C., Jr.",C001136,1963.0,,-0.29,0.055,-19.19786,0.94494,339,7,,-0.287,0.041
119,House,22547,12,9,NJ,100,,,"POU, Nellie",P000621,1956.0,,-0.32,0.109,-18.42257,0.94815,346,8,,-0.317,0.095
119,House,91980,12,2,NJ,200,,,"VAN DREW, Jefferson",V000133,1953.0,,0.382,-0.419,-41.12148,0.88702,343,19,,0.367,-0.22
119,House,22131,66,3,NM,100,,,"LEGER FERNANDEZ, Teresa",L000273,1959.0,,-0.368,-0.181,-12.36477,0.96267,325,6,,-0.42,-0.18
119,House,22159,66,1,NM,100,,,"STANSBURY, Melanie Ann",S001218,1979.0,,-0.442,-0.217,-8.16305,0.97607,337,4,,-0.378,-0.487
119,House,22371,66,2,NM,100,,,"VASQUEZ, Gabriel",V000136,1984.0,,-0.325,0.554,-36.80216,0.89798,342,16,,-0.357,0.648
119,House,20733,13,9,NY,100,,,"CLARKE, Yvette Diane",C001067,1964.0,,-0.606,-0.263,-8.24884,0.97603,340,5,,-0.579,-0.471
119,House,20934,13,20,NY,100,,,"TONKO, Paul",T000469,1949.0,,-0.416,-0.263,-7.95255,0.97695,341,3,,-0.494,-0.207
119,House,21342,13,6,NY,100,,,"MENG, Grace",M001188,1975.0,,-0.37,-0.207,-13.79598,0.95918,331,7,,-0.401,0.024
119,House,21343,13,8,NY,100,,,"JEFFRIES, Hakeem",J000294,1970.0,,-0.482,-0.063,-10.24315,0.97083,346,5,,-0.439,-0.003
119,House,21541,13,21,NY,200,,,"STEFANIK, Elise M",S001196,1984.0,,0.307,-0.109,-18.76986,0.93795,293,7,,0.487,0.47
119,House,21715,13,13,NY,100,,,"ESPAILLAT, Adriano J.",E000297,1954.0,,-0.529,-0.211,-9.56909,0.97257,344,4,,-0.471,-0.248
119,House,21747,13,3,NY,100,,,"SUOZZI, Thomas",S001201,1962.0,,-0.213,0.159,-53.13243,0.85374,336,24,,-0.169,0.249
119,House,21749,13,24,NY,200,,,"TENNEY, Claudia",T000478,1961.0,,0.464,0.018,-12.31132,0.96494,345,4,,0.56,0.391
119,House,21761,13,25,NY,100,,,"MORELLE, Joseph D.",M001206,1957.0,,-0.333,0.156,-21.01826,0.93971,338,11,,-0.316,0.093
119,House,21949,13,14,NY,100,,,"OCASIO-CORTEZ, Alexandria",O000172,1989.0,,-0.33,-0.944,-12.81255,0.96344,344,5,,-0.523,-0.812
119,House,22117,13,2,NY,200,,,"GARBARINO, Andrew R.",G000597,1984.0,,0.244,0.236,-16.43415,0.9517,332,9,,0.245,0.227
119,House,22133,13,11,NY,200,,,"MALLIOTAKIS, Nicole",M000317,1980.0,,0.335,-0.079,-34.79587,0.90406,345,13,,0.297,-0.028
119,House,22154,13,15,NY,100,,,"TORRES, Ritchie",T000486,1988.0,,-0.31,-0.094,-22.09547,0.93599,334,12,,-0.323,0.095
119,House,22169,13,18,NY,100,,,"RYAN, Patrick",R000579,1982.0,,-0.226,0.218,-30.80064,0.91483,346,12,,-0.187,0.047
119,House,22324,13,10,NY,100,,,"GOLDMAN, Daniel",G000599,1976.0,,-0.444,0.127,-25.54681,0.92304,319,11,,-0.581,0.495
119,House,22337,13,1,NY,200,,,"LALOTA, Nicholas",L000598,1978.0,,0.25,0.088,-22.02985,0.93726,340,10,,0.231,0.099
119,House,22339,13,23,NY,200,,,"LANGWORTHY, Nick",L000600,1981.0,,0.425,-0.033,-16.37327,0.95325,342,7,,0.48,0.215
119,House,22340,13,17,NY,200,,,"LAWLER, Michael",L000599,1986.0,,0.19,0.231,-26.30464,0.92555,340,8,,0.211,0.1
119,House,22377,13,26,NY,100,,,"KENNEDY, Timothy M.",K000402,1976.0,,-0.381,0.28,-19.04538,0.94644,346,8,,-0.377,0.226
119,House,22518,13,4,NY,100,,,"GILLEN, Laura",G000602,1969.0,,-0.158,0.328,-35.41739,0.89967,335,11,,-0.157,0.315
119,House,22531,13,16,NY,100,,,"LATIMER, George",L000606,1953.0,,-0.384,0.224,-14.95152,0.95722,342,5,,-0.382,0.215
119,House,22534,13,22,NY,100,,,"MANNION, John W.",M001231,1968.0,,-0.227,0.082,-29.0687,0.91942,346,11,,-0.225,0.075
119,House,22549,13,19,NY,100,,,"RILEY, Josh",R000622,1981.0,,-0.193,0.104,-25.02365,0.92884,339,5,,-0.191,0.1
119,House,29377,13,12,NY,100,,,"NADLER, Jerrold Lewis",N000002,1947.0,,-0.507,-0.478,-9.75703,0.96862,306,5,,-0.495,-0.504
119,House,29378,13,7,NY,100,,,"VELÁZQUEZ, Nydia M.",V000081,1953.0,,-0.547,-0.37,-10.10618,0.9708,341,4,,-0.593,-0.456
119,House,29776,13,5,NY,100,,,"MEEKS, Gregory W.",M001137,1953.0,,-0.415,-0.062,-14.29333,0.95823,335,7,,-0.362,-0.126
119,House,20521,47,5,NC,200,,,"FOXX, Virginia Ann",F000450,1943.0,,0.624,0.174,-12.72971,0.96367,344,5,,0.747,0.497
119,House,21346,47,9,NC,200,,,"HUDSON, Richard",H001067,1971.0,,0.524,0.205,-17.06491,0.95133,342,7,,0.505,0.066
119,House,21544,47,7,NC,200,,,"ROUZER, David",R000603,1972.0,,0.567,0.284,-13.6222,0.96106,343,3,,0.587,0.234
119,House,21545,47,12,NC,100,,,"ADAMS, Alma",A000370,1946.0,,-0.464,-0.003,-8.84715,0.97475,346,2,,-0.472,-0.002
119,House,21987,47,3,NC,200,,,"MURPHY, Gregory Francis",M001210,1963.0,,0.486,0.132,-10.38078,0.96398,283,4,,0.592,0.435
119,House,22149,47,2,NC,100,,,"ROSS, Deborah K.",R000305,1963.0,,-0.383,-0.001,-12.8427,0.96346,345,4,,-0.317,-0.213
119,House,22314,47,1,NC,100,,,"DAVIS, Don",D000230,1971.0,,-0.245,0.876,-45.86637,0.87585,346,17,,-0.214,0.838
119,House,22318,47,11,NC,200,,,"EDWARDS, Chuck",E000246,1960.0,,0.373,0.408,-43.15009,0.88179,343,9,,0.402,0.046
119,House,22320,47,4,NC,100,,,"FOUSHEE, Valerie",F000477,1956.0,,-0.498,-0.284,-7.61928,0.97797,342,3,,-0.436,-0.389
119,House,22524,47,10,NC,200,,,"HARRIGAN, Pat",H001101,1987.0,,0.975,0.223,-32.11929,0.90986,340,13,,0.975,0.223
119,House,22525,47,8,NC,200,,,"HARRIS, Mark",H001102,1966.0,,0.818,-0.147,-26.18421,0.92732,347,9,,0.888,0.003
119,House,22530,47,13,NC,200,,,"KNOTT, Brad",K000405,1986.0,,0.896,0.256,-29.31323,0.91832,344,16,,0.896,0.255
119,House,22538,47,6,NC,200,,,"MCDOWELL, Addison P.",M001240,1994.0,,0.535,-0.038,-24.29273,0.93201,345,12,,0.524,-0.055
119,House,22542,47,14,NC,200,,,"MOORE, Tim",M001236,1970.0,,0.559,0.025,-17.70508,0.94998,345,5,,0.584,0.061
119,House,22514,36,1,ND,200,,,"FEDORCHAK, Julie",F000482,1968.0,,0.625,0.184,-14.29478,0.95847,337,7,,0.618,0.174
119,House,22561,95,0,MP,200,,,"KING-HINDS, Kimberlyn",K000404,1975.0,,0.161,-0.193,-12.41043,0.71504,37,7,,0.167,-0.211
119,House,15029,24,9,OH,100,,,"KAPTUR, Marcia Carolyn (Marcy)",K000009,1946.0,,-0.341,0.132,-85.45294,0.77719,339,32,,-0.168,0.005
119,House,20342,24,10,OH,200,,,"TURNER, Michael R.",T000463,1960.0,,0.265,0.259,-28.80966,0.91806,337,10,,0.213,0.464
119,House,20738,24,4,OH,200,,,"JORDAN, Jim",J000289,1964.0,,0.712,-0.182,-22.81017,0.93437,336,11,,0.619,-0.202
119,House,20755,24,5,OH,200,,,"LATTA, Robert E.",L000566,1956.0,,0.508,0.288,-9.87965,0.97193,347,3,,0.527,0.501
119,House,21352,24,3,OH,100,,,"BEATTY, Joyce",B001281,1950.0,,-0.439,0.018,-11.7087,0.9634,314,3,,-0.564,0.396
119,House,21353,24,14,OH,200,,,"JOYCE, David",J000295,1957.0,,0.25,0.314,-23.66746,0.93218,337,10,,0.232,0.267
119,House,21564,24,8,OH,200,,,"DAVIDSON, Warren",D000626,1970.0,,0.652,-0.37,-48.60464,0.86606,338,21,,0.564,-0.563
119,House,21759,24,12,OH,200,,,"BALDERSON, Troy",B001306,1962.0,,0.462,0.196,-13.76728,0.96066,343,5,,0.54,0.269
119,House,22161,24,11,OH,100,,,"BROWN, Shontel  M.",B001313,1975.0,,-0.466,-0.096,-8.7016,0.97524,347,3,,-0.558,0.117
119,House,22162,24,15,OH,200,,,"CAREY, Mike",C001126,1971.0,,0.406,0.021,-12.89693,0.96331,345,3,,0.349,0.47
119,House,22338,24,1,OH,100,,,"LANDSMAN, Greg",L000601,1976.0,,-0.228,0.242,-31.76133,0.91205,345,14,,-0.273,0.398
119,House,22349,24,7,OH,200,,,"MILLER, Max",M001222,1988.0,,0.382,0.019,-27.48669,0.91961,328,14,,0.377,-0.116
119,House,22367,24,13,OH,100,,,"SYKES, Emilia",S001223,1986.0,,-0.325,0.18,-27.1133,0.92203,334,16,,-0.34,0.342
119,House,22379,24,6,OH,200,,,"RULLI, Michael A.",R000619,1969.0,,0.43,-0.017,-21.42485,0.93563,322,7,,0.453,0.052
119,House,22555,24,2,OH,200,,,"TAYLOR, David J.",T000490,1969.0,,0.691,0.723,-15.47889,0.95637,347,8,,0.685,0.728
119,House,20344,53,4,OK,200,,,"COLE, Tom",C001053,1949.0,,0.323,0.413,-8.75113,0.97481,343,3,,0.322,0.404
119,House,21760,53,1,OK,200,,,"HERN, Kevin",H001082,1961.0,,0.68,-0.049,-16.36671,0.95287,339,3,,0.638,-0.009
119,House,22102,53,5,OK,200,,,"BICE, Stephanie I.",B000740,1973.0,,0.413,0.331,-7.91673,0.97712,342,3,,0.462,0.527
119,House,22303,53,2,OK,200,,,"BRECHEEN, Josh",B001317,1979.0,,0.844,-0.481,-14.98022,0.95549,329,8,,0.828,-0.47
119,House,29393,53,3,OK,200,,,"LUCAS, Frank D.",L000491,1960.0,,0.361,0.453,-4.55788,0.98676,342,1,,0.427,0.756
119,House,21198,72,1,OR,100,,,"BONAMICI, Suzanne",B001278,1954.0,,-0.4,-0.416,-5.52785,0.98406,344,2,,-0.524,-0.22
119,House,22101,72,2,OR,200,,,"BENTZ, Cliff",B000668,1952.0,,0.474,0.268,-11.1158,0.96838,346,3,,0.369,0.581
119,House,22327,72,4,OR,100,,,"HOYLE, Val",H001094,1964.0,,-0.232,-0.398,-29.47584,0.91649,338,12,,-0.247,-0.466
119,House,22361,72,6,OR,100,,,"SALINAS, Andrea",S001226,1969.0,,-0.222,-0.209,-20.35367,0.94287,346,7,,-0.273,-0.231
119,House,22507,72,5,OR,100,,,"BYNUM, Janelle S.",B001326,1975.0,,-0.282,0.132,-20.40909,0.94223,343,6,,-0.279,0.123
119,House,22510,72,3,OR,100,,,"DEXTER, Maxine",D000635,1972.0,,-0.443,-0.687,-5.41538,0.98434,343,0,,-0.45,-0.673
119,House,20946,14,15,PA,200,,,"THOMPSON, Glenn",T000467,1959.0,,0.335,0.338,-6.41875,0.98141,342,2,,0.331,0.591
119,House,21167,14,16,PA,200,,,"KELLY, Mike",K000376,1948.0,,0.379,0.395,-13.15791,0.96182,338,6,,0.509,0.601
119,House,21356,14,10,PA,200,,,"PERRY, Scott",P000605,1962.0,,0.685,-0.491,-39.95874,0.88973,342,21,,0.891,-0.454
119,House,21548,14,2,PA,100,,,"BOYLE, Brendan Francis",B001296,1977.0,,-0.381,0.146,-21.56124,0.93694,331,9,,-0.314,-0.011
119,House,21566,14,3,PA,100,,,"EVANS, Dwight",E000296,1954.0,,-0.47,-0.152,-6.21904,0.98045,315,1,,-0.541,-0.091
119,House,21718,14,1,PA,200,,,"FITZPATRICK, Brian K.",F000466,1973.0,,0.141,-0.108,-67.03785,0.822,342,26,,0.173,-0.24
119,House,21745,14,11,PA,200,,,"SMUCKER, Lloyd K.",S001199,1964.0,,0.455,0.134,-11.75581,0.96531,333,5,,0.561,0.407
119,House,21762,14,5,PA,100,,,"SCANLON, Mary Gay",S001205,1959.0,,-0.462,-0.197,-9.98917,0.97096,339,6,,-0.634,0.116
119,House,21915,14,4,PA,100,,,"DEAN, Madeleine",D000631,1959.0,,-0.443,-0.07,-8.40332,0.97566,341,5,,-0.441,-0.075
119,House,21934,14,6,PA,100,,,"HOULAHAN, Christina",H001085,1967.0,,-0.261,0.221,-29.04885,0.91694,335,11,,-0.247,0.011
119,House,21936,14,13,PA,200,,,"JOYCE, John",J000302,1957.0,,0.58,-0.038,-31.39855,0.91349,347,15,,0.686,-0.074
119,House,21945,14,9,PA,200,,,"MEUSER, Dan",M001204,1964.0,,0.492,0.197,-23.83415,0.9295,326,9,,0.648,0.762
119,House,21956,14,14,PA,200,,,"RESCHENTHALER, Guy",R000610,1983.0,,0.446,0.058,-12.21309,0.96522,345,8,,0.592,0.322
119,House,22316,14,17,PA,100,,,"DELUZIO, Chris",D000530,1984.0,,-0.26,-0.13,-28.74852,0.92049,347,13,,-0.327,-0.015
119,House,22342,14,12,PA,100,,,"LEE, Summer",L000602,1987.0,,-0.414,-0.91,-12.18699,0.96549,347,5,,-0.622,-0.738
119,House,22506,14,8,PA,200,,,"BRESNAHAN, Robert P., Jr.",B001327,1990.0,,0.252,0.04,-28.11809,0.92173,345,13,,0.247,0.054
119,House,22533,14,7,PA,200,,,"MACKENZIE, Ryan",M001230,1982.0,,0.295,-0.199,-46.04519,0.87506,345,18,,0.287,-0.19
119,House,22560,92,0,PR,100,,,"HERNÁNDEZ, Pablo José",H001103,1991.0,,-0.496,-0.194,-0.03406,0.99915,40,0,,-0.496,-0.194
119,House,22345,5,2,RI,100,,,"MAGAZINER, Seth",M001223,1983.0,,-0.312,0.131,-24.64353,0.93008,340,15,,-0.238,-0.157
119,House,22375,5,1,RI,100,,,"AMO, Gabe",A000380,1987.0,,-0.431,-0.052,-15.69569,0.95578,347,8,,-0.331,-0.287
119,House,20138,48,2,SC,200,,,"WILSON, Addison Graves (Joe)",W000795,1947.0,,0.53,0.161,-15.28565,0.95433,327,6,,0.633,0.38
119,House,21753,48,5,SC,200,,,"NORMAN, Ralph",N000190,1953.0,,0.852,-0.377,-13.59571,0.95903,325,7,,0.957,-0.287
119,House,21974,48,4,SC,200,,,"TIMMONS, William",T000480,1984.0,,0.6,0.051,-15.63924,0.95568,345,8,,0.597,-0.037
119,House,22132,48,1,SC,200,,,"MACE, Nancy",M000194,1977.0,,0.348,-0.291,-45.02928,0.87387,334,22,,0.462,-0.328
119,House,22322,48,7,SC,200,,,"FRY, Russell",F000478,1985.0,,0.545,-0.265,-33.08021,0.90857,345,17,,0.684,-0.137
119,House,22505,48,3,SC,200,,,"BIGGS, Sheri",B001325,1970.0,,0.835,-0.176,-15.47844,0.95637,347,4,,0.826,-0.198
119,House,39301,48,6,SC,100,,,"CLYBURN, James Enos",C000537,1940.0,,-0.467,0.246,-14.15257,0.95935,341,4,,-0.501,0.22
119,House,21935,37,1,SD,200,,,"JOHNSON, Dustin",J000301,1976.0,,0.467,0.139,-13.6046,0.961,342,8,,0.537,0.31
119,House,20748,54,9,TN,100,,,"COHEN, Stephen",C001068,1949.0,,-0.389,-0.294,-16.21254,0.9522,331,7,,-0.293,-0.412
119,House,21178,54,3,TN,200,,,"FLEISCHMANN, Chuck",F000459,1962.0,,0.432,0.395,-6.85551,0.98044,347,2,,0.454,0.624
119,House,21179,54,4,TN,200,,,"DESJARLAIS, Scott",D000616,1964.0,,0.578,-0.043,-16.22286,0.95273,335,5,,0.584,0.141
119,House,21731,54,8,TN,200,,,"KUSTOFF, David",K000392,1966.0,,0.542,0.34,-15.83326,0.95502,344,6,,0.488,0.167
119,House,21905,54,2,TN,200,,,"BURCHETT, Timothy",B001309,1964.0,,0.666,-0.443,-32.40965,0.90726,333,12,,0.683,-0.642
119,House,21926,54,7,TN,200,,,"GREEN, Mark",G000590,1964.0,,0.671,0.018,-7.42224,0.9465,135,4,,0.846,0.355
119,House,21959,54,6,TN,200,,,"ROSE, John",R000612,1965.0,,0.661,0.111,-21.78035,0.93759,338,7,,0.528,-0.028
119,House,22122,54,1,TN,200,,,"HARSHBARGER, Diana",H001086,1960.0,,0.678,-0.1,-22.188,0.93736,343,8,,0.682,-0.225
119,House,22357,54,5,TN,200,,,"OGLES, Andy",O000175,1971.0,,0.776,-0.364,-18.26245,0.94679,334,9,,0.75,-0.311
119,House,22566,54,7,TN,200,,,"VAN EPPS, MATT",V000139,,,0.722,0.482,-0.79013,0.99135,91,0,,0.673,0.407
119,House,20356,49,31,TX,200,,,"CARTER, John R.",C001051,1941.0,,0.487,0.547,-18.95377,0.94609,342,11,,0.56,0.316
119,House,20529,49,9,TX,100,,,"GREEN, Al",G000553,1947.0,,-0.447,0.261,-20.74745,0.9408,340,4,,-0.488,-0.434
119,House,20530,49,10,TX,200,,,"McCAUL, Michael T.",M001157,1962.0,,0.411,0.176,-9.75565,0.96842,304,3,,0.328,0.607
119,House,20533,49,28,TX,100,,,"CUELLAR, Henry",C001063,1955.0,,-0.225,0.646,-77.47281,0.7999,347,38,,-0.199,0.98
119,House,21360,49,14,TX,200,,,"WEBER, Randy",W000814,1953.0,,0.72,0.023,-20.64674,0.94074,338,12,,0.578,-0.107
119,House,21362,49,20,TX,100,,,"CASTRO, Joaquin",C001091,1974.0,,-0.401,-0.137,-16.65777,0.95191,338,6,,-0.414,-0.593
119,House,21364,49,25,TX,200,,,"WILLIAMS, Roger",W000816,1949.0,,0.594,0.062,-15.75777,0.95337,330,7,,0.518,0.145
119,House,21365,49,33,TX,100,,,"VEASEY, Marc",V000131,1971.0,,-0.408,0.365,-37.51281,0.89554,340,15,,-0.509,0.861
119,House,21551,49,36,TX,200,,,"BABIN, Brian",B001291,1948.0,,0.708,0.119,-19.94866,0.94302,340,10,,0.616,0.142
119,House,21700,49,19,TX,200,,,"ARRINGTON, Jodey Cook",A000375,1972.0,,0.643,0.0,-18.68224,0.9456,334,8,,0.657,0.051
119,House,21722,49,34,TX,100,,,"GONZALEZ, Vicente Jr.",G000581,1967.0,,-0.388,0.893,-80.92805,0.78482,334,43,,-0.296,0.955
119,House,21758,49,27,TX,200,,,"CLOUD, Michael",C001115,1975.0,,0.692,-0.362,-33.74333,0.90682,345,12,,0.86,-0.263
119,House,21911,49,2,TX,200,,,"CRENSHAW, Daniel",C001120,1984.0,,0.436,0.266,-12.3296,0.96255,323,7,,0.501,0.186
119,House,21917,49,16,TX,100,,,"ESCOBAR, Veronica",E000299,1969.0,,-0.482,-0.268,-9.67005,0.97228,344,4,,-0.442,-0.423
119,House,21919,49,7,TX,100,,,"FLETCHER, Elizabeth",F000468,1975.0,,-0.523,0.852,-49.76298,0.86495,343,23,,-0.68,0.7
119,House,21922,49,29,TX,100,,,"GARCIA, Sylvia",G000587,1950.0,,-0.771,0.319,-12.90926,0.96198,333,4,,-0.699,0.307
119,House,21925,49,5,TX,200,,,"GOODEN, Lance",G000589,1982.0,,0.717,-0.051,-40.7796,0.88821,344,17,,0.576,-0.127
119,House,21961,49,21,TX,200,,,"ROY, Charles",R000614,1972.0,,0.8,-0.6,-21.70542,0.93762,337,10,,0.802,-0.597
119,House,22112,49,4,TX,200,,,"FALLON, Pat",F000246,1967.0,,0.714,0.127,-20.01422,0.943,341,7,,0.714,0.206
119,House,22119,49,23,TX,200,,,"GONZALES, Tony",G000594,1980.0,,0.35,0.229,-18.54866,0.94614,335,9,,0.569,0.441
119,House,22125,49,13,TX,200,,,"JACKSON, Ronny",J000304,1967.0,,0.785,0.157,-24.94173,0.92784,333,10,,0.922,0.388
119,House,22143,49,22,TX,200,,,"NEHLS, Troy E.",N000026,1968.0,,0.611,-0.234,-17.01795,0.94944,328,5,,0.603,-0.177
119,House,22147,49,11,TX,200,,,"PFLUGER, August",P000048,1977.0,,0.634,0.37,-13.91608,0.96047,345,5,,0.547,0.249
119,House,22155,49,24,TX,200,,,"VAN DUYNE, Beth",V000134,1970.0,,0.606,-0.004,-19.21714,0.94551,343,9,,0.623,-0.068
119,House,22160,49,6,TX,200,,,"ELLZEY, Jake",E000071,1970.0,,0.511,0.704,-6.22335,0.98202,343,2,,0.398,0.821
119,House,22307,49,35,TX,100,,,"CASAR, Greg",C001131,1989.0,,-0.423,-0.868,-4.90984,0.98218,273,1,,-0.575,-0.754
119,House,22312,49,30,TX,100,,,"CROCKETT, Jasmine",C001130,1981.0,,-0.5,-0.202,-6.39921,0.98102,334,1,,-0.492,-0.203
119,House,22315,49,15,TX,200,,,"DE LA CRUZ, Monica",D000594,1974.0,,0.467,0.112,-20.90914,0.93788,326,11,,0.484,-0.039
119,House,22328,49,38,TX,200,,,"HUNT, Wesley",H001095,1981.0,,0.596,-0.285,-9.01129,0.96389,245,2,,0.596,-0.311
119,House,22344,49,8,TX,200,,,"LUTTRELL, Morgan",L000603,1975.0,,0.597,-0.048,-27.74123,0.92187,341,11,,0.569,-0.172
119,House,22352,49,1,TX,200,,,"MORAN, Nathaniel",M001224,1974.0,,0.585,0.567,-12.31575,0.96473,343,7,,0.649,0.482
119,House,22364,49,3,TX,200,,,"SELF, Keith",S001224,1953.0,,0.818,-0.276,-38.13969,0.89359,339,19,,0.778,-0.453
119,House,22517,49,26,TX,200,,,"GILL, Brandon",G000603,1994.0,,0.767,-0.268,-24.67632,0.92979,339,12,,0.807,-0.184
119,House,22519,49,12,TX,200,,,"GOLDMAN, Craig A.",G000601,1968.0,,0.837,0.51,-16.85645,0.95218,344,8,,0.836,0.51
119,House,22528,49,32,TX,100,,,"JOHNSON, Julie",J000310,1966.0,,-0.403,0.462,-29.46917,0.91836,346,14,,-0.402,0.46
119,House,22557,49,18,TX,100,,,"TURNER, Sylvester",T000489,1954.0,2025.0,-0.746,0.666,-2.80447,0.93062,39,1,,-0.937,0.348
119,House,29571,49,37,TX,100,,,"DOGGETT, Lloyd Alton, II",D000399,1946.0,,-0.403,-0.333,-8.23133,0.97601,339,4,,-0.501,-0.393
119,House,29759,49,17,TX,200,,,"SESSIONS, Pete",S000250,1955.0,,0.584,0.171,-19.77112,0.94446,346,6,,0.48,0.038
119,House,22141,67,1,UT,200,,,"MOORE, Blake D.",M001213,1980.0,,0.369,0.32,-17.79393,0.94973,345,7,,0.463,0.252
119,House,22146,67,4,UT,200,,,"OWENS, Burgess",O000086,1951.0,,0.452,0.168,-14.62055,0.95827,343,8,,0.45,0.225
119,House,22376,67,2,UT,200,,,"MALOY, Celeste",M001228,1981.0,,0.404,0.086,-18.12223,0.94883,345,6,,0.374,0.192
119,House,22529,67,3,UT,200,,,"KENNEDY, Mike",K000403,1969.0,,0.64,-0.29,-33.92993,0.90476,339,16,,0.662,-0.24
119,House,22301,6,1,VT,100,,,"BALINT, Becca",B001318,1968.0,,-0.444,-0.494,-6.21619,0.98209,344,2,,-0.42,-0.583
119,House,21994,96,0,VI,100,,,"PLASKETT, Stacey E.",P000610,1966.0,,-0.473,0.565,-3.70903,0.90701,38,1,,-0.969,0.249
119,House,20756,40,1,VA,200,,,"WITTMAN, Robert J.",W000804,1959.0,,0.447,0.024,-23.82861,0.93232,340,11,,0.41,0.06
119,House,20952,40,11,VA,100,,,"CONNOLLY, Gerald E. (Gerry)",C001078,1950.0,2025.0,-0.309,-0.047,-4.55046,0.93875,72,1,,-0.313,-0.72
119,House,21191,40,9,VA,200,,,"GRIFFITH, H. Morgan",G000568,1958.0,,0.509,-0.335,-42.08879,0.88515,345,20,,0.433,-0.18
119,House,21554,40,8,VA,100,,,"BEYER, Donald Sternoff Jr.",B001292,1950.0,,-0.394,-0.106,-10.40378,0.96933,334,4,,-0.451,-0.143
119,House,21908,40,6,VA,200,,,"CLINE, Benjamin",C001118,1972.0,,0.716,-0.201,-18.47187,0.94801,346,6,,0.736,-0.157
119,House,22335,40,2,VA,200,,,"KIGGANS, Jennifer",K000399,1971.0,,0.26,0.461,-14.09553,0.95974,343,6,,0.255,0.61
119,House,22374,40,4,VA,100,,,"MCCLELLAN, Jennifer",M001227,1972.0,,-0.548,0.06,-6.10498,0.98241,344,2,,-0.537,0.107
119,House,22539,40,5,VA,200,,,"MCGUIRE, John J., III",M001239,1968.0,,0.693,-0.237,-34.87391,0.90359,344,13,,0.682,-0.264
119,House,22554,40,10,VA,100,,,"SUBRAMANYAM, Suhas",S001230,1986.0,,-0.253,-0.171,-21.15803,0.94001,342,9,,-0.266,-0.11
119,House,22558,40,7,VA,100,,,"VINDMAN, Eugene Simon",V000138,1975.0,,-0.17,0.149,-31.91186,0.91116,343,11,,-0.169,0.147
119,House,22564,40,11,VA,100,,,"WALKINSHAW, James R.",W000831,,,-0.393,0.156,-3.88512,0.97409,148,2,,-0.387,0.127
119,House,39307,40,3,VA,100,,,"SCOTT, Robert C.",S000185,1947.0,,-0.451,-0.003,-7.20672,0.97939,346,1,,-0.514,-0.029
119,House,20145,73,2,WA,100,,,"LARSEN, Richard Ray (Rick)",L000560,1965.0,,-0.365,0.166,-22.56519,0.93505,336,7,,-0.382,0.201
119,House,21556,73,4,WA,200,,,"NEWHOUSE, Daniel Milton",N000189,1955.0,,0.317,0.334,-10.40838,0.96976,339,5,,0.288,0.563
119,House,21726,73,7,WA,100,,,"JAYAPAL, Pramila",J000298,1965.0,,-0.614,-0.561,-9.13195,0.97229,325,6,,-0.461,-0.811
119,House,21962,73,8,WA,100,,,"SCHRIER, Kim",S001216,1968.0,,-0.276,0.381,-30.06337,0.91678,346,13,,-0.222,0.108
119,House,22153,73,10,WA,100,,,"STRICKLAND, Marilyn",S001159,1962.0,,-0.446,0.365,-14.95695,0.95696,340,7,,-0.409,0.208
119,House,22358,73,3,WA,100,,,"PEREZ, Marie Gluesenkamp",G000600,1988.0,,-0.096,0.363,-67.31957,0.82132,342,21,,-0.163,0.659
119,House,22502,73,5,WA,200,,,"BAUMGARTNER, Michael",B001322,1975.0,,0.546,0.217,-15.15375,0.95678,343,6,,0.528,0.189
119,House,22548,73,6,WA,100,,,"RANDALL, Emily",R000621,1985.0,,-0.668,-0.128,-5.35449,0.98395,331,2,,-0.684,-0.063
119,House,29768,73,9,WA,100,,,"SMITH, Adam",S000510,1965.0,,-0.291,-0.165,-17.19723,0.95068,340,7,,-0.389,-0.078
119,House,31101,73,1,WA,100,,,"DelBENE, Suzan K.",D000617,1962.0,,-0.295,-0.198,-12.8394,0.96283,339,5,,-0.393,0.033
119,House,21946,56,1,WV,200,,,"MILLER, Carol",M001205,1950.0,,0.527,0.106,-18.36863,0.94711,338,6,,0.68,0.275
119,House,22543,56,2,WV,200,,,"MOORE, Riley M.",M001235,1980.0,,0.898,0.44,-44.91788,0.87792,345,19,,0.898,0.44
119,House,20537,25,4,WI,100,,,"MOORE, Gwendolynne S. (Gwen)",M001160,1951.0,,-0.521,-0.271,-11.10335,0.96749,336,6,,-0.509,-0.178
119,House,21370,25,2,WI,100,,,"POCAN, Mark",P000607,1964.0,,-0.523,-0.555,-6.16869,0.98212,342,2,,-0.453,-0.558
119,House,21559,25,6,WI,200,,,"GROTHMAN, Glenn",G000576,1955.0,,0.599,-0.205,-35.70942,0.9003,340,16,,0.617,-0.187
119,House,21970,25,1,WI,200,,,"STEIL, Bryan",S001213,1981.0,,0.42,0.066,-13.44977,0.96187,346,7,,0.532,0.35
119,House,21989,25,7,WI,200,,,"TIFFANY, Thomas P.",T000165,1957.0,,0.642,-0.252,-25.79575,0.92546,333,8,,0.643,-0.328
119,House,22115,25,5,WI,200,,,"FITZGERALD, Scott",F000471,1963.0,,0.6,0.085,-14.31766,0.95912,343,5,,0.598,0.081
119,House,22370,25,3,WI,200,,,"VAN ORDEN, Derrick",V000135,1969.0,,0.376,-0.036,-26.50234,0.91806,310,12,,0.395,-0.135
119,House,22383,25,8,WI,200,,,"WIED, Tony",W000829,1976.0,,0.517,-0.263,-22.59166,0.93679,346,7,,0.561,-0.213
119,House,22325,68,1,WY,200,,,"HAGEMAN, Harriet",H001096,1962.0,,0.651,-0.35,-27.87745,0.92259,346,11,,0.653,-0.256
119,Senate,42102,41,0,AL,200,,,"TUBERVILLE, Thomas Hawley (Tommy)",T000278,1954.0,,0.936,-0.352,-20.48346,0.96884,647,4,,0.717,0.216
119,Senate,42300,41,0,AL,200,,,"BRITT, Katie Elizabeth",B001319,1982.0,,0.586,0.587,-7.70983,0.9884,661,4,,0.704,0.464
119,Senate,40300,81,0,AK,200,,,"MURKOWSKI, Lisa",M001153,1957.0,,0.203,-0.304,-86.89451,0.8754,653,37,,0.167,-0.202
119,Senate,41500,81,0,AK,200,,,"SULLIVAN, Daniel Scott",S001198,1964.0,,0.476,0.156,-57.52988,0.91604,656,16,,0.3,0.275
119,Senate,21502,61,0,AZ,100,,,"GALLEGO, Ruben",G000574,1979.0,,-0.358,0.141,-88.99796,0.85797,581,43,,-0.297,0.25
119,Senate,41905,61,0,AZ,100,,,"KELLY, Mark Edward",K000377,1964.0,,-0.264,0.29,-77.0006,0.88597,636,40,,-0.295,0.298
119,Senate,20101,42,0,AR,200,,,"BOOZMAN, John",B001236,1950.0,,0.426,0.34,-7.47843,0.9888,664,4,,0.418,0.317
119,Senate,21301,42,0,AR,200,,,"COTTON, Tom",C001095,1977.0,,0.578,0.199,-8.4579,0.98736,665,2,,0.514,0.283
119,Senate,20104,71,0,CA,100,,,"SCHIFF, Adam",S001150,1960.0,,-0.352,-0.119,-88.05792,0.8751,660,52,,-0.377,-0.069
119,Senate,42104,71,0,CA,100,,,"PADILLA, Alejandro (Alex)",P000145,1973.0,,-0.438,-0.249,-54.07319,0.91994,648,33,,-0.549,-0.085
119,Senate,40910,62,0,CO,100,,,"BENNET, Michael F.",B001267,1964.0,,-0.242,-0.191,-81.13947,0.88514,665,34,,-0.294,-0.271
119,Senate,42101,62,0,CO,100,,,"HICKENLOOPER, John Wright",H000273,1952.0,,-0.29,-0.016,-82.39609,0.88379,667,30,,-0.309,-0.007
119,Senate,20707,1,0,CT,100,,,"MURPHY, Christopher",M001169,1973.0,,-0.287,-0.258,-98.31864,0.86081,656,46,,-0.531,-0.582
119,Senate,41101,1,0,CT,100,,,"BLUMENTHAL, Richard",B001277,1946.0,,-0.434,-0.152,-39.76804,0.94212,667,19,,-0.43,-0.146
119,Senate,21706,11,0,DE,100,,,"BLUNT ROCHESTER, Lisa",B001303,1962.0,,-0.386,-0.12,-42.93892,0.93819,673,14,,-0.441,-0.204
119,Senate,40916,11,0,DE,100,,,"COONS, Christopher A.",C001088,1963.0,,-0.238,-0.215,-74.61195,0.89012,641,25,,-0.258,-0.199
119,Senate,41102,43,0,FL,200,,,"RUBIO, Marco",R000595,1971.0,,0.616,-0.184,-0.00062,0.99991,7,0,,0.569,0.415
119,Senate,41903,43,0,FL,200,,,"SCOTT, Richard Lynn (Rick)",S001217,1952.0,,0.722,-0.037,-22.44109,0.96725,674,8,,0.903,0.027
119,Senate,42506,43,0,FL,200,,,"MOODY, Ashley Brooke",M001244,1975.0,,0.712,0.108,-11.02462,0.98353,664,6,,0.709,0.107
119,Senate,42103,44,0,GA,100,,,"OSSOFF, Thomas Jonathan (Jon)",O000174,1987.0,,-0.459,0.475,-47.45722,0.9271,627,18,,-0.541,0.776
119,Senate,42105,44,0,GA,100,,,"WARNOCK, Raphael Gamaliel",W000790,1969.0,,-0.431,0.423,-63.88207,0.90734,657,30,,-0.47,0.621
119,Senate,20713,82,0,HI,100,,,"HIRONO, Mazie",H001042,1947.0,,-0.512,-0.089,-41.13004,0.9408,674,14,,-0.503,-0.087
119,Senate,41112,82,0,HI,100,,,"SCHATZ, Brian Emanuel",S001194,1972.0,,-0.448,-0.119,-41.9824,0.93917,669,20,,-0.478,-0.245
119,Senate,29345,63,0,ID,200,,,"CRAPO, Michael Dean",C000880,1951.0,,0.505,0.291,-8.18137,0.98788,671,2,,0.561,0.271
119,Senate,40902,63,0,ID,200,,,"RISCH, James",R000584,1943.0,,0.552,0.384,-8.1032,0.98783,662,4,,0.72,0.385
119,Senate,15021,21,0,IL,100,,,"DURBIN, Richard Joseph",D000563,1944.0,,-0.34,-0.311,-104.15679,0.8536,658,50,,-0.253,-0.417
119,Senate,21325,21,0,IL,100,,,"DUCKWORTH, Tammy",D000622,1968.0,,-0.345,0.056,-67.69966,0.8964,619,42,,-0.4,-0.178
119,Senate,21133,22,0,IN,200,,,"YOUNG, Todd",Y000064,1972.0,,0.439,-0.024,-13.63651,0.97985,670,3,,0.47,0.144
119,Senate,21702,22,0,IN,200,,,"BANKS, James E.",B001299,1979.0,,0.648,0.014,-8.93057,0.9867,667,4,,0.675,0.04
119,Senate,14226,31,0,IA,200,,,"GRASSLEY, Charles Ernest",G000386,1933.0,,0.362,-0.035,-19.98021,0.97071,672,9,,0.42,0.174
119,Senate,41502,31,0,IA,200,,,"ERNST, Joni",E000295,1970.0,,0.537,-0.032,-13.41923,0.97993,662,5,,0.636,0.196
119,Senate,21734,32,0,KS,200,,,"MARSHALL, Roger Wayne",M001198,1960.0,,0.607,0.139,-9.63966,0.98572,670,6,,0.597,0.144
119,Senate,29722,32,0,KS,200,,,"MORAN, Jerry",M000934,1954.0,,0.413,0.221,-19.85358,0.96946,640,8,,0.412,0.165
119,Senate,14921,51,0,KY,200,,,"McCONNELL, Addison Mitchell (Mitch)",M000355,1942.0,,0.402,0.018,-50.22151,0.92231,621,17,,0.321,-0.059
119,Senate,41104,51,0,KY,200,,,"PAUL, Rand",P000603,1963.0,,0.891,-0.454,-219.63172,0.71401,652,92,,0.497,-0.867
119,Senate,20919,45,0,LA,200,,,"CASSIDY, Bill",C001075,1957.0,,0.464,-0.048,-14.54424,0.97732,634,6,,0.458,0.012
119,Senate,41703,45,0,LA,200,,,"KENNEDY, John Neely",K000393,1951.0,,0.56,-0.149,-21.12736,0.96854,661,9,,0.687,-0.203
119,Senate,41300,2,0,ME,328,,,"KING, Angus Stanley, Jr.",K000383,1944.0,,-0.167,-0.187,-111.07238,0.84618,665,46,,-0.17,-0.183
119,Senate,49703,2,0,ME,200,,,"COLLINS, Susan Margaret",C001035,1952.0,,0.124,-0.505,-100.63633,0.86168,676,56,,0.186,-0.414
119,Senate,20330,52,0,MD,100,,,"VAN HOLLEN, Christopher",V000128,1959.0,,-0.398,-0.227,-39.09627,0.94282,664,15,,-0.474,-0.506
119,Senate,42500,52,0,MD,100,,,"ALSOBROOKS, Angela Deneece",A000382,1971.0,,-0.442,0.048,-55.31607,0.92041,667,25,,-0.44,0.045
119,Senate,14435,3,0,MA,100,,,"MARKEY, Edward John",M000133,1946.0,,-0.517,-0.471,-16.22566,0.97611,671,2,,-0.988,0.152
119,Senate,41301,3,0,MA,100,,,"WARREN, Elizabeth",W000817,1949.0,,-0.745,-0.37,-11.3714,0.98297,662,4,,-0.752,-0.66
119,Senate,20923,23,0,MI,100,,,"PETERS, Gary C.",P000595,1958.0,,-0.25,-0.183,-85.78649,0.87811,660,40,,-0.272,-0.189
119,Senate,21965,23,0,MI,100,,,"SLOTKIN, Elissa",S001208,1976.0,,-0.368,0.781,-72.2516,0.89541,654,35,,-0.371,0.59
119,Senate,40700,33,0,MN,100,,,"KLOBUCHAR, Amy",K000367,1960.0,,-0.278,-0.325,-75.43268,0.89337,669,45,,-0.26,-0.244
119,Senate,41706,33,0,MN,100,,,"SMITH, Tina",S001203,1958.0,,-0.409,-0.121,-42.79068,0.93571,644,16,,-0.468,-0.34
119,Senate,29534,46,0,MS,200,,,"WICKER, Roger F.",W000437,1951.0,,0.377,0.341,-7.22904,0.98892,649,1,,0.423,0.278
119,Senate,41707,46,0,MS,200,,,"HYDE-SMITH, Cindy",H001079,1959.0,,0.449,0.333,-7.55814,0.9887,665,3,,0.458,0.356
119,Senate,41901,34,0,MO,200,,,"HAWLEY, Joshua David",H001089,1979.0,,0.83,-0.372,-93.57963,0.86495,645,34,,0.51,-0.603
119,Senate,42303,34,0,MO,200,,,"SCHMITT, Eric Stephen",S001227,1975.0,,0.902,0.076,-9.43922,0.98595,667,2,,0.738,0.284
119,Senate,21338,64,0,MT,200,,,"DAINES, Steve",D000618,1962.0,,0.59,-0.024,-12.24371,0.98151,656,3,,0.702,0.713
119,Senate,42503,64,0,MT,200,,,"SHEEHY, Timothy Patrick",S001232,1985.0,,0.638,0.77,-6.80876,0.98971,658,3,,0.659,0.752
119,Senate,41302,35,0,NE,200,,,"FISCHER, Debra (Deb)",F000463,1951.0,,0.46,0.335,-10.16676,0.98498,672,3,,0.413,0.397
119,Senate,42302,35,0,NE,200,,,"RICKETTS, John Peter (Pete)",R000618,1964.0,,0.441,0.506,-6.80587,0.98995,674,2,,0.452,0.397
119,Senate,21743,65,0,NV,100,,,"ROSEN, Jacklyn Sheryl",R000608,1957.0,,-0.286,0.317,-75.65834,0.89246,665,39,,-0.287,0.358
119,Senate,41700,65,0,NV,100,,,"CORTEZ MASTO, Catherine Marie",C001113,1964.0,,-0.347,0.35,-102.67694,0.85572,659,50,,-0.349,0.569
119,Senate,40906,4,0,NH,100,,,"SHAHEEN, Jeanne",S001181,1947.0,,-0.221,-0.139,-114.44196,0.83924,653,55,,-0.162,-0.167
119,Senate,41702,4,0,NH,100,,,"HASSAN, Margaret (Maggie)",H001076,1958.0,,-0.225,0.019,-80.96501,0.88585,668,32,,-0.2,0.011
119,Senate,21937,12,0,NJ,100,,,"KIM, Andy",K000394,1982.0,,-0.408,0.231,-79.69358,0.88833,673,47,,-0.432,0.16
119,Senate,41308,12,0,NJ,100,,,"BOOKER, Cory Anthony",B001288,1969.0,,-0.558,-0.25,-77.29375,0.88723,646,31,,-0.488,-0.107
119,Senate,20930,66,0,NM,100,,,"HEINRICH, Martin",H001046,1971.0,,-0.334,-0.001,-77.17395,0.88674,642,36,,-0.358,0.171
119,Senate,20932,66,0,NM,100,,,"LUJÁN, Ben Ray",L000570,1972.0,,-0.38,0.032,-56.01069,0.9198,670,21,,-0.501,0.326
119,Senate,14858,13,0,NY,100,,,"SCHUMER, Charles Ellis (Chuck)",S000148,1950.0,,-0.355,-0.411,-45.07169,0.93522,673,18,,-0.414,-0.216
119,Senate,20735,13,0,NY,100,,,"GILLIBRAND, Kirsten",G000555,1966.0,,-0.449,-0.308,-99.29461,0.8613,665,52,,-0.372,0.037
119,Senate,21708,47,0,NC,200,,,"BUDD, Theodore Paul",B001305,1971.0,,0.633,-0.077,-16.14409,0.97558,653,6,,0.658,-0.128
119,Senate,41504,47,0,NC,200,,,"TILLIS, Thomas Roland (Thom)",T000476,1960.0,,0.386,-0.104,-30.64137,0.95013,599,11,,0.377,-0.124
119,Senate,21350,36,0,ND,200,,,"CRAMER, Kevin",C001096,1961.0,,0.4,0.367,-10.29686,0.98436,653,4,,0.456,0.296
119,Senate,41107,36,0,ND,200,,,"HOEVEN, John",H001061,1957.0,,0.401,0.449,-10.06735,0.98506,669,3,,0.505,0.427
119,Senate,42304,24,0,OH,200,,,"VANCE, James David",V000137,1984.0,,0.85,-0.527,-0.0,1.0,1,0,,0.0,0.0
119,Senate,42502,24,0,OH,200,,,"MORENO, Bernardo (Bernie)",M001242,1967.0,,0.74,0.236,-5.95704,0.99123,676,2,,0.738,0.242
119,Senate,42505,24,0,OH,200,,,"HUSTED, Jon Allen",H001104,1967.0,,0.669,0.672,-7.65248,0.98863,669,3,,0.69,0.613
119,Senate,21166,53,0,OK,200,,,"LANKFORD, James",L000575,1968.0,,0.59,0.148,-9.61396,0.98584,674,6,,0.562,0.219
119,Senate,21355,53,0,OK,200,,,"MULLIN, Markwayne",M001190,1977.0,,0.531,0.251,-9.29649,0.98551,637,4,,0.418,0.317
119,Senate,14871,72,0,OR,100,,,"WYDEN, Ronald Lee",W000779,1949.0,,-0.334,-0.487,-39.14333,0.94233,659,15,,-0.43,-0.412
119,Senate,40908,72,0,OR,100,,,"MERKLEY, Jeff",M001176,1956.0,,-0.453,-0.719,-24.67669,0.96384,670,10,,-0.514,-0.488
119,Senate,42301,14,0,PA,100,,,"FETTERMAN, John Karl",F000479,1969.0,,-0.186,0.146,-116.11299,0.83168,630,57,,-0.172,0.243
119,Senate,42501,14,0,PA,200,,,"MCCORMICK, David Harold",M001243,1965.0,,0.6,0.588,-5.35073,0.99188,656,1,,0.576,0.581
119,Senate,29142,5,0,RI,100,,,"REED, John F. (Jack)",R000122,1949.0,,-0.36,-0.155,-100.35177,0.86051,668,46,,-0.294,-0.104
119,Senate,40704,5,0,RI,100,,,"WHITEHOUSE, Sheldon",W000802,1955.0,,-0.349,-0.112,-72.76138,0.8944,652,27,,-0.316,-0.256
119,Senate,21173,48,0,SC,200,,,"SCOTT, Tim",S001184,1965.0,,0.629,0.023,-10.37251,0.98426,654,5,,0.505,0.426
119,Senate,29566,48,0,SC,200,,,"GRAHAM, Lindsey O.",G000359,1955.0,,0.367,-0.269,-26.00667,0.95975,633,3,,0.454,0.321
119,Senate,29754,37,0,SD,200,,,"THUNE, John",T000250,1961.0,,0.432,0.226,-44.83464,0.93574,675,11,,0.345,0.171
119,Senate,41505,37,0,SD,200,,,"ROUNDS, Marion Michael (Mike)",R000605,1954.0,,0.351,0.086,-13.06163,0.98075,672,3,,0.387,0.347
119,Senate,20351,54,0,TN,200,,,"BLACKBURN, Marsha",B001243,1952.0,,0.632,0.141,-6.40232,0.99008,642,2,,0.63,0.189
119,Senate,42100,54,0,TN,200,,,"HAGERTY, William Francis (Bill)",H000601,1959.0,,0.679,-0.085,-6.5628,0.99002,654,0,,0.758,0.108
119,Senate,40305,49,0,TX,200,,,"CORNYN, John",C001056,1952.0,,0.471,-0.062,-11.68622,0.98279,673,3,,0.613,0.358
119,Senate,41304,49,0,TX,200,,,"CRUZ, Rafael Edward (Ted)",C001098,1970.0,,0.781,-0.179,-16.24871,0.97466,633,5,,0.883,0.249
119,Senate,21755,67,0,UT,200,,,"CURTIS, John R.",C001114,1960.0,,0.452,0.12,-29.65292,0.95639,665,11,,0.659,-0.092
119,Senate,41110,67,0,UT,200,,,"LEE, Mike",L000577,1971.0,,0.891,-0.454,-38.02966,0.94343,653,18,,1.0,-0.019
119,Senate,20750,6,0,VT,100,,,"WELCH, Peter",W000800,1947.0,,-0.401,-0.405,-70.81524,0.89304,626,30,,-0.335,-0.573
119,Senate,29147,6,0,VT,328,,,"SANDERS, Bernard",S000033,1941.0,,-0.545,-0.428,-21.52104,0.96578,618,6,,-0.69,-0.616
119,Senate,40909,40,0,VA,100,,,"WARNER, Mark",W000805,1954.0,,-0.213,-0.037,-83.42458,0.88109,659,31,,-0.241,0.04
119,Senate,41305,40,0,VA,100,,,"KAINE, Timothy Michael (Tim)",K000384,1958.0,,-0.237,-0.112,-100.40076,0.86084,670,58,,-0.209,-0.228
119,Senate,39310,73,0,WA,100,,,"CANTWELL, Maria E.",C000127,1958.0,,-0.308,-0.402,-55.92242,0.92049,675,16,,-0.35,-0.298
119,Senate,49308,73,0,WA,100,,,"MURRAY, Patty",M001111,1950.0,,-0.356,-0.314,-34.09312,0.94748,632,8,,-0.469,-0.283
119,Senate,20146,56,0,WV,200,,,"CAPITO, Shelley Moore",C001047,1953.0,,0.284,0.144,-17.30135,0.97417,661,2,,0.454,0.321
119,Senate,42504,56,0,WV,200,,,"JUSTICE, James Conley, II",J000312,1951.0,,0.587,0.348,-7.09154,0.98908,646,1,,0.564,0.343
119,Senate,29940,25,0,WI,100,,,"BALDWIN, Tammy",B001230,1962.0,,-0.486,-0.124,-64.71561,0.90832,673,36,,-0.392,-0.098
119,Senate,41111,25,0,WI,200,,,"JOHNSON, Ron",J000293,1955.0,,0.643,-0.144,-19.5114,0.97121,668,6,,0.875,0.094
119,Senate,20953,68,0,WY,200,,,"LUMMIS, Cynthia M.",L000571,1954.0,,0.685,-0.327,-22.82272,0.9657,654,8,,0.924,0.042
119,Senate,40707,68,0,WY,200,,,"BARRASSO, John A.",B001261,1952.0,,0.54,0.193,-10.34795,0.98472,672,4,,0.628,0.269
