Congress,Committee Code,ID #,Name,Maj/Min,Rank Within Party,Party Code,Date of Appointment,Date of Termination,Senior Party Member,Committee Seniority,Committee Period of Service,Committee status at end of this Congress,Committee continuity of assignment in next Congress,Appointment Citation,Committee Name,State Code,District,State Name,Notes,,,,,
112,305,29732,"Stabenow, Deborah Ann",1,1,100,2/2/11,1/3/13,11,11,2,1,1,SRES42,"Agriculture, Nutrition, and Forestry",23,81,MI,,,,,,
112,305,14307,"Leahy, Patrick J.",1,2,100,2/2/11,1/3/13,0,37,2,1,1,SRES42,"Agriculture, Nutrition, and Forestry",6,83,VT,,,,,,
112,305,14230,"Harkin, Tom",1,3,100,2/2/11,1/3/13,0,26,2,1,1,SRES42,"Agriculture, Nutrition, and Forestry",31,82,IA,,,,,,
112,305,15502,"Conrad, Kent",1,4,100,2/2/11,1/3/13,0,25,2,1,0,SRES42,"Agriculture, Nutrition, and Forestry",36,81,ND,,,,,,
112,305,14203,"Baucus, Max",1,5,100,2/2/11,1/3/13,0,23,2,1,1,SRES42,"Agriculture, Nutrition, and Forestry",64,82,MT,,,,,,
112,305,40103,"Nelson, Earl Benjamin (Ben)",1,6,100,2/2/11,1/3/13,0,11,2,1,0,SRES42,"Agriculture, Nutrition, and Forestry",35,81,NE,,,,,,
112,305,29389,"Brown, Sherrod",1,7,100,2/2/11,1/3/13,0,5,2,1,1,SRES42,"Agriculture, Nutrition, and Forestry",24,81,OH,,,,,,
112,305,40703,"Casey, Robert P., Jr.",1,8,100,2/2/11,1/3/13,0,5,3,1,1,SRES42,"Agriculture, Nutrition, and Forestry",14,81,PA,,,,,,
112,305,40700,"Klobuchar, Amy",1,9,100,2/2/11,1/3/13,0,5,2,1,1,SRES42,"Agriculture, Nutrition, and Forestry",33,81,MN,,,,,,
112,305,40910,"Bennet, Michael",1,10,100,2/2/11,1/3/13,0,3,2,1,1,SRES42,"Agriculture, Nutrition, and Forestry",62,83,CO,,,,,,
112,305,20735,"Gillibrand, Kirsten E.",1,12,100,2/2/11,1/3/13,0,3,2,1,1,SRES42,"Agriculture, Nutrition, and Forestry",13,81,NY,,,,,,
112,305,14852,"Roberts, Pat",2,1,200,2/2/11,1/3/13,21,15,2,1,1,SRES43,"Agriculture, Nutrition, and Forestry",32,82,KS,,,,,,
112,305,14506,"Lugar, Richard G.",2,2,200,2/2/11,1/3/13,0,35,2,1,0,SRES43,"Agriculture, Nutrition, and Forestry",22,81,IN,,,,,,
112,305,14009,"Cochran, Thad",2,3,200,2/2/11,1/3/13,0,33,2,1,1,SRES43,"Agriculture, Nutrition, and Forestry",46,82,MS,,,,,,
112,305,14921,"McConnell, Mitch",2,4,200,2/2/11,1/3/13,0,26,2,1,1,SRES43,"Agriculture, Nutrition, and Forestry",51,82,KY,,,,,,
112,305,29512,"Chambliss, Saxby",2,5,200,2/2/11,1/3/13,0,9,2,1,1,SRES43,"Agriculture, Nutrition, and Forestry",44,82,GA,,,,,,
112,305,40905,"Johanns, Mike",2,6,200,2/2/11,1/3/13,0,3,2,1,1,SRES43,"Agriculture, Nutrition, and Forestry",35,82,NE,,,,,,
112,305,20101,"Boozman, John",2,7,200,2/2/11,1/3/13,0,1,2,1,1,SRES43,"Agriculture, Nutrition, and Forestry",42,83,AR,,,,,,
112,305,14226,"Grassley, Charles E.",2,8,200,2/2/11,1/3/13,0,9,5,1,1,SRES43,"Agriculture, Nutrition, and Forestry",31,83,IA,,,,,,
112,305,29754,"Thune, John",2,9,200,2/2/11,1/3/13,0,5,2,1,1,SRES43,"Agriculture, Nutrition, and Forestry",37,83,SD,,,,,,
112,305,41107,"Hoeven, John",2,10,100,2/2/11,1/3/13,0,1,2,1,1,SRES43,"Agriculture, Nutrition, and Forestry",36,83,ND,,,,,,
112,306,4812,"Inouye, Daniel K.",1,1,100,2/2/11,12/17/12,11,41,2,5,0,SRES42,Appropriations,82,83,HI,,,,,,
112,306,14307,"Leahy, Patrick J.",1,2,100,2/2/11,1/3/13,0,34,2,1,1,SRES42,Appropriations,6,83,VT,,,,,,
112,306,14230,"Harkin, Tom",1,3,100,2/2/11,1/3/13,0,26,2,1,1,SRES42,Appropriations,31,82,IA,,,,,,
112,306,14440,"Mikulski, Barbara A.",1,4,100,2/2/11,1/3/13,0,25,2,1,1,SRES42,Appropriations,52,83,MD,,,,,,
112,306,15703,"Kohl, Herbert H.",1,5,100,2/2/11,1/3/13,0,19,2,1,0,SRES42,Appropriations,25,81,WI,,,,,,
112,306,49308,"Murray, Patty",1,6,100,2/2/11,1/3/13,0,19,2,1,1,SRES42,Appropriations,73,83,WA,,,,,,
112,306,49300,"Feinstein, Dianne",1,7,100,2/2/11,1/3/13,0,13,4,1,1,SRES42,Appropriations,71,81,CA,,,,,,
112,306,15021,"Durbin, Richard J.",1,8,100,2/2/11,1/3/13,0,13,2,1,1,SRES42,Appropriations,21,82,IL,,,,,,
112,306,15425,"Johnson, Tim",1,9,100,2/2/11,1/3/13,0,15,2,1,1,SRES42,Appropriations,37,82,SD,,,,,,
112,306,49702,"Landrieu, Mary L.",1,10,100,2/2/11,1/3/13,0,11,2,1,1,SRES42,Appropriations,45,82,LA,,,,,,
112,306,29142,"Reed, Jack",1,11,100,2/2/11,1/3/13,0,5,5,1,1,SRES42,Appropriations,5,82,RI,,,,,,
112,306,14914,"Lautenberg, Frank R.",1,12,100,2/2/11,1/3/13,0,5,5,1,1,SRES42,Appropriations,12,82,NJ,,,,,,
112,306,40103,"Nelson, Earl Benjamin (Ben)",1,13,100,2/2/11,1/3/13,0,5,2,1,0,SRES42,Appropriations,35,81,NE,,,,,,
112,306,40301,"Pryor, Mark",1,14,100,2/2/11,1/3/13,0,3,2,1,1,SRES42,Appropriations,42,82,AR,,,,,,
112,306,40702,"Tester, Jon",1,15,100,2/2/11,1/3/13,0,3,2,1,2,SRES42,Appropriations,64,81,MT,,,,,,
112,306,29389,"Brown, Sherrod",1,16,100,2/2/11,1/3/13,0,1,2,1,2,SRES42,Appropriations,24,81,OH,,,,,,
112,306,14009,"Cochran, Thad",2,1,200,2/2/11,1/3/13,21,31,2,1,1,SRES43,Appropriations,46,82,MS,,,,,,
112,306,14921,"McConnell, Mitch",2,2,200,2/2/11,1/3/13,0,19,2,1,1,SRES43,Appropriations,51,82,KY,,,,,,
112,306,94659,"Shelby, Richard C.",2,3,200,2/2/11,1/3/13,0,17,2,1,1,SRES43,Appropriations,41,83,AL,,,,,,
112,306,49306,"Hutchison, Kay Bailey",2,4,200,2/2/11,1/3/13,0,15,2,1,0,SRES43,Appropriations,49,81,TX,,,,,,
112,306,40304,"Alexander, Lamar",2,5,200,2/2/11,1/3/13,0,5,2,1,1,SRES43,Appropriations,54,82,TN,,,,,,
112,306,49703,"Collins, Susan",2,6,200,2/2/11,1/3/13,0,3,2,1,1,SRES43,Appropriations,2,82,ME,,,,,,
112,306,40300,"Murkowski, Lisa",2,7,200,2/2/11,1/3/13,0,3,2,1,1,SRES43,Appropriations,81,83,AK,,,,,,
112,306,29566,"Graham, Lindsey O.",2,8,200,2/2/11,1/3/13,0,1,2,1,1,SRES43,Appropriations,48,82,SC,,,,,,
112,306,20115,"Kirk, Mark",2,9,200,2/2/11,1/3/13,0,1,2,1,1,SRES43,Appropriations,21,83,IL,,,,,,
112,306,14806,"Coats, Dan",2,10,200,2/2/11,1/3/13,0,1,2,1,1,SRES43,Appropriations,22,83,IN,,,,,,
112,306,29735,"Blunt, Roy",2,11,200,2/2/11,1/3/13,0,1,2,1,1,SRES43,Appropriations,34,83,MO,,,,,,
112,306,29722,"Moran, Jerry",2,12,200,2/2/11,1/3/13,0,1,2,1,1,SRES43,Appropriations,32,83,KS,,,,,,
112,306,41107,"Hoeven, John",2,13,200,2/2/11,1/3/13,0,1,2,1,1,SRES43,Appropriations,36,83,ND,,,,,,
112,306,41111,"Johnson, Ron",2,14,200,2/2/11,1/3/13,0,1,2,1,2,SRES43,Appropriations,25,83,WI,,,,,,
112,308,14709,"Levin, Carl",1,1,100,2/2/11,1/3/13,11,33,2,1,1,SRES42,Armed Services,23,82,MI,,,,,,
112,308,15704,"Lieberman, Joseph I.",1,2,328,2/2/11,1/3/13,0,19,2,1,0,SRES42,Armed Services,1,81,CT,,,,,,
112,308,29142,"Reed, Jack",1,3,100,2/2/11,1/3/13,0,13,2,1,1,SRES42,Armed Services,5,82,RI,,,,,,
112,308,14400,"Akaka, Daniel K.",1,4,100,2/2/11,1/3/13,0,11,2,1,0,SRES42,Armed Services,82,81,HI,,,,,,
112,308,40103,"Nelson, Earl Benjamin (Ben)",1,5,100,2/2/11,1/3/13,0,11,2,1,0,SRES42,Armed Services,35,81,NE,,,,,,
112,308,40706,"Webb, Jim",1,6,100,2/2/11,1/3/13,0,5,2,1,0,SRES42,Armed Services,40,81,VA,,,,,,
112,308,40701,"McCaskill, Claire",1,7,100,2/2/11,1/3/13,0,5,2,1,1,SRES42,Armed Services,34,81,MO,,,,,,
112,308,29906,"Udall, Mark",1,8,100,2/2/11,1/3/13,0,3,2,1,1,SRES42,Armed Services,62,82,CO,,,,,,
112,308,40907,"Hagan, Kay",1,9,100,2/2/11,1/3/13,0,3,2,1,1,SRES42,Armed Services,47,82,NC,,,,,,
112,308,40900,"Begich, Mark",1,10,100,2/2/11,1/3/13,0,3,2,1,2,SRES42,Armed Services,81,82,AK,,,,,,
112,308,40915,"Manchin, Joe",1,11,100,2/2/11,1/3/13,0,1,2,1,1,SRES42,Armed Services,56,81,WV,,,,,,
112,308,40906,"Shaheen, Jeanne",1,12,100,2/2/11,1/3/13,0,1,2,1,1,SRES42,Armed Services,4,82,NH,,,,,,
112,308,20735,"Gillibrand, Kirsten E.",1,13,100,2/2/11,1/3/13,0,1,2,1,1,SRES42,Armed Services,13,81,NY,,,,,,
112,308,41101,"Blumenthal, Richard",1,14,100,2/2/11,1/3/13,0,1,2,1,1,SRES42,Armed Services,1,83,CT,,,,,,
112,308,15039,"McCain, John",2,1,200,2/2/11,1/3/13,21,25,2,1,1,SRES43,Armed Services,61,83,AZ,,,,,,
112,308,15424,"Inhofe, James M.",2,2,200,2/2/11,1/3/13,0,17,2,1,1,SRES43,Armed Services,53,82,OK,,,,,,
112,308,49700,"Sessions, Jeff",2,3,200,2/2/11,1/3/13,0,13,2,1,1,SRES43,Armed Services,41,82,AL,,,,,,
112,308,29512,"Chambliss, Saxby",2,4,200,2/2/11,1/3/13,0,9,2,1,1,SRES43,Armed Services,44,82,GA,,,,,,
112,308,29534,"Wicker, Roger F.",2,5,200,2/2/11,1/3/13,0,4,2,1,1,SRES43,Armed Services,46,81,MS,,,,,,
112,308,40913,"Brown, Scott",2,6,200,2/2/11,1/3/13,0,1,2,1,0,SRES43,Armed Services,3,81,MA,,,,,,
112,308,29386,"Portman, Rob",2,7,200,2/2/11,1/3/13,0,1,2,1,2,SRES43,Armed Services,24,83,OH,,,,,,
112,308,41106,"Ayotte, Kelly",2,8,200,2/2/11,1/3/13,0,1,2,1,1,SRES43,Armed Services,4,83,NH,,,,,,
112,308,49703,"Collins, Susan",2,9,200,2/2/11,1/3/13,0,11,2,1,2,SRES43,Armed Services,2,82,ME,,,,,,
112,308,29566,"Graham, Lindsey O.",2,10,200,2/2/11,1/3/13,0,9,2,1,1,SRES43,Armed Services,48,82,SC,,,,,,
112,308,40305,"Cornyn, John",2,11,200,2/2/11,1/3/13,0,1,4,1,2,SRES43,Armed Services,49,81,TX,,,,,,
112,308,29918,"Vitter, David",2,12,200,2/2/11,1/3/13,0,3,2,1,1,SRES43,Armed Services,45,83,LA,,,,,,
112,314,15425,"Johnson, Tim",1,1,100,2/2/11,1/3/13,11,15,2,1,1,SRES42,"Banking, Housing, and Urban Affairs",37,82,SD,,,,,,
112,314,29142,"Reed, Jack",1,2,100,2/2/11,1/3/13,0,15,2,1,1,SRES42,"Banking, Housing, and Urban Affairs",5,82,RI,,,,,,
112,314,14858,"Schumer, Charles Ellis (Chuck)",1,3,100,2/2/11,1/3/13,0,13,2,1,1,SRES42,"Banking, Housing, and Urban Affairs",13,83,NY,,,,,,
112,314,29373,"Menendez, Robert",1,4,100,2/2/11,1/3/13,0,7,2,1,1,SRES42,"Banking, Housing, and Urban Affairs",12,81,NJ,,,,,,
112,314,14400,"Akaka, Daniel K.",1,5,100,2/2/11,1/3/13,0,5,4,1,0,SRES42,"Banking, Housing, and Urban Affairs",82,81,HI,,,,,,
112,314,29389,"Brown, Sherrod",1,6,100,2/2/11,1/3/13,0,5,2,1,1,SRES42,"Banking, Housing, and Urban Affairs",24,81,OH,,,,,,
112,314,40702,"Tester, Jon",1,7,100,2/2/11,1/3/13,0,5,2,1,1,SRES42,"Banking, Housing, and Urban Affairs",64,81,MT,,,,,,
112,314,15703,"Kohl, Herbert H.",1,8,100,2/2/11,1/3/13,0,3,2,1,0,SRES42,"Banking, Housing, and Urban Affairs",25,81,WI,,,,,,
112,314,40909,"Warner, Mark",1,9,100,2/2/11,1/3/13,0,3,2,1,1,SRES42,"Banking, Housing, and Urban Affairs",40,82,VA,,,,,,
112,314,40908,"Merkley, Jeff",1,10,100,2/2/11,1/3/13,0,3,2,1,1,SRES42,"Banking, Housing, and Urban Affairs",72,82,OR,,,,,,
112,314,40910,"Bennet, Michael",1,11,100,2/2/11,1/3/13,0,3,2,1,2,SRES42,"Banking, Housing, and Urban Affairs",62,83,CO,,,,,,
112,314,40907,"Hagan, Kay",1,12,100,2/2/11,1/3/13,0,1,2,1,1,SRES42,"Banking, Housing, and Urban Affairs",47,82,NC,,,,,,
112,314,94659,"Shelby, Richard C.",2,1,200,2/2/11,1/3/13,21,25,2,1,1,SRES43,"Banking, Housing, and Urban Affairs",41,83,AL,,,,,,
112,314,29345,"Crapo, Michael Dean",2,2,200,2/2/11,1/3/13,0,13,2,1,1,SRES43,"Banking, Housing, and Urban Affairs",63,83,ID,,,,,,
112,314,40705,"Corker, Bob",2,3,200,2/2/11,1/3/13,0,4,2,1,1,SRES43,"Banking, Housing, and Urban Affairs",54,81,TN,,,,,,
112,314,29936,"DeMint, James W. ",2,4,200,2/2/11,1/1/13,0,3,2,8,0,SRES43,"Banking, Housing, and Urban Affairs",48,83,SC,,,,,,
112,314,29918,"Vitter, David",2,5,200,2/2/11,1/3/13,0,3,2,1,1,SRES43,"Banking, Housing, and Urban Affairs",45,83,LA,,,,,,
112,314,40905,"Johanns, Mike",2,6,200,2/2/11,1/3/13,0,3,2,1,1,SRES43,"Banking, Housing, and Urban Affairs",35,82,NE,,,,,,
112,314,29935,"Toomey, Patrick J.",2,7,200,2/2/11,1/3/13,0,1,2,1,1,SRES43,"Banking, Housing, and Urban Affairs",14,83,PA,,,,,,
112,314,20115,"Kirk, Mark",2,8,200,2/2/11,1/3/13,0,1,2,1,1,SRES43,"Banking, Housing, and Urban Affairs",21,83,IL,,,,,,
112,314,29722,"Moran, Jerry",2,9,200,2/2/11,1/3/13,0,1,2,1,1,SRES43,"Banking, Housing, and Urban Affairs",32,83,KS,,,,,,
112,314,29534,"Wicker, Roger F.",2,10,200,2/2/11,1/3/13,0,1,2,1,2,SRES43,"Banking, Housing, and Urban Affairs",46,81,MS,,,,,,
112,316,15502,"Conrad, Kent",1,1,100,2/2/11,1/3/13,11,25,2,1,0,SRES42,Budget,36,81,ND,,,,,,
112,316,49308,"Murray, Patty",1,2,100,2/2/11,1/3/13,0,19,2,1,1,SRES42,Budget,73,83,WA,,,,,,
112,316,14871,"Wyden, Ron",1,3,100,2/2/11,1/3/13,0,16,2,1,1,SRES42,Budget,72,83,OR,,,,,,
112,316,14651,"Nelson, Clarence William (Bill)",1,4,100,2/2/11,1/3/13,0,11,2,1,1,SRES42,Budget,43,81,FL,,,,,,
112,316,29732,"Stabenow, Deborah Ann",1,5,100,2/2/11,1/3/13,0,11,2,1,1,SRES42,Budget,23,81,MI,,,,,,
112,316,15408,"Cardin, Benjamin L.",1,6,100,2/2/11,1/3/13,0,5,2,1,2,SRES42,Budget,52,81,MD,,,,,,
112,316,29147,"Sanders, Bernard",1,7,328,2/2/11,1/3/13,0,5,2,1,1,SRES42,Budget,6,81,VT,,,,,,
112,316,40704,"Whitehouse, Sheldon",1,8,100,2/2/11,1/3/13,0,5,2,1,1,SRES42,Budget,5,83,RI,,,,,,
112,316,40909,"Warner, Mark",1,9,100,2/2/11,1/3/13,0,3,2,1,1,SRES42,Budget,40,82,VA,,,,,,
112,316,40908,"Merkley, Jeff",1,10,100,2/2/11,1/3/13,0,3,2,1,1,SRES42,Budget,72,82,OR,,,,,,
112,316,40900,"Begich, Mark",1,11,100,2/2/11,1/3/13,0,1,2,1,2,SRES42,Budget,81,82,AK,,,,,,
112,316,40916,"Coons, Christopher",1,12,100,2/2/11,1/3/13,0,1,2,1,1,SRES42,Budget,11,82,DE,,,,,,
112,316,49700,"Sessions, Jeff",2,1,200,2/2/11,1/3/13,21,9,2,1,1,SRES43,Budget,41,82,AL,,,,,,
112,316,14226,"Grassley, Charles E.",2,2,200,2/2/11,1/3/13,0,31,2,1,1,SRES43,Budget,31,83,IA,,,,,,
112,316,49706,"Enzi, Michael B.",2,3,200,2/2/11,1/3/13,0,9,2,1,1,SRES43,Budget,68,82,WY,,,,,,
112,316,29345,"Crapo, Michael Dean",2,4,200,2/2/11,1/3/13,0,9,2,1,1,SRES43,Budget,63,83,ID,,,,,,
112,316,29537,"Ensign, John Eric",2,5,200,2/2/11,5/1/11,0,9,2,8,0,SRES43,Budget,65,81,NV,Resigned 5/2/11 due to ethics violation,,,,,
112,316,40305,"Cornyn, John",2,6,200,2/2/11,1/3/13,0,9,2,1,2,SRES43,Budget,49,81,TX,,,,,,
112,316,29566,"Graham, Lindsey O.",2,7,200,2/2/11,1/3/13,0,7,2,1,1,SRES43,Budget,48,82,SC,,,,,,
112,316,29754,"Thune, John",2,8,200,2/2/11,1/3/13,0,1,2,1,2,SRES43,Budget,37,83,SD,,,,,,
112,316,29386,"Portman, Rob",2,9,200,2/2/11,1/3/13,0,1,2,1,1,SRES43,Budget,24,83,OH,,,,,,
112,316,29935,"Toomey, Patrick J.",2,10,200,2/2/11,1/3/13,0,1,2,1,1,SRES43,Budget,14,83,PA,,,,,,
112,316,41111,"Johnson, Ron",2,11,200,2/2/11,1/3/13,0,1,2,1,1,SRES43,Budget,25,83,WI,,,,,,
112,316,41106,"Ayotte, Kelly",7,1,200,5/10/11,1/3/13,0,1,2,1,1,SRES179,Budget,4,83,NH,Replaced Ensign,,,,,
112,321,14922,"Rockefeller, John D., IV",1,1,100,2/2/11,1/3/13,11,26,2,1,1,SRES42,"Commerce, Science, and Transportation",56,82,WV,,,,,,
112,321,4812,"Inouye, Daniel K.",1,2,100,2/2/11,12/17/12,0,43,2,5,0,SRES42,"Commerce, Science, and Transportation",82,83,HI,,,,,,
112,321,14920,"Kerry, John F.",1,3,100,2/2/11,1/3/13,0,25,2,1,1,SRES42,"Commerce, Science, and Transportation",3,82,MA,,,,,,
112,321,15011,"Boxer, Barbara",1,4,100,2/2/11,1/3/13,0,11,2,1,1,SRES42,"Commerce, Science, and Transportation",71,83,CA,,,,,,
112,321,14651,"Nelson, Clarence William (Bill)",1,5,100,2/2/11,1/3/13,0,11,2,1,1,SRES42,"Commerce, Science, and Transportation",43,81,FL,,,,,,
112,321,39310,"Cantwell, Maria",1,6,100,2/2/11,1/3/13,0,9,2,1,1,SRES42,"Commerce, Science, and Transportation",73,81,WA,,,,,,
112,321,14914,"Lautenberg, Frank R.",1,7,100,2/2/11,1/3/13,0,9,2,1,1,SRES42,"Commerce, Science, and Transportation",12,82,NJ,,,,,,
112,321,40301,"Pryor, Mark",1,8,100,2/2/11,1/3/13,0,7,2,1,1,SRES42,"Commerce, Science, and Transportation",42,82,AR,,,,,,
112,321,40701,"McCaskill, Claire",1,9,100,2/2/11,1/3/13,0,5,2,1,1,SRES42,"Commerce, Science, and Transportation",34,81,MO,,,,,,
112,321,40700,"Klobuchar, Amy",1,10,100,2/2/11,1/3/13,0,5,2,1,1,SRES42,"Commerce, Science, and Transportation",33,81,MN,,,,,,
112,321,29924,"Udall, Tom",1,11,100,2/2/11,1/3/13,0,3,2,1,2,SRES42,"Commerce, Science, and Transportation",66,82,NM,,,,,,
112,321,40909,"Warner, Mark",1,12,100,2/2/11,1/3/13,0,3,2,1,1,SRES42,"Commerce, Science, and Transportation",40,82,VA,,,,,,
112,321,40900,"Begich, Mark",1,13,100,2/2/11,1/3/13,0,3,2,1,1,SRES42,"Commerce, Science, and Transportation",81,82,AK,,,,,,
112,321,49306,"Hutchison, Kay Bailey",2,1,200,2/2/11,1/3/13,21,19,2,1,0,SRES43,"Commerce, Science, and Transportation",49,81,TX,,,,,,
112,321,14661,"Snowe, Olympia J.",2,2,200,2/2/11,1/3/13,0,17,4,1,0,SRES43,"Commerce, Science, and Transportation",2,81,ME,,,,,,
112,321,29537,"Ensign, John Eric",2,3,200,2/2/11,5/1/11,0,11,2,8,0,SRES43,"Commerce, Science, and Transportation",65,81,NV,Resigned 5/2/11 due to ethics violation,,,,,
112,321,29936,"DeMint, James W. ",2,4,200,2/2/11,1/1/13,0,7,2,8,0,SRES43,"Commerce, Science, and Transportation",48,83,SC,,,,,,
112,321,29754,"Thune, John",2,5,200,2/2/11,1/3/13,0,5,2,1,1,SRES43,"Commerce, Science, and Transportation",37,83,SD,,,,,,
112,321,29534,"Wicker, Roger F.",2,6,200,2/2/11,1/3/13,0,4,2,1,1,SRES43,"Commerce, Science, and Transportation",46,81,MS,,,,,,
112,321,29909,"Isakson, Johnny",2,7,200,2/2/11,1/3/13,0,3,2,1,2,SRES43,"Commerce, Science, and Transportation",44,83,GA,,,,,,
112,321,29735,"Blunt, Roy",2,8,200,2/2/11,1/3/13,0,1,2,1,1,SRES43,"Commerce, Science, and Transportation",34,83,MO,,,,,,
112,321,20101,"Boozman, John",2,9,200,2/2/11,1/3/13,0,1,2,1,2,SRES43,"Commerce, Science, and Transportation",42,83,AR,,,,,,
112,321,29935,"Toomey, Patrick J.",2,10,200,2/2/11,1/3/13,0,1,2,1,2,SRES43,"Commerce, Science, and Transportation",14,83,PA,,,,,,
112,321,41102,"Rubio, Marco",2,11,200,2/2/11,1/3/13,0,1,2,1,1,SRES43,"Commerce, Science, and Transportation",43,83,FL,,,,,,
112,321,41106,"Ayotte, Kelly",2,12,200,2/2/11,1/3/13,0,1,2,1,1,SRES43,"Commerce, Science, and Transportation",4,83,NH,,,,,,
112,321,20730,"Heller, Dean",7,1,200,5/10/11,1/3/13,0,1,2,1,1,SRES179,"Commerce, Science, and Transportation",65,81,NV,Replaced Ensign,,,,,
112,330,14912,"Bingaman, Jeff",1,1,100,2/2/11,1/3/13,11,26,2,1,0,SRES42,Energy and Natural Resources,66,81,NM,,,,,,
112,330,14871,"Wyden, Ron",1,2,100,2/2/11,1/3/13,0,15,2,1,1,SRES42,Energy and Natural Resources,72,83,OR,,,,,,
112,330,15425,"Johnson, Tim",1,3,100,2/2/11,1/3/13,0,15,2,1,1,SRES42,Energy and Natural Resources,37,82,SD,,,,,,
112,330,49702,"Landrieu, Mary L.",1,4,100,2/2/11,1/3/13,0,15,2,1,1,SRES42,Energy and Natural Resources,45,82,LA,,,,,,
112,330,39310,"Cantwell, Maria",1,5,100,2/2/11,1/3/13,0,11,2,1,1,SRES42,Energy and Natural Resources,73,81,WA,,,,,,
112,330,29147,"Sanders, Bernard",1,6,328,2/2/11,1/3/13,0,5,2,1,1,SRES42,Energy and Natural Resources,6,81,VT,,,,,,
112,330,29732,"Stabenow, Deborah Ann",1,7,100,2/2/11,1/3/13,0,3,2,1,1,SRES42,Energy and Natural Resources,23,81,MI,,,,,,
112,330,29906,"Udall, Mark",1,8,100,2/2/11,1/3/13,0,3,2,1,1,SRES42,Energy and Natural Resources,62,82,CO,,,,,,
112,330,40906,"Shaheen, Jeanne",1,9,100,2/2/11,1/3/13,0,3,2,1,2,SRES42,Energy and Natural Resources,4,82,NH,,,,,,
112,330,40904,"Franken, Al",1,10,100,2/2/11,1/3/13,0,1,2,1,1,SRES42,Energy and Natural Resources,33,82,MN,,,,,,
112,330,40915,"Manchin, Joe",1,11,100,2/2/11,1/3/13,0,1,2,1,1,SRES42,Energy and Natural Resources,56,81,WV,,,,,,
112,330,40916,"Coons, Christopher",1,12,100,2/2/11,1/3/13,0,1,2,1,1,SRES42,Energy and Natural Resources,11,82,DE,,,,,,
112,330,40300,"Murkowski, Lisa",2,1,200,2/2/11,1/3/13,21,9,2,1,1,SRES43,Energy and Natural Resources,81,83,AK,,,,,,
112,330,29548,"Burr, Richard",2,2,200,2/2/11,5/10/11,0,7,2,3,2,SRES43,Energy and Natural Resources,47,83,NC,,,,,,
112,330,40707,"Barrasso, John A.",2,3,200,2/2/11,1/3/13,0,5,2,1,1,SRES43,Energy and Natural Resources,68,81,WY,,,,,,
112,330,40902,"Risch, James",2,4,200,2/2/11,1/3/13,0,3,2,1,1,SRES43,Energy and Natural Resources,63,82,ID,,,,,,
112,330,41110,"Lee, Mike",2,5,200,2/2/11,1/3/13,0,1,2,1,1,SRES43,Energy and Natural Resources,67,83,UT,,,,,,
112,330,41104,"Paul, Rand",2,6,200,2/2/11,1/3/13,0,1,2,1,2,SRES43,Energy and Natural Resources,51,83,KY,,,,,,
112,330,14806,"Coats, Dan",2,7,200,2/2/11,1/3/13,0,1,2,1,2,SRES43,Energy and Natural Resources,22,83,IN,,,,,,
112,330,29386,"Portman, Rob",2,8,200,2/2/11,1/3/13,0,1,2,1,1,SRES43,Energy and Natural Resources,24,83,OH,,,,,,
112,330,41107,"Hoeven, John",2,9,200,2/2/11,1/3/13,0,1,2,1,1,SRES43,Energy and Natural Resources,36,83,ND,,,,,,
112,330,40705,"Corker, Bob",2,10,200,2/2/11,1/3/13,0,5,2,1,2,SRES43,Energy and Natural Resources,54,81,TN,,,,,,
112,330,20730,"Heller, Dean",7,1,200,5/10/11,1/3/13,0,1,2,1,1,SRES179,Energy and Natural Resources,65,81,NV,"Replaced Burr; In this order: Ms. Murkowski, Mr. Barrasso, Mr. Risch, Mr. Lee, Mr. Paul, Mr. Coats, Mr. Portman, Mr. Hoeven, Mr. Heller and Mr. Corker",,,,,
112,332,15011,"Boxer, Barbara",1,1,100,2/2/11,1/3/13,11,19,2,1,1,SRES42,Environment and Public Works,71,83,CA,,,,,,
112,332,14203,"Baucus, Max",1,2,100,2/2/11,1/3/13,0,33,2,1,1,SRES42,Environment and Public Works,64,82,MT,,,,,,
112,332,15015,"Carper, Thomas Richard",1,3,100,2/2/11,1/3/13,0,11,2,1,1,SRES42,Environment and Public Works,11,81,DE,,,,,,
112,332,14914,"Lautenberg, Frank R.",1,4,100,2/2/11,1/3/13,0,7,4,1,1,SRES42,Environment and Public Works,12,82,NJ,,,,,,
112,332,15408,"Cardin, Benjamin L.",1,5,100,2/2/11,1/3/13,0,5,2,1,1,SRES42,Environment and Public Works,52,81,MD,,,,,,
112,332,29147,"Sanders, Bernard",1,6,328,2/2/11,1/3/13,0,5,2,1,1,SRES42,Environment and Public Works,6,81,VT,,,,,,
112,332,40704,"Whitehouse, Sheldon",1,7,100,2/2/11,1/3/13,0,5,2,1,1,SRES42,Environment and Public Works,5,83,RI,,,,,,
112,332,29924,"Udall, Tom",1,8,100,2/2/11,1/3/13,0,3,2,1,1,SRES42,Environment and Public Works,66,82,NM,,,,,,
112,332,40908,"Merkley, Jeff",1,9,100,2/2/11,1/3/13,0,3,2,1,1,SRES42,Environment and Public Works,72,82,OR,,,,,,
112,332,20735,"Gillibrand, Kirsten E.",1,10,100,2/2/11,1/3/13,0,3,2,1,1,SRES42,Environment and Public Works,13,81,NY,,,,,,
112,332,15424,"Inhofe, James M.",2,1,200,2/2/11,1/3/13,21,17,2,1,1,SRES43,Environment and Public Works,53,82,OK,,,,,,
112,332,29918,"Vitter, David",2,2,200,2/2/11,1/3/13,0,7,2,1,1,SRES43,Environment and Public Works,45,83,LA,,,,,,
112,332,40707,"Barrasso, John A.",2,3,200,2/2/11,1/3/13,0,5,2,1,1,SRES43,Environment and Public Works,68,81,WY,,,,,,
112,332,49700,"Sessions, Jeff",2,4,200,2/2/11,1/3/13,0,1,4,1,1,SRES43,Environment and Public Works,41,82,AL,,,,,,
112,332,29345,"Crapo, Michael Dean",2,5,200,2/2/11,1/3/13,0,3,5,1,1,SRES43,Environment and Public Works,63,83,ID,,,,,,
112,332,40304,"Alexander, Lamar",2,6,200,2/2/11,1/3/13,0,5,2,1,2,SRES43,Environment and Public Works,54,82,TN,,,,,,
112,332,40905,"Johanns, Mike",2,7,200,2/2/11,1/3/13,0,1,2,1,2,SRES43,Environment and Public Works,35,82,NE,,,,,,
112,332,20101,"Boozman, John",2,8,200,2/2/11,1/3/13,0,1,2,1,1,SRES43,Environment and Public Works,42,83,AR,,,,,,
112,336,14203,"Baucus, Max",1,1,100,2/2/11,1/3/13,11,33,2,1,1,SRES42,Finance,64,82,MT,,,,,,
112,336,14922,"Rockefeller, John D., IV",1,2,100,2/2/11,1/3/13,0,25,2,1,1,SRES42,Finance,56,82,WV,,,,,,
112,336,15502,"Conrad, Kent",1,3,100,2/2/11,1/3/13,0,19,2,1,0,SRES42,Finance,36,81,ND,,,,,,
112,336,14912,"Bingaman, Jeff",1,4,100,2/2/11,1/3/13,0,11,2,1,0,SRES42,Finance,66,81,NM,,,,,,
112,336,14920,"Kerry, John F.",1,5,100,2/2/11,1/3/13,0,10,2,1,1,SRES42,Finance,3,82,MA,,,,,,
112,336,14871,"Wyden, Ron",1,6,100,2/2/11,1/3/13,0,7,2,1,1,SRES42,Finance,72,83,OR,,,,,,
112,336,14858,"Schumer, Charles Ellis (Chuck)",1,7,100,2/2/11,1/3/13,0,7,2,1,1,SRES42,Finance,13,83,NY,,,,,,
112,336,29732,"Stabenow, Deborah Ann",1,8,100,2/2/11,1/3/13,0,5,2,1,1,SRES42,Finance,23,81,MI,,,,,,
112,336,39310,"Cantwell, Maria",1,9,100,2/2/11,1/3/13,0,5,2,1,1,SRES42,Finance,73,81,WA,,,,,,
112,336,14651,"Nelson, Clarence William (Bill)",1,10,100,2/2/11,1/3/13,0,3,2,1,1,SRES42,Finance,43,81,FL,,,,,,
112,336,29373,"Menendez, Robert",1,11,100,2/2/11,1/3/13,0,3,2,1,1,SRES42,Finance,12,81,NJ,,,,,,
112,336,15015,"Carper, Thomas Richard",1,12,100,2/2/11,1/3/13,0,3,2,1,1,SRES42,Finance,11,81,DE,,,,,,
112,336,15408,"Cardin, Benjamin L.",1,13,100,2/2/11,1/3/13,0,1,2,1,1,SRES42,Finance,52,81,MD,,,,,,
112,336,14503,"Hatch, Orrin G.",2,1,200,2/2/11,1/3/13,21,21,2,1,1,SRES43,Finance,67,81,UT,,,,,,
112,336,14226,"Grassley, Charles E.",2,2,200,2/2/11,1/3/13,0,21,4,1,1,SRES43,Finance,31,83,IA,,,,,,
112,336,14661,"Snowe, Olympia J.",2,3,200,2/2/11,1/3/13,0,11,2,1,0,SRES43,Finance,2,81,ME,,,,,,
112,336,15429,"Kyl, Jon",2,4,200,2/2/11,1/3/13,0,11,2,1,0,SRES43,Finance,61,81,AZ,,,,,,
112,336,29345,"Crapo, Michael Dean",2,5,200,2/2/11,1/3/13,0,7,2,1,1,SRES43,Finance,63,83,ID,,,,,,
112,336,14852,"Roberts, Pat",2,6,200,2/2/11,1/3/13,0,5,2,1,1,SRES43,Finance,32,82,KS,,,,,,
112,336,29537,"Ensign, John Eric",2,7,200,2/2/11,5/1/11,0,5,2,8,0,SRES43,Finance,65,81,NV,Resigned 5/2/11 due to ethics violation,,,,,
112,336,40305,"Cornyn, John",2,8,200,2/2/11,1/3/13,0,3,2,1,1,SRES43,Finance,49,81,TX,,,,,,
112,336,29555,"Coburn, Thomas Allen",2,9,200,2/2/11,1/3/13,0,1,2,1,2,SRES43,Finance,53,83,OK,,,,,,
112,336,29754,"Thune, John",2,10,200,2/2/11,1/3/13,0,1,2,1,1,SRES43,Finance,37,83,SD,,,,,,
112,336,29548,"Burr, Richard",7,1,200,5/10/11,1/3/13,0,1,2,1,1,SRES179,Finance,47,83,NC,Replaced Ensign,,,,,
112,338,14920,"Kerry, John F.",1,1,100,2/2/11,1/3/13,11,26,2,1,1,SRES42,Foreign Relations,3,82,MA,,,,,,
112,338,15011,"Boxer, Barbara",1,2,100,2/2/11,1/3/13,0,13,2,1,1,SRES42,Foreign Relations,71,83,CA,,,,,,
112,338,29373,"Menendez, Robert",1,3,100,2/2/11,1/3/13,0,5,2,1,1,SRES42,Foreign Relations,12,81,NJ,,,,,,
112,338,15408,"Cardin, Benjamin L.",1,4,100,2/2/11,1/3/13,0,5,2,1,1,SRES42,Foreign Relations,52,81,MD,,,,,,
112,338,40703,"Casey, Robert P., Jr.",1,5,100,2/2/11,1/3/13,0,5,2,1,1,SRES42,Foreign Relations,14,81,PA,,,,,,
112,338,40706,"Webb, Jim",1,6,100,2/2/11,1/3/13,0,5,2,1,0,SRES42,Foreign Relations,40,81,VA,,,,,,
112,338,40906,"Shaheen, Jeanne",1,7,100,2/2/11,1/3/13,0,3,2,1,1,SRES42,Foreign Relations,4,82,NH,,,,,,
112,338,40916,"Coons, Christopher",1,8,100,2/2/11,1/3/13,0,1,2,1,1,SRES42,Foreign Relations,11,82,DE,,,,,,
112,338,15021,"Durbin, Richard J.",1,9,100,2/2/11,1/3/13,0,1,2,1,1,SRES42,Foreign Relations,21,82,IL,,,,,,
112,338,29924,"Udall, Tom",1,10,100,2/2/11,1/3/13,0,1,2,1,1,SRES42,Foreign Relations,66,82,NM,,,,,,
112,338,14506,"Lugar, Richard G.",2,1,200,2/2/11,1/3/13,21,33,2,1,0,SRES43,Foreign Relations,22,81,IN,,,,,,
112,338,40705,"Corker, Bob",2,2,200,2/2/11,1/3/13,0,5,2,1,1,SRES43,Foreign Relations,54,81,TN,,,,,,
112,338,40902,"Risch, James",2,3,200,2/2/11,1/3/13,0,3,2,1,1,SRES43,Foreign Relations,63,82,ID,,,,,,
112,338,41102,"Rubio, Marco",2,4,200,2/2/11,1/3/13,0,1,2,1,1,SRES43,Foreign Relations,43,83,FL,,,,,,
112,338,15424,"Inhofe, James M.",2,5,200,2/2/11,1/3/13,0,3,2,1,2,SRES43,Foreign Relations,53,82,OK,,,,,,
112,338,29936,"DeMint, James W. ",2,6,200,2/2/11,1/1/13,0,5,2,8,0,SRES43,Foreign Relations,48,83,SC,,,,,,
112,338,29909,"Isakson, Johnny",2,7,200,2/2/11,1/3/13,0,5,2,1,2,SRES43,Foreign Relations,44,83,GA,,,,,,
112,338,40707,"Barrasso, John A.",2,8,200,2/2/11,1/3/13,0,4,2,1,1,SRES43,Foreign Relations,68,81,WY,,,,,,
112,338,41110,"Lee, Mike",2,9,200,2/2/11,1/3/13,0,1,2,1,2,SRES43,Foreign Relations,67,83,UT,,,,,,
112,344,15704,"Lieberman, Joseph I.",1,1,328,2/2/11,1/3/13,11,23,2,1,0,SRES42,Homeland Security and Governmental Affairs,1,81,CT,,,,,,
112,344,14709,"Levin, Carl",1,2,100,2/2/11,1/3/13,0,33,2,1,1,SRES42,Homeland Security and Governmental Affairs,23,82,MI,,,,,,
112,344,14400,"Akaka, Daniel K.",1,3,100,2/2/11,1/3/13,0,21,2,1,0,SRES42,Homeland Security and Governmental Affairs,82,81,HI,,,,,,
112,344,15015,"Carper, Thomas Richard",1,4,100,2/2/11,1/3/13,0,11,2,1,1,SRES42,Homeland Security and Governmental Affairs,11,81,DE,,,,,,
112,344,40301,"Pryor, Mark",1,5,100,2/2/11,1/3/13,0,9,2,1,1,SRES42,Homeland Security and Governmental Affairs,42,82,AR,,,,,,
112,344,49702,"Landrieu, Mary L.",1,6,100,2/2/11,1/3/13,0,5,2,1,1,SRES42,Homeland Security and Governmental Affairs,45,82,LA,,,,,,
112,344,40701,"McCaskill, Claire",1,7,100,2/2/11,1/3/13,0,5,2,1,1,SRES42,Homeland Security and Governmental Affairs,34,81,MO,,,,,,
112,344,40702,"Tester, Jon",1,8,100,2/2/11,1/3/13,0,5,2,1,1,SRES42,Homeland Security and Governmental Affairs,64,81,MT,,,,,,
112,344,40900,"Begich, Mark",1,9,100,2/2/11,1/3/13,0,1,2,1,1,SRES42,Homeland Security and Governmental Affairs,81,82,AK,,,,,,
112,344,49703,"Collins, Susan",2,1,200,2/2/11,1/3/13,21,15,2,1,2,SRES43,Homeland Security and Governmental Affairs,2,82,ME,,,,,,
112,344,29555,"Coburn, Thomas Allen",2,2,200,2/2/11,1/3/13,0,7,2,1,1,SRES43,Homeland Security and Governmental Affairs,53,83,OK,,,,,,
112,344,40913,"Brown, Scott",2,3,200,2/2/11,1/3/13,0,1,2,1,0,SRES43,Homeland Security and Governmental Affairs,3,81,MA,,,,,,
112,344,15039,"McCain, John",2,4,200,2/2/11,1/3/13,0,3,2,1,1,SRES43,Homeland Security and Governmental Affairs,61,83,AZ,,,,,,
112,344,15425,"Johnson, Tim",2,5,200,2/2/11,1/3/13,0,1,2,1,1,SRES43,Homeland Security and Governmental Affairs,37,82,SD,,,,,,
112,344,29537,"Ensign, John Eric",2,6,200,2/2/11,5/1/11,0,3,2,8,0,SRES43,Homeland Security and Governmental Affairs,65,81,NV,Resigned 5/2/11 due to ethics violation,,,,,
112,344,29386,"Portman, Rob",2,7,200,2/2/11,1/3/13,0,1,2,1,1,SRES43,Homeland Security and Governmental Affairs,24,83,OH,,,,,,
112,344,41104,"Paul, Rand",2,8,200,2/2/11,1/3/13,0,1,2,1,1,SRES43,Homeland Security and Governmental Affairs,51,83,KY,,,,,,
112,344,29722,"Moran, Jerry",7,1,200,5/10/11,1/3/13,0,1,2,1,2,SRES179,Homeland Security and Governmental Affairs,32,83,KS,Replaced Ensign,,,,,
112,358,14307,"Leahy, Patrick J.",1,1,100,2/2/11,1/3/13,11,33,2,1,1,SRES42,Judiciary,6,83,VT,,,,,,
112,358,15703,"Kohl, Herbert H.",1,2,100,2/2/11,1/3/13,0,23,2,1,0,SRES42,Judiciary,25,81,WI,,,,,,
112,358,49300,"Feinstein, Dianne",1,3,100,2/2/11,1/3/13,0,19,2,1,1,SRES42,Judiciary,71,81,CA,,,,,,
112,358,14858,"Schumer, Charles Ellis (Chuck)",1,4,100,2/2/11,1/3/13,0,13,2,1,1,SRES42,Judiciary,13,83,NY,,,,,,
112,358,15021,"Durbin, Richard J.",1,5,100,2/2/11,1/3/13,0,11,4,1,1,SRES42,Judiciary,21,82,IL,,,,,,
112,358,40704,"Whitehouse, Sheldon",1,6,100,2/2/11,1/3/13,0,5,2,1,1,SRES42,Judiciary,5,83,RI,,,,,,
112,358,40700,"Klobuchar, Amy",1,7,100,2/2/11,1/3/13,0,3,2,1,1,SRES42,Judiciary,33,81,MN,,,,,,
112,358,40904,"Franken, Al",1,8,100,2/2/11,1/3/13,0,3,2,1,1,SRES42,Judiciary,33,82,MN,,,,,,
112,358,40916,"Coons, Christopher",1,9,100,2/2/11,1/3/13,0,1,2,1,1,SRES42,Judiciary,11,82,DE,,,,,,
112,358,41101,"Blumenthal, Richard",1,10,100,2/2/11,1/3/13,0,1,2,1,1,SRES42,Judiciary,1,83,CT,,,,,,
112,358,14226,"Grassley, Charles E.",2,1,200,2/2/11,1/3/13,21,31,2,1,1,SRES43,Judiciary,31,83,IA,,,,,,
112,358,14503,"Hatch, Orrin G.",2,2,200,2/2/11,1/3/13,0,35,2,1,1,SRES43,Judiciary,67,81,UT,,,,,,
112,358,15429,"Kyl, Jon",2,3,200,2/2/11,1/3/13,0,17,2,1,0,SRES43,Judiciary,61,81,AZ,,,,,,
112,358,49700,"Sessions, Jeff",2,4,200,2/2/11,1/3/13,0,15,2,1,1,SRES43,Judiciary,41,82,AL,,,,,,
112,358,29566,"Graham, Lindsey O.",2,5,200,2/2/11,1/3/13,0,9,2,1,1,SRES43,Judiciary,48,82,SC,,,,,,
112,358,40305,"Cornyn, John",2,6,200,2/2/11,1/3/13,0,9,2,1,1,SRES43,Judiciary,49,81,TX,,,,,,
112,358,41110,"Lee, Mike",2,7,200,2/2/11,1/3/13,0,1,2,1,1,SRES43,Judiciary,67,83,UT,,,,,,
112,358,29555,"Coburn, Thomas Allen",2,8,200,2/2/11,1/3/13,0,7,2,1,2,SRES43,Judiciary,53,83,OK,,,,,,
112,362,14230,"Harkin, Tom",1,1,100,2/2/11,1/3/13,11,25,2,1,1,SRES42,"Health, Education, Labor, and Pensions",31,82,IA,,,,,,
112,362,14440,"Mikulski, Barbara A.",1,2,100,2/2/11,1/3/13,0,25,2,1,1,SRES42,"Health, Education, Labor, and Pensions",52,83,MD,,,,,,
112,362,14912,"Bingaman, Jeff",1,3,100,2/2/11,1/3/13,0,15,4,1,0,SRES42,"Health, Education, Labor, and Pensions",66,81,NM,,,,,,
112,362,49308,"Murray, Patty",1,4,100,2/2/11,1/3/13,0,15,2,1,1,SRES42,"Health, Education, Labor, and Pensions",73,83,WA,,,,,,
112,362,29147,"Sanders, Bernard",1,5,328,2/2/11,1/3/13,0,5,2,1,1,SRES42,"Health, Education, Labor, and Pensions",6,81,VT,,,,,,
112,362,40703,"Casey, Robert P., Jr.",1,6,100,2/2/11,1/3/13,0,3,2,1,1,SRES42,"Health, Education, Labor, and Pensions",14,81,PA,,,,,,
112,362,40907,"Hagan, Kay",1,7,100,2/2/11,1/3/13,0,3,2,1,1,SRES42,"Health, Education, Labor, and Pensions",47,82,NC,,,,,,
112,362,40908,"Merkley, Jeff",1,8,100,2/2/11,1/3/13,0,3,2,1,2,SRES42,"Health, Education, Labor, and Pensions",72,82,OR,,,,,,
112,362,40904,"Franken, Al",1,9,100,2/2/11,1/3/13,0,3,2,1,1,SRES42,"Health, Education, Labor, and Pensions",33,82,MN,,,,,,
112,362,40910,"Bennet, Michael",1,10,100,2/2/11,1/3/13,0,3,2,1,1,SRES42,"Health, Education, Labor, and Pensions",62,83,CO,,,,,,
112,362,40704,"Whitehouse, Sheldon",1,11,100,2/2/11,1/3/13,0,1,2,1,1,SRES42,"Health, Education, Labor, and Pensions",5,83,RI,,,,,,
112,362,41101,"Blumenthal, Richard",1,12,100,2/2/11,1/3/13,0,1,2,1,2,SRES42,"Health, Education, Labor, and Pensions",1,83,CT,,,,,,
112,362,49706,"Enzi, Michael B.",2,1,200,2/2/11,1/3/13,21,15,2,1,1,SRES43,"Health, Education, Labor, and Pensions",68,82,WY,,,,,,
112,362,40304,"Alexander, Lamar",2,2,200,2/2/11,1/3/13,0,9,2,1,1,SRES43,"Health, Education, Labor, and Pensions",54,82,TN,,,,,,
112,362,29548,"Burr, Richard",2,3,200,2/2/11,1/3/13,0,7,2,1,1,SRES43,"Health, Education, Labor, and Pensions",47,83,NC,,,,,,
112,362,29909,"Isakson, Johnny",2,4,200,2/2/11,1/3/13,0,7,2,1,1,SRES43,"Health, Education, Labor, and Pensions",44,83,GA,,,,,,
112,362,41104,"Paul, Rand",2,5,200,2/2/11,1/3/13,0,1,2,1,1,SRES43,"Health, Education, Labor, and Pensions",51,83,KY,,,,,,
112,362,14503,"Hatch, Orrin G.",2,6,200,2/2/11,1/3/13,0,7,4,1,1,SRES43,"Health, Education, Labor, and Pensions",67,81,UT,,,,,,
112,362,15039,"McCain, John",2,7,200,2/2/11,1/3/13,0,3,2,1,2,SRES43,"Health, Education, Labor, and Pensions",61,83,AZ,,,,,,
112,362,14852,"Roberts, Pat",2,8,200,2/2/11,1/3/13,0,11,2,1,1,SRES43,"Health, Education, Labor, and Pensions",32,82,KS,,,,,,
112,362,40300,"Murkowski, Lisa",2,9,200,2/2/11,1/3/13,0,5,2,1,1,SRES43,"Health, Education, Labor, and Pensions",81,83,AK,,,,,,
112,362,20115,"Kirk, Mark",2,10,200,2/2/11,1/3/13,0,1,2,1,1,SRES43,"Health, Education, Labor, and Pensions",21,83,IL,,,,,,
112,380,14858,"Schumer, Charles Ellis (Chuck)",1,1,100,2/2/11,1/3/13,11,13,2,1,1,SRES42,Rules and Administration,13,83,NY,,,,,,
112,380,4812,"Inouye, Daniel K.",1,2,100,2/2/11,12/17/12,0,29,2,5,0,SRES42,Rules and Administration,82,83,HI,,,,,,
112,380,49300,"Feinstein, Dianne",1,3,100,2/2/11,1/3/13,0,19,2,1,1,SRES42,Rules and Administration,71,81,CA,,,,,,
112,380,15021,"Durbin, Richard J.",1,4,100,2/2/11,1/3/13,0,11,2,1,1,SRES42,Rules and Administration,21,82,IL,,,,,,
112,380,40103,"Nelson, Earl Benjamin (Ben)",1,5,100,2/2/11,1/3/13,0,7,2,1,0,SRES42,Rules and Administration,35,81,NE,,,,,,
112,380,49308,"Murray, Patty",1,6,100,2/2/11,1/3/13,0,5,2,1,1,SRES42,Rules and Administration,73,83,WA,,,,,,
112,380,40301,"Pryor, Mark",1,7,100,2/2/11,1/3/13,0,5,2,1,1,SRES42,Rules and Administration,42,82,AR,,,,,,
112,380,29924,"Udall, Tom",1,8,100,2/2/11,1/3/13,0,3,2,1,1,SRES42,Rules and Administration,66,82,NM,,,,,,
112,380,40909,"Warner, Mark",1,9,100,2/2/11,1/3/13,0,3,2,1,1,SRES42,Rules and Administration,40,82,VA,,,,,,
112,380,14307,"Leahy, Patrick J.",1,10,100,2/2/11,1/3/13,0,1,2,1,1,SRES42,Rules and Administration,6,83,VT,,,,,,
112,380,40304,"Alexander, Lamar",2,1,200,2/2/11,1/3/13,21,5,2,1,1,SRES43,Rules and Administration,54,82,TN,,,,,,
112,380,14921,"McConnell, Mitch",2,2,200,2/2/11,1/3/13,0,23,2,1,1,SRES43,Rules and Administration,51,82,KY,,,,,,
112,380,14009,"Cochran, Thad",2,3,200,2/2/11,1/3/13,0,19,2,1,1,SRES43,Rules and Administration,46,82,MS,,,,,,
112,380,29512,"Chambliss, Saxby",2,4,200,2/2/11,1/3/13,0,9,2,1,1,SRES43,Rules and Administration,44,82,GA,,,,,,
112,380,49306,"Hutchison, Kay Bailey",2,5,200,2/2/11,1/3/13,0,15,2,1,0,SRES43,Rules and Administration,49,81,TX,,,,,,
112,380,14852,"Roberts, Pat",2,6,200,2/2/11,1/3/13,0,3,2,1,1,SRES43,Rules and Administration,32,82,KS,,,,,,
112,380,94659,"Shelby, Richard C.",2,7,200,2/2/11,1/3/13,0,1,2,1,1,SRES43,Rules and Administration,41,83,AL,,,,,,
112,380,29735,"Blunt, Roy",2,8,200,2/2/11,1/3/13,0,1,2,1,1,SRES43,Rules and Administration,34,83,MO,,,,,,
112,384,49702,"Landrieu, Mary L.",1,1,100,2/2/11,1/3/13,11,15,2,1,1,SRES42,Small Business and Entrepreneurship,45,82,LA,,,,,,
112,384,14709,"Levin, Carl",1,2,100,2/2/11,1/3/13,0,33,2,1,1,SRES42,Small Business and Entrepreneurship,23,82,MI,,,,,,
112,384,14230,"Harkin, Tom",1,3,100,2/2/11,1/3/13,0,26,2,1,1,SRES42,Small Business and Entrepreneurship,31,82,IA,,,,,,
112,384,14920,"Kerry, John F.",1,4,100,2/2/11,1/3/13,0,26,,1,1,SRES42,Small Business and Entrepreneurship,3,82,MA,,,,,,
112,384,15704,"Lieberman, Joseph I.",1,5,328,2/2/11,1/3/13,0,23,2,1,0,SRES42,Small Business and Entrepreneurship,1,81,CT,,,,,,
112,384,39310,"Cantwell, Maria",1,6,100,2/2/11,1/3/13,0,11,2,1,1,SRES42,Small Business and Entrepreneurship,73,81,WA,,,,,,
112,384,40301,"Pryor, Mark",1,7,100,2/2/11,1/3/13,0,9,2,1,1,SRES42,Small Business and Entrepreneurship,42,82,AR,,,,,,
112,384,15408,"Cardin, Benjamin L.",1,8,100,2/2/11,1/3/13,0,5,2,1,1,SRES42,Small Business and Entrepreneurship,52,81,MD,,,,,,
112,384,40906,"Shaheen, Jeanne",1,9,100,2/2/11,1/3/13,0,3,2,1,1,SRES42,Small Business and Entrepreneurship,4,82,NH,,,,,,
112,384,40907,"Hagan, Kay",1,10,100,2/2/11,1/3/13,0,3,2,1,1,SRES42,Small Business and Entrepreneurship,47,82,NC,,,,,,
112,384,14661,"Snowe, Olympia J.",2,1,200,2/2/11,1/3/13,21,17,2,1,0,SRES43,Small Business and Entrepreneurship,2,81,ME,,,,,,
112,384,29918,"Vitter, David",2,2,200,2/2/11,1/3/13,0,7,2,1,1,SRES43,Small Business and Entrepreneurship,45,83,LA,,,,,,
112,384,40902,"Risch, James",2,3,200,2/2/11,1/3/13,0,3,2,1,1,SRES43,Small Business and Entrepreneurship,63,82,ID,,,,,,
112,384,41102,"Rubio, Marco",2,4,200,2/2/11,1/3/13,0,1,2,1,1,SRES43,Small Business and Entrepreneurship,43,83,FL,,,,,,
112,384,41104,"Paul, Rand",2,5,200,2/2/11,1/3/13,0,1,2,1,1,SRES43,Small Business and Entrepreneurship,51,83,KY,,,,,,
112,384,41106,"Ayotte, Kelly",2,6,200,2/2/11,1/3/13,0,1,2,1,2,SRES43,Small Business and Entrepreneurship,4,83,NH,,,,,,
112,384,49706,"Enzi, Michael B.",2,7,200,2/2/11,1/3/13,0,15,2,1,1,SRES43,Small Business and Entrepreneurship,68,82,WY,,,,,,
112,384,40913,"Brown, Scott",2,8,200,2/2/11,1/3/13,0,1,2,1,0,SRES43,Small Business and Entrepreneurship,3,81,MA,,,,,,
112,384,29722,"Moran, Jerry",2,9,200,2/2/11,1/3/13,0,1,2,1,2,SRES43,Small Business and Entrepreneurship,32,83,KS,,,,,,
112,388,49308,"Murray, Patty",1,1,100,2/2/11,1/3/13,11,17,2,1,1,SRES42,Veterans' Affairs,73,83,WA,,,,,,
112,388,14922,"Rockefeller, John D., IV",1,2,100,2/2/11,1/3/13,0,27,2,1,1,SRES42,Veterans' Affairs,56,82,WV,,,,,,
112,388,14400,"Akaka, Daniel K.",1,3,100,2/2/11,1/3/13,0,21,2,1,0,SRES42,Veterans' Affairs,82,81,HI,,,,,,
112,388,29147,"Sanders, Bernard",1,4,328,2/2/11,1/3/13,0,5,2,1,1,SRES42,Veterans' Affairs,6,81,VT,,,,,,
112,388,29389,"Brown, Sherrod",1,5,100,2/2/11,1/3/13,0,5,2,1,1,SRES42,Veterans' Affairs,24,81,OH,,,,,,
112,388,40706,"Webb, Jim",1,6,100,2/2/11,1/3/13,0,5,2,1,0,SRES42,Veterans' Affairs,40,81,VA,,,,,,
112,388,40702,"Tester, Jon",1,7,100,2/2/11,1/3/13,0,5,2,1,1,SRES42,Veterans' Affairs,64,81,MT,,,,,,
112,388,40900,"Begich, Mark",1,8,100,2/2/11,1/3/13,0,3,2,1,1,SRES42,Veterans' Affairs,81,82,AK,,,,,,
112,388,29548,"Burr, Richard",2,1,200,2/2/11,1/3/13,21,7,2,1,1,SRES43,Veterans' Affairs,47,83,NC,,,,,,
112,388,29909,"Isakson, Johnny",2,2,200,2/2/11,1/3/13,0,7,2,1,1,SRES43,Veterans' Affairs,44,83,GA,,,,,,
112,388,29534,"Wicker, Roger F.",2,3,200,2/2/11,1/3/13,0,4,2,1,2,SRES43,Veterans' Affairs,46,81,MS,,,,,,
112,388,40905,"Johanns, Mike",2,4,200,2/2/11,1/3/13,0,3,2,1,1,SRES43,Veterans' Affairs,35,82,NE,,,,,,
112,388,40913,"Brown, Scott",2,5,200,2/2/11,1/3/13,0,1,2,1,0,SRES43,Veterans' Affairs,3,81,MA,,,,,,
112,388,29722,"Moran, Jerry",2,6,200,2/2/11,1/3/13,0,1,2,1,1,SRES43,Veterans' Affairs,32,83,KS,,,,,,
112,388,20101,"Boozman, John",2,7,200,2/2/11,1/3/13,0,1,2,1,1,SRES43,Veterans' Affairs,42,83,AR,,,,,,
112,419,15703,"Kohl, Herbert H.",1,1,100,2/2/11,1/3/13,11,23,2,1,0,SRES42,Aging (Special Committee),25,81,WI,,,,,,
112,419,14871,"Wyden, Ron",1,2,100,2/2/11,1/3/13,0,16,2,1,1,SRES42,Aging (Special Committee),72,83,OR,,,,,,
112,419,14651,"Nelson, Clarence William (Bill)",1,3,100,2/2/11,1/3/13,0,7,2,1,1,SRES42,Aging (Special Committee),43,81,FL,,,,,,
112,419,40703,"Casey, Robert P., Jr.",1,4,100,2/2/11,1/3/13,0,5,2,1,1,SRES42,Aging (Special Committee),14,81,PA,,,,,,
112,419,40701,"McCaskill, Claire",1,5,100,2/2/11,1/3/13,0,5,2,1,1,SRES42,Aging (Special Committee),34,81,MO,,,,,,
112,419,40704,"Whitehouse, Sheldon",1,6,100,2/2/11,1/3/13,0,5,2,1,1,SRES42,Aging (Special Committee),5,83,RI,,,,,,
112,419,29906,"Udall, Mark",1,7,100,2/2/11,1/3/13,0,3,2,1,2,SRES42,Aging (Special Committee),62,82,CO,,,,,,
112,419,40910,"Bennet, Michael",1,8,100,2/2/11,1/3/13,0,3,2,1,2,SRES42,Aging (Special Committee),62,83,CO,,,,,,
112,419,20735,"Gillibrand, Kirsten E.",1,9,100,2/2/11,1/3/13,0,3,2,1,1,SRES42,Aging (Special Committee),13,81,NY,,,,,,
112,419,40915,"Manchin, Joe",1,10,100,2/2/11,1/3/13,0,1,2,1,1,SRES42,Aging (Special Committee),56,81,WV,,,,,,
112,419,41101,"Blumenthal, Richard",1,11,100,2/2/11,1/3/13,0,1,2,1,1,SRES42,Aging (Special Committee),1,83,CT,,,,,,
112,419,40705,"Corker, Bob",2,1,200,2/2/11,1/3/13,21,5,2,1,1,SRES43,Aging (Special Committee),54,81,TN,,,,,,
112,419,49703,"Collins, Susan",2,2,200,2/2/11,1/3/13,0,15,2,1,1,SRES43,Aging (Special Committee),2,82,ME,,,,,,
112,419,14503,"Hatch, Orrin G.",2,3,200,2/2/11,1/3/13,0,3,5,1,1,SRES43,Aging (Special Committee),67,81,UT,,,,,,
112,419,20115,"Kirk, Mark",2,4,200,2/2/11,1/3/13,0,1,5,1,1,SRES43,Aging (Special Committee),21,83,IL,,,,,,
112,419,29722,"Moran, Jerry",2,5,200,2/2/11,1/3/13,0,1,5,1,2,SRES43,Aging (Special Committee),32,83,KS,,,,,,
112,419,41111,"Johnson, Ron",2,6,200,2/2/11,1/3/13,0,1,5,1,2,SRES43,Aging (Special Committee),25,83,WI,,,,,,
112,419,41106,"Ayotte, Kelly",2,7,200,2/2/11,5/10/11,0,1,5,3,3,SRES43,Aging (Special Committee),4,83,NH,,,,,,
112,419,94659,"Shelby, Richard C.",2,8,200,2/2/11,1/3/13,0,25,2,1,2,SRES43,Aging (Special Committee),41,83,AL,,,,,,
112,419,29566,"Graham, Lindsey O.",2,9,200,2/2/11,1/3/13,0,3,2,1,2,SRES43,Aging (Special Committee),48,82,SC,,,,,,
112,419,29512,"Chambliss, Saxby",2,10,200,2/2/11,1/3/13,0,3,2,1,2,SRES43,Aging (Special Committee),44,82,GA,,,,,,
112,419,20730,"Heller, Dean",7,1,200,5/10/11,1/3/13,0,1,2,1,1,SRES179,Aging (Special Committee),65,81,NV,"Replaced Ayotte; In this order: Mr. Corker, Ms. Collins, Mr. Hatch, Mr. Kirk, Mr. Heller, Mr. Moran, Mr. Johnson (Wisconsin), Mr. Shelby, Mr. Graham, and Mr. Chambliss",,,,,
112,432,49300,"Feinstein, Dianne",1,1,100,2/2/11,1/3/13,11,11,2,1,1,SRES42,Intelligence (Select Committee),71,81,CA,,,,,,
112,432,14922,"Rockefeller, John D., IV",1,2,100,2/2/11,1/3/13,0,11,2,1,1,SRES42,Intelligence (Select Committee),56,82,WV,,,,,,
112,432,14871,"Wyden, Ron",1,3,100,2/2/11,1/3/13,0,11,2,1,1,SRES42,Intelligence (Select Committee),72,83,OR,,,,,,
112,432,14440,"Mikulski, Barbara A.",1,4,100,2/2/11,1/3/13,0,11,2,1,1,SRES42,Intelligence (Select Committee),52,83,MD,,,,,,
112,432,14651,"Nelson, Clarence William (Bill)",1,5,100,2/2/11,1/3/13,0,5,2,1,2,SRES42,Intelligence (Select Committee),43,81,FL,,,,,,
112,432,15502,"Conrad, Kent",1,6,100,2/2/11,1/3/13,0,1,2,1,0,SRES42,Intelligence (Select Committee),36,81,ND,,,,,,
112,432,29906,"Udall, Mark",1,7,100,2/2/11,1/3/13,0,1,2,1,1,SRES42,Intelligence (Select Committee),62,82,CO,,,,,,
112,432,40909,"Warner, Mark",1,8,100,2/2/11,1/3/13,0,1,2,1,1,SRES42,Intelligence (Select Committee),40,82,VA,,,,,,
112,432,29512,"Chambliss, Saxby",2,1,200,2/2/11,1/3/13,21,9,2,1,1,SRES43,Intelligence (Select Committee),44,82,GA,,,,,,
112,432,14661,"Snowe, Olympia J.",2,2,200,2/2/11,1/3/13,0,9,2,1,0,SRES43,Intelligence (Select Committee),2,81,ME,,,,,,
112,432,29548,"Burr, Richard",2,3,200,2/2/11,1/3/13,0,5,2,1,1,SRES43,Intelligence (Select Committee),47,83,NC,,,,,,
112,432,40902,"Risch, James",2,4,200,2/2/11,1/3/13,0,3,2,1,1,SRES43,Intelligence (Select Committee),63,82,ID,,,,,,
112,432,14806,"Coats, Dan",2,5,200,2/2/11,1/3/13,0,3,2,1,1,SRES43,Intelligence (Select Committee),22,83,IN,,,,,,
112,432,29735,"Blunt, Roy",2,6,200,2/2/11,1/3/13,0,3,2,1,2,SRES43,Intelligence (Select Committee),34,83,MO,,,,,,
112,432,41102,"Rubio, Marco",2,7,200,2/2/11,1/3/13,0,3,2,1,1,SRES43,Intelligence (Select Committee),43,83,FL,,,,,,
112,434,15011,"Boxer, Barbara",1,1,100,2/2/11,1/3/13,11,5,2,1,1,SRES42,Ethics (Select Committee),71,83,CA,,,,,,
112,434,40301,"Pryor, Mark",1,2,100,2/2/11,1/3/13,0,7,2,1,1,SRES42,Ethics (Select Committee),42,82,AR,,,,,,
112,434,29389,"Brown, Sherrod",1,3,100,2/2/11,1/3/13,0,3,2,1,1,SRES42,Ethics (Select Committee),24,81,OH,,,,,,
112,434,29909,"Isakson, Johnny",2,1,200,2/2/11,1/3/13,21,5,2,1,1,SRES43,Ethics (Select Committee),44,83,GA,,,,,,
112,434,14852,"Roberts, Pat",2,2,200,2/2/11,1/3/13,0,15,2,1,1,SRES43,Ethics (Select Committee),32,82,KS,,,,,,
112,434,40902,"Risch, James",2,3,200,2/2/11,1/3/13,0,3,2,1,1,SRES43,Ethics (Select Committee),63,82,ID,,,,,,
112,435,14400,"Akaka, Daniel K.",1,1,100,2/2/11,1/3/13,11,21,2,1,0,SRES42,Indian Affairs (Select Committee),82,81,HI,,,,,,
112,435,4812,"Inouye, Daniel K.",1,2,100,2/2/11,12/17/12,0,33,2,5,0,SRES42,Indian Affairs (Select Committee),82,83,HI,,,,,,
112,435,15502,"Conrad, Kent",1,3,100,2/2/11,1/3/13,0,17,2,1,0,SRES42,Indian Affairs (Select Committee),36,81,ND,,,,,,
112,435,15425,"Johnson, Tim",1,4,100,2/2/11,1/3/13,0,11,2,1,1,SRES42,Indian Affairs (Select Committee),37,82,SD,,,,,,
112,435,39310,"Cantwell, Maria",1,5,100,2/2/11,1/3/13,0,11,2,1,1,SRES42,Indian Affairs (Select Committee),73,81,WA,,,,,,
112,435,40702,"Tester, Jon",1,6,100,2/2/11,1/3/13,0,3,2,1,1,SRES42,Indian Affairs (Select Committee),64,81,MT,,,,,,
112,435,29924,"Udall, Tom",1,7,100,2/2/11,1/3/13,0,3,2,1,1,SRES42,Indian Affairs (Select Committee),66,82,NM,,,,,,
112,435,40904,"Franken, Al",1,8,100,2/2/11,1/3/13,0,1,2,1,1,SRES42,Indian Affairs (Select Committee),33,82,MN,,,,,,
112,435,40707,"Barrasso, John A.",2,1,200,2/2/11,1/3/13,21,5,2,1,1,SRES43,Indian Affairs (Select Committee),68,81,WY,,,,,,
112,435,15039,"McCain, John",2,2,200,2/2/11,1/3/13,0,25,2,1,1,SRES43,Indian Affairs (Select Committee),61,83,AZ,,,,,,
112,435,40300,"Murkowski, Lisa",2,3,200,2/2/11,1/3/13,0,9,2,1,1,SRES43,Indian Affairs (Select Committee),81,83,AK,,,,,,
112,435,41107,"Hoeven, John",2,4,100,2/2/11,1/3/13,0,1,2,1,1,SRES43,Indian Affairs (Select Committee),36,83,ND,,,,,,
112,435,29345,"Crapo, Michael Dean",2,5,200,2/2/11,1/3/13,0,3,5,1,1,SRES43,Indian Affairs (Select Committee),63,83,ID,,,,,,
112,435,40905,"Johanns, Mike",2,6,200,2/2/11,1/3/13,0,3,2,1,2,SRES43,Indian Affairs (Select Committee),35,82,NE,,,,,,
112,500,14858,"Schumer, Charles Ellis (Chuck)",1,1,100,3/15/11,1/3/13,81,11,2,1,1,SRES103,Library (Joint),13,83,NY,,,,,,
112,500,15021,"Durbin, Richard J.",1,2,100,3/15/11,1/3/13,0,3,2,1,1,SRES103,Library (Joint),21,82,IL,,,,,,
112,500,14307,"Leahy, Patrick J.",1,3,100,3/15/11,1/3/13,0,1,2,1,1,SRES103,Library (Joint),6,83,VT,,,,,,
112,500,40304,"Alexander, Lamar",2,1,200,3/15/11,1/3/13,0,1,2,1,1,SRES103,Library (Joint),54,82,TN,,,,,,
112,500,14009,"Cochran, Thad",2,2,200,3/15/11,1/3/13,0,3,5,1,1,SRES103,Library (Joint),46,82,MS,,,,,,
112,501,14858,"Schumer, Charles Ellis (Chuck)",1,1,100,3/15/11,1/3/13,11,3,2,1,1,SRES103,Printing (Joint),13,83,NY,,,,,,
112,501,49308,"Murray, Patty",1,2,100,3/15/11,1/3/13,0,5,2,1,2,SRES103,Printing (Joint),73,83,WA,,,,,,
112,501,29924,"Udall, Tom",1,3,100,3/15/11,1/3/13,0,3,2,1,1,SRES103,Printing (Joint),66,82,NM,,,,,,
112,501,40304,"Alexander, Lamar",2,1,200,3/15/11,1/3/13,0,1,2,1,2,SRES103,Printing (Joint),54,82,TN,,,,,,
112,501,29512,"Chambliss, Saxby",2,2,200,3/15/11,1/3/13,0,9,2,1,1,SRES103,Printing (Joint),44,82,GA,,,,,,
112,503,14203,"Baucus, Max",1,1,100,2/15/11,1/3/13,81,3,2,1,1,S804,Taxation (Joint),64,82,MT,,,,,,
112,503,14922,"Rockefeller, John D., IV",1,2,100,2/15/11,1/3/13,0,3,2,1,1,S804,Taxation (Joint),56,82,WV,,,,,,
112,503,15502,"Conrad, Kent",1,3,100,2/15/11,1/3/13,0,3,2,1,0,S804,Taxation (Joint),36,81,ND,,,,,,
112,503,14503,"Hatch, Orrin G.",2,1,200,2/15/11,1/3/13,0,3,2,1,1,S804,Taxation (Joint),67,81,UT,,,,,,
112,503,14226,"Grassley, Charles E.",2,2,200,2/15/11,1/3/13,0,3,2,1,1,S804,Taxation (Joint),31,83,IA,,,,,,
112,507,40703,"Casey, Robert P., Jr.",1,1,100,2/2/11,1/3/13,11,5,2,1,1,SRES42,Economic (Joint Committee),14,81,PA,,,,,,
112,507,14912,"Bingaman, Jeff",1,2,100,2/2/11,1/3/13,0,25,3,1,0,SRES42,Economic (Joint Committee),66,81,NM,,,,,,
112,507,40700,"Klobuchar, Amy",1,3,100,2/2/11,1/3/13,0,5,2,1,1,SRES42,Economic (Joint Committee),33,81,MN,,,,,,
112,507,40706,"Webb, Jim",1,4,100,2/2/11,1/3/13,0,5,2,1,0,SRES42,Economic (Joint Committee),40,81,VA,,,,,,
112,507,40909,"Warner, Mark",1,5,100,2/2/11,1/3/13,0,1,2,1,1,SRES42,Economic (Joint Committee),40,82,VA,,,,,,
112,507,29147,"Sanders, Bernard",1,6,328,2/2/11,1/3/13,0,1,2,1,1,SRES42,Economic (Joint Committee),6,81,VT,,,,,,
112,507,29936,"DeMint, James W. ",2,1,200,2/2/11,1/1/13,0,7,2,1,0,SRES43,Economic (Joint Committee),48,83,SC,,,,,,
112,507,14806,"Coats, Dan",2,2,200,2/2/11,1/3/13,0,1,2,1,1,SRES43,Economic (Joint Committee),22,83,IN,,,,,,
112,507,41110,"Lee, Mike",2,3,200,2/2/11,1/3/13,0,1,2,1,1,SRES43,Economic (Joint Committee),67,83,UT,,,,,,
112,507,29935,"Toomey, Patrick J.",2,4,200,2/2/11,1/3/13,0,1,2,1,1,SRES43,Economic (Joint Committee),14,83,PA,,,,,,
112,662,15021,"Durbin, Richard J.",1,1,100,1/3/11,1/3/13,51,4,2,1,1,,Majority whip,21,82,IL,,,,,,
112,662,15054,"Reid, Harry",1,1,100,1/3/11,1/3/13,41,4,2,1,1,,Majority leader,65,83,NV,,,,,,
112,662,15429,"Kyl, Jon",2,1,200,1/3/11,1/3/13,65,4,2,1,0,,Minority whip,61,81,AZ,,,,,,
112,662,14921,"McConnell, Mitch",2,1,200,1/3/11,1/3/13,61,4,2,1,1,,Minority leader,51,82,KY,,,,,,
113,305,29732,"Stabenow, Deborah Ann",1,1,100,1/24/13,1/3/15,11,13,2,1,1,SRES17,"Agriculture, Nutrition, and Forestry",23,81,MI,,,,,,
113,305,14307,"Leahy, Patrick J.",1,2,100,1/24/13,1/3/15,0,39,2,1,1,SRES18,"Agriculture, Nutrition, and Forestry",6,83,VT,,,,,,
113,305,14230,"Harkin, Tom",1,3,100,1/24/13,1/3/15,0,28,2,1,0,SRES19,"Agriculture, Nutrition, and Forestry",31,82,IA,,,,,,
113,305,14203,"Baucus, Max",1,4,100,1/24/13,2/6/14,0,25,2,6,0,SRES20,"Agriculture, Nutrition, and Forestry",64,82,MT,Resigned Senate to become Ambassador to China,,,,,
113,305,29389,"Brown, Sherrod",1,5,100,1/24/13,1/3/15,0,7,2,1,1,SRES21,"Agriculture, Nutrition, and Forestry",24,81,OH,,,,,,
113,305,40703,"Casey, Robert P., Jr.",1,6,100,1/24/13,2/12/13,0,7,3,2,1,SRES22,"Agriculture, Nutrition, and Forestry",14,81,PA,Temporarily left committee following 2/12 resolution for the duration of Cowan appointment,,,,,
113,305,40700,"Klobuchar, Amy",1,7,100,1/24/13,1/3/15,0,7,2,1,1,SRES23,"Agriculture, Nutrition, and Forestry",33,81,MN,,,,,,
113,305,40910,"Bennet, Michael",1,8,100,1/24/13,1/3/15,0,5,2,1,1,SRES24,"Agriculture, Nutrition, and Forestry",62,83,CO,,,,,,
113,305,20735,"Gillibrand, Kirsten E.",1,9,100,1/24/13,1/3/15,0,5,2,1,1,SRES25,"Agriculture, Nutrition, and Forestry",13,81,NY,,,,,,
113,305,20717,"Donnelly, Joe",1,10,100,1/24/13,1/3/15,0,1,2,1,1,SRES26,"Agriculture, Nutrition, and Forestry",22,81,IN,,,,,,
113,305,41303,"Heitkamp, Heidi",1,11,100,1/24/13,1/3/15,0,1,2,1,1,SRES27,"Agriculture, Nutrition, and Forestry",36,81,ND,,,,,,
113,305,41306,"Cowan, William (Mo)",6,1,100,2/12/13,7/15/13,0,1,2,8,0,SRES29,"Agriculture, Nutrition, and Forestry",3,82,MA,Appointed to temporarily fill the seat vacated by John Kerry;  Resigned Senate 7/16/13 after Ed Markey was elected; Ranked after Heitkamp,,,,,
113,305,40703,"Casey, Robert P., Jr.",6,1,100,7/15/13,1/3/15,0,1,4,1,1,SRES196,"Agriculture, Nutrition, and Forestry",14,81,PA,Replaced Cowan; Ranked after Heitkamp,,,,,
113,305,41309,"Walsh, John E.",4,1,100,2/12/14,1/3/15,0,1,2,4,0,SRES359,"Agriculture, Nutrition, and Forestry",64,82,MT,Ranked after Casey,,,,,
113,305,14009,"Cochran, Thad",2,1,200,1/24/13,1/3/15,21,35,2,1,1,SRES18,"Agriculture, Nutrition, and Forestry",46,82,MS,,,,,,
113,305,14921,"McConnell, Mitch",2,2,200,1/24/13,1/3/15,0,28,2,1,1,SRES18,"Agriculture, Nutrition, and Forestry",51,82,KY,,,,,,
113,305,14852,"Roberts, Pat",2,3,200,1/24/13,1/3/15,0,17,2,1,1,SRES18,"Agriculture, Nutrition, and Forestry",32,82,KS,,,,,,
113,305,29512,"Chambliss, Saxby",2,4,200,1/24/13,1/3/15,0,11,2,1,0,SRES18,"Agriculture, Nutrition, and Forestry",44,82,GA,,,,,,
113,305,20101,"Boozman, John",2,5,200,1/24/13,1/3/15,0,3,2,1,1,SRES18,"Agriculture, Nutrition, and Forestry",42,83,AR,,,,,,
113,305,41107,"Hoeven, John",2,6,200,1/24/13,1/3/15,0,3,2,1,1,SRES18,"Agriculture, Nutrition, and Forestry",36,83,ND,,,,,,
113,305,40905,"Johanns, Mike",2,7,200,1/24/13,1/3/15,0,5,2,1,0,SRES18,"Agriculture, Nutrition, and Forestry",35,82,NE,,,,,,
113,305,14226,"Grassley, Charles E.",2,8,200,1/24/13,1/3/15,0,11,5,1,1,SRES18,"Agriculture, Nutrition, and Forestry",31,83,IA,,,,,,
113,305,29754,"Thune, John",2,9,200,1/24/13,1/3/15,0,7,2,1,1,SRES18,"Agriculture, Nutrition, and Forestry",37,83,SD,,,,,,
113,306,14440,"Mikulski, Barbara A.",1,1,100,1/24/13,1/3/15,11,27,2,1,1,SRES17,Appropriations,52,83,MD,,,,,,
113,306,14307,"Leahy, Patrick J.",1,2,100,1/24/13,1/3/15,0,36,2,1,1,SRES17,Appropriations,6,83,VT,,,,,,
113,306,14230,"Harkin, Tom",1,3,100,1/24/13,1/3/15,0,28,2,1,0,SRES17,Appropriations,31,82,IA,,,,,,
113,306,49308,"Murray, Patty",1,4,100,1/24/13,1/3/15,0,21,2,1,1,SRES17,Appropriations,73,83,WA,,,,,,
113,306,49300,"Feinstein, Dianne",1,5,100,1/24/13,1/3/15,0,15,4,1,1,SRES17,Appropriations,71,81,CA,,,,,,
113,306,15021,"Durbin, Richard J.",1,6,100,1/24/13,1/3/15,0,15,2,1,1,SRES17,Appropriations,21,82,IL,,,,,,
113,306,15425,"Johnson, Tim",1,7,100,1/24/13,1/3/15,0,17,2,1,0,SRES17,Appropriations,37,82,SD,,,,,,
113,306,49702,"Landrieu, Mary L.",1,8,100,1/24/13,1/3/15,0,13,2,1,0,SRES17,Appropriations,45,82,LA,,,,,,
113,306,29142,"Reed, Jack",1,9,100,1/24/13,1/3/15,0,7,5,1,1,SRES17,Appropriations,5,82,RI,,,,,,
113,306,14914,"Lautenberg, Frank R.",1,10,100,1/24/13,6/3/13,0,7,5,5,0,SRES17,Appropriations,12,82,NJ,Died,,,,,
113,306,40301,"Pryor, Mark",1,11,100,1/24/13,1/3/15,0,5,2,1,0,SRES17,Appropriations,42,82,AR,,,,,,
113,306,29906,"Udall, Mark",1,12,100,1/24/13,1/3/15,0,1,2,1,0,SRES17,Appropriations,62,82,CO,,,,,,
113,306,40906,"Shaheen, Jeanne",1,13,100,1/24/13,1/3/15,0,1,2,1,1,SRES17,Appropriations,4,82,NH,,,,,,
113,306,40908,"Merkley, Jeff",1,14,100,1/24/13,1/3/15,0,1,2,1,1,SRES17,Appropriations,72,82,OR,,,,,,
113,306,40900,"Begich, Mark",1,1,100,1/24/13,1/3/15,0,1,2,1,0,SRES17,Appropriations,81,82,AK,,,,,,
113,306,40916,"Coons, Christopher",6,1,100,6/20/13,1/3/15,0,1,2,1,1,SRES179,Appropriations,11,82,DE,Replaced Lautenberg; Ranked after Merkley,,,,,
113,306,94659,"Shelby, Richard C.",2,1,200,1/24/13,1/3/15,21,19,2,1,1,SRES18,Appropriations,41,83,AL,,,,,,
113,306,14009,"Cochran, Thad",2,2,200,1/24/13,1/3/15,0,33,2,1,1,SRES18,Appropriations,46,82,MS,,,,,,
113,306,14921,"McConnell, Mitch",2,3,200,1/24/13,1/3/15,0,21,2,1,1,SRES18,Appropriations,51,82,KY,,,,,,
113,306,40304,"Alexander, Lamar",2,4,200,1/24/13,1/3/15,0,7,2,1,1,SRES18,Appropriations,54,82,TN,,,,,,
113,306,49703,"Collins, Susan",2,5,200,1/24/13,1/3/15,0,5,2,1,1,SRES18,Appropriations,2,82,ME,,,,,,
113,306,40300,"Murkowski, Lisa",2,6,200,1/24/13,1/3/15,0,5,2,1,1,SRES18,Appropriations,81,83,AK,,,,,,
113,306,29566,"Graham, Lindsey O.",2,7,200,1/24/13,1/3/15,0,3,2,1,1,SRES18,Appropriations,48,82,SC,,,,,,
113,306,20115,"Kirk, Mark",2,8,200,1/24/13,1/3/15,0,3,2,1,1,SRES18,Appropriations,21,83,IL,,,,,,
113,306,14806,"Coats, Dan",2,9,200,1/24/13,1/3/15,0,3,2,1,2,SRES18,Appropriations,22,83,IN,,,,,,
113,306,29735,"Blunt, Roy",2,10,200,1/24/13,1/3/15,0,3,2,1,1,SRES18,Appropriations,34,83,MO,,,,,,
113,306,29722,"Moran, Jerry",2,11,200,1/24/13,1/3/15,0,3,2,1,1,SRES18,Appropriations,32,83,KS,,,,,,
113,306,41107,"Hoeven, John",2,12,200,1/24/13,1/3/15,0,3,2,1,1,SRES18,Appropriations,36,83,ND,,,,,,
113,306,40905,"Johanns, Mike",2,13,200,1/24/13,1/3/15,0,1,2,1,0,SRES18,Appropriations,35,82,NE,,,,,,
113,306,20101,"Boozman, John",2,14,200,1/24/13,1/3/15,0,1,2,1,1,SRES18,Appropriations,42,83,AR,,,,,,
113,308,14709,"Levin, Carl",1,1,100,1/24/13,1/3/15,11,35,2,1,0,SRES17,Armed Services,23,82,MI,,,,,,
113,308,29142,"Reed, Jack",1,2,100,1/24/13,1/3/15,0,15,2,1,1,SRES17,Armed Services,5,82,RI,,,,,,
113,308,14651,"Nelson, Clarence William (Bill)",1,3,100,1/24/13,1/3/15,0,1,4,1,1,SRES17,Armed Services,43,81,FL,,,,,,
113,308,40701,"McCaskill, Claire",1,4,100,1/24/13,1/3/15,0,7,2,1,1,SRES17,Armed Services,34,81,MO,,,,,,
113,308,29906,"Udall, Mark",1,5,100,1/24/13,1/3/15,0,5,2,1,0,SRES17,Armed Services,62,82,CO,,,,,,
113,308,40907,"Hagan, Kay",1,6,100,1/24/13,1/3/15,0,5,2,1,0,SRES17,Armed Services,47,82,NC,,,,,,
113,308,40915,"Manchin, Joe",1,7,100,1/24/13,1/3/15,0,3,2,1,1,SRES17,Armed Services,56,81,WV,,,,,,
113,308,40906,"Shaheen, Jeanne",1,8,100,1/24/13,1/3/15,0,3,2,1,1,SRES17,Armed Services,4,82,NH,,,,,,
113,308,20735,"Gillibrand, Kirsten E.",1,9,100,1/24/13,1/3/15,0,3,2,1,1,SRES17,Armed Services,13,81,NY,,,,,,
113,308,41101,"Blumenthal, Richard",1,10,100,1/24/13,1/3/15,0,3,2,1,1,SRES17,Armed Services,1,83,CT,,,,,,
113,308,20717,"Donnelly, Joe",1,11,100,1/24/13,1/3/15,0,1,2,1,1,SRES17,Armed Services,22,81,IN,,,,,,
113,308,20713,"Hirono, Mazie",1,12,100,1/24/13,1/3/15,0,1,2,1,1,SRES17,Armed Services,82,81,HI,,,,,,
113,308,41305,"Kaine, Timothy",1,13,100,1/24/13,1/3/15,0,1,2,1,1,SRES17,Armed Services,40,81,VA,,,,,,
113,308,41300,"King, Angus S.",1,14,328,1/24/13,1/3/15,0,1,2,1,1,SRES17,Armed Services,2,81,ME,,,,,,
113,308,15424,"Inhofe, James M.",2,1,200,1/24/13,1/3/15,21,19,2,1,1,SRES18,Armed Services,53,82,OK,,,,,,
113,308,15039,"McCain, John",2,2,200,1/24/13,1/3/15,0,27,2,1,1,SRES18,Armed Services,61,83,AZ,,,,,,
113,308,49700,"Sessions, Jeff",2,3,200,1/24/13,1/3/15,0,15,2,1,1,SRES18,Armed Services,41,82,AL,,,,,,
113,308,29512,"Chambliss, Saxby",2,4,200,1/24/13,1/3/15,0,11,2,1,0,SRES18,Armed Services,44,82,GA,,,,,,
113,308,29534,"Wicker, Roger F.",2,5,200,1/24/13,1/3/15,0,6,2,1,1,SRES18,Armed Services,46,81,MS,,,,,,
113,308,41106,"Ayotte, Kelly",2,6,200,1/24/13,1/3/15,0,3,2,1,1,SRES18,Armed Services,4,83,NH,,,,,,
113,308,41302,"Fischer, Deb",2,7,200,1/24/13,1/3/15,0,1,2,1,1,SRES18,Armed Services,35,81,NE,,,,,,
113,308,29566,"Graham, Lindsey O.",2,8,200,1/24/13,1/3/15,0,11,2,1,1,SRES18,Armed Services,48,82,SC,,,,,,
113,308,29918,"Vitter, David",2,9,200,1/24/13,1/3/15,0,5,2,1,2,SRES18,Armed Services,45,83,LA,,,,,,
113,308,29735,"Blunt, Roy",2,10,200,1/24/13,1/3/15,0,1,2,1,2,SRES18,Armed Services,34,83,MO,,,,,,
113,308,41110,"Lee, Mike",2,11,200,1/24/13,1/3/15,0,1,2,1,1,SRES18,Armed Services,67,83,UT,,,,,,
113,308,41304,"Cruz, Ted",2,12,200,1/24/13,1/3/15,0,1,2,1,1,SRES18,Armed Services,49,81,TX,,,,,,
113,314,15425,"Johnson, Tim",1,1,100,1/24/13,1/3/15,11,17,2,1,0,SRES17,"Banking, Housing, and Urban Affairs",37,82,SD,,,,,,
113,314,29142,"Reed, Jack",1,2,100,1/24/13,1/3/15,0,17,2,1,1,SRES17,"Banking, Housing, and Urban Affairs",5,82,RI,,,,,,
113,314,14858,"Schumer, Charles Ellis (Chuck)",1,3,100,1/24/13,1/3/15,0,15,2,1,1,SRES17,"Banking, Housing, and Urban Affairs",13,83,NY,,,,,,
113,314,29373,"Menendez, Robert",1,4,100,1/24/13,1/3/15,0,9,2,1,1,SRES17,"Banking, Housing, and Urban Affairs",12,81,NJ,,,,,,
113,314,29389,"Brown, Sherrod",1,5,100,1/24/13,1/3/15,0,7,2,1,1,SRES17,"Banking, Housing, and Urban Affairs",24,81,OH,,,,,,
113,314,40702,"Tester, Jon",1,6,100,1/24/13,1/3/15,0,7,2,1,1,SRES17,"Banking, Housing, and Urban Affairs",64,81,MT,,,,,,
113,314,40909,"Warner, Mark",1,7,100,1/24/13,1/3/15,0,5,2,1,1,SRES17,"Banking, Housing, and Urban Affairs",40,82,VA,,,,,,
113,314,40908,"Merkley, Jeff",1,8,100,1/24/13,1/3/15,0,5,2,1,1,SRES17,"Banking, Housing, and Urban Affairs",72,82,OR,,,,,,
113,314,40907,"Hagan, Kay",1,9,100,1/24/13,1/3/15,0,3,2,1,0,SRES17,"Banking, Housing, and Urban Affairs",47,82,NC,,,,,,
113,314,40915,"Manchin, Joe",1,10,100,1/24/13,1/3/15,0,1,2,1,2,SRES17,"Banking, Housing, and Urban Affairs",56,81,WV,,,,,,
113,314,41301,"Warren, Elizabeth",1,11,100,1/24/13,1/3/15,0,1,2,1,1,SRES17,"Banking, Housing, and Urban Affairs",3,81,MA,,,,,,
113,314,41303,"Heitkamp, Heidi",1,12,100,1/24/13,1/3/15,0,1,2,1,1,SRES17,"Banking, Housing, and Urban Affairs",36,81,ND,,,,,,
113,314,29345,"Crapo, Michael Dean",2,1,200,1/24/13,1/3/15,21,15,2,1,1,SRES18,"Banking, Housing, and Urban Affairs",63,83,ID,,,,,,
113,314,94659,"Shelby, Richard C.",2,2,200,1/24/13,1/3/15,0,27,2,1,1,SRES18,"Banking, Housing, and Urban Affairs",41,83,AL,,,,,,
113,314,40705,"Corker, Bob",2,3,200,1/24/13,1/3/15,0,6,2,1,1,SRES18,"Banking, Housing, and Urban Affairs",54,81,TN,,,,,,
113,314,29918,"Vitter, David",2,4,200,1/24/13,1/3/15,0,5,2,1,1,SRES18,"Banking, Housing, and Urban Affairs",45,83,LA,,,,,,
113,314,40905,"Johanns, Mike",2,5,200,1/24/13,1/3/15,0,5,2,1,0,SRES18,"Banking, Housing, and Urban Affairs",35,82,NE,,,,,,
113,314,29935,"Toomey, Patrick J.",2,6,200,1/24/13,1/3/15,0,3,2,1,1,SRES18,"Banking, Housing, and Urban Affairs",14,83,PA,,,,,,
113,314,20115,"Kirk, Mark",2,7,200,1/24/13,1/3/15,0,3,2,1,1,SRES18,"Banking, Housing, and Urban Affairs",21,83,IL,,,,,,
113,314,29722,"Moran, Jerry",2,8,200,1/24/13,1/3/15,0,3,2,1,1,SRES18,"Banking, Housing, and Urban Affairs",32,83,KS,,,,,,
113,314,29555,"Coburn, Thomas Allen",2,9,200,1/24/13,1/3/15,0,1,2,1,0,SRES18,"Banking, Housing, and Urban Affairs",53,82,OK,,,,,,
113,314,20730,"Heller, Dean",2,10,200,1/24/13,1/3/15,0,1,2,1,1,SRES18,"Banking, Housing, and Urban Affairs",65,81,NV,,,,,,
113,316,49308,"Murray, Patty",1,1,100,1/24/13,1/3/15,11,21,2,1,1,SRES17,Budget,73,83,WA,,,,,,
113,316,14871,"Wyden, Ron",1,2,100,1/24/13,1/3/15,0,18,2,1,1,SRES17,Budget,72,83,OR,,,,,,
113,316,14651,"Nelson, Clarence William (Bill)",1,3,100,1/24/13,1/3/15,0,13,2,1,2,SRES17,Budget,43,81,FL,,,,,,
113,316,29732,"Stabenow, Deborah Ann",1,4,100,1/24/13,1/3/15,0,13,2,1,1,SRES17,Budget,23,81,MI,,,,,,
113,316,29147,"Sanders, Bernard",1,5,328,1/24/13,1/3/15,0,7,2,1,1,SRES17,Budget,6,81,VT,,,,,,
113,316,40704,"Whitehouse, Sheldon",1,6,100,1/24/13,1/3/15,0,7,2,1,1,SRES17,Budget,5,83,RI,,,,,,
113,316,40909,"Warner, Mark",1,7,100,1/24/13,1/3/15,0,5,2,1,1,SRES17,Budget,40,82,VA,,,,,,
113,316,40908,"Merkley, Jeff",1,8,100,1/24/13,1/3/15,0,5,2,1,1,SRES17,Budget,72,82,OR,,,,,,
113,316,40916,"Coons, Christopher",1,9,100,1/24/13,1/3/15,0,3,2,1,2,SRES17,Budget,11,82,DE,,,,,,
113,316,29940,"Baldwin, Tammy",1,10,100,1/24/13,1/3/15,0,1,2,1,1,SRES17,Budget,25,81,WI,,,,,,
113,316,41305,"Kaine, Timothy",1,11,100,1/24/13,1/3/15,0,1,2,1,1,SRES17,Budget,40,81,VA,,,,,,
113,316,41300,"King, Angus S.",1,12,328,1/24/13,1/3/15,0,1,2,1,1,SRES17,Budget,2,81,ME,,,,,,
113,316,49700,"Sessions, Jeff",2,1,200,1/24/13,1/3/15,21,11,2,1,1,SRES18,Budget,41,82,AL,,,,,,
113,316,14226,"Grassley, Charles E.",2,2,200,1/24/13,1/3/15,0,33,2,1,1,SRES18,Budget,31,83,IA,,,,,,
113,316,49706,"Enzi, Michael B.",2,3,200,1/24/13,1/3/15,0,11,2,1,1,SRES18,Budget,68,82,WY,,,,,,
113,316,29345,"Crapo, Michael Dean",2,4,200,1/24/13,1/3/15,0,11,2,1,1,SRES18,Budget,63,83,ID,,,,,,
113,316,29566,"Graham, Lindsey O.",2,5,200,1/24/13,1/3/15,0,9,2,1,1,SRES18,Budget,48,82,SC,,,,,,
113,316,29386,"Portman, Rob",2,6,200,1/24/13,1/3/15,0,3,2,1,1,SRES18,Budget,24,83,OH,,,,,,
113,316,29935,"Toomey, Patrick J.",2,7,200,1/24/13,1/3/15,0,3,2,1,1,SRES18,Budget,14,83,PA,,,,,,
113,316,41111,"Johnson, Ron",2,8,200,1/24/13,1/3/15,0,3,2,1,1,SRES18,Budget,25,83,WI,,,,,,
113,316,41106,"Ayotte, Kelly",2,9,200,1/24/13,1/3/15,0,3,2,1,1,SRES18,Budget,4,83,NH,,,,,,
113,316,29534,"Wicker, Roger F.",1,10,200,1/24/13,1/3/15,0,1,2,1,1,SRES18,Budget,46,83,MS,,,,,,
113,321,14922,"Rockefeller, John D., IV",1,1,100,1/24/13,1/3/15,11,28,2,1,0,SRES17,"Commerce, Science, and Transportation",56,82,WV,,,,,,
113,321,14920,"Kerry, John F.",1,2,100,1/24/13,2/1/13,0,27,2,6,0,SRES17,"Commerce, Science, and Transportation",3,82,MA,Resigned to become Secretary of State,,,,,
113,321,15011,"Boxer, Barbara",1,3,100,1/24/13,1/3/15,0,13,2,1,2,SRES17,"Commerce, Science, and Transportation",71,83,CA,,,,,,
113,321,14651,"Nelson, Clarence William (Bill)",1,4,100,1/24/13,1/3/15,0,13,2,1,1,SRES17,"Commerce, Science, and Transportation",43,81,FL,,,,,,
113,321,39310,"Cantwell, Maria",1,5,100,1/24/13,1/3/15,0,11,2,1,1,SRES17,"Commerce, Science, and Transportation",73,81,WA,,,,,,
113,321,14914,"Lautenberg, Frank R.",1,6,100,1/24/13,6/3/13,0,11,2,5,0,SRES17,"Commerce, Science, and Transportation",12,82,NJ,Died,,,,,
113,321,40301,"Pryor, Mark",1,7,100,1/24/13,1/3/15,0,9,2,1,0,SRES17,"Commerce, Science, and Transportation",42,82,AR,,,,,,
113,321,40701,"McCaskill, Claire",1,8,100,1/24/13,1/3/15,0,7,2,1,1,SRES17,"Commerce, Science, and Transportation",34,81,MO,,,,,,
113,321,40700,"Klobuchar, Amy",1,9,100,1/24/13,1/3/15,0,7,2,1,1,SRES17,"Commerce, Science, and Transportation",33,81,MN,,,,,,
113,321,40909,"Warner, Mark",1,10,100,1/24/13,2/12/14,0,5,2,2,2,SRES17,"Commerce, Science, and Transportation",40,82,VA,,,,,,
113,321,40900,"Begich, Mark",1,11,100,1/24/13,1/3/15,0,5,2,1,0,SRES17,"Commerce, Science, and Transportation",81,82,AK,,,,,,
113,321,41101,"Blumenthal, Richard",1,12,100,1/24/13,1/3/15,0,1,2,1,1,SRES17,"Commerce, Science, and Transportation",1,83,CT,,,,,,
113,321,41112,"Schatz, Brian E.",1,13,100,1/24/13,1/3/15,0,1,2,1,1,SRES17,"Commerce, Science, and Transportation",82,83,HI,,,,,,
113,321,41306,"Cowan, William (Mo)",6,1,100,2/12/13,7/15/13,0,1,2,8,0,SRES29,"Commerce, Science, and Transportation",3,82,MA,Appointed to temporarily fill the seat vacated by John Kerry.  Resigned Senate 7/16/13 after Ed Markey was elected; Ranked after Schatz,,,,,
113,321,20930,"Heinrich, Martin",6,1,100,6/20/13,10/31/13,0,1,2,2,2,SRES179,"Commerce, Science, and Transportation",66,81,NM,Replaced Lautenberg: Ranked after Cowan,,,,,
113,321,14435,"Markey, Edward J. (Ed)",6,1,100,7/15/13,1/3/15,0,1,2,1,1,SRES196,"Commerce, Science, and Transportation",3,82,MA,"Elected to replace Kerry, replaced Cowan on Committee: Ranked after Heinrich",,,,,
113,321,41308,"Booker, Cory",6,1,100,10/31/13,1/3/15,0,1,2,1,1,SRES283,"Commerce, Science, and Transportation",12,82,NJ,"Elected to replace Lautenberg, replaced Heinrich on Committee; Ranked after Markey",,,,,
113,321,41309,"Walsh, John E.",4,1,100,2/12/14,1/3/15,0,1,2,4,0,SRES359,"Commerce, Science, and Transportation",64,82,MT,Replaced Baucus in Senate; Ranked after Booker,,,,,
113,321,29754,"Thune, John",2,1,200,1/24/13,1/3/15,21,7,2,1,1,SRES18,"Commerce, Science, and Transportation",37,83,SD,,,,,,
113,321,29534,"Wicker, Roger F.",2,2,200,1/24/13,1/3/15,0,6,2,1,1,SRES18,"Commerce, Science, and Transportation",46,81,MS,,,,,,
113,321,29735,"Blunt, Roy",2,3,200,1/24/13,1/3/15,0,3,2,1,1,SRES18,"Commerce, Science, and Transportation",34,83,MO,,,,,,
113,321,41102,"Rubio, Marco",2,4,200,1/24/13,1/3/15,0,3,2,1,1,SRES18,"Commerce, Science, and Transportation",43,83,FL,,,,,,
113,321,41106,"Ayotte, Kelly",2,5,200,1/24/13,1/3/15,0,3,2,1,1,SRES18,"Commerce, Science, and Transportation",4,83,NH,,,,,,
113,321,20730,"Heller, Dean",2,6,200,1/24/13,1/3/15,0,3,2,1,1,SRES18,"Commerce, Science, and Transportation",65,81,NV,,,,,,
113,321,14806,"Coats, Dan",2,7,200,1/24/13,1/3/15,0,1,2,1,2,SRES18,"Commerce, Science, and Transportation",22,83,IN,,,,,,
113,321,21173,"Scott, Tim",2,8,200,1/24/13,1/3/15,0,1,2,1,2,SRES18,"Commerce, Science, and Transportation",48,83,SC,,,,,,
113,321,41304,"Cruz, Ted",2,9,200,1/24/13,1/3/15,0,1,2,1,1,SRES18,"Commerce, Science, and Transportation",49,81,TX,,,,,,
113,321,41302,"Fischer, Deb",2,10,200,1/24/13,1/3/15,0,1,2,1,1,SRES18,"Commerce, Science, and Transportation",35,81,NE,,,,,,
113,321,41111,"Johnson, Ron",2,11,200,1/24/13,1/3/15,0,1,2,1,1,SRES18,"Commerce, Science, and Transportation",25,82,WI,,,,,,
113,321,41307,"Chiesa, Jeffrey",5,12,200,6/20/13,10/31/13,0,1,2,8,0,SRES180,"Commerce, Science, and Transportation",12,82,NJ,"Replaced Lautenberg in Senate, but did not seek his seat in the special election",,,,,
113,330,14871,"Wyden, Ron",1,1,100,1/24/13,1/3/15,12,17,2,1,1,SRES17,Energy and Natural Resources,72,83,OR,,,,,,
113,330,15425,"Johnson, Tim",1,2,100,1/24/13,1/3/15,0,17,2,1,0,SRES17,Energy and Natural Resources,37,82,SD,,,,,,
113,330,49702,"Landrieu, Mary L.",1,3,100,1/24/13,1/3/15,13,17,2,1,0,SRES17,Energy and Natural Resources,45,82,LA,Appointed chair 2/12/2014 by SRES359,,,,,
113,330,39310,"Cantwell, Maria",1,4,100,1/24/13,1/3/15,0,13,2,1,1,SRES17,Energy and Natural Resources,73,81,WA,,,,,,
113,330,29147,"Sanders, Bernard",1,5,328,1/24/13,1/3/15,0,7,2,1,1,SRES17,Energy and Natural Resources,6,81,VT,,,,,,
113,330,29732,"Stabenow, Deborah Ann",1,6,100,1/24/13,1/3/15,0,5,2,1,1,SRES17,Energy and Natural Resources,23,81,MI,,,,,,
113,330,29906,"Udall, Mark",1,7,100,1/24/13,1/3/15,0,5,2,1,0,SRES17,Energy and Natural Resources,62,82,CO,,,,,,
113,330,40904,"Franken, Al",1,8,100,1/24/13,1/3/15,0,3,2,1,1,SRES17,Energy and Natural Resources,33,82,MN,,,,,,
113,330,40915,"Manchin, Joe",1,9,100,1/24/13,1/3/15,0,3,2,1,1,SRES17,Energy and Natural Resources,56,81,WV,,,,,,
113,330,40916,"Coons, Christopher",1,10,100,1/24/13,6/20/13,0,3,2,2,2,SRES17,Energy and Natural Resources,11,82,DE,,,,,,
113,330,41112,"Schatz, Brian E.",1,11,100,1/24/13,1/3/15,0,1,2,1,2,SRES17,Energy and Natural Resources,82,83,HI,,,,,,
113,330,20930,"Heinrich, Martin",1,12,100,1/24/13,1/3/15,0,1,2,1,1,SRES17,Energy and Natural Resources,66,81,NM,,,,,,
113,330,29940,"Baldwin, Tammy",6,12,100,6/20/13,1/3/15,0,1,2,1,2,SRES179,Energy and Natural Resources,25,81,WI,Replaced Coons; ranked after Heinrich,,,,,
113,330,40300,"Murkowski, Lisa",2,1,200,1/24/13,1/3/15,21,11,2,1,1,SRES18,Energy and Natural Resources,81,83,AK,,,,,,
113,330,40707,"Barrasso, John A.",2,2,200,1/24/13,1/3/15,0,7,2,1,1,SRES18,Energy and Natural Resources,68,81,WY,,,,,,
113,330,40902,"Risch, James",2,3,200,1/24/13,1/3/15,0,5,2,1,1,SRES18,Energy and Natural Resources,63,82,ID,,,,,,
113,330,41110,"Lee, Mike",2,4,200,1/24/13,1/3/15,0,3,2,1,1,SRES18,Energy and Natural Resources,67,83,UT,,,,,,
113,330,20730,"Heller, Dean",2,5,200,1/24/13,1/3/15,0,3,2,1,2,SRES18,Energy and Natural Resources,65,81,NV,"Replaced Burr; In this order: Ms. Murkowski, Mr. Barrasso, Mr. Risch, Mr. Lee, Mr. Paul, Mr. Coats, Mr. Portman, Mr. Hoeven, Mr. Heller and Mr. Corker",,,,,
113,330,20100,"Flake, Jeff",2,6,200,1/24/13,1/3/15,0,1,2,1,1,SRES18,Energy and Natural Resources,61,81,AZ,,,,,,
113,330,21173,"Scott, Tim",2,7,200,1/24/13,1/3/15,0,1,2,1,2,SRES18,Energy and Natural Resources,48,83,SC,,,,,,
113,330,40304,"Alexander, Lamar",2,8,200,1/24/13,1/3/15,0,1,4,1,1,SRES18,Energy and Natural Resources,54,82,TN,,,,,,
113,330,29386,"Portman, Rob",2,9,200,1/24/13,1/3/15,0,3,2,1,1,SRES18,Energy and Natural Resources,24,83,OH,,,,,,
113,330,41107,"Hoeven, John",2,10,200,1/24/13,1/3/15,0,3,2,1,1,SRES18,Energy and Natural Resources,36,83,ND,,,,,,
113,332,15011,"Boxer, Barbara",1,1,100,1/24/13,1/3/15,11,21,2,1,1,SRES17,Environment and Public Works,71,83,CA,,,,,,
113,332,14203,"Baucus, Max",1,2,100,1/24/13,2/6/14,0,35,2,6,0,SRES17,Environment and Public Works,64,82,MT,Resigned Senate to become Ambassador to China,,,,,
113,332,15015,"Carper, Thomas Richard",1,3,100,1/24/13,1/3/15,0,13,2,1,1,SRES17,Environment and Public Works,11,81,DE,,,,,,
113,332,14914,"Lautenberg, Frank R.",1,4,100,1/24/13,6/3/13,0,9,4,5,0,SRES17,Environment and Public Works,12,82,NJ,,,,,,
113,332,15408,"Cardin, Benjamin L.",1,5,100,1/24/13,1/3/15,0,7,2,1,1,SRES17,Environment and Public Works,52,81,MD,,,,,,
113,332,29147,"Sanders, Bernard",1,6,328,1/24/13,1/3/15,0,7,2,1,1,SRES17,Environment and Public Works,6,81,VT,,,,,,
113,332,40704,"Whitehouse, Sheldon",1,7,100,1/24/13,1/3/15,0,7,2,1,1,SRES17,Environment and Public Works,5,83,RI,,,,,,
113,332,29924,"Udall, Tom",1,8,100,1/24/13,1/3/15,0,5,2,1,2,SRES17,Environment and Public Works,66,82,NM,,,,,,
113,332,40908,"Merkley, Jeff",1,9,100,1/24/13,1/3/15,0,5,2,1,1,SRES17,Environment and Public Works,72,82,OR,,,,,,
113,332,20735,"Gillibrand, Kirsten E.",1,10,100,1/24/13,1/3/15,0,5,2,1,1,SRES17,Environment and Public Works,13,81,NY,,,,,,
113,332,20713,"Hirono, Mazie",6,11,100,6/20/13,10/31/13,0,1,2,2,2,SRES179,Environment and Public Works,82,81,HI,Replaced Lautenberg,,,,,
113,332,41308,"Booker, Cory",6,12,100,10/31/13,1/3/15,0,1,2,1,1,SRES283,Environment and Public Works,12,82,NJ,Replaced Hirono,,,,,
113,332,14435,"Markey, Edward J. (Ed)",6,13,100,2/12/14,1/3/15,0,1,2,1,1,SRES359,Environment and Public Works,3,82,MA,Replaced Baucus,,,,,
113,332,29918,"Vitter, David",2,1,200,1/24/13,1/3/15,21,9,2,1,1,SRES18,Environment and Public Works,45,83,LA,,,,,,
113,332,15424,"Inhofe, James M.",2,2,200,1/24/13,1/3/15,0,19,2,1,1,SRES18,Environment and Public Works,53,82,OK,,,,,,
113,332,40707,"Barrasso, John A.",2,3,200,1/24/13,1/3/15,0,7,2,1,1,SRES18,Environment and Public Works,68,81,WY,,,,,,
113,332,49700,"Sessions, Jeff",2,4,200,1/24/13,1/3/15,0,3,4,1,1,SRES18,Environment and Public Works,41,82,AL,,,,,,
113,332,29345,"Crapo, Michael Dean",2,5,200,1/24/13,1/3/15,0,5,5,1,1,SRES18,Environment and Public Works,63,83,ID,,,,,,
113,332,29534,"Wicker, Roger F.",2,6,200,1/24/13,1/3/15,0,1,2,1,1,SRES18,Environment and Public Works,46,81,MS,,,,,,
113,332,20101,"Boozman, John",2,7,200,1/24/13,1/3/15,0,3,2,1,1,SRES18,Environment and Public Works,42,83,AR,,,,,,
113,332,41302,"Fischer, Deb",2,8,200,1/24/13,1/3/15,0,1,2,1,1,SRES18,Environment and Public Works,35,81,NE,,,,,,
113,336,14203,"Baucus, Max",1,1,100,1/24/13,2/6/14,12,35,2,6,0,SRES17,Finance,64,82,MT,Resigned Senate to become Ambassador to China,,,,,
113,336,14922,"Rockefeller, John D., IV",1,2,100,1/24/13,1/3/15,0,27,2,1,0,SRES17,Finance,56,82,WV,,,,,,
113,336,14920,"Kerry, John F.",1,3,100,1/24/13,2/1/13,0,12,2,6,0,SRES17,Finance,3,82,MA,Resigned to become Secretary of State,,,,,
113,336,14871,"Wyden, Ron",1,4,100,1/24/13,1/3/15,13,9,2,1,1,SRES17,Finance,72,83,OR,Appointed chair 2/12/2014 by SRES359,,,,,
113,336,14858,"Schumer, Charles Ellis (Chuck)",1,5,100,1/24/13,1/3/15,0,9,2,1,1,SRES17,Finance,13,83,NY,,,,,,
113,336,29732,"Stabenow, Deborah Ann",1,6,100,1/24/13,1/3/15,0,7,2,1,1,SRES17,Finance,23,81,MI,,,,,,
113,336,39310,"Cantwell, Maria",1,7,100,1/24/13,1/3/15,0,7,2,1,1,SRES17,Finance,73,81,WA,,,,,,
113,336,14651,"Nelson, Clarence William (Bill)",1,8,100,1/24/13,1/3/15,0,5,2,1,1,SRES17,Finance,43,81,FL,,,,,,
113,336,29373,"Menendez, Robert",1,9,100,1/24/13,1/3/15,0,5,2,1,1,SRES17,Finance,12,81,NJ,,,,,,
113,336,15015,"Carper, Thomas Richard",1,10,100,1/24/13,1/3/15,0,5,2,1,1,SRES17,Finance,11,81,DE,,,,,,
113,336,15408,"Cardin, Benjamin L.",1,11,100,1/24/13,1/3/15,0,3,2,1,1,SRES17,Finance,52,81,MD,,,,,,
113,336,29389,"Brown, Sherrod",1,12,100,1/24/13,1/3/15,0,1,2,1,1,SRES17,Finance,24,81,OH,,,,,,
113,336,40910,"Bennet, Michael",1,13,100,1/24/13,1/3/15,0,1,2,1,1,SRES17,Finance,62,83,CO,,,,,,
113,336,40703,"Casey, Robert P., Jr.",6,1,100,2/12/13,1/3/15,0,1,2,1,1,SRES29,Finance,14,81,PA,Replaced Kerry; Ranked after Bennet,,,,,
113,336,40909,"Warner, Mark",6,1,100,2/12/14,1/3/15,0,1,2,1,1,SRES359,Finance,40,82,VA,Replaced Baucus; Ranked after Casey,,,,,
113,336,14503,"Hatch, Orrin G.",2,1,200,1/24/13,1/3/15,21,23,2,1,1,SRES18,Finance,67,81,UT,,,,,,
113,336,14226,"Grassley, Charles E.",2,2,200,1/24/13,1/3/15,0,23,4,1,1,SRES18,Finance,31,83,IA,,,,,,
113,336,29345,"Crapo, Michael Dean",2,3,200,1/24/13,1/3/15,0,9,2,1,1,SRES18,Finance,63,83,ID,,,,,,
113,336,14852,"Roberts, Pat",2,4,200,1/24/13,1/3/15,0,7,2,1,1,SRES18,Finance,32,82,KS,,,,,,
113,336,49706,"Enzi, Michael B.",2,5,200,1/24/13,1/3/15,0,1,4,1,1,SRES18,Finance,68,82,WY,,,,,,
113,336,40305,"Cornyn, John",2,6,200,1/24/13,1/3/15,0,5,2,1,1,SRES18,Finance,49,81,TX,,,,,,
113,336,29754,"Thune, John",2,7,200,1/24/13,1/3/15,0,3,2,1,1,SRES18,Finance,37,83,SD,,,,,,
113,336,29548,"Burr, Richard",2,8,200,1/24/13,1/3/15,0,3,2,1,1,SRES18,Finance,47,83,NC,,,,,,
113,336,29909,"Isakson, Johnny",2,9,200,1/24/13,1/3/15,0,1,2,1,1,SRES18,Finance,44,83,GA,,,,,,
113,336,29386,"Portman, Rob",2,10,200,1/24/13,1/3/15,0,1,2,1,1,SRES18,Finance,24,83,OH,,,,,,
113,336,29935,"Toomey, Patrick J.",2,11,200,1/24/13,1/3/15,0,1,2,1,1,SRES18,Finance,14,83,PA,,,,,,
113,338,14920,"Kerry, John F.",1,1,100,1/24/13,2/1/13,12,28,2,6,0,SRES17,Foreign Relations,3,82,MA,Resigned to become Secretary of State,,,,,
113,338,15011,"Boxer, Barbara",1,2,100,1/24/13,1/3/15,0,15,2,1,1,SRES17,Foreign Relations,71,83,CA,,,,,,
113,338,29373,"Menendez, Robert",1,3,100,1/24/13,1/3/15,13,7,2,1,1,SRES17,Foreign Relations,12,81,NJ,"Named chair by SRES20 on 1/29/2013, effective upon Kerry's resignation",,,,,
113,338,15408,"Cardin, Benjamin L.",1,4,100,1/24/13,1/3/15,0,7,2,1,1,SRES17,Foreign Relations,52,81,MD,,,,,,
113,338,40703,"Casey, Robert P., Jr.",1,5,100,1/24/13,7/15/13,0,7,2,2,2,SRES17,Foreign Relations,14,81,PA,,,,,,
113,338,40906,"Shaheen, Jeanne",1,6,100,1/24/13,1/3/15,0,5,2,1,1,SRES17,Foreign Relations,4,82,NH,,,,,,
113,338,40916,"Coons, Christopher",1,7,100,1/24/13,1/3/15,0,3,2,1,1,SRES17,Foreign Relations,11,82,DE,,,,,,
113,338,15021,"Durbin, Richard J.",6,8,100,2/12/13,1/3/15,0,3,2,1,2,SRES29,Foreign Relations,21,82,IL,"Temporarily left committee at beginning of 113th Congress, reappointed with seniority following Kerry's resignation",,,,,
113,338,29924,"Udall, Tom",1,9,100,1/24/13,1/3/15,0,3,2,1,1,SRES17,Foreign Relations,66,82,NM,,,,,,
113,338,20707,"Murphy, Christopher",1,10,100,1/24/13,1/3/15,0,1,2,1,1,SRES17,Foreign Relations,1,81,CT,,,,,,
113,338,41305,"Kaine, Timothy",1,11,100,1/24/13,1/3/15,0,1,2,1,1,SRES17,Foreign Relations,40,81,VA,,,,,,
113,338,14435,"Markey, Edward J. (Ed)",6,1,100,7/15/13,1/3/15,0,1,2,1,1,SRES196,Foreign Relations,3,82,MA,Replaced Casey,,,,,
113,338,40705,"Corker, Bob",2,2,200,1/24/13,1/3/15,21,7,2,1,1,SRES18,Foreign Relations,54,81,TN,,,,,,
113,338,40902,"Risch, James",2,3,200,1/24/13,1/3/15,0,5,2,1,1,SRES18,Foreign Relations,63,82,ID,,,,,,
113,338,41102,"Rubio, Marco",2,4,200,1/24/13,1/3/15,0,3,2,1,1,SRES18,Foreign Relations,43,83,FL,,,,,,
113,338,41111,"Johnson, Ron",2,5,200,1/24/13,1/3/15,0,1,2,1,1,SRES18,Foreign Relations,25,82,WI,,,,,,
113,338,20100,"Flake, Jeff",2,6,200,1/24/13,1/3/15,0,1,2,1,1,SRES18,Foreign Relations,61,81,AZ,,,,,,
113,338,15039,"McCain, John",2,7,200,1/24/13,1/3/15,0,1,2,1,2,SRES18,Foreign Relations,61,83,AZ,,,,,,
113,338,40707,"Barrasso, John A.",2,8,200,1/24/13,1/3/15,0,6,2,1,1,SRES18,Foreign Relations,68,81,WY,,,,,,
113,338,41104,"Paul, Rand",2,9,200,1/24/13,1/3/15,0,1,2,1,1,SRES18,Foreign Relations,51,83,KY,,,,,,
113,344,15015,"Carper, Thomas Richard",1,1,100,1/24/13,1/3/15,11,13,2,1,1,SRES17,Homeland Security and Governmental Affairs,11,81,DE,,,,,,
113,344,14709,"Levin, Carl",1,2,100,1/24/13,1/3/15,0,35,2,1,0,SRES17,Homeland Security and Governmental Affairs,23,82,MI,,,,,,
113,344,40301,"Pryor, Mark",1,3,100,1/24/13,1/3/15,0,11,2,1,0,SRES17,Homeland Security and Governmental Affairs,42,82,AR,,,,,,
113,344,49702,"Landrieu, Mary L.",1,4,100,1/24/13,1/3/15,0,7,2,1,0,SRES17,Homeland Security and Governmental Affairs,45,82,LA,,,,,,
113,344,40701,"McCaskill, Claire",1,5,100,1/24/13,1/3/15,0,7,2,1,1,SRES17,Homeland Security and Governmental Affairs,34,81,MO,,,,,,
113,344,40702,"Tester, Jon",1,6,100,1/24/13,1/3/15,0,7,2,1,1,SRES17,Homeland Security and Governmental Affairs,64,81,MT,,,,,,
113,344,40900,"Begich, Mark",1,7,100,1/24/13,1/3/15,0,3,2,1,0,SRES17,Homeland Security and Governmental Affairs,81,82,AK,,,,,,
113,344,29940,"Baldwin, Tammy",1,8,100,1/24/13,1/3/15,0,1,2,1,1,SRES17,Homeland Security and Governmental Affairs,25,81,WI,,,,,,
113,344,41303,"Heitkamp, Heidi",1,9,100,1/24/13,1/3/15,0,1,2,1,1,SRES17,Homeland Security and Governmental Affairs,36,81,ND,,,,,,
113,344,29555,"Coburn, Thomas Allen",2,1,200,1/24/13,1/3/15,0,9,2,1,0,SRES18,Homeland Security and Governmental Affairs,53,83,OK,,,,,,
113,344,15039,"McCain, John",2,2,200,1/24/13,1/3/15,0,5,2,1,1,SRES18,Homeland Security and Governmental Affairs,61,83,AZ,,,,,,
113,344,15425,"Johnson, Tim",2,3,200,1/24/13,1/3/15,0,3,2,1,0,SRES18,Homeland Security and Governmental Affairs,37,82,SD,,,,,,
113,344,29386,"Portman, Rob",2,4,200,1/24/13,1/3/15,0,3,2,1,1,SRES18,Homeland Security and Governmental Affairs,24,83,OH,,,,,,
113,344,41104,"Paul, Rand",2,5,200,1/24/13,1/3/15,0,3,2,1,1,SRES18,Homeland Security and Governmental Affairs,51,83,KY,,,,,,
113,344,49706,"Enzi, Michael B.",2,6,200,1/24/13,1/3/15,0,1,2,1,1,SRES18,Homeland Security and Governmental Affairs,68,82,WY,,,,,,
113,344,41106,"Ayotte, Kelly",2,7,200,1/24/13,1/3/15,0,1,2,1,1,SRES18,Homeland Security and Governmental Affairs,4,83,NH,,,,,,
113,321,41307,"Chiesa, Jeffrey",5,8,200,6/20/13,10/31/13,0,1,2,8,0,SRES180,Homeland Security and Governmental Affairs,12,82,NJ,"Replaced Lautenberg in Senate, but did not seek his seat in the special election",,,,,
113,358,14307,"Leahy, Patrick J.",1,1,100,1/24/13,1/3/15,11,35,2,1,1,SRES17,Judiciary,6,83,VT,,,,,,
113,358,49300,"Feinstein, Dianne",1,2,100,1/24/13,1/3/15,0,21,2,1,1,SRES17,Judiciary,71,81,CA,,,,,,
113,358,14858,"Schumer, Charles Ellis (Chuck)",1,3,100,1/24/13,1/3/15,0,15,2,1,1,SRES17,Judiciary,13,83,NY,,,,,,
113,358,15021,"Durbin, Richard J.",1,4,100,1/24/13,1/3/15,0,13,4,1,1,SRES17,Judiciary,21,82,IL,,,,,,
113,358,40704,"Whitehouse, Sheldon",1,5,100,1/24/13,1/3/15,0,7,2,1,1,SRES17,Judiciary,5,83,RI,,,,,,
113,358,40700,"Klobuchar, Amy",1,6,100,1/24/13,1/3/15,0,5,2,1,1,SRES17,Judiciary,33,81,MN,,,,,,
113,358,40904,"Franken, Al",1,7,100,1/24/13,1/3/15,0,5,2,1,1,SRES17,Judiciary,33,82,MN,,,,,,
113,358,40916,"Coons, Christopher",1,8,100,1/24/13,1/3/15,0,3,2,1,1,SRES17,Judiciary,11,82,DE,,,,,,
113,358,41101,"Blumenthal, Richard",1,9,100,1/24/13,1/3/15,0,3,2,1,1,SRES17,Judiciary,1,83,CT,,,,,,
113,358,20713,"Hirono, Mazie",1,10,100,1/24/13,1/3/15,0,1,2,1,2,SRES17,Judiciary,82,81,HI,,,,,,
113,358,14226,"Grassley, Charles E.",2,1,200,1/24/13,1/3/15,21,33,2,1,1,SRES18,Judiciary,31,83,IA,,,,,,
113,358,14503,"Hatch, Orrin G.",2,2,200,1/24/13,1/3/15,0,37,2,1,1,SRES18,Judiciary,67,81,UT,,,,,,
113,358,49700,"Sessions, Jeff",2,3,200,1/24/13,1/3/15,0,17,2,1,1,SRES18,Judiciary,41,82,AL,,,,,,
113,358,29566,"Graham, Lindsey O.",2,4,200,1/24/13,1/3/15,0,11,2,1,1,SRES18,Judiciary,48,82,SC,,,,,,
113,358,40305,"Cornyn, John",2,5,200,1/24/13,1/3/15,0,11,2,1,1,SRES18,Judiciary,49,81,TX,,,,,,
113,358,41110,"Lee, Mike",2,6,200,1/24/13,1/3/15,0,3,2,1,1,SRES18,Judiciary,67,83,UT,,,,,,
113,358,41304,"Cruz, Ted",2,7,200,1/24/13,1/3/15,0,1,2,1,1,SRES18,Judiciary,49,81,TX,,,,,,
113,358,20100,"Flake, Jeff",2,8,200,1/24/13,1/3/15,0,1,2,1,1,SRES18,Judiciary,61,81,AZ,,,,,,
113,362,14230,"Harkin, Tom",1,1,100,1/24/13,1/3/15,11,27,2,1,0,SRES17,"Health, Education, Labor, and Pensions",31,82,IA,,,,,,
113,362,14440,"Mikulski, Barbara A.",1,2,100,1/24/13,1/3/15,0,27,2,1,1,SRES17,"Health, Education, Labor, and Pensions",52,83,MD,,,,,,
113,362,49308,"Murray, Patty",1,3,100,1/24/13,1/3/15,0,17,2,1,1,SRES17,"Health, Education, Labor, and Pensions",73,83,WA,,,,,,
113,362,29147,"Sanders, Bernard",1,4,328,1/24/13,1/3/15,0,7,2,1,1,SRES17,"Health, Education, Labor, and Pensions",6,81,VT,,,,,,
113,362,40703,"Casey, Robert P., Jr.",1,5,100,1/24/13,1/3/15,0,5,2,1,1,SRES17,"Health, Education, Labor, and Pensions",14,81,PA,,,,,,
113,362,40907,"Hagan, Kay",1,6,100,1/24/13,1/3/15,0,5,2,1,0,SRES17,"Health, Education, Labor, and Pensions",47,82,NC,,,,,,
113,362,40908,"Merkley, Jeff",1,7,100,1/24/13,1/3/15,0,5,2,1,2,SRES17,"Health, Education, Labor, and Pensions",72,82,OR,,,,,,
113,362,40910,"Bennet, Michael",1,8,100,1/24/13,1/3/15,0,5,2,1,1,SRES17,"Health, Education, Labor, and Pensions",62,83,CO,,,,,,
113,362,40704,"Whitehouse, Sheldon",1,9,100,1/24/13,1/3/15,0,3,2,1,1,SRES17,"Health, Education, Labor, and Pensions",5,83,RI,,,,,,
113,362,29940,"Baldwin, Tammy",1,10,100,1/24/13,1/3/15,0,1,2,1,1,SRES17,"Health, Education, Labor, and Pensions",25,81,WI,,,,,,
113,362,20707,"Murphy, Christopher",1,11,100,1/24/13,1/3/15,0,1,2,1,1,SRES17,"Health, Education, Labor, and Pensions",1,81,CT,,,,,,
113,362,41301,"Warren, Elizabeth",1,12,100,1/24/13,1/3/15,0,1,2,1,1,SRES17,"Health, Education, Labor, and Pensions",3,81,MA,,,,,,
113,362,40304,"Alexander, Lamar",2,1,200,1/24/13,1/3/15,21,11,2,1,1,SRES18,"Health, Education, Labor, and Pensions",54,82,TN,,,,,,
113,362,49706,"Enzi, Michael B.",2,2,200,1/24/13,1/3/15,0,17,2,1,1,SRES18,"Health, Education, Labor, and Pensions",68,82,WY,,,,,,
113,362,29548,"Burr, Richard",2,3,200,1/24/13,1/3/15,0,9,2,1,1,SRES18,"Health, Education, Labor, and Pensions",47,83,NC,,,,,,
113,362,29909,"Isakson, Johnny",2,4,200,1/24/13,1/3/15,0,9,2,1,1,SRES18,"Health, Education, Labor, and Pensions",44,83,GA,,,,,,
113,362,41104,"Paul, Rand",2,5,200,1/24/13,1/3/15,0,3,2,1,1,SRES18,"Health, Education, Labor, and Pensions",51,83,KY,,,,,,
113,362,14503,"Hatch, Orrin G.",2,6,200,1/24/13,1/3/15,0,9,4,1,1,SRES18,"Health, Education, Labor, and Pensions",67,81,UT,,,,,,
113,362,14852,"Roberts, Pat",2,7,200,1/24/13,1/3/15,0,13,2,1,1,SRES18,"Health, Education, Labor, and Pensions",32,82,KS,,,,,,
113,362,40300,"Murkowski, Lisa",2,8,200,1/24/13,1/3/15,0,7,2,1,1,SRES18,"Health, Education, Labor, and Pensions",81,83,AK,,,,,,
113,362,20115,"Kirk, Mark",2,9,200,1/24/13,1/3/15,0,3,2,1,1,SRES18,"Health, Education, Labor, and Pensions",21,83,IL,,,,,,
113,362,21173,"Scott, Tim",2,10,200,1/24/13,1/3/15,0,1,2,1,1,SRES18,"Health, Education, Labor, and Pensions",48,83,SC,,,,,,
113,380,14858,"Schumer, Charles Ellis (Chuck)",1,1,100,1/24/13,1/3/15,11,15,2,1,1,SRES17,Rules and Administration,13,83,NY,,,,,,
113,380,49300,"Feinstein, Dianne",1,2,100,1/24/13,1/3/15,0,21,2,1,1,SRES17,Rules and Administration,71,81,CA,,,,,,
113,380,15021,"Durbin, Richard J.",1,3,100,1/24/13,1/3/15,0,13,2,1,1,SRES17,Rules and Administration,21,82,IL,,,,,,
113,380,49308,"Murray, Patty",1,4,100,1/24/13,2/12/14,0,7,2,2,2,SRES17,Rules and Administration,73,83,WA,,,,,,
113,380,40301,"Pryor, Mark",1,5,100,1/24/13,1/3/15,0,7,2,1,0,SRES17,Rules and Administration,42,82,AR,,,,,,
113,380,29924,"Udall, Tom",1,6,100,1/24/13,1/3/15,0,5,2,1,1,SRES17,Rules and Administration,66,82,NM,,,,,,
113,380,40909,"Warner, Mark",1,7,100,1/24/13,1/3/15,0,5,2,1,1,SRES17,Rules and Administration,40,82,VA,,,,,,
113,380,14307,"Leahy, Patrick J.",1,8,100,1/24/13,1/3/15,0,3,2,1,1,SRES17,Rules and Administration,6,83,VT,,,,,,
113,380,40700,"Klobuchar, Amy",1,9,100,1/24/13,1/3/15,0,1,2,1,1,SRES17,Rules and Administration,33,81,MN,,,,,,
113,380,41300,"King, Angus S.",1,10,328,1/24/13,1/3/15,0,1,2,1,1,SRES17,Rules and Administration,2,81,ME,,,,,,
113,380,41309,"Walsh, John E.",6,1,100,2/12/14,1/3/15,0,1,2,4,0,SRES359,Rules and Administration,64,82,MT,Replaced Murray; Ranked after King,,,,,
113,380,14852,"Roberts, Pat",2,1,200,1/24/13,1/3/15,21,5,2,1,1,SRES18,Rules and Administration,32,82,KS,,,,,,
113,380,14921,"McConnell, Mitch",2,2,200,1/24/13,1/3/15,0,25,2,1,1,SRES18,Rules and Administration,51,82,KY,,,,,,
113,380,14009,"Cochran, Thad",2,3,200,1/24/13,1/3/15,0,21,2,1,1,SRES18,Rules and Administration,46,82,MS,,,,,,
113,380,29512,"Chambliss, Saxby",2,4,200,1/24/13,1/3/15,0,11,2,1,0,SRES18,Rules and Administration,44,82,GA,,,,,,
113,380,40304,"Alexander, Lamar",2,5,200,1/24/13,1/3/15,0,7,2,1,1,SRES18,Rules and Administration,54,82,TN,,,,,,
113,380,94659,"Shelby, Richard C.",2,6,200,1/24/13,1/3/15,0,3,2,1,1,SRES18,Rules and Administration,41,83,AL,,,,,,
113,380,29735,"Blunt, Roy",2,7,200,1/24/13,1/3/15,0,3,2,1,1,SRES18,Rules and Administration,34,83,MO,,,,,,
113,380,41304,"Cruz, Ted",2,8,200,1/24/13,1/3/15,0,1,2,1,1,SRES18,Rules and Administration,49,81,TX,,,,,,
113,384,49702,"Landrieu, Mary L.",1,1,100,1/24/13,1/3/15,12,17,2,1,0,SRES17,Small Business and Entrepreneurship,45,82,LA,,,,,,
113,384,14709,"Levin, Carl",1,2,100,1/24/13,1/3/15,0,35,2,1,0,SRES17,Small Business and Entrepreneurship,23,82,MI,,,,,,
113,384,14230,"Harkin, Tom",1,3,100,1/24/13,10/31/13,0,28,2,2,0,SRES17,Small Business and Entrepreneurship,31,82,IA,,,,,,
113,384,14920,"Kerry, John F.",1,4,100,1/24/13,2/1/13,0,28,2,6,0,SRES17,Small Business and Entrepreneurship,3,82,MA,Resigned to become Secretary of State,,,,,
113,384,39310,"Cantwell, Maria",1,5,100,1/24/13,1/3/15,13,13,2,1,1,SRES17,Small Business and Entrepreneurship,73,81,WA,Appointed chair 2/12/2014 by SRES359,,,,,
113,384,40301,"Pryor, Mark",1,6,100,1/24/13,1/3/15,0,11,2,1,0,SRES17,Small Business and Entrepreneurship,42,82,AR,,,,,,
113,384,15408,"Cardin, Benjamin L.",1,7,100,1/24/13,1/3/15,0,7,2,1,1,SRES17,Small Business and Entrepreneurship,52,81,MD,,,,,,
113,384,40906,"Shaheen, Jeanne",1,8,100,1/24/13,1/3/15,0,5,2,1,1,SRES17,Small Business and Entrepreneurship,4,82,NH,,,,,,
113,384,40907,"Hagan, Kay",1,9,100,1/24/13,1/3/15,0,5,2,1,0,SRES17,Small Business and Entrepreneurship,47,82,NC,,,,,,
113,384,41303,"Heitkamp, Heidi",1,10,100,1/24/13,1/3/15,0,1,2,1,1,SRES17,Small Business and Entrepreneurship,36,81,ND,,,,,,
113,384,41306,"Cowan, William (Mo)",6,1,100,2/12/13,7/15/13,0,1,2,8,0,SRES29,Small Business and Entrepreneurship,3,82,MA,Replaced Kerry; Ranked after Heitkamp,,,,,
113,384,14435,"Markey, Edward J. (Ed)",6,2,100,7/15/13,1/3/15,0,1,2,1,1,SRES196,Small Business and Entrepreneurship,3,82,MA,Replaced Cowan; Ranked after Heitkamp,,,,,
113,384,41308,"Booker, Cory",6,3,100,10/31/13,1/3/15,0,1,2,1,1,SRES283,Small Business and Entrepreneurship,12,82,NJ,Replaced Harkin,,,,,
113,384,40902,"Risch, James",2,1,200,1/24/13,1/3/15,0,5,2,1,1,SRES18,Small Business and Entrepreneurship,63,82,ID,,,,,,
113,384,29918,"Vitter, David",2,2,200,1/24/13,1/3/15,0,9,2,1,1,SRES18,Small Business and Entrepreneurship,45,83,LA,,,,,,
113,384,41102,"Rubio, Marco",2,3,200,1/24/13,1/3/15,0,3,2,1,1,SRES18,Small Business and Entrepreneurship,43,83,FL,,,,,,
113,384,41104,"Paul, Rand",2,4,200,1/24/13,1/3/15,0,3,2,1,1,SRES18,Small Business and Entrepreneurship,51,83,KY,,,,,,
113,384,21173,"Scott, Tim",2,5,200,1/24/13,1/3/15,0,1,2,1,1,SRES18,Small Business and Entrepreneurship,48,83,SC,,,,,,
113,384,41302,"Fischer, Deb",2,6,200,1/24/13,1/3/15,0,1,2,1,1,SRES18,Small Business and Entrepreneurship,35,81,NE,,,,,,
113,384,49706,"Enzi, Michael B.",2,7,200,1/24/13,1/3/15,0,17,2,1,1,SRES18,Small Business and Entrepreneurship,68,82,WY,,,,,,
113,384,41111,"Johnson, Ron",2,8,200,1/24/13,1/3/15,0,1,2,1,2,SRES18,Small Business and Entrepreneurship,25,83,WI,,,,,,
113,384,41307,"Chiesa, Jeffrey",5,9,200,6/20/13,10/31/13,0,1,2,8,0,SRES180,Small Business and Entrepreneurship,12,82,NJ,,,,,,
113,388,29147,"Sanders, Bernard",1,1,328,1/24/13,1/3/15,11,7,2,1,1,SRES17,Veterans' Affairs,6,81,VT,,,,,,
113,388,14922,"Rockefeller, John D., IV",1,2,100,1/24/13,1/3/15,0,29,2,1,0,SRES17,Veterans' Affairs,56,82,WV,,,,,,
113,388,49308,"Murray, Patty",1,3,100,1/24/13,1/3/15,0,19,2,1,1,SRES17,Veterans' Affairs,73,83,WA,,,,,,
113,388,29389,"Brown, Sherrod",1,4,100,1/24/13,1/3/15,0,7,2,1,1,SRES17,Veterans' Affairs,24,81,OH,,,,,,
113,388,40702,"Tester, Jon",1,5,100,1/24/13,1/3/15,0,7,2,1,1,SRES17,Veterans' Affairs,64,81,MT,,,,,,
113,388,40900,"Begich, Mark",1,6,100,1/24/13,1/3/15,0,5,2,1,0,SRES17,Veterans' Affairs,81,82,AK,,,,,,
113,388,41101,"Blumenthal, Richard",1,7,100,1/24/13,1/3/15,0,1,2,1,1,SRES17,Veterans' Affairs,1,83,CT,,,,,,
113,388,20713,"Hirono, Mazie",1,8,100,1/24/13,1/3/15,0,1,2,1,1,SRES17,Veterans' Affairs,82,81,HI,,,,,,
113,388,29548,"Burr, Richard",2,1,200,1/24/13,1/3/15,21,9,2,1,2,SRES18,Veterans' Affairs,47,83,NC,,,,,,
113,388,29909,"Isakson, Johnny",2,2,200,1/24/13,1/3/15,0,9,2,1,1,SRES18,Veterans' Affairs,44,83,GA,,,,,,
113,388,40905,"Johanns, Mike",2,3,200,1/24/13,1/3/15,0,5,2,1,0,SRES18,Veterans' Affairs,35,82,NE,,,,,,
113,388,29722,"Moran, Jerry",2,4,200,1/24/13,1/3/15,0,3,2,1,1,SRES18,Veterans' Affairs,32,83,KS,,,,,,
113,388,20101,"Boozman, John",2,5,200,1/24/13,1/3/15,0,3,2,1,1,SRES18,Veterans' Affairs,42,83,AR,,,,,,
113,388,20730,"Heller, Dean",2,6,200,1/24/13,1/3/15,0,1,2,1,1,SRES18,Veterans' Affairs,65,81,NV,,,,,,
113,419,14871,"Wyden, Ron",1,1,100,1/24/13,1/3/15,0,18,2,1,2,SRES17,Aging (Special Committee),72,83,OR,,,,,,
113,419,14651,"Nelson, Clarence William (Bill)",1,2,100,1/24/13,1/3/15,11,9,2,1,1,SRES17,Aging (Special Committee),43,81,FL,,,,,,
113,419,40703,"Casey, Robert P., Jr.",1,3,100,1/24/13,1/3/15,0,7,2,1,1,SRES17,Aging (Special Committee),14,81,PA,,,,,,
113,419,40701,"McCaskill, Claire",1,4,100,1/24/13,1/3/15,0,7,2,1,1,SRES17,Aging (Special Committee),34,81,MO,,,,,,
113,419,40704,"Whitehouse, Sheldon",1,5,100,1/24/13,1/3/15,0,7,2,1,1,SRES17,Aging (Special Committee),5,83,RI,,,,,,
113,419,20735,"Gillibrand, Kirsten E.",1,6,100,1/24/13,1/3/15,0,5,2,1,1,SRES17,Aging (Special Committee),13,81,NY,,,,,,
113,419,40915,"Manchin, Joe",1,7,100,1/24/13,1/3/15,0,3,2,1,2,SRES17,Aging (Special Committee),56,81,WV,,,,,,
113,419,41101,"Blumenthal, Richard",1,8,100,1/24/13,1/3/15,0,3,2,1,1,SRES17,Aging (Special Committee),1,83,CT,,,,,,
113,419,29940,"Baldwin, Tammy",1,9,100,1/24/13,1/3/15,0,1,2,1,2,SRES17,Aging (Special Committee),25,81,WI,,,,,,
113,419,20717,"Donnelly, Joe",1,10,100,1/24/13,1/3/15,0,1,2,1,1,SRES17,Aging (Special Committee),22,81,IN,,,,,,
113,419,41301,"Warren, Elizabeth",1,11,100,1/24/13,1/3/15,0,1,2,1,1,SRES17,Aging (Special Committee),3,81,MA,,,,,,
113,419,41309,"Walsh, John E.",4,12,100,2/12/14,1/3/15,0,1,2,4,0,SRES359,Aging (Special Committee),64,82,MT,Replaced Baucus in Senate,,,,,
113,419,40705,"Corker, Bob",2,2,200,1/24/13,1/3/15,0,7,2,1,1,SRES18,Aging (Special Committee),54,81,TN,,,,,,
113,419,49703,"Collins, Susan",2,1,200,1/24/13,1/3/15,21,17,2,1,1,SRES18,Aging (Special Committee),2,82,ME,,,,,,
113,419,14503,"Hatch, Orrin G.",2,3,200,1/24/13,1/3/15,0,5,5,1,1,SRES18,Aging (Special Committee),67,81,UT,,,,,,
113,419,20115,"Kirk, Mark",2,4,200,1/24/13,1/3/15,0,3,5,1,1,SRES18,Aging (Special Committee),21,83,IL,,,,,,
113,419,20730,"Heller, Dean",2,5,200,1/24/13,1/3/15,0,3,2,1,1,SRES18,Aging (Special Committee),65,81,NV,,,,,,
113,419,20100,"Flake, Jeff",2,6,200,1/24/13,1/3/15,0,1,2,1,1,SRES18,Aging (Special Committee),61,81,AZ,,,,,,
113,419,41106,"Ayotte, Kelly",2,7,200,1/24/13,1/3/15,0,1,6,1,2,SRES18,Aging (Special Committee),4,83,NH,,,,,,
113,419,21173,"Scott, Tim",2,8,200,1/24/13,1/3/15,0,1,2,1,1,SRES18,Aging (Special Committee),48,83,SC,,,,,,
113,419,41304,"Cruz, Ted",2,9,200,1/24/13,1/3/15,0,1,2,1,2,SRES18,Aging (Special Committee),49,81,TX,,,,,,
113,432,49300,"Feinstein, Dianne",1,1,100,1/24/13,1/3/15,11,13,2,1,1,SRES17,Intelligence (Select Committee),71,81,CA,,,,,,
113,432,14922,"Rockefeller, John D., IV",1,2,100,1/24/13,1/3/15,0,13,2,1,0,SRES17,Intelligence (Select Committee),56,82,WV,,,,,,
113,432,14871,"Wyden, Ron",1,3,100,1/24/13,1/3/15,0,13,2,1,1,SRES17,Intelligence (Select Committee),72,83,OR,,,,,,
113,432,14440,"Mikulski, Barbara A.",1,4,100,1/24/13,1/3/15,0,13,2,1,1,SRES17,Intelligence (Select Committee),52,83,MD,,,,,,
113,432,29906,"Udall, Mark",1,5,100,1/24/13,1/3/15,0,3,2,1,0,SRES17,Intelligence (Select Committee),62,82,CO,,,,,,
113,432,40909,"Warner, Mark",1,6,100,1/24/13,1/3/15,0,3,2,1,1,SRES17,Intelligence (Select Committee),40,82,VA,,,,,,
113,432,20930,"Heinrich, Martin",1,7,100,1/24/13,1/3/15,0,1,2,1,1,SRES17,Intelligence (Select Committee),66,81,NM,,,,,,
113,432,41300,"King, Angus S.",1,8,328,1/24/13,1/3/15,0,1,2,1,1,SRES17,Intelligence (Select Committee),2,81,ME,,,,,,
113,432,14709,"Levin, Carl",1,9,100,1/24/13,1/3/15,0,1,4,1,0,SRES17,Intelligence (Select Committee),23,82,MI,Ex officio appointment,,,,,
113,432,29512,"Chambliss, Saxby",2,1,200,1/24/13,1/3/15,81,11,2,1,0,SRES18,Intelligence (Select Committee),44,82,GA,,,,,,
113,432,29548,"Burr, Richard",2,2,200,1/24/13,1/3/15,0,7,2,1,1,SRES18,Intelligence (Select Committee),47,83,NC,,,,,,
113,432,40902,"Risch, James",2,3,200,1/24/13,1/3/15,0,5,2,1,1,SRES18,Intelligence (Select Committee),63,82,ID,,,,,,
113,432,14806,"Coats, Dan",2,4,200,1/24/13,1/3/15,0,5,2,1,1,SRES18,Intelligence (Select Committee),22,83,IN,,,,,,
113,432,41102,"Rubio, Marco",2,5,200,1/24/13,1/3/15,0,5,2,1,1,SRES18,Intelligence (Select Committee),43,83,FL,,,,,,
113,432,49703,"Collins, Susan",2,6,200,1/24/13,1/3/15,0,1,2,1,1,SRES18,Intelligence (Select Committee),2,82,ME,,,,,,
113,432,29555,"Coburn, Thomas Allen",2,7,200,1/24/13,1/3/15,0,1,4,1,0,SRES18,Intelligence (Select Committee),53,82,OK,,,,,,
113,434,15011,"Boxer, Barbara",1,1,100,1/24/13,1/3/15,11,7,2,1,1,SRES17,Ethics (Select Committee),71,83,CA,,,,,,
113,434,40301,"Pryor, Mark",1,2,100,1/24/13,1/3/15,0,9,2,1,0,SRES17,Ethics (Select Committee),42,82,AR,,,,,,
113,434,29389,"Brown, Sherrod",1,3,100,1/24/13,1/3/15,0,5,2,1,2,SRES17,Ethics (Select Committee),24,81,OH,,,,,,
113,434,29909,"Isakson, Johnny",2,1,200,1/24/13,1/3/15,81,7,2,1,1,SRES18,Ethics (Select Committee),44,83,GA,,,,,,
113,434,14852,"Roberts, Pat",2,2,200,1/24/13,1/3/15,0,17,2,1,1,SRES18,Ethics (Select Committee),32,82,KS,,,,,,
113,434,40902,"Risch, James",2,3,200,1/24/13,1/3/15,0,5,2,1,1,SRES18,Ethics (Select Committee),63,82,ID,,,,,,
113,435,39310,"Cantwell, Maria",1,1,100,1/24/13,1/3/15,12,13,2,1,1,SRES17,Indian Affairs (Select Committee),73,81,WA,,,,,,
113,435,15425,"Johnson, Tim",1,2,100,1/24/13,1/3/15,0,13,2,1,0,SRES17,Indian Affairs (Select Committee),37,82,SD,,,,,,
113,435,40702,"Tester, Jon",1,3,100,1/24/13,1/3/15,13,5,2,1,1,SRES17,Indian Affairs (Select Committee),64,81,MT,Appointed chair 2/12/2014 by SRES359,,,,,
113,435,29924,"Udall, Tom",1,4,100,1/24/13,1/3/15,0,5,2,1,1,SRES17,Indian Affairs (Select Committee),66,82,NM,,,,,,
113,435,40904,"Franken, Al",1,5,100,1/24/13,1/3/15,0,3,2,1,1,SRES17,Indian Affairs (Select Committee),33,82,MN,,,,,,
113,435,40900,"Begich, Mark",1,6,100,1/24/13,1/3/15,0,1,2,1,0,SRES17,Indian Affairs (Select Committee),81,82,AK,,,,,,
113,435,41112,"Schatz, Brian E.",1,7,100,1/24/13,1/3/15,0,1,2,1,1,SRES17,Indian Affairs (Select Committee),82,83,HI,,,,,,
113,435,41303,"Heitkamp, Heidi",1,8,100,1/24/13,1/3/15,0,1,2,1,1,SRES17,Indian Affairs (Select Committee),36,81,ND,,,,,,
113,435,40707,"Barrasso, John A.",2,1,200,1/24/13,1/3/15,81,7,2,1,1,SRES18,Indian Affairs (Select Committee),68,81,WY,,,,,,
113,435,15039,"McCain, John",2,2,200,1/24/13,1/3/15,0,27,2,1,1,SRES18,Indian Affairs (Select Committee),61,83,AZ,,,,,,
113,435,40300,"Murkowski, Lisa",2,3,200,1/24/13,1/3/15,0,11,2,1,1,SRES18,Indian Affairs (Select Committee),81,83,AK,,,,,,
113,435,41107,"Hoeven, John",2,4,200,1/24/13,1/3/15,0,3,2,1,1,SRES18,Indian Affairs (Select Committee),36,83,ND,,,,,,
113,435,29345,"Crapo, Michael Dean",2,5,200,1/24/13,1/3/15,0,5,5,1,1,SRES18,Indian Affairs (Select Committee),63,83,ID,,,,,,
113,435,41302,"Fischer, Deb",2,6,200,1/24/13,1/3/15,0,1,2,1,2,SRES18,Indian Affairs (Select Committee),35,81,NE,,,,,,
113,500,14858,"Schumer, Charles Ellis (Chuck)",1,1,100,3/21/13,1/3/15,81,13,2,1,1,SRES88,Library (Joint),13,83,NY,,,,,,
113,500,15021,"Durbin, Richard J.",1,2,100,3/21/13,1/3/15,0,5,2,1,2,SRES88,Library (Joint),21,82,IL,,,,,,
113,500,14307,"Leahy, Patrick J.",1,3,100,3/21/13,1/3/15,0,3,2,1,1,SRES88,Library (Joint),6,83,VT,,,,,,
113,500,14852,"Roberts, Pat",2,1,200,3/21/13,1/3/15,0,1,2,1,1,SRES88,Library (Joint),32,82,KS,,,,,,
113,500,29735,"Blunt, Roy",2,2,200,3/21/13,1/3/15,0,1,2,1,1,SRES88,Library (Joint),34,83,MO,,,,,,
113,501,14858,"Schumer, Charles Ellis (Chuck)",1,1,100,3/21/13,1/3/15,81,5,2,1,1,SRES88,Printing (Joint),13,83,NY,,,,,,
113,501,29924,"Udall, Tom",1,2,100,3/21/13,1/3/15,0,5,2,1,1,SRES88,Printing (Joint),66,82,NM,,,,,,
113,501,40909,"Warner, Mark",1,3,100,3/21/13,1/3/15,0,1,2,1,2,SRES88,Printing (Joint),40,82,VA,,,,,,
113,501,14852,"Roberts, Pat",2,1,200,3/21/13,1/3/15,0,1,2,1,1,SRES88,Printing (Joint),32,82,KS,,,,,,
113,501,29512,"Chambliss, Saxby",2,2,200,3/21/13,1/3/15,0,11,2,1,0,SRES88,Printing (Joint),44,82,GA,,,,,,
113,503,14203,"Baucus, Max",1,1,100,2/26/13,2/6/14,82,5,2,6,0,S880,Taxation (Joint),64,82,MT,,,,,,
113,503,14922,"Rockefeller, John D., IV",1,2,100,2/26/13,1/3/15,0,5,2,1,0,S880,Taxation (Joint),56,82,WV,,,,,,
113,503,14871,"Wyden, Ron",1,3,100,2/26/13,1/3/15,83,1,2,1,1,S880,Taxation (Joint),72,83,OR,Appointed chair 4/3/2014 in S2167,,,,,
113,503,29732,"Stabenow, Deborah Ann",6,1,100,4/3/14,1/3/15,0,1,2,1,1,S2167,Taxation (Joint),23,81,MI,Replaced Baucus,,,,,
113,503,14503,"Hatch, Orrin G.",2,1,200,2/26/13,1/3/15,0,5,2,1,1,S880,Taxation (Joint),67,81,UT,,,,,,
113,503,14226,"Grassley, Charles E.",2,2,200,2/26/13,1/3/15,0,5,2,1,1,S880,Taxation (Joint),31,83,IA,,,,,,
113,507,40703,"Casey, Robert P., Jr.",1,1,100,1/24/13,1/3/15,82,7,2,1,1,SRES17,Economic (Joint Committee),14,81,PA,,,,,,
113,507,40700,"Klobuchar, Amy",1,2,100,1/24/13,1/3/15,83,7,2,1,1,SRES17,Economic (Joint Committee),33,81,MN,Appointed chair 2/12/2013 by SRES29,,,,,
113,507,40909,"Warner, Mark",1,3,100,1/24/13,2/12/14,0,3,2,1,2,SRES17,Economic (Joint Committee),40,82,VA,,,,,,
113,507,29147,"Sanders, Bernard",1,4,328,1/24/13,1/3/15,0,3,2,1,2,SRES17,Economic (Joint Committee),6,81,VT,,,,,,
113,507,20707,"Murphy, Christopher",1,5,100,1/24/13,1/3/15,0,1,2,1,2,SRES17,Economic (Joint Committee),1,81,CT,,,,,,
113,507,20930,"Heinrich, Martin",1,6,100,1/24/13,1/3/15,0,1,2,1,1,SRES17,Economic (Joint Committee),66,81,NM,,,,,,
113,507,40301,"Pryor, Mark",6,1,100,2/12/14,1/3/15,0,1,2,1,2,SRES359,Economic (Joint Committee),42,82,AR,Replaced Warner; Ranked after Heinrich,,,,,
113,507,14806,"Coats, Dan",2,1,200,1/24/13,1/3/15,21,3,2,1,1,SRES18,Economic (Joint Committee),22,83,IN,,,,,,
113,507,41110,"Lee, Mike",2,2,200,1/24/13,1/3/15,0,3,2,1,1,SRES18,Economic (Joint Committee),67,83,UT,,,,,,
113,507,29534,"Wicker, Roger F.",2,3,200,1/24/13,1/3/15,0,1,2,1,2,SRES18,Economic (Joint Committee),46,81,MS,,,,,,
113,507,29935,"Toomey, Patrick J.",2,4,200,1/24/13,1/3/15,0,3,2,1,2,SRES18,Economic (Joint Committee),14,83,PA,,,,,,
113,662,15021,"Durbin, Richard J.",1,1,100,1/3/13,1/3/15,51,6,2,1,2,,Majority whip,21,82,IL,,,,,,
113,662,15054,"Reid, Harry",1,1,100,1/3/13,1/3/15,41,6,2,1,2,,Majority leader,65,83,NV,,,,,,
113,662,40305,"Cornyn, John",2,1,200,1/3/13,1/3/15,65,3,2,1,2,,Minority whip,49,81,TX,,,,,,
113,662,14921,"McConnell, Mitch",2,1,200,1/3/13,1/3/15,61,6,2,1,2,,Minority leader,51,82,KY,,,,,,
114,305,29732,"Stabenow, Deborah Ann",2,1,100,1/7/15,1/3/17,21,15,2,1,1,SRES22,"Agriculture, Nutrition, and Forestry",23,81,MI,,,,,,
114,305,14307,"Leahy, Patrick J.",2,2,100,1/7/15,1/3/17,0,41,2,1,1,SRES22,"Agriculture, Nutrition, and Forestry",6,83,VT,,,,,,
114,305,29389,"Brown, Sherrod",2,3,100,1/7/15,1/3/17,0,9,2,1,1,SRES22,"Agriculture, Nutrition, and Forestry",24,81,OH,,,,,,
114,305,40700,"Klobuchar, Amy",2,4,100,1/7/15,1/3/17,0,9,2,1,1,SRES22,"Agriculture, Nutrition, and Forestry",33,81,MN,,,,,,
114,305,40910,"Bennet, Michael",2,5,100,1/7/15,1/3/17,0,7,2,1,1,SRES22,"Agriculture, Nutrition, and Forestry",62,83,CO,,,,,,
114,305,20735,"Gillibrand, Kirsten E.",2,6,100,1/7/15,1/3/17,0,7,2,1,1,SRES22,"Agriculture, Nutrition, and Forestry",13,81,NY,,,,,,
114,305,20717,"Donnelly, Joe",2,7,100,1/7/15,1/3/17,0,3,2,1,1,SRES22,"Agriculture, Nutrition, and Forestry",22,81,IN,,,,,,
114,305,41303,"Heitkamp, Heidi",2,8,100,1/7/15,1/3/17,0,3,2,1,1,SRES22,"Agriculture, Nutrition, and Forestry",36,81,ND,,,,,,
114,305,40703,"Casey, Robert P., Jr.",2,9,100,1/7/15,1/3/17,0,3,4,1,1,SRES22,"Agriculture, Nutrition, and Forestry",14,81,PA,,,,,,
114,305,14852,"Roberts, Pat",1,1,200,1/8/15,1/3/17,11,19,2,1,1,SRES23,"Agriculture, Nutrition, and Forestry",32,82,KS,,,,,,
114,305,14009,"Cochran, Thad",1,2,200,1/8/15,1/3/17,0,37,2,1,1,SRES23,"Agriculture, Nutrition, and Forestry",46,82,MS,,,,,,
114,305,14921,"McConnell, Mitch",1,3,200,1/8/15,1/3/17,0,30,2,1,1,SRES23,"Agriculture, Nutrition, and Forestry",51,82,KY,,,,,,
114,305,20101,"Boozman, John",1,4,200,1/8/15,1/3/17,0,5,2,1,1,SRES23,"Agriculture, Nutrition, and Forestry",42,83,AR,,,,,,
114,305,41107,"Hoeven, John",1,5,200,1/8/15,1/3/17,0,5,2,1,1,SRES23,"Agriculture, Nutrition, and Forestry",36,83,ND,,,,,,
114,305,41501,"Perdue, David",1,6,200,1/8/15,1/3/17,0,1,2,1,1,SRES23,"Agriculture, Nutrition, and Forestry",44,82,GA,,,,,,
114,305,41502,"Ernst, Joni",1,7,200,1/8/15,1/3/17,0,1,2,1,1,SRES23,"Agriculture, Nutrition, and Forestry",31,82,IA,,,,,,
114,305,41504,"Tillis, Thom",1,8,200,1/8/15,1/3/17,0,1,2,1,2,SRES23,"Agriculture, Nutrition, and Forestry",47,82,NC,,,,,,
114,305,41503,"Sasse, Ben",1,9,200,1/8/15,1/3/17,0,1,2,1,2,SRES23,"Agriculture, Nutrition, and Forestry",35,82,NE,,,,,,
114,305,14226,"Grassley, Charles E.",1,10,200,1/8/15,1/3/17,0,13,5,1,1,SRES23,"Agriculture, Nutrition, and Forestry",31,83,IA,,,,,,
114,305,29754,"Thune, John",1,11,200,1/8/15,1/3/17,0,9,2,1,1,SRES23,"Agriculture, Nutrition, and Forestry",37,83,SD,,,,,,
114,306,14440,"Mikulski, Barbara A.",2,1,100,1/7/15,1/3/17,21,29,2,1,0,SRES22,Appropriations,52,83,MD,,,,,,
114,306,14307,"Leahy, Patrick J.",2,2,100,1/7/15,1/3/17,0,38,2,1,1,SRES22,Appropriations,6,83,VT,,,,,,
114,306,49308,"Murray, Patty",2,3,100,1/7/15,1/3/17,0,23,2,1,1,SRES22,Appropriations,73,83,WA,,,,,,
114,306,49300,"Feinstein, Dianne",2,4,100,1/7/15,1/3/17,0,17,4,1,1,SRES22,Appropriations,71,81,CA,,,,,,
114,306,15021,"Durbin, Richard J.",2,5,100,1/7/15,1/3/17,0,17,2,1,1,SRES22,Appropriations,21,82,IL,,,,,,
114,306,29142,"Reed, Jack",2,6,100,1/7/15,1/3/17,0,9,5,1,1,SRES22,Appropriations,5,82,RI,,,,,,
114,306,40702,"Tester, Jon",2,7,100,1/7/15,1/3/17,0,1,2,1,1,SRES22,Appropriations,64,81,MT,,,,,,
114,306,29924,"Udall, Tom",2,8,100,1/7/15,1/3/17,0,1,2,1,1,SRES22,Appropriations,66,82,NM,,,,,,
114,306,40906,"Shaheen, Jeanne",2,9,100,1/7/15,1/3/17,0,3,2,1,1,SRES22,Appropriations,4,82,NH,,,,,,
114,306,40908,"Merkley, Jeff",2,10,100,1/7/15,1/3/17,0,3,2,1,1,SRES22,Appropriations,72,82,OR,,,,,,
114,306,40916,"Coons, Christopher",2,11,100,1/7/15,1/3/17,0,3,2,1,1,SRES22,Appropriations,11,82,DE,,,,,,
114,306,41112,"Schatz, Brian E.",2,12,100,1/7/15,1/3/17,0,1,2,1,1,SRES22,Appropriations,82,83,HI,,,,,,
114,306,29940,"Baldwin, Tammy",2,13,100,1/7/15,1/3/17,0,1,2,1,1,SRES22,Appropriations,25,81,WI,,,,,,
114,306,20707,"Murphy, Christopher",2,14,100,1/7/15,1/3/17,0,1,2,1,1,SRES22,Appropriations,1,81,CT,,,,,,
114,306,14009,"Cochran, Thad",1,1,200,1/8/15,1/3/17,11,35,2,1,1,SRES23,Appropriations,46,82,MS,,,,,,
114,306,14921,"McConnell, Mitch",1,2,200,1/8/15,1/3/17,0,23,2,1,1,SRES23,Appropriations,51,82,KY,,,,,,
114,306,94659,"Shelby, Richard C.",1,3,200,1/8/15,1/3/17,0,21,2,1,1,SRES23,Appropriations,41,83,AL,,,,,,
114,306,40304,"Alexander, Lamar",1,4,200,1/8/15,1/3/17,0,9,2,1,1,SRES23,Appropriations,54,82,TN,,,,,,
114,306,49703,"Collins, Susan",1,5,200,1/8/15,1/3/17,0,7,2,1,1,SRES23,Appropriations,2,82,ME,,,,,,
114,306,40300,"Murkowski, Lisa",1,6,200,1/8/15,1/3/17,0,7,2,1,1,SRES23,Appropriations,81,83,AK,,,,,,
114,306,29566,"Graham, Lindsey O.",1,7,200,1/8/15,1/3/17,0,5,2,1,1,SRES23,Appropriations,48,82,SC,,,,,,
114,306,20115,"Kirk, Mark",1,8,200,1/8/15,1/3/17,0,5,2,1,0,SRES23,Appropriations,21,83,IL,,,,,,
114,306,29735,"Blunt, Roy",1,9,200,1/8/15,1/3/17,0,5,2,1,1,SRES23,Appropriations,34,83,MO,,,,,,
114,306,29722,"Moran, Jerry",1,10,200,1/8/15,1/3/17,0,5,2,1,1,SRES23,Appropriations,32,83,KS,,,,,,
114,306,41107,"Hoeven, John",1,11,200,1/8/15,1/3/17,0,5,2,1,1,SRES23,Appropriations,36,83,ND,,,,,,
114,306,20101,"Boozman, John",1,12,200,1/8/15,1/3/17,0,3,2,1,1,SRES23,Appropriations,42,83,AR,,,,,,
114,306,20146,"Capito, Shelley M.",1,13,200,1/8/15,1/3/17,0,1,2,1,1,SRES23,Appropriations,56,82,WV,,,,,,
114,306,20919,"Cassidy, Bill",1,14,200,1/8/15,1/3/17,0,1,2,1,2,SRES23,Appropriations,45,82,LA,,,,,,
114,306,21166,"Lankford, James",1,15,200,1/8/15,1/3/17,0,1,2,1,1,SRES23,Appropriations,53,83,OK,,,,,,
114,306,21338,"Daines, Steve",1,16,200,1/8/15,1/3/17,0,1,2,1,1,SRES23,Appropriations,64,82,MT,,,,,,
114,308,29142,"Reed, Jack",2,1,100,1/7/15,1/3/17,21,17,2,1,1,SRES22,Armed Services,5,82,RI,,,,,,
114,308,14651,"Nelson, Clarence William (Bill)",2,2,100,1/7/15,1/3/17,0,3,4,1,1,SRES22,Armed Services,43,81,FL,,,,,,
114,308,40701,"McCaskill, Claire",2,3,100,1/7/15,1/3/17,0,9,2,1,1,SRES22,Armed Services,34,81,MO,,,,,,
114,308,40915,"Manchin, Joe",2,4,100,1/7/15,1/3/17,0,5,2,1,2,SRES22,Armed Services,56,81,WV,,,,,,
114,308,40906,"Shaheen, Jeanne",2,5,100,1/7/15,1/3/17,0,5,2,1,1,SRES22,Armed Services,4,82,NH,,,,,,
114,308,20735,"Gillibrand, Kirsten E.",2,6,100,1/7/15,1/3/17,0,5,2,1,1,SRES22,Armed Services,13,81,NY,,,,,,
114,308,41101,"Blumenthal, Richard",2,7,100,1/7/15,1/3/17,0,5,2,1,1,SRES22,Armed Services,1,83,CT,,,,,,
114,308,20717,"Donnelly, Joe",2,8,100,1/7/15,1/3/17,0,3,2,1,1,SRES22,Armed Services,22,81,IN,,,,,,
114,308,20713,"Hirono, Mazie",2,9,100,1/7/15,1/3/17,0,3,2,1,1,SRES22,Armed Services,82,81,HI,,,,,,
114,308,41305,"Kaine, Timothy",2,10,100,1/7/15,1/3/17,0,3,2,1,1,SRES22,Armed Services,40,81,VA,,,,,,
114,308,41300,"King, Angus S.",2,11,328,1/7/15,1/3/17,0,3,2,1,1,SRES22,Armed Services,2,81,ME,,,,,,
114,308,20930,"Heinrich, Martin",2,12,100,1/7/15,1/3/17,0,1,2,1,1,SRES22,Armed Services,66,81,NM,,,,,,
114,308,15039,"McCain, John",1,1,200,1/7/15,1/3/17,11,29,2,1,1,SRES21,Armed Services,61,83,AZ,,,,,,
114,308,15424,"Inhofe, James M.",1,2,200,1/7/15,1/3/17,0,21,2,1,1,SRES21,Armed Services,53,82,OK,,,,,,
114,308,49700,"Sessions, Jeff",1,3,200,1/7/15,1/3/17,0,17,2,1,1,SRES21,Armed Services,41,82,AL,,,,,,
114,308,29534,"Wicker, Roger F.",1,4,200,1/7/15,1/3/17,0,8,2,1,1,SRES21,Armed Services,46,81,MS,,,,,,
114,308,41106,"Ayotte, Kelly",1,5,200,1/7/15,1/3/17,0,5,2,1,0,SRES21,Armed Services,4,83,NH,,,,,,
114,308,41302,"Fischer, Deb",1,6,200,1/7/15,1/3/17,0,3,2,1,1,SRES21,Armed Services,35,81,NE,,,,,,
114,308,21301,"Cotton, Tom",1,7,200,1/7/15,1/3/17,0,1,2,1,1,SRES21,Armed Services,42,82,AR,,,,,,
114,308,41505,"Rounds, Mike",1,8,200,1/7/15,1/3/17,0,1,2,1,1,SRES21,Armed Services,37,82,SD,,,,,,
114,308,41502,"Ernst, Joni",1,9,200,1/7/15,1/3/17,0,1,2,1,1,SRES21,Armed Services,31,82,IA,,,,,,
114,308,41504,"Tillis, Thom",1,10,200,1/7/15,1/3/17,0,1,2,1,1,SRES21,Armed Services,47,82,NC,,,,,,
114,308,41500,"Sullivan, Daniel",1,11,200,1/7/15,1/3/17,0,1,2,1,1,SRES21,Armed Services,81,82,AK,,,,,,
114,308,41110,"Lee, Mike",1,12,200,1/7/15,1/3/17,0,3,2,1,2,SRES21,Armed Services,67,83,UT,,,,,,
114,308,29566,"Graham, Lindsey O.",1,13,200,1/7/15,1/3/17,0,13,2,1,1,SRES21,Armed Services,48,82,SC,,,,,,
114,308,41304,"Cruz, Ted",1,14,200,1/7/15,1/3/17,0,3,2,1,1,SRES21,Armed Services,49,81,TX,,,,,,
114,314,29389,"Brown, Sherrod",2,1,100,1/7/15,1/3/17,21,9,2,1,1,SRES22,"Banking, Housing, and Urban Affairs",24,81,OH,,,,,,
114,314,29142,"Reed, Jack",2,2,100,1/7/15,1/3/17,0,19,2,1,1,SRES22,"Banking, Housing, and Urban Affairs",5,82,RI,,,,,,
114,314,14858,"Schumer, Charles Ellis (Chuck)",2,3,100,1/7/15,1/3/17,0,17,2,1,2,SRES22,"Banking, Housing, and Urban Affairs",13,83,NY,,,,,,
114,314,29373,"Menendez, Robert",2,4,100,1/7/15,1/3/17,0,11,2,1,1,SRES22,"Banking, Housing, and Urban Affairs",12,81,NJ,,,,,,
114,314,40702,"Tester, Jon",2,5,100,1/7/15,1/3/17,0,9,2,1,1,SRES22,"Banking, Housing, and Urban Affairs",64,81,MT,,,,,,
114,314,40909,"Warner, Mark",2,6,100,1/7/15,1/3/17,0,7,2,1,1,SRES22,"Banking, Housing, and Urban Affairs",40,82,VA,,,,,,
114,314,40908,"Merkley, Jeff",2,7,100,1/7/15,1/3/17,0,7,2,1,2,SRES22,"Banking, Housing, and Urban Affairs",72,82,OR,,,,,,
114,314,41301,"Warren, Elizabeth",2,8,100,1/7/15,1/3/17,0,3,2,1,1,SRES22,"Banking, Housing, and Urban Affairs",3,81,MA,,,,,,
114,314,41303,"Heitkamp, Heidi",2,9,100,1/7/15,1/3/17,0,3,2,1,1,SRES22,"Banking, Housing, and Urban Affairs",36,81,ND,,,,,,
114,314,20717,"Donnelly, Joe",2,10,100,1/7/15,1/3/17,0,1,2,1,1,SRES22,"Banking, Housing, and Urban Affairs",22,81,IN,,,,,,
114,314,94659,"Shelby, Richard C.",1,1,200,1/8/15,1/3/17,11,29,2,1,1,SRES23,"Banking, Housing, and Urban Affairs",41,83,AL,,,,,,
114,314,29345,"Crapo, Michael Dean",1,2,200,1/8/15,1/3/17,0,17,2,1,1,SRES23,"Banking, Housing, and Urban Affairs",63,83,ID,,,,,,
114,314,40705,"Corker, Bob",1,3,200,1/8/15,1/3/17,0,8,2,1,1,SRES23,"Banking, Housing, and Urban Affairs",54,81,TN,,,,,,
114,314,29918,"Vitter, David",1,4,200,1/8/15,1/3/17,0,7,2,1,0,SRES23,"Banking, Housing, and Urban Affairs",45,83,LA,,,,,,
114,314,29935,"Toomey, Patrick J.",1,5,200,1/8/15,1/3/17,0,5,2,1,1,SRES23,"Banking, Housing, and Urban Affairs",14,83,PA,,,,,,
114,314,20115,"Kirk, Mark",1,6,200,1/8/15,1/3/17,0,5,2,1,0,SRES23,"Banking, Housing, and Urban Affairs",21,83,IL,,,,,,
114,314,20730,"Heller, Dean",1,7,200,1/8/15,1/3/17,0,3,2,1,1,SRES23,"Banking, Housing, and Urban Affairs",65,81,NV,,,,,,
114,314,21173,"Scott, Tim",1,8,200,1/8/15,1/3/17,0,1,2,1,1,SRES23,"Banking, Housing, and Urban Affairs",48,83,SC,,,,,,
114,314,41503,"Sasse, Ben",1,9,200,1/8/15,1/3/17,0,1,2,1,1,SRES23,"Banking, Housing, and Urban Affairs",35,82,NE,,,,,,
114,314,21301,"Cotton, Tom",1,10,200,1/8/15,1/3/17,0,1,2,1,1,SRES23,"Banking, Housing, and Urban Affairs",42,82,AR,,,,,,
114,314,41505,"Rounds, Mike",1,11,200,1/8/15,1/3/17,0,1,2,1,1,SRES23,"Banking, Housing, and Urban Affairs",37,82,SD,,,,,,
114,314,29722,"Moran, Jerry",1,12,200,1/8/15,1/3/17,0,5,2,1,2,SRES23,"Banking, Housing, and Urban Affairs",32,83,KS,,,,,,
114,316,29147,"Sanders, Bernard",2,1,328,1/7/15,1/3/17,21,9,2,1,1,SRES22,Budget,6,81,VT,,,,,,
114,316,49308,"Murray, Patty",2,2,100,1/7/15,1/3/17,0,23,2,1,1,SRES22,Budget,73,83,WA,,,,,,
114,316,14871,"Wyden, Ron",2,3,100,1/7/15,1/3/17,0,20,2,1,1,SRES22,Budget,72,83,OR,,,,,,
114,316,29732,"Stabenow, Deborah Ann",2,4,100,1/7/15,1/3/17,0,15,2,1,1,SRES22,Budget,23,81,MI,,,,,,
114,316,40704,"Whitehouse, Sheldon",2,5,100,1/7/15,1/3/17,0,9,2,1,1,SRES22,Budget,5,83,RI,,,,,,
114,316,40909,"Warner, Mark",2,6,100,1/7/15,1/3/17,0,7,2,1,1,SRES22,Budget,40,82,VA,,,,,,
114,316,40908,"Merkley, Jeff",2,7,100,1/7/15,1/3/17,0,7,2,1,1,SRES22,Budget,72,82,OR,,,,,,
114,316,29940,"Baldwin, Tammy",2,8,100,1/7/15,1/3/17,0,3,2,1,2,SRES22,Budget,25,81,WI,,,,,,
114,316,41305,"Kaine, Timothy",2,9,100,1/7/15,1/3/17,0,3,2,1,1,SRES22,Budget,40,81,VA,,,,,,
114,316,41300,"King, Angus S.",2,10,328,1/7/15,1/3/17,0,3,2,1,1,SRES22,Budget,2,81,ME,,,,,,
114,316,49706,"Enzi, Michael B.",1,1,200,1/8/15,1/3/17,11,13,2,1,1,SRES23,Budget,68,82,WY,,,,,,
114,316,14226,"Grassley, Charles E.",1,2,200,1/8/15,1/3/17,0,35,2,1,1,SRES23,Budget,31,83,IA,,,,,,
114,316,49700,"Sessions, Jeff",1,3,200,1/8/15,1/3/17,0,13,2,1,1,SRES23,Budget,41,82,AL,,,,,,
114,316,29345,"Crapo, Michael Dean",1,4,200,1/8/15,1/3/17,0,13,2,1,1,SRES23,Budget,63,83,ID,,,,,,
114,316,29566,"Graham, Lindsey O.",1,5,200,1/8/15,1/3/17,0,11,2,1,1,SRES23,Budget,48,82,SC,,,,,,
114,316,29386,"Portman, Rob",1,6,200,1/8/15,1/3/17,0,5,2,1,2,SRES23,Budget,24,83,OH,,,,,,
114,316,29935,"Toomey, Patrick J.",1,7,200,1/8/15,1/3/17,0,5,2,1,1,SRES23,Budget,14,83,PA,,,,,,
114,316,41111,"Johnson, Ron",1,8,200,1/8/15,1/3/17,0,5,2,1,1,SRES23,Budget,25,83,WI,,,,,,
114,316,41106,"Ayotte, Kelly",1,9,200,1/8/15,1/3/17,0,5,2,1,0,SRES23,Budget,4,83,NH,,,,,,
114,316,29534,"Wicker, Roger F.",1,10,200,1/8/15,1/3/17,0,3,2,1,2,SRES23,Budget,46,83,MS,,,,,,
114,316,40705,"Corker, Bob",1,11,200,1/8/15,1/3/17,0,1,2,1,1,SRES23,Budget,54,81,TN,,,,,,
114,316,41501,"Perdue, David",1,12,200,1/8/15,1/3/17,0,1,2,1,1,SRES23,Budget,44,82,GA,,,,,,
114,321,14651,"Nelson, Clarence William (Bill)",2,1,100,1/7/15,1/3/17,21,15,2,1,1,SRES22,"Commerce, Science, and Transportation",43,81,FL,,,,,,
114,321,39310,"Cantwell, Maria",2,2,100,1/7/15,1/3/17,0,13,2,1,1,SRES22,"Commerce, Science, and Transportation",73,81,WA,,,,,,
114,321,40701,"McCaskill, Claire",2,3,100,1/7/15,1/3/17,0,9,2,1,2,SRES22,"Commerce, Science, and Transportation",34,81,MO,,,,,,
114,321,40700,"Klobuchar, Amy",2,4,100,1/7/15,1/3/17,0,9,2,1,1,SRES22,"Commerce, Science, and Transportation",33,81,MN,,,,,,
114,321,41101,"Blumenthal, Richard",2,5,100,1/7/15,1/3/17,0,3,2,1,1,SRES22,"Commerce, Science, and Transportation",1,83,CT,,,,,,
114,321,41112,"Schatz, Brian E.",2,6,100,1/7/15,1/3/17,0,3,2,1,1,SRES22,"Commerce, Science, and Transportation",82,83,HI,,,,,,
114,321,14435,"Markey, Edward J. (Ed)",2,7,100,1/7/15,1/3/17,0,3,2,1,1,SRES22,"Commerce, Science, and Transportation",3,82,MA,,,,,,
114,321,41308,"Booker, Cory",2,8,100,1/7/15,1/3/17,0,3,2,1,1,SRES22,"Commerce, Science, and Transportation",12,82,NJ,,,,,,
114,321,29924,"Udall, Tom",2,9,100,1/7/15,1/3/17,0,1,2,1,1,SRES22,"Commerce, Science, and Transportation",66,82,NM,,,,,,
114,321,40915,"Manchin, Joe",2,10,100,1/7/15,1/3/17,0,1,2,1,2,SRES22,"Commerce, Science, and Transportation",56,81,WV,,,,,,
114,321,20923,"Peters, Gary",2,11,100,1/7/15,1/3/17,0,1,2,1,1,SRES22,"Commerce, Science, and Transportation",23,82,MI,,,,,,
114,321,29754,"Thune, John",1,1,200,1/8/15,1/3/17,11,9,2,1,1,SRES23,"Commerce, Science, and Transportation",37,83,SD,,,,,,
114,321,29534,"Wicker, Roger F.",1,2,200,1/8/15,1/3/17,0,8,2,1,1,SRES23,"Commerce, Science, and Transportation",46,81,MS,,,,,,
114,321,29735,"Blunt, Roy",1,3,200,1/8/15,1/3/17,0,5,2,1,1,SRES23,"Commerce, Science, and Transportation",34,83,MO,,,,,,
114,321,41102,"Rubio, Marco",1,4,200,1/8/15,1/3/17,0,5,2,1,2,SRES23,"Commerce, Science, and Transportation",43,83,FL,,,,,,
114,321,41106,"Ayotte, Kelly",1,5,200,1/8/15,1/3/17,0,5,2,1,0,SRES23,"Commerce, Science, and Transportation",4,83,NH,,,,,,
114,321,41304,"Cruz, Ted",1,6,200,1/8/15,1/3/17,0,3,2,1,1,SRES23,"Commerce, Science, and Transportation",49,81,TX,,,,,,
114,321,41302,"Fischer, Deb",1,7,200,1/8/15,1/3/17,0,3,2,1,1,SRES23,"Commerce, Science, and Transportation",35,81,NE,,,,,,
114,321,29722,"Moran, Jerry",1,8,200,1/8/15,1/3/17,0,1,2,1,1,SRES23,"Commerce, Science, and Transportation",32,83,KS,,,,,,
114,321,41500,"Sullivan, Daniel",1,9,200,1/8/15,1/3/17,0,1,2,1,1,SRES23,"Commerce, Science, and Transportation",81,82,AK,,,,,,
114,321,41111,"Johnson, Ron",1,10,200,1/8/15,1/3/17,0,3,2,1,1,SRES23,"Commerce, Science, and Transportation",25,82,WI,,,,,,
114,321,20730,"Heller, Dean",1,11,200,1/8/15,1/3/17,0,5,2,1,1,SRES23,"Commerce, Science, and Transportation",65,81,NV,,,,,,
114,321,21112,"Gardner, Cory",1,12,200,1/8/15,1/3/17,0,1,2,1,1,SRES23,"Commerce, Science, and Transportation",62,82,CO,,,,,,
114,321,21338,"Daines, Steve",1,13,200,1/8/15,1/3/17,0,1,2,1,2,SRES23,"Commerce, Science, and Transportation",64,82,MT,,,,,,
114,330,39310,"Cantwell, Maria",2,1,100,1/7/15,1/3/17,21,15,2,1,1,SRES22,Energy and Natural Resources,73,81,WA,,,,,,
114,330,14871,"Wyden, Ron",2,2,100,1/7/15,1/3/17,0,19,2,1,1,SRES22,Energy and Natural Resources,72,83,OR,,,,,,
114,330,29147,"Sanders, Bernard",2,3,328,1/7/15,1/3/17,0,9,2,1,1,SRES22,Energy and Natural Resources,6,81,VT,,,,,,
114,330,29732,"Stabenow, Deborah Ann",2,4,100,1/7/15,1/3/17,0,7,2,1,1,SRES22,Energy and Natural Resources,23,81,MI,,,,,,
114,330,40904,"Franken, Al",2,5,100,1/7/15,1/3/17,0,5,2,1,1,SRES22,Energy and Natural Resources,33,82,MN,,,,,,
114,330,40915,"Manchin, Joe",2,6,100,1/7/15,1/3/17,0,5,2,1,1,SRES22,Energy and Natural Resources,56,81,WV,,,,,,
114,330,20930,"Heinrich, Martin",2,7,100,1/7/15,1/3/17,0,3,2,1,1,SRES22,Energy and Natural Resources,66,81,NM,,,,,,
114,330,20713,"Hirono, Mazie",2,8,100,1/7/15,1/3/17,0,1,2,1,1,SRES22,Energy and Natural Resources,82,81,HI,,,,,,
114,330,41300,"King, Angus S.",2,9,328,1/7/15,1/3/17,0,1,2,1,1,SRES22,Energy and Natural Resources,2,81,ME,,,,,,
114,330,41301,"Warren, Elizabeth",2,10,100,1/7/15,1/3/17,0,1,2,1,2,SRES22,Energy and Natural Resources,3,81,MA,,,,,,
114,330,40300,"Murkowski, Lisa",1,1,200,1/8/15,1/3/17,11,13,2,1,1,SRES23,Energy and Natural Resources,81,83,AK,,,,,,
114,330,40707,"Barrasso, John A.",1,2,200,1/8/15,1/3/17,0,9,2,1,1,SRES23,Energy and Natural Resources,68,81,WY,,,,,,
114,330,40902,"Risch, James",1,3,200,1/8/15,1/3/17,0,7,2,1,1,SRES23,Energy and Natural Resources,63,82,ID,,,,,,
114,330,41110,"Lee, Mike",1,4,200,1/8/15,1/3/17,0,5,2,1,1,SRES23,Energy and Natural Resources,67,83,UT,,,,,,
114,330,20100,"Flake, Jeff",1,5,200,1/8/15,1/3/17,0,3,2,1,1,SRES23,Energy and Natural Resources,61,81,AZ,,,,,,
114,330,21338,"Daines, Steve",1,6,200,1/8/15,1/3/17,0,1,2,1,1,SRES23,Energy and Natural Resources,64,82,MT,,,,,,
114,330,20919,"Cassidy, Bill",1,7,200,1/8/15,1/3/17,0,1,2,1,1,SRES23,Energy and Natural Resources,45,82,LA,,,,,,
114,330,21112,"Gardner, Cory",1,8,200,1/8/15,1/3/17,0,1,2,1,1,SRES23,Energy and Natural Resources,62,82,CO,,,,,,
114,330,29386,"Portman, Rob",1,9,200,1/8/15,1/3/17,0,5,2,1,1,SRES23,Energy and Natural Resources,24,83,OH,,,,,,
114,330,41107,"Hoeven, John",1,10,200,1/8/15,1/3/17,0,5,2,1,1,SRES23,Energy and Natural Resources,36,83,ND,,,,,,
114,330,40304,"Alexander, Lamar",1,11,200,1/8/15,1/3/17,0,3,4,1,1,SRES23,Energy and Natural Resources,54,82,TN,,,,,,
114,330,20146,"Capito, Shelley M.",1,12,200,1/8/15,1/3/17,0,1,2,1,2,SRES23,Energy and Natural Resources,56,82,WV,,,,,,
114,332,15011,"Boxer, Barbara",2,1,100,1/7/15,1/3/17,21,23,2,1,0,SRES22,Environment and Public Works,71,83,CA,,,,,,
114,332,15015,"Carper, Thomas Richard",2,2,100,1/7/15,1/3/17,0,15,2,1,1,SRES22,Environment and Public Works,11,81,DE,,,,,,
114,332,15408,"Cardin, Benjamin L.",2,3,100,1/7/15,1/3/17,0,9,2,1,1,SRES22,Environment and Public Works,52,81,MD,,,,,,
114,332,29147,"Sanders, Bernard",2,4,328,1/7/15,1/3/17,0,9,2,1,1,SRES22,Environment and Public Works,6,81,VT,,,,,,
114,332,40704,"Whitehouse, Sheldon",2,5,100,1/7/15,1/3/17,0,9,2,1,1,SRES22,Environment and Public Works,5,83,RI,,,,,,
114,332,40908,"Merkley, Jeff",2,6,100,1/7/15,1/3/17,0,7,2,1,1,SRES22,Environment and Public Works,72,82,OR,,,,,,
114,332,20735,"Gillibrand, Kirsten E.",2,7,100,1/7/15,1/3/17,0,7,2,1,1,SRES22,Environment and Public Works,13,81,NY,,,,,,
114,332,41308,"Booker, Cory",2,8,100,1/7/15,1/3/17,0,3,2,1,1,SRES22,Environment and Public Works,12,82,NJ,,,,,,
114,332,14435,"Markey, Edward J. (Ed)",2,9,100,1/7/15,1/3/17,0,3,2,1,1,SRES22,Environment and Public Works,3,82,MA,,,,,,
114,332,15424,"Inhofe, James M.",1,1,200,1/8/15,1/3/17,11,21,2,1,1,SRES23,Environment and Public Works,53,82,OK,,,,,,
114,332,29918,"Vitter, David",1,2,200,1/8/15,1/3/17,0,11,2,1,0,SRES23,Environment and Public Works,45,83,LA,,,,,,
114,332,40707,"Barrasso, John A.",1,3,200,1/8/15,1/3/17,0,9,2,1,1,SRES23,Environment and Public Works,68,81,WY,,,,,,
114,332,20146,"Capito, Shelley M.",1,4,200,1/8/15,1/3/17,0,1,2,1,1,SRES23,Environment and Public Works,56,82,WV,,,,,,
114,332,29345,"Crapo, Michael Dean",1,5,200,1/8/15,1/3/17,0,7,5,1,2,SRES23,Environment and Public Works,63,83,ID,,,,,,
114,332,20101,"Boozman, John",1,6,200,1/8/15,1/3/17,0,5,2,1,1,SRES23,Environment and Public Works,42,83,AR,,,,,,
113,332,49700,"Sessions, Jeff",1,7,200,1/8/15,1/3/17,0,5,4,1,1,SRES23,Environment and Public Works,41,82,AL,,,,,,
114,332,29534,"Wicker, Roger F.",1,8,200,1/8/15,1/3/17,0,3,2,1,1,SRES23,Environment and Public Works,46,81,MS,,,,,,
114,332,41302,"Fischer, Deb",1,9,200,1/8/15,1/3/17,0,3,2,1,1,SRES23,Environment and Public Works,35,81,NE,,,,,,
114,332,41505,"Rounds, Mike",1,10,200,1/8/15,1/3/17,0,1,2,1,1,SRES23,Environment and Public Works,37,82,SD,,,,,,
114,332,41500,"Sullivan, Daniel",1,11,200,1/8/15,1/3/17,0,1,2,1,1,SRES23,Environment and Public Works,81,82,AK,,,,,,
114,336,14871,"Wyden, Ron",2,1,100,1/7/15,1/3/17,21,11,2,1,1,SRES22,Finance,72,83,OR,,,,,,
114,336,14858,"Schumer, Charles Ellis (Chuck)",2,2,100,1/7/15,1/3/17,0,11,2,1,2,SRES22,Finance,13,83,NY,,,,,,
114,336,29732,"Stabenow, Deborah Ann",2,3,100,1/7/15,1/3/17,0,9,2,1,1,SRES22,Finance,23,81,MI,,,,,,
114,336,39310,"Cantwell, Maria",2,4,100,1/7/15,1/3/17,0,9,2,1,1,SRES22,Finance,73,81,WA,,,,,,
114,336,14651,"Nelson, Clarence William (Bill)",2,5,100,1/7/15,1/3/17,0,7,2,1,1,SRES22,Finance,43,81,FL,,,,,,
114,336,29373,"Menendez, Robert",2,6,100,1/7/15,1/3/17,0,7,2,1,1,SRES22,Finance,12,81,NJ,,,,,,
114,336,15015,"Carper, Thomas Richard",2,7,100,1/7/15,1/3/17,0,7,2,1,1,SRES22,Finance,11,81,DE,,,,,,
114,336,15408,"Cardin, Benjamin L.",2,8,100,1/7/15,1/3/17,0,5,2,1,1,SRES22,Finance,52,81,MD,,,,,,
114,336,29389,"Brown, Sherrod",2,9,100,1/7/15,1/3/17,0,3,2,1,1,SRES22,Finance,24,81,OH,,,,,,
114,336,40910,"Bennet, Michael",2,10,100,1/7/15,1/3/17,0,3,2,1,1,SRES22,Finance,62,83,CO,,,,,,
114,336,40703,"Casey, Robert P., Jr.",2,11,100,1/7/15,1/3/17,0,3,2,1,1,SRES22,Finance,14,81,PA,,,,,,
114,336,40909,"Warner, Mark",2,12,100,1/7/15,1/3/17,0,3,2,1,1,SRES22,Finance,40,82,VA,,,,,,
114,336,14503,"Hatch, Orrin G.",1,1,200,1/8/15,1/3/17,11,25,2,1,1,SRES23,Finance,67,81,UT,,,,,,
114,336,14226,"Grassley, Charles E.",1,2,200,1/8/15,1/3/17,0,25,4,1,1,SRES23,Finance,31,83,IA,,,,,,
114,336,29345,"Crapo, Michael Dean",1,3,200,1/8/15,1/3/17,0,11,2,1,1,SRES23,Finance,63,83,ID,,,,,,
114,336,14852,"Roberts, Pat",1,4,200,1/8/15,1/3/17,0,9,2,1,1,SRES23,Finance,32,82,KS,,,,,,
114,336,49706,"Enzi, Michael B.",1,5,200,1/8/15,1/3/17,0,3,4,1,1,SRES23,Finance,68,82,WY,,,,,,
114,336,40305,"Cornyn, John",1,6,200,1/8/15,1/3/17,0,7,2,1,1,SRES23,Finance,49,81,TX,,,,,,
114,336,29754,"Thune, John",1,7,200,1/8/15,1/3/17,0,5,2,1,1,SRES23,Finance,37,83,SD,,,,,,
114,336,29548,"Burr, Richard",1,8,200,1/8/15,1/3/17,0,5,2,1,1,SRES23,Finance,47,83,NC,,,,,,
114,336,29909,"Isakson, Johnny",1,9,200,1/8/15,1/3/17,0,3,2,1,1,SRES23,Finance,44,83,GA,,,,,,
114,336,29386,"Portman, Rob",1,10,200,1/8/15,1/3/17,0,3,2,1,1,SRES23,Finance,24,83,OH,,,,,,
114,336,29935,"Toomey, Patrick J.",1,11,200,1/8/15,1/3/17,0,3,2,1,1,SRES23,Finance,14,83,PA,,,,,,
114,336,14806,"Coats, Dan",1,12,200,1/8/15,1/3/17,0,1,2,1,0,SRES23,Finance,22,83,IN,,,,,,
114,336,20730,"Heller, Dean",1,13,200,1/8/15,1/3/17,0,1,2,1,1,SRES23,Finance,65,81,NV,,,,,,
114,336,21173,"Scott, Tim",1,14,200,1/8/15,1/3/17,0,1,2,1,1,SRES23,Finance,48,83,SC,,,,,,
114,338,29373,"Menendez, Robert",2,1,100,1/7/15,1/3/17,22,9,2,1,1,SRES22,Foreign Relations,12,81,NJ,,,,,,
114,338,15011,"Boxer, Barbara",2,2,100,1/7/15,1/3/17,0,17,2,1,0,SRES22,Foreign Relations,71,83,CA,,,,,,
114,338,15408,"Cardin, Benjamin L.",2,3,100,1/7/15,1/3/17,23,9,2,1,1,SRES22,Foreign Relations,52,81,MD,"Appointed ranking member by SRES135 on 4/14/2015; Ranking is Cardin, Boxer, Menendez, Shaheen, Coons, Udall, Murphy, Kaine, Markey",,,,,
114,338,40906,"Shaheen, Jeanne",2,4,100,1/7/15,1/3/17,0,7,2,1,1,SRES22,Foreign Relations,4,82,NH,,,,,,
114,338,40916,"Coons, Christopher",2,5,100,1/7/15,1/3/17,0,5,2,1,1,SRES22,Foreign Relations,11,82,DE,,,,,,
114,338,29924,"Udall, Tom",2,6,100,1/7/15,1/3/17,0,5,2,1,1,SRES22,Foreign Relations,66,82,NM,,,,,,
114,338,20707,"Murphy, Christopher",2,7,100,1/7/15,1/3/17,0,3,2,1,1,SRES22,Foreign Relations,1,81,CT,,,,,,
114,338,41305,"Kaine, Timothy",2,8,100,1/7/15,1/3/17,0,3,2,1,1,SRES22,Foreign Relations,40,81,VA,,,,,,
114,338,14435,"Markey, Edward J. (Ed)",2,9,100,1/7/15,1/3/17,0,3,2,1,1,SRES22,Foreign Relations,3,82,MA,,,,,,
114,338,40705,"Corker, Bob",1,1,200,1/8/15,1/3/17,11,9,2,1,1,SRES23,Foreign Relations,54,81,TN,,,,,,
114,338,40902,"Risch, James",1,2,200,1/8/15,1/3/17,0,7,2,1,1,SRES23,Foreign Relations,63,82,ID,,,,,,
114,338,41102,"Rubio, Marco",1,3,200,1/8/15,1/3/17,0,5,2,1,1,SRES23,Foreign Relations,43,83,FL,,,,,,
114,338,41111,"Johnson, Ron",1,4,200,1/8/15,1/3/17,0,3,2,1,1,SRES23,Foreign Relations,25,82,WI,,,,,,
114,338,20100,"Flake, Jeff",1,5,200,1/8/15,1/3/17,0,3,2,1,1,SRES23,Foreign Relations,61,81,AZ,,,,,,
114,338,21112,"Gardner, Cory",1,6,200,1/8/15,1/3/17,0,1,2,1,1,SRES23,Foreign Relations,62,82,CO,,,,,,
114,338,41501,"Perdue, David",1,7,200,1/8/15,1/3/17,0,1,2,1,2,SRES23,Foreign Relations,44,82,GA,,,,,,
114,338,29909,"Isakson, Johnny",1,8,200,1/8/15,1/3/17,0,1,2,1,1,SRES23,Foreign Relations,44,83,GA,,,,,,
114,338,41104,"Paul, Rand",1,9,200,1/8/15,1/3/17,0,3,2,1,1,SRES23,Foreign Relations,51,83,KY,,,,,,
114,338,40707,"Barrasso, John A.",1,10,200,1/8/15,1/3/17,0,8,2,1,1,SRES23,Foreign Relations,68,81,WY,,,,,,
114,344,15015,"Carper, Thomas Richard",2,1,100,1/7/15,1/3/17,21,15,2,1,1,SRES22,Homeland Security and Governmental Affairs,11,81,DE,,,,,,
114,344,40701,"McCaskill, Claire",2,2,100,1/7/15,1/3/17,0,9,2,1,1,SRES22,Homeland Security and Governmental Affairs,34,81,MO,,,,,,
114,344,40702,"Tester, Jon",2,3,100,1/7/15,1/3/17,0,9,2,1,1,SRES22,Homeland Security and Governmental Affairs,64,81,MT,,,,,,
114,344,29940,"Baldwin, Tammy",2,4,100,1/7/15,1/3/17,0,3,2,1,2,SRES22,Homeland Security and Governmental Affairs,25,81,WI,,,,,,
114,344,41303,"Heitkamp, Heidi",2,5,100,1/7/15,1/3/17,0,3,2,1,1,SRES22,Homeland Security and Governmental Affairs,36,81,ND,,,,,,
114,344,41308,"Booker, Cory",2,6,100,1/7/15,1/3/17,0,1,2,1,2,SRES22,Homeland Security and Governmental Affairs,12,82,NJ,,,,,,
114,344,20923,"Peters, Gary",2,7,100,1/7/15,1/3/17,0,1,2,1,1,SRES22,Homeland Security and Governmental Affairs,23,82,MI,,,,,,
114,344,41111,"Johnson, Ron",1,1,200,1/8/15,1/3/17,11,1,2,1,1,SRES23,Homeland Security and Governmental Affairs,25,83,WI,,,,,,
114,344,15039,"McCain, John",1,2,200,1/8/15,1/3/17,0,7,2,1,1,SRES23,Homeland Security and Governmental Affairs,61,83,AZ,,,,,,
114,344,29386,"Portman, Rob",1,3,200,1/8/15,1/3/17,0,5,2,1,1,SRES23,Homeland Security and Governmental Affairs,24,83,OH,,,,,,
114,344,41104,"Paul, Rand",1,4,200,1/8/15,1/3/17,0,5,2,1,1,SRES23,Homeland Security and Governmental Affairs,51,83,KY,,,,,,
114,344,21166,"Lankford, James",1,5,200,1/8/15,1/3/17,0,1,2,1,1,SRES23,Homeland Security and Governmental Affairs,53,83,OK,,,,,,
114,344,41106,"Ayotte, Kelly",1,6,200,1/8/15,1/3/17,0,3,2,1,0,SRES23,Homeland Security and Governmental Affairs,4,83,NH,,,,,,
114,344,49706,"Enzi, Michael B.",1,7,200,1/8/15,1/3/17,0,3,2,1,1,SRES23,Homeland Security and Governmental Affairs,68,82,WY,,,,,,
114,344,41502,"Ernst, Joni",1,8,200,1/8/15,1/3/17,0,1,2,1,2,SRES23,Homeland Security and Governmental Affairs,31,82,IA,,,,,,
114,344,41503,"Sasse, Ben",1,9,200,1/8/15,1/3/17,0,1,2,1,2,SRES23,Homeland Security and Governmental Affairs,35,82,NE,,,,,,
114,358,14307,"Leahy, Patrick J.",2,1,100,1/7/15,1/3/17,21,37,2,1,1,SRES22,Judiciary,6,83,VT,,,,,,
114,358,49300,"Feinstein, Dianne",2,2,100,1/7/15,1/3/17,0,23,2,1,1,SRES22,Judiciary,71,81,CA,,,,,,
114,358,14858,"Schumer, Charles Ellis (Chuck)",2,3,100,1/7/15,1/3/17,0,17,2,1,2,SRES22,Judiciary,13,83,NY,,,,,,
114,358,15021,"Durbin, Richard J.",2,4,100,1/7/15,1/3/17,0,15,4,1,1,SRES22,Judiciary,21,82,IL,,,,,,
114,358,40704,"Whitehouse, Sheldon",2,5,100,1/7/15,1/3/17,0,9,2,1,1,SRES22,Judiciary,5,83,RI,,,,,,
114,358,40700,"Klobuchar, Amy",2,6,100,1/7/15,1/3/17,0,7,2,1,1,SRES22,Judiciary,33,81,MN,,,,,,
114,358,40904,"Franken, Al",2,7,100,1/7/15,1/3/17,0,7,2,1,2,SRES22,Judiciary,33,82,MN,,,,,,
114,358,40916,"Coons, Christopher",2,8,100,1/7/15,1/3/17,0,5,2,1,1,SRES22,Judiciary,11,82,DE,,,,,,
114,358,41101,"Blumenthal, Richard",2,9,100,1/7/15,1/3/17,0,5,2,1,1,SRES22,Judiciary,1,83,CT,,,,,,
114,358,14226,"Grassley, Charles E.",1,1,200,1/8/15,1/3/17,11,35,2,1,1,SRES23,Judiciary,31,83,IA,,,,,,
114,358,14503,"Hatch, Orrin G.",1,2,200,1/8/15,1/3/17,0,39,2,1,1,SRES23,Judiciary,67,81,UT,,,,,,
114,358,49700,"Sessions, Jeff",1,3,200,1/8/15,1/3/17,0,19,2,1,2,SRES23,Judiciary,41,82,AL,,,,,,
114,358,29566,"Graham, Lindsey O.",1,4,200,1/8/15,1/3/17,0,13,2,1,1,SRES23,Judiciary,48,82,SC,,,,,,
114,358,40305,"Cornyn, John",1,5,200,1/8/15,1/3/17,0,13,2,1,1,SRES23,Judiciary,49,81,TX,,,,,,
114,358,41110,"Lee, Mike",1,6,200,1/8/15,1/3/17,0,5,2,1,1,SRES23,Judiciary,67,83,UT,,,,,,
114,358,41304,"Cruz, Ted",1,7,200,1/8/15,1/3/17,0,3,2,1,1,SRES23,Judiciary,49,81,TX,,,,,,
114,358,29918,"Vitter, David",1,8,200,1/8/15,1/3/17,0,1,2,1,0,SRES23,Judiciary,45,83,LA,,,,,,
114,358,20100,"Flake, Jeff",1,9,200,1/8/15,1/3/17,0,3,2,1,1,SRES23,Judiciary,61,81,AZ,,,,,,
114,358,41501,"Perdue, David",1,10,200,1/8/15,1/3/17,0,1,2,1,2,SRES23,Judiciary,44,82,GA,,,,,,
114,358,41504,"Tillis, Thom",1,11,200,1/8/15,1/3/17,0,1,2,1,1,SRES23,Judiciary,47,82,NC,,,,,,
114,362,49308,"Murray, Patty",2,1,100,1/7/15,1/3/17,21,19,2,1,1,SRES22,"Health, Education, Labor, and Pensions",73,83,WA,,,,,,
114,362,14440,"Mikulski, Barbara A.",2,2,100,1/7/15,1/3/17,0,29,2,1,0,SRES22,"Health, Education, Labor, and Pensions",52,83,MD,,,,,,
114,362,29147,"Sanders, Bernard",2,3,328,1/7/15,1/3/17,0,9,2,1,1,SRES22,"Health, Education, Labor, and Pensions",6,81,VT,,,,,,
114,362,40703,"Casey, Robert P., Jr.",2,4,100,1/7/15,1/3/17,0,7,2,1,1,SRES22,"Health, Education, Labor, and Pensions",14,81,PA,,,,,,
114,362,40904,"Franken, Al",2,5,100,1/7/15,1/3/17,0,1,2,1,1,SRES22,"Health, Education, Labor, and Pensions",33,82,MN,,,,,,
114,362,40910,"Bennet, Michael",2,6,100,1/7/15,1/3/17,0,7,2,1,1,SRES22,"Health, Education, Labor, and Pensions",62,83,CO,,,,,,
114,362,40704,"Whitehouse, Sheldon",2,7,100,1/7/15,1/3/17,0,5,2,1,1,SRES22,"Health, Education, Labor, and Pensions",5,83,RI,,,,,,
114,362,29940,"Baldwin, Tammy",2,8,100,1/7/15,1/3/17,0,3,2,1,1,SRES22,"Health, Education, Labor, and Pensions",25,81,WI,,,,,,
114,362,20707,"Murphy, Christopher",2,9,100,1/7/15,1/3/17,0,3,2,1,1,SRES22,"Health, Education, Labor, and Pensions",1,81,CT,,,,,,
114,362,41301,"Warren, Elizabeth",2,10,100,1/7/15,1/3/17,0,3,2,1,1,SRES22,"Health, Education, Labor, and Pensions",3,81,MA,,,,,,
114,362,40304,"Alexander, Lamar",1,1,200,1/8/15,1/3/17,11,13,2,1,1,SRES23,"Health, Education, Labor, and Pensions",54,82,TN,,,,,,
114,362,49706,"Enzi, Michael B.",1,2,200,1/8/15,1/3/17,0,19,2,1,1,SRES23,"Health, Education, Labor, and Pensions",68,82,WY,,,,,,
114,362,29548,"Burr, Richard",1,3,200,1/8/15,1/3/17,0,11,2,1,1,SRES23,"Health, Education, Labor, and Pensions",47,83,NC,,,,,,
114,362,29909,"Isakson, Johnny",1,4,200,1/8/15,1/3/17,0,11,2,1,1,SRES23,"Health, Education, Labor, and Pensions",44,83,GA,,,,,,
114,362,41104,"Paul, Rand",1,5,200,1/8/15,1/3/17,0,5,2,1,1,SRES23,"Health, Education, Labor, and Pensions",51,83,KY,,,,,,
114,362,49703,"Collins, Susan",1,6,200,1/8/15,1/3/17,0,1,4,1,1,SRES23,"Health, Education, Labor, and Pensions",2,82,ME,,,,,,
114,362,40300,"Murkowski, Lisa",1,7,200,1/8/15,1/3/17,0,9,2,1,1,SRES23,"Health, Education, Labor, and Pensions",81,83,AK,,,,,,
114,362,20115,"Kirk, Mark",1,8,200,1/8/15,1/3/17,0,5,2,1,0,SRES23,"Health, Education, Labor, and Pensions",21,83,IL,,,,,,
114,362,21173,"Scott, Tim",1,9,200,1/8/15,1/3/17,0,3,2,1,1,SRES23,"Health, Education, Labor, and Pensions",48,83,SC,,,,,,
114,362,14503,"Hatch, Orrin G.",1,10,200,1/8/15,1/3/17,0,11,4,1,1,SRES23,"Health, Education, Labor, and Pensions",67,81,UT,,,,,,
114,362,14852,"Roberts, Pat",1,11,200,1/8/15,1/3/17,0,15,2,1,1,SRES23,"Health, Education, Labor, and Pensions",32,82,KS,,,,,,
114,362,20919,"Cassidy, Bill",1,12,200,1/8/15,1/3/17,0,1,2,1,1,SRES23,"Health, Education, Labor, and Pensions",45,82,LA,,,,,,
114,380,14858,"Schumer, Charles Ellis (Chuck)",2,1,100,1/7/15,1/3/17,21,17,2,1,1,SRES22,Rules and Administration,13,83,NY,,,,,,
114,380,49300,"Feinstein, Dianne",2,2,100,1/7/15,1/3/17,0,23,2,1,1,SRES22,Rules and Administration,71,81,CA,,,,,,
114,380,15021,"Durbin, Richard J.",2,3,100,1/7/15,1/3/17,0,15,2,1,1,SRES22,Rules and Administration,21,82,IL,,,,,,
114,380,29924,"Udall, Tom",2,4,100,1/7/15,1/3/17,0,7,2,1,1,SRES22,Rules and Administration,66,82,NM,,,,,,
114,380,40909,"Warner, Mark",2,5,100,1/7/15,1/3/17,0,7,2,1,1,SRES22,Rules and Administration,40,82,VA,,,,,,
114,380,14307,"Leahy, Patrick J.",2,6,100,1/7/15,1/3/17,0,5,2,1,1,SRES22,Rules and Administration,6,83,VT,,,,,,
114,380,40700,"Klobuchar, Amy",2,7,100,1/7/15,1/3/17,0,3,2,1,1,SRES22,Rules and Administration,33,81,MN,,,,,,
114,380,41300,"King, Angus S.",2,8,328,1/7/15,1/3/17,0,3,2,1,1,SRES22,Rules and Administration,2,81,ME,,,,,,
114,380,29735,"Blunt, Roy",1,1,200,1/8/15,1/3/17,11,5,2,1,1,SRES23,Rules and Administration,34,83,MO,,,,,,
114,380,40304,"Alexander, Lamar",1,2,200,1/8/15,1/3/17,0,9,2,1,1,SRES23,Rules and Administration,54,82,TN,,,,,,
114,380,14921,"McConnell, Mitch",1,3,200,1/8/15,1/3/17,0,27,2,1,1,SRES23,Rules and Administration,51,82,KY,,,,,,
114,380,14009,"Cochran, Thad",1,4,200,1/8/15,1/3/17,0,23,2,1,1,SRES23,Rules and Administration,46,82,MS,,,,,,
114,380,14852,"Roberts, Pat",1,5,200,1/8/15,1/3/17,0,7,2,1,1,SRES23,Rules and Administration,32,82,KS,,,,,,
114,380,94659,"Shelby, Richard C.",1,6,200,1/8/15,1/3/17,0,5,2,1,1,SRES23,Rules and Administration,41,83,AL,,,,,,
114,380,41304,"Cruz, Ted",1,7,200,1/8/15,1/3/17,0,3,2,1,1,SRES23,Rules and Administration,49,81,TX,,,,,,
114,380,20146,"Capito, Shelley M.",1,8,200,1/8/15,1/3/17,0,1,2,1,1,SRES23,Rules and Administration,56,82,WV,,,,,,
114,380,20101,"Boozman, John",1,9,200,1/8/15,1/3/17,0,1,2,1,2,SRES23,Rules and Administration,42,83,AR,,,,,,
114,380,29534,"Wicker, Roger F.",1,10,200,1/8/15,1/3/17,0,1,2,1,1,SRES23,Rules and Administration,46,81,MS,,,,,,
114,384,15408,"Cardin, Benjamin L.",2,1,100,1/7/15,1/3/17,22,9,2,1,1,SRES22,Small Business and Entrepreneurship,52,81,MD,,,,,,
114,384,39310,"Cantwell, Maria",2,2,100,1/7/15,1/3/17,0,15,2,1,1,SRES22,Small Business and Entrepreneurship,73,81,WA,,,,,,
114,384,40906,"Shaheen, Jeanne",2,3,100,1/7/15,1/3/17,23,7,2,1,1,SRES22,Small Business and Entrepreneurship,4,82,NH,"Made ranking member by SRES135 on 4/14/2015; New order is Shaheen, Cantwell, Cardin, Heitkamp, Markey, Booker, Coons, Hirono, Peters",,,,,
114,384,41303,"Heitkamp, Heidi",2,4,100,1/7/15,1/3/17,0,3,2,1,1,SRES22,Small Business and Entrepreneurship,36,81,ND,,,,,,
114,384,14435,"Markey, Edward J. (Ed)",2,5,100,1/7/15,1/3/17,0,3,2,1,1,SRES22,Small Business and Entrepreneurship,3,82,MA,,,,,,
114,384,41308,"Booker, Cory",2,6,100,1/7/15,1/3/17,0,3,2,1,1,SRES22,Small Business and Entrepreneurship,12,82,NJ,,,,,,
114,384,40916,"Coons, Christopher",2,7,100,1/7/15,1/3/17,0,1,2,1,1,SRES22,Small Business and Entrepreneurship,11,82,DE,,,,,,
114,384,20713,"Hirono, Mazie",2,8,100,1/7/15,1/3/17,0,1,2,1,1,SRES22,Small Business and Entrepreneurship,82,81,HI,,,,,,
114,384,20923,"Peters, Gary",2,9,100,1/7/15,1/3/17,0,1,2,1,2,SRES22,Small Business and Entrepreneurship,23,82,MI,,,,,,
114,384,29918,"Vitter, David",1,1,200,1/8/15,1/3/17,11,11,2,1,0,SRES23,Small Business and Entrepreneurship,45,83,LA,,,,,,
114,384,40902,"Risch, James",1,2,200,1/8/15,1/3/17,0,7,2,1,1,SRES23,Small Business and Entrepreneurship,63,82,ID,,,,,,
114,384,41102,"Rubio, Marco",1,3,200,1/8/15,1/3/17,0,5,2,1,1,SRES23,Small Business and Entrepreneurship,43,83,FL,,,,,,
114,384,41104,"Paul, Rand",1,4,200,1/8/15,1/3/17,0,5,2,1,1,SRES23,Small Business and Entrepreneurship,51,83,KY,,,,,,
114,384,21173,"Scott, Tim",1,5,200,1/8/15,1/3/17,0,3,2,1,1,SRES23,Small Business and Entrepreneurship,48,83,SC,,,,,,
114,384,41302,"Fischer, Deb",1,6,200,1/8/15,1/3/17,0,3,2,1,2,SRES23,Small Business and Entrepreneurship,35,81,NE,,,,,,
114,384,21112,"Gardner, Cory",1,7,200,1/8/15,1/3/17,0,1,2,1,2,SRES23,Small Business and Entrepreneurship,62,82,CO,,,,,,
114,384,41502,"Ernst, Joni",1,8,200,1/8/15,1/3/17,0,1,2,1,1,SRES23,Small Business and Entrepreneurship,31,82,IA,,,,,,
114,384,41106,"Ayotte, Kelly",1,9,200,1/8/15,1/3/17,0,1,2,1,0,SRES23,Small Business and Entrepreneurship,4,83,NH,,,,,,
114,384,49706,"Enzi, Michael B.",1,10,200,1/8/15,1/3/17,0,19,2,1,1,SRES23,Small Business and Entrepreneurship,68,82,WY,,,,,,
114,388,41101,"Blumenthal, Richard",2,1,100,1/7/15,1/3/17,21,3,2,1,1,SRES22,Veterans' Affairs,1,83,CT,,,,,,
114,388,49308,"Murray, Patty",2,2,100,1/7/15,1/3/17,0,21,2,1,1,SRES22,Veterans' Affairs,73,83,WA,,,,,,
114,388,29147,"Sanders, Bernard",2,3,328,1/7/15,1/3/17,0,9,2,1,1,SRES22,Veterans' Affairs,6,81,VT,,,,,,
114,388,29389,"Brown, Sherrod",2,4,100,1/7/15,1/3/17,0,9,2,1,1,SRES22,Veterans' Affairs,24,81,OH,,,,,,
114,388,40702,"Tester, Jon",2,5,100,1/7/15,1/3/17,0,9,2,1,1,SRES22,Veterans' Affairs,64,81,MT,,,,,,
114,388,20713,"Hirono, Mazie",2,6,100,1/7/15,1/3/17,0,3,2,1,1,SRES22,Veterans' Affairs,82,81,HI,,,,,,
114,388,40915,"Manchin, Joe",2,7,100,1/7/15,1/3/17,0,1,2,1,1,SRES22,Veterans' Affairs,56,81,WV,,,,,,
114,388,29909,"Isakson, Johnny",1,1,200,1/8/15,1/3/17,11,11,2,1,1,SRES23,Veterans' Affairs,44,83,GA,,,,,,
114,388,29722,"Moran, Jerry",1,2,200,1/8/15,1/3/17,0,5,2,1,1,SRES23,Veterans' Affairs,32,83,KS,,,,,,
114,388,20101,"Boozman, John",1,3,200,1/8/15,1/3/17,0,5,2,1,1,SRES23,Veterans' Affairs,42,83,AR,,,,,,
114,388,20730,"Heller, Dean",1,4,200,1/8/15,1/3/17,0,3,2,1,1,SRES23,Veterans' Affairs,65,81,NV,,,,,,
114,388,20919,"Cassidy, Bill",1,5,200,1/8/15,1/3/17,0,1,2,1,1,SRES23,Veterans' Affairs,45,82,LA,,,,,,
114,388,41505,"Rounds, Mike",1,6,200,1/8/15,1/3/17,0,1,2,1,1,SRES23,Veterans' Affairs,37,82,SD,,,,,,
114,388,41504,"Tillis, Thom",1,7,200,1/8/15,1/3/17,0,1,2,1,1,SRES23,Veterans' Affairs,47,82,NC,,,,,,
114,388,41500,"Sullivan, Daniel",1,8,200,1/8/15,1/3/17,0,1,2,1,1,SRES23,Veterans' Affairs,81,82,AK,,,,,,
114,419,40701,"McCaskill, Claire",2,1,100,1/7/15,1/3/17,21,9,2,1,2,SRES22,Aging (Special Committee),34,81,MO,,,,,,
114,419,14651,"Nelson, Clarence William (Bill)",2,2,100,1/7/15,1/3/17,0,11,2,1,1,SRES22,Aging (Special Committee),43,81,FL,,,,,,
114,419,40703,"Casey, Robert P., Jr.",2,3,100,1/7/15,1/3/17,0,9,2,1,1,SRES22,Aging (Special Committee),14,81,PA,,,,,,
114,419,40704,"Whitehouse, Sheldon",2,4,100,1/7/15,1/3/17,0,9,2,1,1,SRES22,Aging (Special Committee),5,83,RI,,,,,,
114,419,20735,"Gillibrand, Kirsten E.",2,5,100,1/7/15,1/3/17,0,7,2,1,1,SRES22,Aging (Special Committee),13,81,NY,,,,,,
114,419,41101,"Blumenthal, Richard",2,6,100,1/7/15,1/3/17,0,5,2,1,1,SRES22,Aging (Special Committee),1,83,CT,,,,,,
114,419,20717,"Donnelly, Joe",2,7,100,1/7/15,1/3/17,0,3,2,1,1,SRES22,Aging (Special Committee),22,81,IN,,,,,,
114,419,41301,"Warren, Elizabeth",2,8,100,1/7/15,1/3/17,0,3,2,1,1,SRES22,Aging (Special Committee),3,81,MA,,,,,,
114,419,41305,"Kaine, Timothy",2,9,100,1/7/15,1/3/17,0,1,2,1,2,SRES22,Aging (Special Committee),40,81,VA,,,,,,
114,419,49703,"Collins, Susan",1,1,200,1/8/15,1/3/17,11,19,2,1,1,SRES23,Aging (Special Committee),2,82,ME,,,,,,
114,419,14503,"Hatch, Orrin G.",1,2,200,1/8/15,1/3/17,0,7,5,1,1,SRES23,Aging (Special Committee),67,81,UT,,,,,,
114,419,20115,"Kirk, Mark",1,3,200,1/8/15,1/3/17,0,5,5,1,0,SRES23,Aging (Special Committee),21,83,IL,,,,,,
114,419,20100,"Flake, Jeff",1,4,200,1/8/15,1/3/17,0,3,2,1,1,SRES23,Aging (Special Committee),61,81,AZ,,,,,,
114,419,21173,"Scott, Tim",1,5,200,1/8/15,1/3/17,0,3,2,1,1,SRES23,Aging (Special Committee),48,83,SC,,,,,,
114,419,40705,"Corker, Bob",1,6,200,1/8/15,1/3/17,0,9,2,1,1,SRES23,Aging (Special Committee),54,81,TN,,,,,,
114,419,20730,"Heller, Dean",1,7,200,1/8/15,1/3/17,0,5,2,1,2,SRES23,Aging (Special Committee),65,81,NV,,,,,,
114,419,21301,"Cotton, Tom",1,8,200,1/8/15,1/3/17,0,1,2,1,2,SRES23,Aging (Special Committee),42,82,AR,,,,,,
114,419,41501,"Perdue, David",1,9,200,1/8/15,1/3/17,0,1,2,1,2,SRES23,Aging (Special Committee),44,82,GA,,,,,,
114,419,41504,"Tillis, Thom",1,10,200,1/8/15,1/3/17,0,1,2,1,1,SRES23,Aging (Special Committee),47,82,NC,,,,,,
114,419,41503,"Sasse, Ben",1,11,200,1/8/15,1/3/17,0,1,2,1,2,SRES23,Aging (Special Committee),35,82,NE,,,,,,
114,432,49300,"Feinstein, Dianne",2,1,100,1/7/15,1/3/17,81,15,2,1,1,SRES22,Intelligence (Select Committee),71,81,CA,,,,,,
114,432,14871,"Wyden, Ron",2,2,100,1/7/15,1/3/17,0,15,2,1,1,SRES22,Intelligence (Select Committee),72,83,OR,,,,,,
114,432,14440,"Mikulski, Barbara A.",2,3,100,1/7/15,1/3/17,0,15,2,1,0,SRES22,Intelligence (Select Committee),52,83,MD,,,,,,
114,432,40909,"Warner, Mark",2,4,100,1/7/15,1/3/17,0,5,2,1,2,SRES22,Intelligence (Select Committee),40,82,VA,,,,,,
114,432,20930,"Heinrich, Martin",2,5,100,1/7/15,1/3/17,0,3,2,1,1,SRES22,Intelligence (Select Committee),66,81,NM,,,,,,
114,432,41300,"King, Angus S.",2,6,328,1/7/15,1/3/17,0,3,2,1,1,SRES22,Intelligence (Select Committee),2,81,ME,,,,,,
114,432,20713,"Hirono, Mazie",2,7,100,1/7/15,1/3/17,0,1,2,1,2,SRES22,Intelligence (Select Committee),82,81,HI,,,,,,
114,432,29548,"Burr, Richard",1,1,200,1/8/15,1/3/17,11,9,2,1,1,SRES23,Intelligence (Select Committee),47,83,NC,,,,,,
114,432,40902,"Risch, James",1,2,200,1/8/15,1/3/17,0,7,2,1,1,SRES23,Intelligence (Select Committee),63,82,ID,,,,,,
114,432,14806,"Coats, Dan",1,3,200,1/8/15,1/3/17,0,7,2,1,0,SRES23,Intelligence (Select Committee),22,83,IN,,,,,,
114,432,41102,"Rubio, Marco",1,4,200,1/8/15,1/3/17,0,7,2,1,1,SRES23,Intelligence (Select Committee),43,83,FL,,,,,,
114,432,49703,"Collins, Susan",1,5,200,1/8/15,1/3/17,0,3,2,1,1,SRES23,Intelligence (Select Committee),2,82,ME,,,,,,
114,432,29735,"Blunt, Roy",1,6,200,1/8/15,1/3/17,0,1,2,1,1,SRES23,Intelligence (Select Committee),34,83,MO,,,,,,
114,432,21166,"Lankford, James",1,7,200,1/8/15,1/3/17,0,1,2,1,1,SRES23,Intelligence (Select Committee),53,83,OK,,,,,,
114,432,21301,"Cotton, Tom",1,8,200,1/8/15,1/3/17,0,1,2,1,1,SRES23,Intelligence (Select Committee),42,82,AR,,,,,,
114,434,15011,"Boxer, Barbara",2,1,100,1/7/15,1/3/17,81,9,2,1,0,SRES22,Ethics (Select Committee),71,83,CA,,,,,,
114,434,40916,"Coons, Christopher",2,2,100,1/7/15,1/3/17,0,1,2,1,1,SRES22,Ethics (Select Committee),2,82,DE,,,,,,
114,434,41112,"Schatz, Brian E.",2,3,100,1/7/15,1/3/17,0,1,2,1,1,SRES22,Ethics (Select Committee),82,83,HI,,,,,,
114,434,29909,"Isakson, Johnny",1,1,200,1/8/15,1/3/17,11,9,2,1,1,SRES23,Ethics (Select Committee),44,83,GA,,,,,,
114,434,14852,"Roberts, Pat",1,2,200,1/8/15,1/3/17,0,19,2,1,1,SRES23,Ethics (Select Committee),32,82,KS,,,,,,
114,434,40902,"Risch, James",1,3,200,1/8/15,1/3/17,0,7,2,1,1,SRES23,Ethics (Select Committee),63,82,ID,,,,,,
114,435,40702,"Tester, Jon",2,1,100,1/7/15,1/3/17,81,7,2,1,1,SRES22,Indian Affairs (Select Committee),64,81,MT,,,,,,
114,435,39310,"Cantwell, Maria",2,2,100,1/7/15,1/3/17,0,15,2,1,1,SRES22,Indian Affairs (Select Committee),73,81,WA,,,,,,
114,435,29924,"Udall, Tom",2,3,100,1/7/15,1/3/17,0,7,2,1,1,SRES22,Indian Affairs (Select Committee),66,82,NM,,,,,,
114,435,40904,"Franken, Al",2,4,100,1/7/15,1/3/17,0,5,2,1,1,SRES22,Indian Affairs (Select Committee),33,82,MN,,,,,,
114,435,41112,"Schatz, Brian E.",2,5,100,1/7/15,1/3/17,0,3,2,1,1,SRES22,Indian Affairs (Select Committee),82,83,HI,,,,,,
114,435,41303,"Heitkamp, Heidi",2,6,100,1/7/15,1/3/17,0,3,2,1,1,SRES22,Indian Affairs (Select Committee),36,81,ND,,,,,,
114,435,40707,"Barrasso, John A.",1,1,200,1/8/15,1/3/17,11,9,2,1,1,SRES23,Indian Affairs (Select Committee),68,81,WY,,,,,,
114,435,15039,"McCain, John",1,2,200,1/8/15,1/3/17,0,29,2,1,1,SRES23,Indian Affairs (Select Committee),61,83,AZ,,,,,,
114,435,40300,"Murkowski, Lisa",1,3,200,1/8/15,1/3/17,0,13,2,1,1,SRES23,Indian Affairs (Select Committee),81,83,AK,,,,,,
114,435,41107,"Hoeven, John",1,4,200,1/8/15,1/3/17,0,5,2,1,1,SRES23,Indian Affairs (Select Committee),36,83,ND,,,,,,
114,435,21166,"Lankford, James",1,5,200,1/8/15,1/3/17,0,1,2,1,1,SRES23,Indian Affairs (Select Committee),53,83,OK,,,,,,
114,435,29345,"Crapo, Michael Dean",1,6,200,1/8/15,1/3/17,0,7,5,1,1,SRES23,Indian Affairs (Select Committee),63,83,ID,,,,,,
114,435,29722,"Moran, Jerry",1,7,200,1/8/15,1/3/17,0,1,2,1,1,SRES23,Indian Affairs (Select Committee),32,83,KS,,,,,,
114,500,14858,"Schumer, Charles Ellis (Chuck)",2,1,100,3/27/15,1/3/17,21,15,2,1,2,SRES126,Library (Joint),13,83,NY,,,,,,
114,500,14307,"Leahy, Patrick J.",2,2,100,3/27/15,1/3/17,0,5,2,1,1,SRES126,Library (Joint),6,83,VT,,,,,,
114,500,29735,"Blunt, Roy",1,1,200,3/27/15,1/3/17,81,3,2,1,1,SRES126,Library (Joint),34,83,MO,,,,,,
114,500,14852,"Roberts, Pat",1,2,200,3/27/15,1/3/17,0,3,2,1,1,SRES126,Library (Joint),32,82,KS,,,,,,
114,500,20146,"Capito, Shelley M.",1,3,200,3/27/15,1/3/17,0,1,2,1,2,SRES126,Library (Joint),56,82,WV,,,,,,
114,501,14858,"Schumer, Charles Ellis (Chuck)",2,1,100,3/27/15,1/3/17,21,7,2,1,2,SRES126,Printing (Joint),13,83,NY,,,,,,
114,501,29924,"Udall, Tom",2,2,100,3/27/15,1/3/17,0,7,2,1,1,SRES126,Printing (Joint),66,82,NM,,,,,,
114,501,29735,"Blunt, Roy",1,1,200,3/27/15,1/3/17,81,1,2,1,2,SRES126,Printing (Joint),34,83,MO,,,,,,
114,501,14852,"Roberts, Pat",1,2,200,3/27/15,1/3/17,0,3,2,1,1,SRES126,Printing (Joint),32,82,KS,,,,,,
114,501,20146,"Capito, Shelley M.",1,3,200,3/27/15,1/3/17,0,1,2,1,2,SRES126,Printing (Joint),56,82,WV,,,,,,
114,503,14871,"Wyden, Ron",2,1,100,1/26/15,1/3/17,21,3,2,1,1,S488,Taxation (Joint),72,83,OR,,,,,,
114,503,29732,"Stabenow, Deborah Ann",2,2,100,1/26/15,1/3/17,0,3,2,1,1,S488,Taxation (Joint),23,81,MI,,,,,,
114,503,14503,"Hatch, Orrin G.",1,1,200,1/26/15,1/3/17,81,7,2,1,1,S488,Taxation (Joint),67,81,UT,,,,,,
114,503,14226,"Grassley, Charles E.",1,2,200,1/26/15,1/3/17,0,7,2,1,1,S488,Taxation (Joint),31,83,IA,,,,,,
114,503,29345,"Crapo, Michael Dean",1,3,200,1/26/15,1/3/17,0,1,2,1,1,S488,Taxation (Joint),63,83,ID,,,,,,
114,507,40700,"Klobuchar, Amy",2,1,100,1/7/15,1/3/17,21,9,2,1,1,SRES22,Economic (Joint Committee),33,81,MN,,,,,,
114,507,40703,"Casey, Robert P., Jr.",2,2,100,1/7/15,1/3/17,0,9,2,1,2,SRES22,Economic (Joint Committee),14,81,PA,,,,,,
114,507,20930,"Heinrich, Martin",2,3,100,1/7/15,1/3/17,0,3,2,1,1,SRES22,Economic (Joint Committee),66,81,NM,,,,,,
114,507,20923,"Peters, Gary",2,4,100,1/7/15,1/3/17,0,1,2,1,1,SRES22,Economic (Joint Committee),23,82,MI,,,,,,
114,507,14806,"Coats, Dan",2,1,200,1/7/15,1/3/17,81,5,2,1,0,SRES18,Economic (Joint Committee),22,83,IN,,,,,,
114,507,41110,"Lee, Mike",1,2,200,1/7/15,1/3/17,0,5,2,1,1,SRES21,Economic (Joint Committee),67,83,UT,,,,,,
114,507,21301,"Cotton, Tom",1,3,200,1/7/15,1/3/17,0,1,2,1,1,SRES21,Economic (Joint Committee),42,82,AR,,,,,,
114,507,41503,"Sasse, Ben",1,4,200,1/7/15,1/3/17,0,1,2,1,1,SRES21,Economic (Joint Committee),35,82,NE,,,,,,
114,507,41304,"Cruz, Ted",1,5,200,1/7/15,1/3/17,0,1,2,1,1,SRES21,Economic (Joint Committee),49,81,TX,,,,,,
114,507,20919,"Cassidy, Bill",1,6,200,1/7/15,1/3/17,0,1,2,1,1,SRES21,Economic (Joint Committee),45,82,LA,,,,,,
114,662,15021,"Durbin, Richard J.",2,1,100,1/3/15,1/3/17,64,8,2,1,1,,Minority whip,21,82,IL,,,,,,
114,662,15054,"Reid, Harry",2,1,100,1/3/15,1/3/17,61,8,2,1,0,,Minority leader,65,83,NV,,,,,,
114,662,40305,"Cornyn, John",1,1,200,1/3/15,1/3/17,51,5,2,1,1,,Majority whip,49,81,TX,,,,,,
114,662,14921,"McConnell, Mitch",1,1,200,1/3/15,1/3/17,41,8,2,1,1,,Majority leader,51,82,KY,,,,,,
115,305,29732,"Stabenow, Deborah Ann",2,1,100,1/5/17,1/3/19,21,17,2,1,1,SRES8,"Agriculture, Nutrition, and Forestry",23,81,MI,,,,,,
115,305,14307,"Leahy, Patrick J.",2,2,100,1/5/17,1/3/19,0,43,2,1,1,SRES8,"Agriculture, Nutrition, and Forestry",6,83,VT,,,,,,
115,305,29389,"Brown, Sherrod",2,3,100,1/5/17,1/3/19,0,11,2,1,1,SRES8,"Agriculture, Nutrition, and Forestry",24,81,OH,,,,,,
115,305,40700,"Klobuchar, Amy",2,4,100,1/5/17,1/3/19,0,11,2,1,1,SRES8,"Agriculture, Nutrition, and Forestry",33,81,MN,,,,,,
115,305,40910,"Bennet, Michael",2,5,100,1/5/17,1/3/19,0,9,2,1,1,SRES8,"Agriculture, Nutrition, and Forestry",62,83,CO,,,,,,
115,305,20735,"Gillibrand, Kirsten E.",2,6,100,1/5/17,1/3/19,0,9,2,1,1,SRES8,"Agriculture, Nutrition, and Forestry",13,81,NY,,,,,,
115,305,20717,"Donnelly, Joe",2,7,100,1/5/17,1/3/19,0,5,2,1,0,SRES8,"Agriculture, Nutrition, and Forestry",22,81,IN,Defeated in re-election,,,,,
115,305,41303,"Heitkamp, Heidi",2,8,100,1/5/17,1/3/19,0,5,2,1,0,SRES8,"Agriculture, Nutrition, and Forestry",36,81,ND,Defeated in re-election,,,,,
115,305,40703,"Casey, Robert P., Jr.",2,9,100,1/5/17,1/3/19,0,5,4,1,1,SRES8,"Agriculture, Nutrition, and Forestry",14,81,PA,,,,,,
115,305,20330,"Van Hollen, Chris",2,10,100,1/5/17,1/3/19,0,1,2,2,0,SRES8,"Agriculture, Nutrition, and Forestry",52,83,MD,,,,,,
115,305,41706,"Smith, Tina",2,11,100,1/9/18,1/3/19,0,1,2,1,1,SRES370,"Agriculture, Nutrition, and Forestry",33,82,MN,,,,,,
115,305,14852,"Roberts, Pat",1,1,200,1/5/17,1/3/19,11,21,2,1,1,SRES7,"Agriculture, Nutrition, and Forestry",32,82,KS,,,,,,
115,305,14009,"Cochran, Thad",1,2,200,1/5/17,4/1/18,0,39,2,8,0,SRES7,"Agriculture, Nutrition, and Forestry",46,82,MS,Resigned because of health issues,,,,,
115,305,14921,"McConnell, Mitch",1,3,200,1/5/17,1/3/19,0,32,2,1,1,SRES7,"Agriculture, Nutrition, and Forestry",51,82,KY,,,,,,
115,305,20101,"Boozman, John",1,4,200,1/5/17,1/3/19,0,7,2,1,1,SRES7,"Agriculture, Nutrition, and Forestry",42,83,AR,,,,,,
115,305,41107,"Hoeven, John",1,5,200,1/5/17,1/3/19,0,7,2,1,1,SRES7,"Agriculture, Nutrition, and Forestry",36,83,ND,,,,,,
115,305,41502,"Ernst, Joni",1,6,200,1/5/17,1/3/19,0,3,2,1,1,SRES7,"Agriculture, Nutrition, and Forestry",31,82,IA,,,,,,
115,305,14226,"Grassley, Charles E.",1,7,200,1/5/17,1/3/19,0,15,5,1,1,SRES7,"Agriculture, Nutrition, and Forestry",31,83,IA,,,,,,
115,305,49700,"Sessions, Jeff",1,8,200,1/5/17,2/8/17,0,1,2,6,0,SRES7,"Agriculture, Nutrition, and Forestry",41,82,AL,Appointed Attorney General,,,,,
115,305,29754,"Thune, John",1,9,200,1/5/17,1/3/19,0,11,2,1,1,SRES7,"Agriculture, Nutrition, and Forestry",37,83,SD,,,,,,
115,305,21338,"Daines, Steve",1,10,200,1/5/17,1/3/19,0,1,2,1,2,SRES7,"Agriculture, Nutrition, and Forestry",64,82,MT,,,,,,
115,305,41501,"Perdue, David",1,11,200,1/5/17,1/3/19,0,1,2,1,1,SRES7,"Agriculture, Nutrition, and Forestry",44,82,GA,,,,,,
115,305,41704,"Strange, Luther",6,12,200,2/9/17,1/3/19,0,1,2,1,0,SRES57,"Agriculture, Nutrition, and Forestry",41,82,AL,Replaced Sessions,,,,,
115,306,14307,"Leahy, Patrick J.",2,1,100,1/5/17,1/3/19,0,40,2,1,1,SRES8,Appropriations,6,83,VT,,,,,,
115,306,49308,"Murray, Patty",2,2,100,1/5/17,1/3/19,0,25,2,1,1,SRES8,Appropriations,73,83,WA,,,,,,
115,306,49300,"Feinstein, Dianne",2,3,100,1/5/17,1/3/19,0,19,4,1,1,SRES8,Appropriations,71,81,CA,,,,,,
115,306,15021,"Durbin, Richard J.",2,4,100,1/5/17,1/3/19,0,19,2,1,1,SRES8,Appropriations,21,82,IL,,,,,,
115,306,29142,"Reed, Jack",2,5,100,1/5/17,1/3/19,0,11,5,1,1,SRES8,Appropriations,5,82,RI,,,,,,
115,306,40702,"Tester, Jon",2,6,100,1/5/17,1/3/19,0,3,2,1,1,SRES8,Appropriations,64,81,MT,,,,,,
115,306,29924,"Udall, Tom",2,7,100,1/5/17,1/3/19,0,3,2,1,1,SRES8,Appropriations,66,82,NM,,,,,,
115,306,40906,"Shaheen, Jeanne",2,8,100,1/5/17,1/3/19,0,5,2,1,1,SRES8,Appropriations,4,82,NH,,,,,,
115,306,40908,"Merkley, Jeff",2,9,100,1/5/17,1/3/19,0,5,2,1,1,SRES8,Appropriations,72,82,OR,,,,,,
115,306,40916,"Coons, Christopher",2,10,100,1/5/17,1/3/19,0,5,2,1,1,SRES8,Appropriations,11,82,DE,,,,,,
115,306,41112,"Schatz, Brian E.",2,11,100,1/5/17,1/3/19,0,3,2,1,1,SRES8,Appropriations,82,83,HI,,,,,,
115,306,29940,"Baldwin, Tammy",2,12,100,1/5/17,1/3/19,0,3,2,1,1,SRES8,Appropriations,25,81,WI,,,,,,
115,306,20707,"Murphy, Christopher",2,13,100,1/5/17,1/3/19,0,3,2,1,1,SRES8,Appropriations,1,81,CT,,,,,,
115,306,40915,"Manchin, Joe",2,14,100,1/5/17,1/3/19,0,1,2,1,1,SRES8,Appropriations,56,81,WV,,,,,,
115,306,20330,"Van Hollen, Chris",2,15,100,1/5/17,1/3/19,0,1,2,1,1,SRES8,Appropriations,52,83,MD,,,,,,
115,306,14009,"Cochran, Thad",1,1,200,1/5/17,4/1/18,11,37,2,8,0,SRES7,Appropriations,46,82,MS,,,,,,
115,306,94659,"Shelby, Richard C.",1,1,200,1/5/17,1/3/19,11,23,2,1,1,SRES7,Appropriations,41,82,AL,,,,,,
115,306,14921,"McConnell, Mitch",1,2,200,1/5/17,1/3/19,0,25,2,1,1,SRES7,Appropriations,51,83,KY,,,,,,
115,306,40304,"Alexander, Lamar",1,3,200,1/5/17,1/3/19,0,11,2,1,1,SRES7,Appropriations,54,82,TN,,,,,,
115,306,49703,"Collins, Susan",1,4,200,1/5/17,1/3/19,0,9,2,1,1,SRES7,Appropriations,2,82,ME,,,,,,
115,306,40300,"Murkowski, Lisa",1,5,200,1/5/17,1/3/19,0,9,2,1,1,SRES7,Appropriations,81,83,AK,,,,,,
115,306,29566,"Graham, Lindsey O.",1,6,200,1/5/17,1/3/19,0,7,2,1,1,SRES7,Appropriations,48,82,SC,,,,,,
115,306,29735,"Blunt, Roy",1,7,200,1/5/17,1/3/19,0,7,2,1,1,SRES7,Appropriations,34,83,MO,,,,,,
115,306,29722,"Moran, Jerry",1,8,200,1/5/17,1/3/19,0,7,2,1,1,SRES7,Appropriations,32,83,KS,,,,,,
115,306,41107,"Hoeven, John",1,9,200,1/5/17,1/3/19,0,7,2,1,1,SRES7,Appropriations,36,83,ND,,,,,,
115,306,20101,"Boozman, John",1,10,200,1/5/17,1/3/19,0,5,2,1,1,SRES7,Appropriations,42,83,AR,,,,,,
115,306,20146,"Capito, Shelley M.",1,11,200,1/5/17,1/3/19,0,3,2,1,1,SRES7,Appropriations,56,82,WV,,,,,,
115,306,21166,"Lankford, James",1,12,200,1/5/17,1/3/19,0,3,2,1,1,SRES7,Appropriations,53,83,OK,,,,,,
115,306,21338,"Daines, Steve",1,13,200,1/5/17,1/3/19,0,3,2,1,1,SRES7,Appropriations,64,82,MT,,,,,,
115,306,41703,"Kennedy, John N.",1,14,200,1/5/17,1/3/19,0,1,2,1,1,SRES7,Appropriations,45,83,LA,,,,,,
115,306,41102,"Rubio, Marco",1,15,200,1/5/17,1/3/19,0,1,2,1,1,SRES7,Appropriations,43,83,FL,,,,,,
115,306,41707,"Hyde-Smith, Cindy",1,16,200,1/9/18,1/3/19,0,1,2,1,1,,Appropriations,46,82,MS,,,,,,
115,308,29142,"Reed, Jack",2,1,100,1/5/17,1/3/19,21,19,2,1,1,SRES8,Armed Services,5,82,RI,,,,,,
115,308,14651,"Nelson, Clarence William (Bill)",2,2,100,1/5/17,1/3/19,0,5,4,1,0,SRES8,Armed Services,43,81,FL,Defeated in re-election,,,,,
115,308,40701,"McCaskill, Claire",2,3,100,1/5/17,1/3/19,0,11,2,1,0,SRES8,Armed Services,34,81,MO,,,,,,
115,308,40906,"Shaheen, Jeanne",2,4,100,1/5/17,1/3/19,0,7,2,1,1,SRES8,Armed Services,4,82,NH,,,,,,
115,308,20735,"Gillibrand, Kirsten E.",2,5,100,1/5/17,1/3/19,0,7,2,1,1,SRES8,Armed Services,13,81,NY,,,,,,
115,308,41101,"Blumenthal, Richard",2,6,100,1/5/17,1/3/19,0,7,2,1,1,SRES8,Armed Services,1,83,CT,,,,,,
115,308,20717,"Donnelly, Joe",2,7,100,1/5/17,1/3/19,0,5,2,1,0,SRES8,Armed Services,22,81,IN,Defeated in re-election,,,,,
115,308,20713,"Hirono, Mazie",2,8,100,1/5/17,1/3/19,0,5,2,1,1,SRES8,Armed Services,82,81,HI,,,,,,
115,308,41305,"Kaine, Timothy",2,9,100,1/5/17,1/3/19,0,5,2,1,1,SRES8,Armed Services,40,81,VA,,,,,,
115,308,41300,"King, Angus S.",2,10,328,1/5/17,1/3/19,0,5,2,1,1,SRES8,Armed Services,2,81,ME,,,,,,
115,308,20930,"Heinrich, Martin",2,11,100,1/5/17,1/3/19,0,3,2,1,1,SRES8,Armed Services,66,81,NM,,,,,,
115,308,41301,"Warren, Elizabeth",2,12,100,1/5/17,1/3/19,0,1,2,1,1,SRES8,Armed Services,3,81,MA,,,,,,
115,308,20923,"Peters, Gary",2,13,100,1/5/17,1/3/19,0,1,2,1,1,SRES8,Armed Services,23,82,MI,,,,,,
115,308,15039,"McCain, John",1,1,200,1/5/17,8/25/18,11,31,2,5,0,SRES7,Armed Services,61,83,AZ,Died,,,,,
115,308,15424,"Inhofe, James M.",1,2,200,1/5/17,1/3/19,0,23,2,1,1,SRES7,Armed Services,53,82,OK,,,,,,
115,308,49700,"Sessions, Jeff",1,3,200,1/5/17,2/8/17,0,19,2,6,0,SRES7,Armed Services,41,82,AL,Appointed Attorney General,,,,,
115,308,29534,"Wicker, Roger F.",1,4,200,1/5/17,1/3/19,0,10,2,1,1,SRES7,Armed Services,46,81,MS,,,,,,
115,308,41302,"Fischer, Deb",1,5,200,1/5/17,1/3/19,0,5,2,1,1,SRES7,Armed Services,35,81,NE,,,,,,
115,308,21301,"Cotton, Tom",1,6,200,1/5/17,1/3/19,0,3,2,1,1,SRES7,Armed Services,42,82,AR,,,,,,
115,308,41505,"Rounds, Mike",1,7,200,1/5/17,1/3/19,0,3,2,1,1,SRES7,Armed Services,37,82,SD,,,,,,
115,308,41502,"Ernst, Joni",1,8,200,1/5/17,1/3/19,0,3,2,1,1,SRES7,Armed Services,31,82,IA,,,,,,
115,308,41504,"Tillis, Thom",1,9,200,1/5/17,1/3/19,0,3,2,1,1,SRES7,Armed Services,47,82,NC,,,,,,
115,308,41500,"Sullivan, Daniel",1,10,200,1/5/17,1/3/19,0,3,2,1,1,SRES7,Armed Services,81,82,AK,,,,,,
115,308,41501,"Perdue, David",1,11,200,1/5/17,1/3/19,0,1,2,1,1,SRES7,Armed Services,44,82,GA,,,,,,
115,308,41304,"Cruz, Ted",1,12,200,1/5/17,1/4/19,0,5,2,1,2,SRES7,Armed Services,49,81,TX,,,,,,
115,308,29566,"Graham, Lindsey O.",1,13,200,1/5/17,1/5/19,0,15,2,1,2,SRES7,Armed Services,48,82,SC,,,,,,
115,308,41503,"Sasse, Ben",1,14,200,1/5/17,1/6/19,0,1,2,1,2,SRES7,Armed Services,35,82,NE,,,,,,
115,308,41704,"Strange, Luther",6,15,200,2/9/17,1/7/19,0,1,2,1,0,SRES57,Armed Services,41,82,AL,Replaced Sessions,,,,,
115,308,21173,"Scott, Tim",1,16,200,1/9/18,1/8/19,0,1,2,1,2,SRES369,Armed Services,48,,SC,,,,,,
115,314,29389,"Brown, Sherrod",2,1,100,1/5/17,1/3/19,21,11,2,1,1,SRES8,"Banking, Housing, and Urban Affairs",24,81,OH,,,,,,
115,314,29142,"Reed, Jack",2,2,100,1/5/17,1/3/19,0,21,2,1,1,SRES8,"Banking, Housing, and Urban Affairs",5,82,RI,,,,,,
115,314,29373,"Menendez, Robert",2,3,100,1/5/17,1/3/19,0,13,2,1,1,SRES8,"Banking, Housing, and Urban Affairs",12,81,NJ,,,,,,
115,314,40702,"Tester, Jon",2,4,100,1/5/17,1/3/19,0,11,2,1,1,SRES8,"Banking, Housing, and Urban Affairs",64,81,MT,,,,,,
115,314,40909,"Warner, Mark",2,5,100,1/5/17,1/3/19,0,9,2,1,1,SRES8,"Banking, Housing, and Urban Affairs",40,82,VA,,,,,,
115,314,41301,"Warren, Elizabeth",2,6,100,1/5/17,1/3/19,0,5,2,1,1,SRES8,"Banking, Housing, and Urban Affairs",3,81,MA,,,,,,
115,314,41303,"Heitkamp, Heidi",2,7,100,1/5/17,1/3/19,0,5,2,1,0,SRES8,"Banking, Housing, and Urban Affairs",36,81,ND,Defeated in re-election,,,,,
115,314,20717,"Donnelly, Joe",2,8,100,1/5/17,1/3/19,0,3,2,1,0,SRES8,"Banking, Housing, and Urban Affairs",22,81,IN,Defeated in re-election,,,,,
115,314,41112,"Schatz, Brian E.",2,9,100,1/5/17,1/3/19,0,1,2,1,1,SRES8,"Banking, Housing, and Urban Affairs",82,83,HI,,,,,,
115,314,20330,"Van Hollen, Chris",2,10,100,1/5/17,1/3/19,0,1,2,1,1,SRES8,"Banking, Housing, and Urban Affairs",52,83,MD,,,,,,
115,314,41700,"Cortez Masto, Catherine",2,11,100,1/5/17,1/3/19,0,1,2,1,1,SRES8,"Banking, Housing, and Urban Affairs",65,83,NV,,,,,,
115,314,41705,"Jones, Gordon Douglas (Doug)",2,12,100,1/9/18,1/3/19,0,1,2,1,1,SRES370,"Banking, Housing, and Urban Affairs",41,82,AL,,,,,,
115,314,29345,"Crapo, Michael Dean",1,1,200,1/5/17,1/3/19,11,19,2,1,1,SRES7,"Banking, Housing, and Urban Affairs",63,83,ID,,,,,,
115,314,94659,"Shelby, Richard C.",1,2,200,1/5/17,1/3/19,0,31,2,1,1,SRES7,"Banking, Housing, and Urban Affairs",41,83,AL,,,,,,
115,314,40705,"Corker, Bob",1,3,200,1/5/17,1/3/19,0,10,2,1,1,SRES7,"Banking, Housing, and Urban Affairs",54,81,TN,,,,,,
115,314,29935,"Toomey, Patrick J.",1,4,200,1/5/17,1/3/19,0,7,2,1,1,SRES7,"Banking, Housing, and Urban Affairs",14,83,PA,,,,,,
115,314,20730,"Heller, Dean",1,5,200,1/5/17,1/3/19,0,5,2,1,1,SRES7,"Banking, Housing, and Urban Affairs",65,81,NV,,,,,,
115,314,21173,"Scott, Tim",1,6,200,1/5/17,1/3/19,0,3,2,1,1,SRES7,"Banking, Housing, and Urban Affairs",48,83,SC,,,,,,
115,314,41503,"Sasse, Ben",1,7,200,1/5/17,1/3/19,0,3,2,1,1,SRES7,"Banking, Housing, and Urban Affairs",35,82,NE,,,,,,
115,314,21301,"Cotton, Tom",1,8,200,1/5/17,1/3/19,0,3,2,1,1,SRES7,"Banking, Housing, and Urban Affairs",42,82,AR,,,,,,
115,314,41505,"Rounds, Mike",1,9,200,1/5/17,1/3/19,0,3,2,1,1,SRES7,"Banking, Housing, and Urban Affairs",37,82,SD,,,,,,
115,314,41501,"Perdue, David",1,,200,1/9/18,1/3/19,0,1,2,1,1,SRES369,"Banking, Housing, and Urban Affairs",44,82,GA,,,,,,
115,314,41504,"Tillis, Thom",1,10,200,1/5/17,1/3/19,0,1,2,1,1,SRES7,"Banking, Housing, and Urban Affairs",47,82,NC,,,,,,
115,314,41703,"Kennedy, John N.",1,11,200,1/5/17,1/3/19,0,1,2,1,1,SRES7,"Banking, Housing, and Urban Affairs",45,83,LA,,,,,,
115,314,29722,"Moran, Jerry",1,,200,1/9/18,1/3/19,0,1,2,1,1,SRES369,"Banking, Housing, and Urban Affairs",32,83,KS,,,,,,
115,316,29147,"Sanders, Bernard",2,1,328,1/5/17,1/3/19,21,11,2,1,1,SRES8,Budget,6,81,VT,,,,,,
115,316,49308,"Murray, Patty",2,2,100,1/5/17,1/3/19,0,25,2,1,1,SRES8,Budget,73,83,WA,,,,,,
115,316,14871,"Wyden, Ron",2,3,100,1/5/17,1/3/19,0,22,2,1,1,SRES8,Budget,72,83,OR,,,,,,
115,316,29732,"Stabenow, Deborah Ann",2,4,100,1/5/17,1/3/19,0,17,2,1,1,SRES8,Budget,23,81,MI,,,,,,
115,316,40704,"Whitehouse, Sheldon",2,5,100,1/5/17,1/3/19,0,11,2,1,1,SRES8,Budget,5,83,RI,,,,,,
115,316,40909,"Warner, Mark",2,6,100,1/5/17,1/3/19,0,9,2,1,1,SRES8,Budget,40,82,VA,,,,,,
115,316,40908,"Merkley, Jeff",2,7,100,1/5/17,1/3/19,0,9,2,1,1,SRES8,Budget,72,82,OR,,,,,,
115,316,41305,"Kaine, Timothy",2,8,100,1/5/17,1/3/19,0,5,2,1,1,SRES8,Budget,40,81,VA,,,,,,
115,316,41300,"King, Angus S.",2,9,328,1/5/17,1/3/19,0,5,2,1,2,SRES8,Budget,2,81,ME,,,,,,
115,316,20330,"Van Hollen, Chris",2,10,100,1/5/17,1/3/19,0,1,2,1,1,SRES8,Budget,52,83,MD,,,,,,
115,316,41701,"Harris, Kamala",2,11,100,1/5/17,1/3/19,0,1,2,1,1,SRES8,Budget,71,83,CA,,,,,,
115,316,49706,"Enzi, Michael B.",1,1,200,1/5/17,1/3/19,11,15,2,1,1,SRES7,Budget,68,82,WY,,,,,,
115,316,14226,"Grassley, Charles E.",1,2,200,1/5/17,1/3/19,0,37,2,1,1,SRES7,Budget,31,83,IA,,,,,,
115,316,49700,"Sessions, Jeff",1,3,200,1/5/17,2/8/17,0,15,2,6,0,SRES7,Budget,41,82,AL,Appointed Attorney General,,,,,
115,316,29345,"Crapo, Michael Dean",1,4,200,1/5/17,1/3/19,0,15,2,1,1,SRES7,Budget,63,83,ID,,,,,,
115,316,29566,"Graham, Lindsey O.",1,5,200,1/5/17,1/3/19,0,13,2,1,1,SRES7,Budget,48,82,SC,,,,,,
115,316,29935,"Toomey, Patrick J.",1,6,200,1/5/17,1/3/19,0,7,2,1,1,SRES7,Budget,14,83,PA,,,,,,
115,316,41111,"Johnson, Ron",1,7,200,1/5/17,1/3/19,0,7,2,1,1,SRES7,Budget,25,83,WI,,,,,,
115,316,40705,"Corker, Bob",1,8,200,1/5/17,1/3/19,0,3,2,1,0,SRES7,Budget,54,81,TN,Did not run again,,,,,
115,316,41501,"Perdue, David",1,9,200,1/5/17,1/3/19,0,3,2,1,1,SRES7,Budget,44,82,GA,,,,,,
115,316,21112,"Gardner, Cory",1,10,200,1/5/17,1/3/19,0,1,2,1,2,SRES7,Budget,62,82,CO,,,,,,
115,316,41703,"Kennedy, John N.",1,11,200,1/5/17,1/3/19,0,1,2,1,1,SRES7,Budget,45,83,LA,,,,,,
115,316,20101,"Boozman, John",1,12,200,1/5/17,1/3/19,0,1,2,1,2,SRES7,Budget,42,83,AR,,,,,,
115,316,41704,"Strange, Luther",6,13,200,2/9/17,1/3/19,0,1,2,1,0,SRES57,Budget,41,82,AL,Replaced Sessions,,,,,
115,316,21301,"Cotton, Tom",1,14,200,1/9/18,1/3/19,0,1,2,1,2,SRES369,Budget,42,,AR,,,,,,
115,321,14651,"Nelson, Clarence William (Bill)",2,1,100,1/5/17,1/3/19,21,17,2,1,0,SRES8,"Commerce, Science, and Transportation",43,81,FL,lost reelection,,,,,
115,321,39310,"Cantwell, Maria",2,2,100,1/5/17,1/3/19,0,15,2,1,1,SRES8,"Commerce, Science, and Transportation",73,81,WA,,,,,,
115,321,40700,"Klobuchar, Amy",2,3,100,1/5/17,1/3/19,0,11,2,1,1,SRES8,"Commerce, Science, and Transportation",33,81,MN,,,,,,
115,321,41101,"Blumenthal, Richard",2,4,100,1/5/17,1/3/19,0,5,2,1,1,SRES8,"Commerce, Science, and Transportation",1,83,CT,,,,,,
115,321,41112,"Schatz, Brian E.",2,5,100,1/5/17,1/3/19,0,5,2,1,1,SRES8,"Commerce, Science, and Transportation",82,83,HI,,,,,,
115,321,14435,"Markey, Edward J. (Ed)",2,6,100,1/5/17,1/3/19,0,5,2,1,1,SRES8,"Commerce, Science, and Transportation",3,82,MA,,,,,,
115,321,41308,"Booker, Cory",2,7,100,1/5/17,1/3/19,0,5,2,1,2,SRES8,"Commerce, Science, and Transportation",12,82,NJ,,,,,,
115,321,29924,"Udall, Tom",2,8,100,1/5/17,1/3/19,0,3,2,1,1,SRES8,"Commerce, Science, and Transportation",66,82,NM,,,,,,
115,321,20923,"Peters, Gary",2,9,100,1/5/17,1/3/19,0,3,2,1,1,SRES8,"Commerce, Science, and Transportation",23,82,MI,,,,,,
115,321,29940,"Baldwin, Tammy",2,10,100,1/5/17,1/3/19,0,1,2,1,1,SRES8,"Commerce, Science, and Transportation",25,81,WI,,,,,,
115,321,21325,"Duckworth, Tammy",2,11,100,1/5/17,1/3/19,0,1,2,1,1,SRES8,"Commerce, Science, and Transportation",21,83,IL,,,,,,
115,321,41702,"Hassan, Maggie",2,12,100,1/5/17,1/3/19,0,1,2,1,2,SRES8,"Commerce, Science, and Transportation",4,83,NH,,,,,,
115,321,41700,"Cortez Masto, Catherine",2,13,100,1/5/17,1/3/19,0,1,2,1,2,SRES8,"Commerce, Science, and Transportation",65,83,NV,,,,,,
115,321,40702,"Tester, Jon",2,14,100,1/9/18,1/3/19,0,1,2,1,1,SRES370,"Commerce, Science, and Transportation",64,81,MT,,,,,,
115,321,29754,"Thune, John",1,1,200,1/5/17,1/3/19,11,11,2,1,1,SRES7,"Commerce, Science, and Transportation",37,83,SD,,,,,,
115,321,29534,"Wicker, Roger F.",1,2,200,1/5/17,1/3/19,0,10,2,1,1,SRES7,"Commerce, Science, and Transportation",46,81,MS,,,,,,
115,321,29735,"Blunt, Roy",1,3,200,1/5/17,1/3/19,0,7,2,1,1,SRES7,"Commerce, Science, and Transportation",34,83,MO,,,,,,
115,321,41304,"Cruz, Ted",1,4,200,1/5/17,1/3/19,0,5,2,1,1,SRES7,"Commerce, Science, and Transportation",49,81,TX,,,,,,
115,321,41302,"Fischer, Deb",1,5,200,1/5/17,1/3/19,0,5,2,1,1,SRES7,"Commerce, Science, and Transportation",35,81,NE,,,,,,
115,321,29722,"Moran, Jerry",1,6,200,1/5/17,1/3/19,0,3,2,1,1,SRES7,"Commerce, Science, and Transportation",32,83,KS,,,,,,
115,321,41500,"Sullivan, Daniel",1,7,200,1/5/17,1/3/19,0,3,2,1,1,SRES7,"Commerce, Science, and Transportation",81,82,AK,,,,,,
115,321,20730,"Heller, Dean",1,8,200,1/5/17,1/3/19,0,7,2,1,0,SRES7,"Commerce, Science, and Transportation",65,81,NV,lost reelection,,,,,
115,321,15424,"Inhofe, James M.",1,9,200,1/5/17,1/3/19,0,1,2,1,2,SRES7,"Commerce, Science, and Transportation",53,82,OK,,,,,,
115,321,41110,"Lee, Mike",1,10,200,1/5/17,1/3/19,0,1,2,1,1,SRES7,"Commerce, Science, and Transportation",67,83,UT,,,,,,
115,321,41111,"Johnson, Ron",1,11,200,1/5/17,1/3/19,0,5,2,1,1,SRES7,"Commerce, Science, and Transportation",25,82,WI,,,,,,
115,321,20146,"Capito, Shelley M.",1,12,200,1/5/17,1/3/19,0,1,2,1,1,SRES7,"Commerce, Science, and Transportation",56,82,WV,,,,,,
115,321,21112,"Gardner, Cory",1,13,200,1/5/17,1/3/19,0,3,2,1,1,SRES7,"Commerce, Science, and Transportation",62,82,CO,,,,,,
115,321,21133,"Young, Todd",1,14,200,1/5/17,1/3/19,0,1,2,1,1,SRES7,"Commerce, Science, and Transportation",22,83,IN,,,,,,
115,330,39310,"Cantwell, Maria",2,1,100,1/5/17,1/3/19,21,17,2,1,1,SRES8,Energy and Natural Resources,73,81,WA,,,,,,
115,330,14871,"Wyden, Ron",2,2,100,1/5/17,1/3/19,0,21,2,1,1,SRES8,Energy and Natural Resources,72,83,OR,,,,,,
115,330,29147,"Sanders, Bernard",2,3,328,1/5/17,1/3/19,0,11,2,1,1,SRES8,Energy and Natural Resources,6,81,VT,,,,,,
115,330,29732,"Stabenow, Deborah Ann",2,4,100,1/5/17,1/3/19,0,9,2,1,1,SRES8,Energy and Natural Resources,23,81,MI,,,,,,
115,330,40904,"Franken, Al",2,5,100,1/5/17,1/2/18,0,7,2,8,0,SRES8,Energy and Natural Resources,33,82,MN,Resigned after allegations ,,,,,
115,330,40915,"Manchin, Joe",2,6,100,1/5/17,1/3/19,0,7,2,1,1,SRES8,Energy and Natural Resources,56,81,WV,,,,,,
115,330,20930,"Heinrich, Martin",2,7,100,1/5/17,1/3/19,0,5,2,1,1,SRES8,Energy and Natural Resources,66,81,NM,,,,,,
115,330,20713,"Hirono, Mazie",2,8,100,1/5/17,1/3/19,0,3,2,1,1,SRES8,Energy and Natural Resources,82,81,HI,,,,,,
115,330,41300,"King, Angus S.",2,9,328,1/5/17,1/3/19,0,3,2,1,1,SRES8,Energy and Natural Resources,2,81,ME,,,,,,
115,330,21325,"Duckworth, Tammy",2,10,100,1/5/17,1/3/19,0,1,2,1,2,SRES8,Energy and Natural Resources,21,83,IL,,,,,,
115,330,41700,"Cortez Masto, Catherine",2,11,100,1/5/17,1/3/19,0,1,2,1,1,SRES8,Energy and Natural Resources,65,83,NV,,,,,,
115,330,41706,"Smith, Tina",2,12,100,1/9/18,1/3/19,0,1,2,1,2,SRES370,Energy and Natural Resources,33,82,MN,,,,,,
115,330,40300,"Murkowski, Lisa",1,1,200,1/5/17,1/3/19,11,15,2,1,1,SRES7,Energy and Natural Resources,81,83,AK,,,,,,
115,330,40707,"Barrasso, John A.",1,2,200,1/5/17,1/3/19,0,11,2,1,1,SRES7,Energy and Natural Resources,68,81,WY,,,,,,
115,330,40902,"Risch, James",1,3,200,1/5/17,1/3/19,0,9,2,1,1,SRES7,Energy and Natural Resources,63,82,ID,,,,,,
115,330,41110,"Lee, Mike",1,4,200,1/5/17,1/3/19,0,7,2,1,1,SRES7,Energy and Natural Resources,67,83,UT,,,,,,
115,330,20100,"Flake, Jeff",1,5,200,1/5/17,1/3/19,0,5,2,1,0,SRES7,Energy and Natural Resources,61,81,AZ,Did not seek reelection,,,,,
115,330,21338,"Daines, Steve",1,6,200,1/5/17,1/3/19,0,3,2,1,1,SRES7,Energy and Natural Resources,64,82,MT,,,,,,
115,330,21112,"Gardner, Cory",1,7,200,1/5/17,1/3/19,0,3,2,1,1,SRES7,Energy and Natural Resources,62,82,CO,,,,,,
115,330,49700,"Sessions, Jeff",1,8,200,1/5/17,2/8/17,0,1,2,6,0,SRES7,Energy and Natural Resources,41,82,AL,Appointed Attorney General,,,,,
115,330,40304,"Alexander, Lamar",1,9,200,1/5/17,1/3/19,0,5,4,1,1,SRES7,Energy and Natural Resources,54,82,TN,,,,,,
115,330,41107,"Hoeven, John",1,10,200,1/5/17,1/3/19,0,7,2,1,1,SRES7,Energy and Natural Resources,36,83,ND,,,,,,
115,330,20919,"Cassidy, Bill",1,11,200,1/5/17,1/3/19,0,3,2,1,1,SRES7,Energy and Natural Resources,45,82,LA,,,,,,
115,330,29386,"Portman, Rob",1,12,200,1/5/17,1/3/19,0,7,2,1,1,SRES7,Energy and Natural Resources,24,83,OH,,,,,,
115,330,41704,"Strange, Luther",6,13,200,2/9/17,1/3/19,0,1,2,1,0,SRES57,Energy and Natural Resources,41,82,AL,Replaced Sessions,,,,,
115,330,20146,"Capito, Shelley M.",1,14,200,1/9/18,1/3/19,0,1,2,1,1,SRES369,Energy and Natural Resources,56,82,WV,,,,,,
115,332,15015,"Carper, Thomas Richard",2,1,100,1/5/17,1/3/19,0,17,2,1,1,SRES8,Environment and Public Works,11,81,DE,,,,,,
115,332,15408,"Cardin, Benjamin L.",2,2,100,1/5/17,1/3/19,0,11,2,1,1,SRES8,Environment and Public Works,52,81,MD,,,,,,
115,332,29147,"Sanders, Bernard",2,3,328,1/5/17,1/3/19,0,11,2,1,1,SRES8,Environment and Public Works,6,81,VT,,,,,,
115,332,40704,"Whitehouse, Sheldon",2,4,100,1/5/17,1/3/19,0,11,2,1,1,SRES8,Environment and Public Works,5,83,RI,,,,,,
115,332,40908,"Merkley, Jeff",2,5,100,1/5/17,1/3/19,0,9,2,1,1,SRES8,Environment and Public Works,72,82,OR,,,,,,
115,332,20735,"Gillibrand, Kirsten E.",2,6,100,1/5/17,1/3/19,0,9,2,1,1,SRES8,Environment and Public Works,13,81,NY,,,,,,
115,332,41308,"Booker, Cory",2,7,100,1/5/17,1/3/19,0,5,2,1,1,SRES8,Environment and Public Works,12,82,NJ,,,,,,
115,332,14435,"Markey, Edward J. (Ed)",2,8,100,1/5/17,1/3/19,0,5,2,1,1,SRES8,Environment and Public Works,3,82,MA,,,,,,
115,332,21325,"Duckworth, Tammy",2,9,100,1/5/17,1/3/19,0,1,2,1,1,SRES8,Environment and Public Works,21,83,IL,,,,,,
115,332,41701,"Harris, Kamala",2,10,100,1/5/17,1/3/19,0,1,2,1,2,SRES8,Environment and Public Works,71,83,CA,,,,,,
115,332,20330,"Van Hollen, Christopher (Chris)",2,11,100,1/9/18,1/3/19,0,1,2,1,1,SRES370,Environment and Public Works,52,83,MD,,,,,,
115,332,40707,"Barrasso, John A.",1,1,200,1/5/17,1/3/19,11,11,2,1,1,SRES7,Environment and Public Works,68,81,WY,,,,,,
115,332,15424,"Inhofe, James M.",1,2,200,1/5/17,1/3/19,0,23,2,1,1,SRES7,Environment and Public Works,53,82,OK,,,,,,
115,332,20146,"Capito, Shelley M.",1,3,200,1/5/17,1/3/19,0,3,2,1,1,SRES7,Environment and Public Works,56,82,WV,,,,,,
115,332,20101,"Boozman, John",1,4,200,1/5/17,1/3/19,0,7,2,1,1,SRES7,Environment and Public Works,42,83,AR,,,,,,
115,332,29534,"Wicker, Roger F.",1,5,200,1/5/17,1/3/19,0,5,2,1,1,SRES7,Environment and Public Works,46,81,MS,,,,,,
115,332,41302,"Fischer, Deb",1,6,200,1/5/17,1/3/19,0,5,2,1,2,SRES7,Environment and Public Works,35,81,NE,,,,,,
115,332,49700,"Sessions, Jeff",1,7,200,1/5/17,2/8/17,0,7,4,6,0,SRES7,Environment and Public Works,41,82,AL,Appointed Attorney General,,,,,
115,332,29722,"Moran, Jerry",1,8,200,1/5/17,1/3/19,0,1,2,1,2,SRES7,Environment and Public Works,32,83,KS,,,,,,
115,332,41505,"Rounds, Mike",1,9,200,1/5/17,1/3/19,0,3,2,1,1,SRES7,Environment and Public Works,37,82,SD,,,,,,
115,332,41502,"Ernst, Joni",1,10,200,1/5/17,1/3/19,0,1,2,1,1,SRES7,Environment and Public Works,31,82,IA,,,,,,
115,332,41500,"Sullivan, Daniel",1,11,200,1/5/17,1/3/19,0,3,2,1,1,SRES7,Environment and Public Works,81,82,AK,,,,,,
115,332,94659,"Shelby, Richard C.",6,12,200,2/9/17,1/3/19,0,1,2,1,1,SRES57,Environment and Public Works,41,83,AL,Replaced Sessions,,,,,
115,336,14871,"Wyden, Ron",2,1,100,1/5/17,1/3/19,21,13,2,1,1,SRES8,Finance,72,83,OR,,,,,,
115,336,29732,"Stabenow, Deborah Ann",2,2,100,1/5/17,1/3/19,0,11,2,1,1,SRES8,Finance,23,81,MI,,,,,,
115,336,39310,"Cantwell, Maria",2,3,100,1/5/17,1/3/19,0,11,2,1,1,SRES8,Finance,73,81,WA,,,,,,
115,336,14651,"Nelson, Clarence William (Bill)",2,4,100,1/5/17,1/3/19,0,9,2,1,0,SRES8,Finance,43,81,FL,Lost reelection,,,,,
115,336,29373,"Menendez, Robert",2,5,100,1/5/17,1/3/19,0,9,2,1,1,SRES8,Finance,12,81,NJ,,,,,,
115,336,15015,"Carper, Thomas Richard",2,6,100,1/5/17,1/3/19,0,9,2,1,1,SRES8,Finance,11,81,DE,,,,,,
115,336,15408,"Cardin, Benjamin L.",2,7,100,1/5/17,1/3/19,0,7,2,1,1,SRES8,Finance,52,81,MD,,,,,,
115,336,29389,"Brown, Sherrod",2,8,100,1/5/17,1/3/19,0,5,2,1,1,SRES8,Finance,24,81,OH,,,,,,
115,336,40910,"Bennet, Michael",2,9,100,1/5/17,1/3/19,0,5,2,1,1,SRES8,Finance,62,83,CO,,,,,,
115,336,40703,"Casey, Robert P., Jr.",2,10,100,1/5/17,1/3/19,0,5,2,1,1,SRES8,Finance,14,81,PA,,,,,,
115,336,40909,"Warner, Mark",2,11,100,1/5/17,1/3/19,0,5,2,1,1,SRES8,Finance,40,82,VA,,,,,,
115,336,40701,"McCaskill, Claire",2,12,100,1/5/17,1/3/19,0,1,2,1,0,SRES8,Finance,34,81,MO,,,,,,
115,336,40704,"Whitehouse, Sheldon",2,13,100,1/9/18,1/3/19,0,1,2,1,1,SRES370,Finance,5,83,RI,Lost reelection,,,,,
115,336,14503,"Hatch, Orrin G.",1,1,200,1/5/17,1/3/19,11,27,2,1,0,SRES7,Finance,67,81,UT,,,,,,
115,336,14226,"Grassley, Charles E.",1,2,200,1/5/17,1/3/19,0,27,4,1,1,SRES7,Finance,31,83,IA,Did not seek reelection,,,,,
115,336,29345,"Crapo, Michael Dean",1,3,200,1/5/17,1/3/19,0,13,2,1,1,SRES7,Finance,63,83,ID,,,,,,
115,336,14852,"Roberts, Pat",1,4,200,1/5/17,1/3/19,0,11,2,1,1,SRES7,Finance,32,82,KS,,,,,,
115,336,49706,"Enzi, Michael B.",1,5,200,1/5/17,1/3/19,0,5,4,1,1,SRES7,Finance,68,82,WY,,,,,,
115,336,40305,"Cornyn, John",1,6,200,1/5/17,1/3/19,0,9,2,1,1,SRES7,Finance,49,81,TX,,,,,,
115,336,29754,"Thune, John",1,7,200,1/5/17,1/3/19,0,7,2,1,1,SRES7,Finance,37,83,SD,,,,,,
115,336,29548,"Burr, Richard",1,8,200,1/5/17,1/3/19,0,7,2,1,1,SRES7,Finance,47,83,NC,,,,,,
115,336,29909,"Isakson, Johnny",1,9,200,1/5/17,1/3/19,0,5,2,1,1,SRES7,Finance,44,83,GA,,,,,,
115,336,29386,"Portman, Rob",1,10,200,1/5/17,1/3/19,0,5,2,1,1,SRES7,Finance,24,83,OH,,,,,,
115,336,29935,"Toomey, Patrick J.",1,11,200,1/5/17,1/3/19,0,5,2,1,1,SRES7,Finance,14,83,PA,,,,,,
115,336,20730,"Heller, Dean",1,12,200,1/5/17,1/3/19,0,3,2,1,0,SRES7,Finance,65,81,NV,Lost reelection,,,,,
115,336,21173,"Scott, Tim",1,13,200,1/5/17,1/3/19,0,3,2,1,1,SRES7,Finance,48,83,SC,,,,,,
115,336,20919,"Cassidy, Bill",1,14,200,1/5/17,1/3/19,0,1,2,1,1,SRES7,Finance,45,82,LA,,,,,,
115,338,15408,"Cardin, Benjamin L.",2,1,100,1/5/17,1/3/19,21,11,2,1,1,SRES8,Foreign Relations,52,81,MD,,,,,,
115,338,29373,"Menendez, Robert",2,2,100,1/5/17,1/3/19,0,11,2,1,1,SRES8,Foreign Relations,12,81,NJ,,,,,,
115,338,40906,"Shaheen, Jeanne",2,3,100,1/5/17,1/3/19,0,9,2,1,1,SRES8,Foreign Relations,4,82,NH,,,,,,
115,338,40916,"Coons, Christopher",2,4,100,1/5/17,1/3/19,0,7,2,1,1,SRES8,Foreign Relations,11,82,DE,,,,,,
115,338,29924,"Udall, Tom",2,5,100,1/5/17,1/3/19,0,7,2,1,1,SRES8,Foreign Relations,66,82,NM,,,,,,
115,338,20707,"Murphy, Christopher",2,6,100,1/5/17,1/3/19,0,5,2,1,1,SRES8,Foreign Relations,1,81,CT,,,,,,
115,338,41305,"Kaine, Timothy",2,7,100,1/5/17,1/3/19,0,5,2,1,1,SRES8,Foreign Relations,40,81,VA,,,,,,
115,338,14435,"Markey, Edward J. (Ed)",2,8,100,1/5/17,1/3/19,0,5,2,1,1,SRES8,Foreign Relations,3,82,MA,,,,,,
115,338,40908,"Merkley, Jeff",2,9,100,1/5/17,1/3/19,0,1,2,1,1,SRES8,Foreign Relations,72,82,OR,,,,,,
115,338,41308,"Booker, Cory",2,10,100,1/5/17,1/3/19,0,1,2,1,1,SRES8,Foreign Relations,12,82,NJ,,,,,,
115,338,40705,"Corker, Bob",1,1,200,1/5/17,1/3/19,11,11,2,1,2,SRES7,Foreign Relations,54,81,TN,,,,,,
115,338,40902,"Risch, James",1,2,200,1/5/17,1/3/19,0,9,2,1,1,SRES7,Foreign Relations,63,82,ID,,,,,,
115,338,41102,"Rubio, Marco",1,3,200,1/5/17,1/3/19,0,7,2,1,1,SRES7,Foreign Relations,43,83,FL,,,,,,
115,338,41111,"Johnson, Ron",1,4,200,1/5/17,1/3/19,0,5,2,1,1,SRES7,Foreign Relations,25,82,WI,,,,,,
115,338,20100,"Flake, Jeff",1,5,200,1/5/17,1/3/19,0,5,2,1,0,SRES7,Foreign Relations,61,81,AZ,Did not seek reelection,,,,,
115,338,21112,"Gardner, Cory",1,6,200,1/5/17,1/3/19,0,3,2,1,1,SRES7,Foreign Relations,62,82,CO,,,,,,
115,338,21133,"Young, Todd",1,7,200,1/5/17,1/3/19,0,1,2,1,1,SRES7,Foreign Relations,22,83,IN,,,,,,
115,338,40707,"Barrasso, John A.",1,8,200,1/5/17,1/3/19,0,10,2,1,1,SRES7,Foreign Relations,68,81,WY,,,,,,
115,338,29909,"Isakson, Johnny",1,9,200,1/5/17,1/3/19,0,3,2,1,1,SRES7,Foreign Relations,44,83,GA,,,,,,
115,338,29386,"Portman, Rob",1,10,200,1/5/17,1/3/19,0,1,2,1,1,SRES7,Foreign Relations,24,83,OH,,,,,,
115,338,41104,"Paul, Rand",1,11,200,1/5/17,1/3/19,0,5,2,1,1,SRES7,Foreign Relations,51,83,KY,,,,,,
115,344,40701,"McCaskill, Claire",2,1,100,1/5/17,1/3/19,21,11,2,1,0,SRES8,Homeland Security and Governmental Affairs,34,81,MO,lost reelection,,,,,
115,344,15015,"Carper, Thomas Richard",2,2,100,1/5/17,1/3/19,0,17,2,1,1,SRES8,Homeland Security and Governmental Affairs,11,81,DE,,,,,,
115,344,40702,"Tester, Jon",2,3,100,1/5/17,1/3/19,0,11,2,1,2,SRES8,Homeland Security and Governmental Affairs,64,81,MT,,,,,,
115,344,41303,"Heitkamp, Heidi",2,4,100,1/5/17,1/3/19,0,5,2,1,0,SRES8,Homeland Security and Governmental Affairs,36,81,ND,lost reelection,,,,,
115,344,20923,"Peters, Gary",2,5,100,1/5/17,1/3/19,0,3,2,1,1,SRES8,Homeland Security and Governmental Affairs,23,82,MI,,,,,,
115,344,41702,"Hassan, Maggie",2,6,100,1/5/17,1/3/19,0,1,2,1,1,SRES8,Homeland Security and Governmental Affairs,4,83,NH,,,,,,
115,344,41701,"Harris, Kamala",2,7,100,1/5/17,1/3/19,0,1,2,1,1,SRES8,Homeland Security and Governmental Affairs,71,83,CA,,,,,,
115,344,41705,"Jones, Gordon Douglas (Doug)",2,8,100,1/9/18,1/3/19,0,1,2,1,2,SRES370,Homeland Security and Governmental Affairs,41,82,AL,,,,,,
115,344,41111,"Johnson, Ron",1,1,200,1/5/17,1/3/19,11,3,2,1,1,SRES7,Homeland Security and Governmental Affairs,25,83,WI,,,,,,
115,344,15039,"McCain, John",1,2,200,1/5/17,8/25/18,0,9,2,5,0,SRES7,Homeland Security and Governmental Affairs,61,83,AZ,Died,,,,,
115,344,29386,"Portman, Rob",1,3,200,1/5/17,1/3/19,0,7,2,1,1,SRES7,Homeland Security and Governmental Affairs,24,83,OH,,,,,,
115,344,41104,"Paul, Rand",1,4,200,1/5/17,1/3/19,0,7,2,1,1,SRES7,Homeland Security and Governmental Affairs,51,83,KY,,,,,,
115,344,21166,"Lankford, James",1,5,200,1/5/17,1/3/19,0,3,2,1,1,SRES7,Homeland Security and Governmental Affairs,53,83,OK,,,,,,
115,344,49706,"Enzi, Michael B.",1,6,200,1/5/17,1/3/19,0,1,2,1,1,SRES7,Homeland Security and Governmental Affairs,68,82,WY,,,,,,
115,344,41107,"Hoeven, John",1,7,200,1/5/17,1/3/19,0,1,2,1,2,SRES7,Homeland Security and Governmental Affairs,36,83,ND,,,,,,
115,344,21338,"Daines, Steve",1,8,200,1/5/17,1/3/19,0,1,2,1,2,SRES7,Homeland Security and Governmental Affairs,64,82,MT,,,,,,
115,358,49300,"Feinstein, Dianne",2,1,100,1/5/17,1/3/19,21,25,2,1,1,SRES8,Judiciary,71,81,CA,,,,,,
115,358,14307,"Leahy, Patrick J.",2,2,100,1/5/17,1/3/19,0,39,2,1,1,SRES8,Judiciary,6,83,VT,,,,,,
115,358,15021,"Durbin, Richard J.",2,3,100,1/5/17,1/3/19,0,17,4,1,1,SRES8,Judiciary,21,82,IL,,,,,,
115,358,40704,"Whitehouse, Sheldon",2,4,100,1/5/17,1/3/19,0,11,2,1,1,SRES8,Judiciary,5,83,RI,,,,,,
115,358,40700,"Klobuchar, Amy",2,5,100,1/5/17,1/3/19,0,9,2,1,1,SRES8,Judiciary,33,81,MN,,,,,,
115,358,40904,"Franken, Al",2,6,100,1/5/17,1/2/18,0,9,2,8,0,SRES8,Judiciary,33,82,MN,Resigned because of allegations,,,,,
115,358,40916,"Coons, Christopher",2,7,100,1/5/17,1/3/19,0,7,2,1,1,SRES8,Judiciary,11,82,DE,,,,,,
115,358,41101,"Blumenthal, Richard",2,8,100,1/5/17,1/3/19,0,7,2,1,1,SRES8,Judiciary,1,83,CT,,,,,,
115,358,20713,"Hirono, Mazie",2,9,100,1/5/17,1/3/19,0,1,2,1,1,SRES8,Judiciary,82,81,HI,,,,,,
115,358,41308,"Booker, Cory",2,10,100,1/9/18,1/3/19,0,1,2,1,1,SRES370,Judiciary,12,82,NJ,,,,,,
115,358,41701,"Harris, Kamala",2,11,100,1/9/18,1/3/19,0,1,2,1,1,SRES370,Judiciary,71,83,CA,,,,,,
115,358,14226,"Grassley, Charles E.",1,1,200,1/5/17,1/3/19,11,37,2,1,1,SRES7,Judiciary,31,83,IA,,,,,,
115,358,14503,"Hatch, Orrin G.",1,2,200,1/5/17,1/3/19,0,41,2,1,0,SRES7,Judiciary,67,81,UT,Did not seek reelection,,,,,
115,358,29566,"Graham, Lindsey O.",1,3,200,1/5/17,1/3/19,0,15,2,1,1,SRES7,Judiciary,48,82,SC,,,,,,
115,358,40305,"Cornyn, John",1,4,200,1/5/17,1/3/19,0,15,2,1,1,SRES7,Judiciary,49,81,TX,,,,,,
115,358,41110,"Lee, Mike",1,5,200,1/5/17,1/3/19,0,7,2,1,1,SRES7,Judiciary,67,83,UT,,,,,,
115,358,41304,"Cruz, Ted",1,6,200,1/5/17,1/3/19,0,5,2,1,1,SRES7,Judiciary,49,81,TX,,,,,,
115,358,41503,"Sasse, Ben",1,7,200,1/5/17,1/3/19,0,1,2,1,1,SRES7,Judiciary,35,82,NE,,,,,,
115,358,20100,"Flake, Jeff",1,8,200,1/5/17,1/3/19,0,5,2,1,0,SRES7,Judiciary,61,81,AZ,Did not seek reelection,,,,,
115,358,29345,"Crapo, Michael Dean",1,9,200,1/5/17,1/3/19,0,1,2,1,1,SRES7,Judiciary,63,83,ID,,,,,,
115,358,41504,"Tillis, Thom",1,10,200,1/5/17,1/3/19,0,3,2,1,1,SRES7,Judiciary,47,82,NC,,,,,,
115,358,41703,"Kennedy, John N.",1,11,200,1/5/17,1/3/19,0,1,2,1,1,SRES7,Judiciary,45,83,LA,,,,,,
115,362,49308,"Murray, Patty",2,1,100,1/5/17,1/3/19,21,21,2,1,1,SRES8,"Health, Education, Labor, and Pensions",73,83,WA,,,,,,
115,362,29147,"Sanders, Bernard",2,2,328,1/5/17,1/3/19,0,11,2,1,1,SRES8,"Health, Education, Labor, and Pensions",6,81,VT,,,,,,
115,362,40703,"Casey, Robert P., Jr.",2,3,100,1/5/17,1/3/19,0,9,2,1,1,SRES8,"Health, Education, Labor, and Pensions",14,81,PA,,,,,,
115,362,40904,"Franken, Al",2,4,100,1/5/17,1/2/18,0,3,2,8,0,SRES8,"Health, Education, Labor, and Pensions",33,82,MN,Resigned because of allegations,,,,,
115,362,40910,"Bennet, Michael",2,5,100,1/5/17,1/3/19,0,9,2,1,2,SRES8,"Health, Education, Labor, and Pensions",62,83,CO,,,,,,
115,362,40704,"Whitehouse, Sheldon",2,6,100,1/5/17,1/3/19,0,7,2,1,2,SRES8,"Health, Education, Labor, and Pensions",5,83,RI,,,,,,
115,362,29940,"Baldwin, Tammy",2,7,100,1/5/17,1/3/19,0,5,2,1,1,SRES8,"Health, Education, Labor, and Pensions",25,81,WI,,,,,,
115,362,20707,"Murphy, Christopher",2,8,100,1/5/17,1/3/19,0,5,2,1,1,SRES8,"Health, Education, Labor, and Pensions",1,81,CT,,,,,,
115,362,41301,"Warren, Elizabeth",2,9,100,1/5/17,1/3/19,0,5,2,1,1,SRES8,"Health, Education, Labor, and Pensions",3,81,MA,,,,,,
115,362,41305,"Kaine, Timothy",2,10,100,1/5/17,1/3/19,0,1,2,1,1,SRES8,"Health, Education, Labor, and Pensions",40,81,VA,,,,,,
115,362,41702,"Hassan, Maggie",2,11,100,1/5/17,1/3/19,0,1,2,1,1,SRES8,"Health, Education, Labor, and Pensions",4,83,NH,,,,,,
115,362,41706,"Smith, Tina",2,12,100,1/9/18,1/3/19,0,1,2,1,1,SRES370,"Health, Education, Labor, and Pensions",33,82,MN,,,,,,
115,362,41705,"Jones, Gordon Douglas (Doug)",2,13,100,1/9/18,1/3/19,0,1,2,1,1,SRES370,"Health, Education, Labor, and Pensions",41,82,AL,,,,,,
115,362,40304,"Alexander, Lamar",1,1,200,1/5/17,1/3/19,11,15,2,1,1,SRES7,"Health, Education, Labor, and Pensions",54,82,TN,,,,,,
115,362,49706,"Enzi, Michael B.",1,2,200,1/5/17,1/3/19,0,21,2,1,1,SRES7,"Health, Education, Labor, and Pensions",68,82,WY,,,,,,
115,362,29548,"Burr, Richard",1,3,200,1/5/17,1/3/19,0,13,2,1,1,SRES7,"Health, Education, Labor, and Pensions",47,83,NC,,,,,,
115,362,29909,"Isakson, Johnny",1,4,200,1/5/17,1/3/19,0,13,2,1,1,SRES7,"Health, Education, Labor, and Pensions",44,83,GA,,,,,,
115,362,41104,"Paul, Rand",1,5,200,1/5/17,1/3/19,0,7,2,1,1,SRES7,"Health, Education, Labor, and Pensions",51,83,KY,,,,,,
115,362,49703,"Collins, Susan",1,6,200,1/5/17,1/3/19,0,3,4,1,1,SRES7,"Health, Education, Labor, and Pensions",2,82,ME,,,,,,
115,362,20919,"Cassidy, Bill",1,7,200,1/5/17,1/3/19,0,3,2,1,1,SRES7,"Health, Education, Labor, and Pensions",45,82,LA,,,,,,
115,362,21133,"Young, Todd",1,8,200,1/5/17,1/3/19,0,1,2,1,2,SRES7,"Health, Education, Labor, and Pensions",22,83,IN,,,,,,
115,362,14503,"Hatch, Orrin G.",1,9,200,1/5/17,1/3/19,0,13,4,1,0,SRES7,"Health, Education, Labor, and Pensions",67,81,UT,Did not seek reelection,,,,,
115,362,14852,"Roberts, Pat",1,10,200,1/5/17,1/3/19,0,17,2,1,1,SRES7,"Health, Education, Labor, and Pensions",32,82,KS,,,,,,
115,362,40300,"Murkowski, Lisa",1,11,200,1/5/17,1/3/19,0,11,2,1,1,SRES7,"Health, Education, Labor, and Pensions",81,83,AK,,,,,,
115,362,21173,"Scott, Tim",1,12,200,1/5/17,1/3/19,0,5,2,1,1,SRES7,"Health, Education, Labor, and Pensions",48,83,SC,,,,,,
115,380,40700,"Klobuchar, Amy",2,1,100,1/20/17,1/3/19,21,5,2,1,1,SRES17,Rules and Administration,33,81,MN,,,,,,
115,380,49300,"Feinstein, Dianne",2,2,100,1/20/17,1/3/19,0,25,2,1,1,SRES17,Rules and Administration,71,81,CA,,,,,,
115,380,14858,"Schumer, Charles Ellis (Chuck)",2,3,100,1/20/17,1/3/19,0,19,2,1,1,SRES17,Rules and Administration,13,83,NY,,,,,,
115,380,15021,"Durbin, Richard J.",2,4,100,1/20/17,1/3/19,0,17,2,1,1,SRES17,Rules and Administration,21,82,IL,,,,,,
115,380,29924,"Udall, Tom",2,5,100,1/20/17,1/3/19,0,9,2,1,1,SRES17,Rules and Administration,66,82,NM,,,,,,
115,380,40909,"Warner, Mark",2,6,100,1/20/17,1/3/19,0,9,2,1,1,SRES17,Rules and Administration,40,82,VA,,,,,,
115,380,14307,"Leahy, Patrick J.",2,7,100,1/20/17,1/3/19,0,7,2,1,1,SRES17,Rules and Administration,6,83,VT,,,,,,
115,380,41300,"King, Angus S.",3,8,328,1/20/17,1/3/19,0,5,2,1,1,SRES17,Rules and Administration,2,81,ME,,,,,,
115,380,41700,"Cortez Masto, Catherine",2,9,100,1/20/17,1/3/19,0,1,2,1,1,SRES17,Rules and Administration,65,83,NV,,,,,,
115,380,29735,"Blunt, Roy",1,1,200,1/20/17,1/3/19,11,7,2,1,1,SRES16,Rules and Administration,34,83,MO,,,,,,
115,380,14921,"McConnell, Mitch",1,2,200,1/20/17,1/3/19,0,29,2,1,1,SRES16,Rules and Administration,51,82,KY,,,,,,
115,380,14009,"Cochran, Thad",1,3,200,1/20/17,4/1/18,0,25,2,8,0,SRES16,Rules and Administration,46,82,MS,Resigned because of health issues ,,,,,
115,380,40304,"Alexander, Lamar",1,4,200,1/20/17,1/3/19,0,11,2,1,1,SRES16,Rules and Administration,54,82,TN,,,,,,
115,380,14852,"Roberts, Pat",1,5,200,1/20/17,1/3/19,0,9,2,1,1,SRES16,Rules and Administration,32,82,KS,,,,,,
115,380,94659,"Shelby, Richard C.",1,6,200,1/20/17,1/3/19,11,7,2,1,1,SRES16,Rules and Administration,41,83,AL,,,,,,
115,380,41304,"Cruz, Ted",1,7,200,1/20/17,1/3/19,0,5,2,1,1,SRES16,Rules and Administration,49,81,TX,,,,,,
115,380,20146,"Capito, Shelley M.",1,8,200,1/20/17,1/3/19,0,3,2,1,1,SRES16,Rules and Administration,56,82,WV,,,,,,
115,380,29534,"Wicker, Roger F.",1,9,200,1/20/17,1/3/19,0,3,2,1,1,SRES16,Rules and Administration,46,81,MS,,,,,,
115,380,41302,"Fischer, Deb",1,10,200,1/20/17,1/3/19,0,1,2,1,1,SRES16,Rules and Administration,35,81,NE,,,,,,
115,380,41707,"Hyde-Smith, Cindy",1,11,200,4/10/18,1/3/19,0,1,2,1,1,SRES456,Rules and Administration,46,82,MS,,,,,,
115,384,40906,"Shaheen, Jeanne",2,1,100,1/5/17,1/3/19,21,9,2,1,1,SRES8,Small Business and Entrepreneurship,4,82,NH,,,,,,
115,384,39310,"Cantwell, Maria",2,2,100,1/5/17,1/3/19,0,17,2,1,1,SRES8,Small Business and Entrepreneurship,73,81,WA,,,,,,
115,384,15408,"Cardin, Benjamin L.",2,3,100,1/5/17,1/3/19,0,11,2,1,1,SRES8,Small Business and Entrepreneurship,52,81,MD,,,,,,
115,384,41303,"Heitkamp, Heidi",2,4,100,1/5/17,1/3/19,0,5,2,1,0,SRES8,Small Business and Entrepreneurship,36,81,ND,Lost reelection,,,,,
115,384,14435,"Markey, Edward J. (Ed)",2,5,100,1/5/17,1/3/19,0,5,2,1,1,SRES8,Small Business and Entrepreneurship,3,82,MA,,,,,,
115,384,41308,"Booker, Cory",2,6,100,1/5/17,1/3/19,0,5,2,1,1,SRES8,Small Business and Entrepreneurship,12,82,NJ,,,,,,
115,384,40916,"Coons, Christopher",2,7,100,1/5/17,1/3/19,0,3,2,1,1,SRES8,Small Business and Entrepreneurship,11,82,DE,,,,,,
115,384,20713,"Hirono, Mazie",2,8,100,1/5/17,1/3/19,0,3,2,1,1,SRES8,Small Business and Entrepreneurship,82,81,HI,,,,,,
115,384,21325,"Duckworth, Tammy",2,9,100,1/5/17,1/3/19,0,1,2,1,1,SRES8,Small Business and Entrepreneurship,21,83,IL,,,,,,
115,384,40902,"Risch, James",1,1,200,1/5/17,1/3/19,11,9,2,1,1,SRES7,Small Business and Entrepreneurship,63,82,ID,,,,,,
115,384,41102,"Rubio, Marco",1,2,200,1/5/17,1/3/19,0,7,2,1,1,SRES7,Small Business and Entrepreneurship,43,83,FL,,,,,,
115,384,41104,"Paul, Rand",1,3,200,1/5/17,1/3/19,0,7,2,1,1,SRES7,Small Business and Entrepreneurship,51,83,KY,,,,,,
115,384,21173,"Scott, Tim",1,4,200,1/5/17,1/3/19,0,5,2,1,1,SRES7,Small Business and Entrepreneurship,48,83,SC,,,,,,
115,384,41502,"Ernst, Joni",1,5,200,1/5/17,1/3/19,0,3,2,1,1,SRES7,Small Business and Entrepreneurship,31,82,IA,,,,,,
115,384,15424,"Inhofe, James M.",1,6,200,1/5/17,1/3/19,0,1,2,1,1,SRES7,Small Business and Entrepreneurship,53,82,OK,,,,,,
115,384,21133,"Young, Todd",1,7,200,1/5/17,1/3/19,0,1,2,1,1,SRES7,Small Business and Entrepreneurship,22,83,IN,,,,,,
115,384,49706,"Enzi, Michael B.",1,8,200,1/5/17,1/3/19,0,21,2,1,2,SRES7,Small Business and Entrepreneurship,68,82,WY,,,,,,
115,384,41505,"Rounds, Mike",1,9,200,,1/3/19,0,1,2,1,2,,Small Business and Entrepreneurship,37,82,SD,,,,,,
115,384,41703,"Kennedy, John N.",1,10,200,1/5/17,1/3/19,0,1,2,1,1,SRES7,Small Business and Entrepreneurship,45,83,LA,,,,,,
115,388,40702,"Tester, Jon",2,1,100,1/5/17,1/3/19,21,11,2,1,1,SRES8,Veterans' Affairs,64,81,MT,,,,,,
115,388,49308,"Murray, Patty",2,2,100,1/5/17,1/3/19,0,23,2,1,1,SRES8,Veterans' Affairs,73,83,WA,,,,,,
115,388,29147,"Sanders, Bernard",2,3,328,1/5/17,1/3/19,0,11,2,1,1,SRES8,Veterans' Affairs,6,81,VT,,,,,,
115,388,29389,"Brown, Sherrod",2,4,100,1/5/17,1/3/19,0,11,2,1,1,SRES8,Veterans' Affairs,24,81,OH,,,,,,
115,388,41101,"Blumenthal, Richard",2,5,100,1/5/17,1/3/19,0,5,2,1,1,SRES8,Veterans' Affairs,1,83,CT,,,,,,
115,388,20713,"Hirono, Mazie",2,6,100,1/5/17,1/3/19,0,5,2,1,1,SRES8,Veterans' Affairs,82,81,HI,,,,,,
115,388,40915,"Manchin, Joe",2,7,100,1/5/17,1/3/19,0,3,2,1,1,SRES8,Veterans' Affairs,56,81,WV,,,,,,
115,388,29909,"Isakson, Johnny",1,1,200,1/5/17,1/3/19,11,13,2,1,1,SRES7,Veterans' Affairs,44,83,GA,,,,,,
115,388,29722,"Moran, Jerry",1,2,200,1/5/17,1/3/19,0,7,2,1,1,SRES7,Veterans' Affairs,32,83,KS,,,,,,
115,388,20101,"Boozman, John",1,3,200,1/5/17,1/3/19,0,7,2,1,1,SRES7,Veterans' Affairs,42,83,AR,,,,,,
115,388,20730,"Heller, Dean",1,4,200,1/5/17,1/3/19,0,5,2,1,0,SRES7,Veterans' Affairs,65,81,NV,lost reelection,,,,,
115,388,20919,"Cassidy, Bill",1,5,200,1/5/17,1/3/19,0,3,2,1,1,SRES7,Veterans' Affairs,45,82,LA,,,,,,
115,388,41505,"Rounds, Mike",1,6,200,1/5/17,1/3/19,0,3,2,1,1,SRES7,Veterans' Affairs,37,82,SD,,,,,,
115,388,41504,"Tillis, Thom",1,7,200,1/5/17,1/3/19,0,3,2,1,1,SRES7,Veterans' Affairs,47,82,NC,,,,,,
115,388,41500,"Sullivan, Daniel",1,8,200,1/5/17,1/3/19,0,3,2,1,1,SRES7,Veterans' Affairs,81,82,AK,,,,,,
115,419,40703,"Casey, Robert P., Jr.",2,1,100,1/5/17,1/3/19,21,11,2,1,1,SRES8,Aging (Special Committee),14,81,PA,,,,,,
115,419,14651,"Nelson, Clarence William (Bill)",2,2,100,1/5/17,1/3/19,0,13,2,1,0,SRES8,Aging (Special Committee),43,81,FL,lost re-election,,,,,
115,419,40704,"Whitehouse, Sheldon",2,3,100,1/5/17,1/3/19,0,11,2,1,2,SRES8,Aging (Special Committee),5,83,RI,,,,,,
115,419,20735,"Gillibrand, Kirsten E.",2,4,100,1/5/17,1/3/19,0,9,2,1,1,SRES8,Aging (Special Committee),13,81,NY,,,,,,
115,419,41101,"Blumenthal, Richard",2,5,100,1/5/17,1/3/19,0,7,2,1,1,SRES8,Aging (Special Committee),1,83,CT,,,,,,
115,419,20717,"Donnelly, Joe",2,6,100,1/5/17,1/3/19,0,5,2,1,0,SRES8,Aging (Special Committee),22,81,IN,lost re-election,,,,,
115,419,41301,"Warren, Elizabeth",2,7,100,1/5/17,1/3/19,0,5,2,1,1,SRES8,Aging (Special Committee),3,81,MA,,,,,,
115,419,41700,"Cortez Masto, Catherine",2,8,100,1/5/17,1/3/19,0,1,2,1,2,SRES8,Aging (Special Committee),65,83,NV,,,,,,
115,419,41705,"Jones, Gordon Douglas (Doug)",2,9,100,1/9/18,1/3/19,0,1,2,1,2,SRES370,Aging (Special Committee),41,82,AL,,,,,,
115,419,49703,"Collins, Susan",1,1,200,1/5/17,1/3/19,11,21,2,1,1,SRES7,Aging (Special Committee),2,82,ME,,,,,,
115,419,14503,"Hatch, Orrin G.",1,2,200,1/5/17,1/3/19,0,9,5,1,0,SRES7,Aging (Special Committee),67,81,UT,did not seek reelection,,,,,
115,419,20100,"Flake, Jeff",1,3,200,1/5/17,1/3/19,0,5,2,1,0,SRES7,Aging (Special Committee),61,81,AZ,did not seek reelection,,,,,
115,419,21173,"Scott, Tim",1,4,200,1/5/17,1/3/19,0,5,2,1,1,SRES7,Aging (Special Committee),48,83,SC,,,,,,
115,419,41504,"Tillis, Thom",1,5,200,1/5/17,1/3/19,0,3,2,1,2,SRES7,Aging (Special Committee),47,82,NC,,,,,,
115,419,40705,"Corker, Bob",1,6,200,1/5/17,1/3/19,0,11,2,1,2,SRES7,Aging (Special Committee),54,81,TN,,,,,,
115,419,29548,"Burr, Richard",1,7,200,1/5/17,1/3/19,0,1,2,1,1,SRES7,Aging (Special Committee),47,83,NC,,,,,,
115,419,41102,"Rubio, Marco",1,8,200,1/5/17,1/3/19,0,1,2,1,1,SRES7,Aging (Special Committee),43,83,FL,,,,,,
115,419,41302,"Fischer, Deb",1,9,200,1/5/17,1/3/19,0,1,2,1,2,SRES7,Aging (Special Committee),35,81,NE,,,,,,
115,432,40909,"Warner, Mark",2,1,100,1/5/17,1/3/19,81,7,2,1,1,SRES8,Intelligence (Select Committee),40,82,VA,,,,,,
115,432,49300,"Feinstein, Dianne",2,2,100,1/5/17,1/3/19,0,17,2,1,1,SRES8,Intelligence (Select Committee),71,81,CA,,,,,,
115,432,14871,"Wyden, Ron",2,3,100,1/5/17,1/3/19,0,17,2,1,1,SRES8,Intelligence (Select Committee),72,83,OR,,,,,,
115,432,20930,"Heinrich, Martin",2,4,100,1/5/17,1/3/19,0,5,2,1,1,SRES8,Intelligence (Select Committee),66,81,NM,,,,,,
115,432,41300,"King, Angus S.",2,5,328,1/5/17,1/3/19,0,5,2,1,1,SRES8,Intelligence (Select Committee),2,81,ME,,,,,,
115,432,40915,"Manchin, Joe",2,6,100,1/5/17,1/3/19,0,1,2,1,2,SRES8,Intelligence (Select Committee),56,81,WV,,,,,,
115,432,41701,"Harris, Kamala",2,7,100,1/5/17,1/3/19,0,1,2,1,1,SRES8,Intelligence (Select Committee),71,83,CA,,,,,,
115,432,29142,"Reed, Jack",2,8,100,1/5/17,1/3/19,0,1,2,1,1,SRES8,Intelligence (Select Committee),5,82,RI,Ex officio appointment,,,,,
115,432,29548,"Burr, Richard",1,1,200,1/5/17,1/3/19,11,11,2,1,1,SRES7,Intelligence (Select Committee),47,83,NC,,,,,,
115,432,40902,"Risch, James",1,2,200,1/5/17,1/3/19,0,9,2,1,1,SRES7,Intelligence (Select Committee),63,82,ID,,,,,,
115,432,41102,"Rubio, Marco",1,3,200,1/5/17,1/3/19,0,9,2,1,1,SRES7,Intelligence (Select Committee),43,83,FL,,,,,,
115,432,49703,"Collins, Susan",1,4,200,1/5/17,1/3/19,0,5,2,1,1,SRES7,Intelligence (Select Committee),2,82,ME,,,,,,
115,432,29735,"Blunt, Roy",1,5,200,1/5/17,1/3/19,0,3,2,1,1,SRES7,Intelligence (Select Committee),34,83,MO,,,,,,
115,432,21166,"Lankford, James",1,6,200,1/5/17,1/3/19,0,3,2,1,2,SRES7,Intelligence (Select Committee),53,83,OK,,,,,,
115,432,21301,"Cotton, Tom",1,7,200,1/5/17,1/3/19,0,3,2,1,1,SRES7,Intelligence (Select Committee),42,82,AR,,,,,,
115,432,40305,"Cornyn, John",1,8,200,1/5/17,1/3/19,0,1,2,1,1,SRES7,Intelligence (Select Committee),49,81,TX,,,,,,
115,434,40916,"Coons, Christopher",2,1,100,1/5/17,1/3/19,81,3,2,1,1,SRES8,Ethics (Select Committee),2,82,DE,,,,,,
115,434,41112,"Schatz, Brian E.",2,2,100,1/5/17,1/3/19,0,3,2,1,1,SRES8,Ethics (Select Committee),82,83,HI,,,,,,
115,434,40906,"Shaheen, Jeanne",2,3,100,1/5/17,1/3/19,0,1,2,1,1,SRES8,Ethics (Select Committee),4,82,NH,,,,,,
115,434,29909,"Isakson, Johnny",1,1,200,1/5/17,1/3/19,11,11,2,1,1,SRES7,Ethics (Select Committee),44,83,GA,,,,,,
115,434,14852,"Roberts, Pat",1,2,200,1/5/17,1/3/19,0,21,2,1,1,SRES7,Ethics (Select Committee),32,82,KS,,,,,,
115,434,40902,"Risch, James",1,3,200,1/5/17,1/3/19,0,9,2,1,1,SRES7,Ethics (Select Committee),63,82,ID,,,,,,
115,435,29924,"Udall, Tom",2,1,100,1/5/17,1/3/19,81,9,2,1,1,SRES8,Indian Affairs (Select Committee),66,82,NM,,,,,,
115,435,39310,"Cantwell, Maria",2,2,100,1/5/17,1/3/19,0,17,2,1,1,SRES8,Indian Affairs (Select Committee),73,81,WA,,,,,,
115,435,40702,"Tester, Jon",2,3,100,1/5/17,1/3/19,0,9,2,1,1,SRES8,Indian Affairs (Select Committee),64,81,MT,,,,,,
115,435,40904,"Franken, Al",2,4,100,1/5/17,1/2/18,0,7,2,8,0,SRES8,Indian Affairs (Select Committee),33,82,MN,Resigned because of allegations,,,,,
115,435,41112,"Schatz, Brian E.",2,5,100,1/5/17,1/3/19,0,5,2,1,1,SRES8,Indian Affairs (Select Committee),82,83,HI,,,,,,
115,435,41303,"Heitkamp, Heidi",2,6,100,1/5/17,1/3/19,0,5,2,1,0,SRES8,Indian Affairs (Select Committee),36,81,ND,lost reelection,,,,,
115,435,41700,"Cortez Masto, Catherine",2,7,100,1/5/17,1/3/19,0,1,2,1,1,SRES8,Indian Affairs (Select Committee),65,83,NV,,,,,,
115,435,41706,"Smith, Tina",2,8,100,1/9/18,1/3/19,0,1,2,1,1,SRES370,Indian Affairs (Select Committee),33,82,MN,,,,,,
115,435,41107,"Hoeven, John",1,1,200,1/5/17,1/3/19,11,7,2,1,1,SRES7,Indian Affairs (Select Committee),36,83,ND,,,,,,
115,435,40707,"Barrasso, John A.",1,2,200,1/5/17,1/3/19,0,11,2,1,1,SRES7,Indian Affairs (Select Committee),68,81,WY,,,,,,
115,435,15039,"McCain, John",1,3,200,1/5/17,8/25/18,0,31,2,5,0,SRES7,Indian Affairs (Select Committee),61,83,AZ,Died,,,,,
115,435,40300,"Murkowski, Lisa",1,4,200,1/5/17,1/3/19,0,15,2,1,1,SRES7,Indian Affairs (Select Committee),81,83,AK,,,,,,
115,435,21166,"Lankford, James",1,5,200,1/5/17,1/3/19,0,3,2,1,1,SRES7,Indian Affairs (Select Committee),53,83,OK,,,,,,
115,435,21338,"Daines, Steve",1,6,200,1/5/17,1/3/19,0,1,2,1,1,SRES7,Indian Affairs (Select Committee),64,82,MT,,,,,,
115,435,29345,"Crapo, Michael Dean",1,7,200,1/5/17,1/3/19,0,9,5,1,2,SRES7,Indian Affairs (Select Committee),63,83,ID,,,,,,
115,435,29722,"Moran, Jerry",1,8,200,1/5/17,1/3/19,0,3,2,1,1,SRES7,Indian Affairs (Select Committee),32,83,KS,,,,,,
115,500,40700,"Klobuchar, Amy",2,1,100,3/28/17,1/3/19,0,1,2,1,1,SRES101,Library (Joint),33,82,MN,,,,,,
115,500,14307,"Leahy, Patrick J.",2,2,100,3/28/17,1/3/19,0,7,2,1,1,SRES101,Library (Joint),6,83,VT,,,,,,
115,500,29735,"Blunt, Roy",1,1,200,3/28/17,1/3/19,81,5,2,1,1,SRES101,Library (Joint),34,81,MO,,,,,,
115,500,14852,"Roberts, Pat",1,2,200,3/28/17,1/3/19,0,5,2,1,1,SRES101,Library (Joint),32,83,KS,,,,,,
115,500,94659,"Shelby, Richard C.",1,3,200,3/28/17,1/3/19,0,1,2,1,1,SRES101,Library (Joint),41,83,AL,,,,,,
115,501,29735,"Blunt, Roy",1,1,200,5/15/18,1/3/19,11,1,2,1,1,SRES509,Printing (Joint),34,81,MO,,,,,,
115,501,14852,"Roberts, Pat",1,2,200,3/28/17,1/3/19,0,5,2,1,1,SRES101,Printing (Joint),32,82,KS,,,,,,
115,501,29534,"Wicker, Roger F.",1,3,200,3/28/17,1/3/19,0,1,2,1,1,SRES101,Printing (Joint),46,83,MS,,,,,,
115,501,40700,"Klobuchar, Amy",2,1,100,3/28/17,1/3/19,21,1,2,1,1,SRES101,Printing (Joint),33,82,MN,,,,,,
115,501,29924,"Udall, Tom",2,2,100,3/28/17,1/3/19,0,9,2,1,1,SRES101,Printing (Joint),66,81,NM,,,,,,
115,507,20930,"Heinrich, Martin",2,1,100,1/5/17,1/3/19,21,5,2,1,1,SRES8,Economic (Joint Committee),66,81,NM,,,,,,
115,507,40700,"Klobuchar, Amy",2,2,100,1/5/17,1/3/19,0,11,2,1,1,SRES8,Economic (Joint Committee),33,81,MN,,,,,,
115,507,20923,"Peters, Gary",2,3,100,1/5/17,1/3/19,0,3,2,1,1,SRES8,Economic (Joint Committee),23,82,MI,,,,,,
115,507,41702,"Hassan, Maggie",2,4,100,1/5/17,1/3/19,0,1,2,1,1,SRES8,Economic (Joint Committee),4,83,NH,,,,,,
115,507,41110,"Lee, Mike",1,1,200,1/5/17,1/3/19,81,7,2,1,1,SRES7,Economic (Joint Committee),67,83,UT,,,,,,
115,507,21301,"Cotton, Tom",1,2,200,1/5/17,1/3/19,0,3,2,1,1,SRES7,Economic (Joint Committee),42,82,AR,,,,,,
115,507,41503,"Sasse, Ben",1,3,200,1/5/17,1/3/19,0,3,2,1,1,SRES7,Economic (Joint Committee),35,82,NE,,,,,,
115,507,29386,"Portman, Rob",1,4,200,1/5/17,1/3/19,0,1,2,1,1,SRES7,Economic (Joint Committee),24,83,OH,,,,,,
115,507,41304,"Cruz, Ted",1,5,200,1/5/17,1/3/19,0,3,2,1,1,SRES7,Economic (Joint Committee),49,81,TX,,,,,,
115,507,20919,"Cassidy, Bill",1,6,200,1/5/17,1/3/19,0,3,2,1,1,SRES7,Economic (Joint Committee),45,82,LA,,,,,,
115,503,14871,"Wyden, Ron",2,1,100,,1/3/19,21,5,2,1,1,,Taxation (Joint),72,83,OR,,,,,,
115,503,29732,"Stabenow, Deborah Ann",2,2,100,,1/3/19,0,5,2,1,1,,Taxation (Joint),23,81,MI,,,,,,
115,503,14503,"Hatch, Orrin G.",1,1,200,,1/3/19,81,9,2,1,0,,Taxation (Joint),67,81,UT,Did not seek reelection,,,,,
115,503,14226,"Grassley, Charles E.",1,2,200,,1/3/19,0,9,2,1,1,,Taxation (Joint),31,83,IA,,,,,,
115,503,29345,"Crapo, Michael Dean",1,3,200,,1/3/19,0,3,2,1,1,,Taxation (Joint),63,83,ID,,,,,,
115,662,15021,"Durbin, Richard J.",2,1,100,1/3/17,1/3/19,64,10,2,1,1,,Minority whip,21,82,IL,,,,,,
115,662,14858,"Schumer, Charles Ellis (Chuck)",2,1,100,1/3/17,1/3/19,61,1,2,1,1,,Minority leader,13,83,NY,,,,,,
115,662,40305,"Cornyn, John",1,1,200,1/3/17,1/3/19,51,7,2,1,2,,Majority whip,49,81,TX,,,,,,
115,662,14921,"McConnell, Mitch",1,1,200,1/3/17,1/3/19,41,10,2,1,1,,Majority leader,51,82,KY,,,,,,
116,305,29732,"Stabenow, Deborah Ann",2,1,100,1/9/19,1/3/21,21,19,2,1,1,SRES13,"Agriculture, Nutrition, and Forestry",23,81,MI,,,,,,
116,305,14307,"Leahy, Patrick J.",2,2,100,1/9/19,1/3/21,0,45,2,1,1,SRES13,"Agriculture, Nutrition, and Forestry",6,83,VT,,,,,,
116,305,29389,"Brown, Sherrod",2,3,100,1/9/19,1/3/21,0,13,2,1,1,SRES13,"Agriculture, Nutrition, and Forestry",24,81,OH,,,,,,
116,305,40700,"Klobuchar, Amy",2,4,100,1/9/19,1/3/21,0,13,2,1,1,SRES13,"Agriculture, Nutrition, and Forestry",33,81,MN,,,,,,
116,305,40910,"Bennet, Michael",2,5,100,1/9/19,1/3/21,0,11,2,1,1,SRES13,"Agriculture, Nutrition, and Forestry",62,83,CO,,,,,,
116,305,20735,"Gillibrand, Kirsten E.",2,6,100,1/9/19,1/3/21,0,11,2,1,1,SRES13,"Agriculture, Nutrition, and Forestry",13,81,NY,,,,,,
116,305,40703,"Casey, Robert P., Jr.",2,7,100,1/9/19,1/3/21,0,7,4,1,2,SRES13,"Agriculture, Nutrition, and Forestry",14,81,PA,,,,,,
116,305,41706,"Smith, Tina",2,8,100,1/9/19,1/3/21,0,3,2,1,1,SRES13,"Agriculture, Nutrition, and Forestry",33,82,MN,,,,,,
116,305,15021,"Durbin, Richard J.",2,9,100,1/9/19,1/3/21,0,1,2,1,1,SRES13,"Agriculture, Nutrition, and Forestry",21,82,IL,,,,,,
116,305,14852,"Roberts, Pat",1,1,200,1/9/19,1/3/21,11,23,2,1,0,SRES12,"Agriculture, Nutrition, and Forestry",32,82,KS,Announced retirement at end of Congress,,,,,
116,305,14921,"McConnell, Mitch",1,2,200,1/9/19,1/3/21,0,34,2,1,1,SRES12,"Agriculture, Nutrition, and Forestry",51,82,KY,,,,,,
116,305,20101,"Boozman, John",1,3,200,1/9/19,1/3/21,0,9,2,1,1,SRES12,"Agriculture, Nutrition, and Forestry",42,83,AR,,,,,,
116,305,41107,"Hoeven, John",1,4,200,1/9/19,1/3/21,0,9,2,1,1,SRES12,"Agriculture, Nutrition, and Forestry",36,83,ND,,,,,,
116,305,41502,"Ernst, Joni",1,5,200,1/9/19,1/3/21,0,5,2,1,1,SRES12,"Agriculture, Nutrition, and Forestry",31,82,IA,,,,,,
116,305,41707,"Hyde-Smith, Cindy",1,6,200,1/9/19,1/3/21,0,1,2,1,1,SRES12,"Agriculture, Nutrition, and Forestry",46,82,MS,,,,,,
116,305,41900,"Braun, Michael",1,7,200,1/9/19,1/3/21,0,1,2,1,1,SRES12,"Agriculture, Nutrition, and Forestry",22,81,IN,,,,,,
116,305,41501,"Perdue, David",1,8,200,1/9/19,1/6/20,0,3,2,2,0,SRES12,"Agriculture, Nutrition, and Forestry",44,82,GA,,,,,,
116,305,14226,"Grassley, Charles E.",1,9,200,1/9/19,1/3/21,0,17,2,1,1,SRES12,"Agriculture, Nutrition, and Forestry",31,83,IA,,,,,,
116,305,29754,"Thune, John",1,10,200,1/9/19,1/3/21,0,13,2,1,1,SRES12,"Agriculture, Nutrition, and Forestry",37,83,SD,,,,,,
116,305,41302,"Fischer, Deb",1,11,200,1/9/19,1/3/21,0,1,2,1,1,SRES12,"Agriculture, Nutrition, and Forestry",35,81,NE,,,,,,
116,305,41904,"Loeffler, Kelly",6,1,200,1/6/20,1/3/21,0,1,2,1,0,SRES464,"Agriculture, Nutrition, and Forestry",44,83,GA,"Replaces Perdue's seat, who moves to another committee ",,,,,
116,306,14307,"Leahy, Patrick J.",2,1,100,1/9/19,1/3/21,0,41,2,1,1,SRES12,Appropriations,6,83,VT,,,,,,
116,306,49308,"Murray, Patty",2,2,100,1/9/19,1/3/21,0,27,2,1,1,SRES12,Appropriations,73,83,WA,,,,,,
116,306,49300,"Feinstein, Dianne",2,3,100,1/9/19,1/3/21,0,21,4,1,1,SRES12,Appropriations,71,81,CA,,,,,,
116,306,15021,"Durbin, Richard J.",2,4,100,1/9/19,1/3/21,0,21,2,1,1,SRES12,Appropriations,21,82,IL,,,,,,
116,306,29142,"Reed, Jack",2,5,100,1/9/19,1/3/21,0,13,5,1,1,SRES12,Appropriations,5,82,RI,,,,,,
116,306,40702,"Tester, Jon",2,6,100,1/9/19,1/3/21,0,5,2,1,1,SRES12,Appropriations,64,81,MT,,,,,,
116,306,29924,"Udall, Tom",2,7,100,1/9/19,1/3/21,0,5,2,1,0,SRES12,Appropriations,66,82,NM,Announced retirement at end of Congress,,,,,
116,306,40906,"Shaheen, Jeanne",2,8,100,1/9/19,1/3/21,0,7,2,1,1,SRES12,Appropriations,4,82,NH,,,,,,
116,306,40908,"Merkley, Jeff",2,9,100,1/9/19,1/3/21,0,7,2,1,1,SRES12,Appropriations,72,82,OR,,,,,,
116,306,40916,"Coons, Christopher",2,10,100,1/9/19,1/3/21,0,7,2,1,1,SRES12,Appropriations,11,82,DE,,,,,,
116,306,41112,"Schatz, Brian E.",2,11,100,1/9/19,1/3/21,0,5,2,1,1,SRES12,Appropriations,82,83,HI,,,,,,
116,306,29940,"Baldwin, Tammy",2,12,100,1/9/19,1/3/21,0,5,2,1,1,SRES12,Appropriations,25,81,WI,,,,,,
116,306,20707,"Murphy, Christopher",2,13,100,1/9/19,1/3/21,0,5,2,1,1,SRES12,Appropriations,1,81,CT,,,,,,
116,306,40915,"Manchin, Joe",2,14,100,1/9/19,1/3/21,0,3,2,1,1,SRES12,Appropriations,56,81,WV,,,,,,
116,306,20330,"Van Hollen, Chris",2,15,100,1/9/19,1/3/21,0,3,2,1,1,SRES12,Appropriations,52,83,MD,,,,,,
116,306,94659,"Shelby, Richard C.",1,1,200,1/9/19,1/3/21,11,25,2,1,1,SRES13,Appropriations,41,82,AL,,,,,,
116,306,14921,"McConnell, Mitch",1,2,200,1/9/19,1/3/21,0,27,2,1,1,SRES13,Appropriations,51,83,KY,,,,,,
116,306,40304,"Alexander, Lamar",1,3,200,1/9/19,1/3/21,0,13,2,1,0,SRES13,Appropriations,54,82,TN,Announced retirement at end of Congress,,,,,
116,306,49703,"Collins, Susan",1,4,200,1/9/19,1/3/21,0,11,2,1,1,SRES13,Appropriations,2,82,ME,,,,,,
116,306,40300,"Murkowski, Lisa",1,5,200,1/9/19,1/3/21,0,11,2,1,1,SRES13,Appropriations,81,83,AK,,,,,,
116,306,29566,"Graham, Lindsey O.",1,6,200,1/9/19,1/3/21,0,9,2,1,1,SRES13,Appropriations,48,82,SC,,,,,,
116,306,29735,"Blunt, Roy",1,7,200,1/9/19,1/3/21,0,9,2,1,1,SRES13,Appropriations,34,83,MO,,,,,,
116,306,29722,"Moran, Jerry",1,8,200,1/9/19,1/3/21,0,9,2,1,1,SRES13,Appropriations,32,83,KS,,,,,,
116,306,41107,"Hoeven, John",1,9,200,1/9/19,1/3/21,0,9,2,1,1,SRES13,Appropriations,36,83,ND,,,,,,
116,306,20101,"Boozman, John",1,10,200,1/9/19,1/3/21,0,7,2,1,1,SRES13,Appropriations,42,83,AR,,,,,,
116,306,20146,"Capito, Shelley M.",1,11,200,1/9/19,1/3/21,0,5,2,1,1,SRES13,Appropriations,56,82,WV,,,,,,
116,306,41703,"Kennedy, John N.",1,12,200,1/9/19,1/3/21,0,3,2,1,1,SRES13,Appropriations,45,83,LA,,,,,,
116,306,41707,"Hyde-Smith, Cindy",1,13,200,1/9/19,1/3/21,0,3,2,1,1,SRES13,Appropriations,46,82,MS,,,,,,
116,306,21338,"Daines, Steve",1,14,200,1/9/19,1/3/21,0,5,2,1,2,SRES13,Appropriations,64,82,MT,,,,,,
116,306,41102,"Rubio, Marco",1,15,200,1/9/19,1/3/21,0,3,2,1,1,SRES13,Appropriations,43,83,FL,,,,,,
116,306,21166,"Lankford, James",1,16,200,1/9/19,1/3/21,0,5,2,1,2,SRES13,Appropriations,53,83,OK,,,,,,
116,308,29142,"Reed, Jack",2,1,100,1/9/19,1/3/21,21,21,2,1,1,SRES13,Armed Services,5,82,RI,,,,,,
116,308,40906,"Shaheen, Jeanne",2,2,100,1/9/19,1/3/21,0,9,2,1,1,SRES13,Armed Services,4,82,NH,,,,,,
116,308,20735,"Gillibrand, Kirsten E.",2,3,100,1/9/19,1/3/21,0,9,2,1,1,SRES13,Armed Services,13,81,NY,,,,,,
116,308,41101,"Blumenthal, Richard",2,4,100,1/9/19,1/3/21,0,9,2,1,1,SRES13,Armed Services,1,83,CT,,,,,,
116,308,20713,"Hirono, Mazie",2,5,100,1/9/19,1/3/21,0,7,2,1,1,SRES13,Armed Services,82,81,HI,,,,,,
116,308,41305,"Kaine, Timothy",2,6,100,1/9/19,1/3/21,0,7,2,1,1,SRES13,Armed Services,40,81,VA,,,,,,
116,308,41300,"King, Angus S.",2,7,100,1/9/19,1/3/21,0,7,2,1,1,SRES13,Armed Services,2,81,ME,,,,,,
116,308,20930,"Heinrich, Martin",2,8,100,1/9/19,1/3/21,0,5,2,1,2,SRES13,Armed Services,66,81,NM,,,,,,
116,308,41301,"Warren, Elizabeth",2,9,100,1/9/19,1/3/21,0,3,2,1,1,SRES13,Armed Services,3,81,MA,,,,,,
116,308,20923,"Peters, Gary",2,10,100,1/9/19,1/3/21,0,3,2,1,1,SRES13,Armed Services,23,82,MI,,,,,,
116,308,40915,"Manchin, Joe ",2,11,100,1/9/19,1/3/21,0,1,2,1,1,SRES13,Armed Services,56,81,WV,,,,,,
116,308,21325,"Duckworth, Tammy",2,12,100,1/9/19,1/3/21,0,1,2,1,1,SRES13,Armed Services,21,83,IL,,,,,,
116,308,41705,"Jones, Gordon Douglas (Doug)",2,13,100,1/9/19,1/3/21,0,1,2,1,0,SRES13,Armed Services,41,82,AL,,,,,,
116,308,15424,"Inhofe, James M.",1,1,200,1/9/19,1/3/21,0,25,2,1,1,SRES12,Armed Services,53,82,OK,,,,,,
116,308,29534,"Wicker, Roger F.",1,2,200,1/9/19,1/3/21,0,12,2,1,1,SRES12,Armed Services,46,81,MS,,,,,,
116,308,41302,"Fischer, Deb",1,3,200,1/9/19,1/3/21,0,7,2,1,1,SRES12,Armed Services,35,81,NE,,,,,,
116,308,21301,"Cotton, Tom",1,4,200,1/9/19,1/3/21,0,5,2,1,1,SRES12,Armed Services,42,82,AR,,,,,,
116,308,41505,"Rounds, Mike",1,5,200,1/9/19,1/3/21,0,5,2,1,1,SRES12,Armed Services,37,82,SD,,,,,,
116,308,41502,"Ernst, Joni",1,6,200,1/9/19,1/3/21,0,5,2,1,1,SRES12,Armed Services,31,82,IA,,,,,,
116,308,41504,"Tillis, Thom",1,7,200,1/9/19,1/3/21,0,5,2,1,1,SRES12,Armed Services,47,82,NC,,,,,,
116,308,41500,"Sullivan, Daniel",1,8,200,1/9/19,1/3/21,0,5,2,1,1,SRES12,Armed Services,81,82,AK,,,,,,
116,308,41501,"Perdue, David",1,9,200,1/9/19,1/3/21,0,3,2,1,0,SRES12,Armed Services,44,82,GA,,,,,,
116,308,21350,"Cramer, Kevin",1,10,200,1/9/19,1/3/21,0,1,2,1,1,SRES12,Armed Services,36,81,ND,,,,,,
116,308,21501,"McSally, Martha",1,11,200,1/9/19,1/3/21,0,1,2,1,0,SRES12,Armed Services,61,83,AZ,,,,,,
116,308,41903,"Scott, Richard",1,12,200,1/9/19,1/3/21,0,1,2,1,1,SRES12,Armed Services,43,81,FL,,,,,,
116,308,20351,"Blackburn, Marsha",1,13,200,1/9/19,1/3/21,0,1,2,1,1,SRES12,Armed Services,54,81,TN,,,,,,
116,308,41901,"Hawley, Joshua David",1,14,200,1/9/19,1/3/21,0,1,2,1,1,SRES12,Armed Services,34,81,MO,,,,,,
116,314,29389,"Brown, Sherrod",2,1,100,1/9/19,1/3/21,21,13,2,1,1,SRES13,"Banking, Housing, and Urban Affairs",24,81,OH,,,,,,
116,314,29142,"Reed, Jack",2,2,100,1/9/19,1/3/21,0,23,2,1,1,SRES13,"Banking, Housing, and Urban Affairs",5,82,RI,,,,,,
116,314,29373,"Menendez, Robert",2,3,100,1/9/19,1/3/21,0,15,2,1,1,SRES13,"Banking, Housing, and Urban Affairs",12,81,NJ,,,,,,
116,314,40702,"Tester, Jon",2,4,100,1/9/19,1/3/21,0,13,2,1,1,SRES13,"Banking, Housing, and Urban Affairs",64,81,MT,,,,,,
116,314,40909,"Warner, Mark",2,5,100,1/9/19,1/3/21,0,11,2,1,1,SRES13,"Banking, Housing, and Urban Affairs",40,82,VA,,,,,,
116,314,41301,"Warren, Elizabeth",2,6,100,1/9/19,1/3/21,0,7,2,1,1,SRES13,"Banking, Housing, and Urban Affairs",3,81,MA,,,,,,
116,314,41112,"Schatz, Brian E.",2,7,100,1/9/19,1/3/21,0,3,2,1,2,SRES13,"Banking, Housing, and Urban Affairs",82,83,HI,,,,,,
116,314,20330,"Van Hollen, Chris",2,8,100,1/9/19,1/3/21,0,3,2,1,1,SRES13,"Banking, Housing, and Urban Affairs",52,83,MD,,,,,,
116,314,41700,"Cortez Masto, Catherine",2,9,100,1/9/19,1/3/21,0,3,2,1,1,SRES13,"Banking, Housing, and Urban Affairs",65,83,NV,,,,,,
116,314,41705,"Jones, Gordon Douglas (Doug)",2,10,100,1/9/19,1/3/21,0,3,2,1,0,SRES13,"Banking, Housing, and Urban Affairs",41,82,AL,,,,,,
116,314,41706,"Smith, Tina",2,11,100,1/9/19,1/3/21,0,1,2,1,1,SRES13,"Banking, Housing, and Urban Affairs",33,82,MN,,,,,,
116,314,21300,"Sinema, Kyrsten",2,12,100,1/9/19,1/3/21,0,1,2,1,1,SRES13,"Banking, Housing, and Urban Affairs",61,81,AZ,,,,,,
116,314,29345,"Crapo, Michael Dean",1,1,200,1/9/19,1/3/21,11,21,2,1,1,SRES12,"Banking, Housing, and Urban Affairs",63,83,ID,,,,,,
116,314,94659,"Shelby, Richard C.",1,2,200,1/9/19,1/3/21,0,33,2,1,1,SRES12,"Banking, Housing, and Urban Affairs",41,83,AL,,,,,,
116,314,29935,"Toomey, Patrick J.",1,3,200,1/9/19,1/3/21,0,9,2,1,1,SRES12,"Banking, Housing, and Urban Affairs",14,83,PA,,,,,,
116,314,21173,"Scott, Tim",1,4,200,1/9/19,1/3/21,0,5,2,1,1,SRES12,"Banking, Housing, and Urban Affairs",48,83,SC,,,,,,
116,314,41503,"Sasse, Ben",1,5,200,1/9/19,1/3/21,0,5,2,1,2,SRES12,"Banking, Housing, and Urban Affairs",35,82,NE,,,,,,
116,314,21301,"Cotton, Tom",1,6,200,1/9/19,1/3/21,0,5,2,1,2,SRES12,"Banking, Housing, and Urban Affairs",42,82,AR,,,,,,
116,314,41505,"Rounds, Mike",1,7,200,1/9/19,1/3/21,0,5,2,1,1,SRES12,"Banking, Housing, and Urban Affairs",37,82,SD,,,,,,
116,314,41501,"Perdue, David",1,8,200,1/9/19,1/3/21,0,3,2,1,0,SRES12,"Banking, Housing, and Urban Affairs",44,82,GA,,,,,,
116,314,41504,"Tillis, Thom",1,9,200,1/9/19,1/3/21,0,3,2,1,1,SRES12,"Banking, Housing, and Urban Affairs",47,82,NC,,,,,,
116,314,41703,"Kennedy, John N.",1,10,200,1/9/19,1/3/21,0,3,2,1,1,SRES12,"Banking, Housing, and Urban Affairs",45,83,LA,,,,,,
116,314,21501,"McSally, Martha",1,11,200,1/9/19,1/3/21,0,1,2,1,0,SRES12,"Banking, Housing, and Urban Affairs",61,83,AZ,,,,,,
116,314,29722,"Moran, Jerry",1,12,200,1/9/19,1/3/21,0,3,2,1,1,SRES12,"Banking, Housing, and Urban Affairs",32,83,KS,,,,,,
116,314,21350,"Cramer, Kevin",1,13,200,1/9/19,1/3/21,0,1,2,1,1,SRES12,"Banking, Housing, and Urban Affairs",36,81,ND,,,,,,
116,316,21350,"Cramer, Kevin ",2,1,100,1/9/19,1/3/21,0,1,2,1,1,SRES12,Budget,36,81,ND,,,,,,
116,316,29147,"Sanders, Bernard",2,2,328,1/9/19,1/3/21,21,13,2,1,1,SRES13,Budget,6,81,VT,,,,,,
116,316,49308,"Murray, Patty",2,3,100,1/9/19,1/3/21,0,27,2,1,1,SRES13,Budget,73,83,WA,,,,,,
116,316,14871,"Wyden, Ron",2,4,100,1/9/19,1/3/21,0,24,2,1,1,SRES13,Budget,72,83,OR,,,,,,
116,316,29732,"Stabenow, Deborah Ann",2,5,100,1/9/19,1/3/21,0,19,2,1,1,SRES13,Budget,23,81,MI,,,,,,
116,316,40704,"Whitehouse, Sheldon",2,6,100,1/9/19,1/3/21,0,13,2,1,1,SRES13,Budget,5,83,RI,,,,,,
116,316,40909,"Warner, Mark",2,7,100,1/9/19,1/3/21,0,11,2,1,1,SRES13,Budget,40,82,VA,,,,,,
116,316,40908,"Merkley, Jeff",2,8,100,1/9/19,1/3/21,0,11,2,1,1,SRES13,Budget,72,82,OR,,,,,,
116,316,41305,"Kaine, Timothy",2,9,100,1/9/19,1/3/21,0,7,2,1,1,SRES13,Budget,40,81,VA,,,,,,
116,316,20330,"Van Hollen, Chris",2,10,100,1/9/19,1/3/21,0,1,2,1,1,SRES13,Budget,52,83,MD,,,,,,
116,316,41701,"Harris, Kamala",2,11,100,1/9/19,1/3/21,0,1,2,1,0,SRES13,Budget,71,83,CA,Formally resigned for her position as VP 01/18/21,,,,,
116,316,49706,"Enzi, Michael B.",1,1,200,1/9/19,1/3/21,11,17,2,1,0,SRES12,Budget,68,82,WY,Announced retirement at end of Congress,,,,,
116,316,14226,"Grassley, Charles E.",1,2,200,1/9/19,1/3/21,0,39,2,1,1,SRES12,Budget,31,83,IA,,,,,,
116,316,29345,"Crapo, Michael Dean",1,3,200,1/9/19,1/3/21,0,17,2,1,1,SRES12,Budget,63,83,ID,,,,,,
116,316,29566,"Graham, Lindsey O.",1,4,200,1/9/19,1/3/21,0,15,2,1,1,SRES12,Budget,48,82,SC,,,,,,
116,316,29935,"Toomey, Patrick J.",1,5,200,1/9/19,1/3/21,0,9,2,1,1,SRES12,Budget,14,83,PA,,,,,,
116,316,41111,"Johnson, Ron",1,6,200,1/9/19,1/3/21,0,9,2,1,1,SRES12,Budget,25,83,WI,,,,,,
116,316,41501,"Perdue, David",1,7,200,1/9/19,1/3/21,0,5,2,1,0,SRES12,Budget,44,82,GA,,,,,,
116,316,41900,"Braun, Michael",1,8,200,1/9/19,1/3/21,0,1,2,1,2,SRES12,Budget,22,81,IN,,,,,,
116,316,41903,"Scott, Richard",1,9,200,1/9/19,1/3/21,0,1,2,1,1,SRES12,Budget,43,81,FL,,,,,,
116,316,41703,"Kennedy, John N.",1,10,200,1/9/19,1/3/21,0,3,2,1,1,SRES12,Budget,45,83,LA,,,,,,
116,321,39310,"Cantwell, Maria",2,1,100,1/9/19,1/3/21,21,17,2,1,1,SRES13,"Commerce, Science, and Transportation",73,81,WA,,,,,,
116,321,40700,"Klobuchar, Amy",2,2,100,1/9/19,1/3/21,0,13,2,1,1,SRES13,"Commerce, Science, and Transportation",33,81,MN,,,,,,
116,321,41101,"Blumenthal, Richard",2,3,100,1/9/19,1/3/21,0,7,2,1,1,SRES13,"Commerce, Science, and Transportation",1,83,CT,,,,,,
116,321,41112,"Schatz, Brian E.",2,4,100,1/9/19,1/3/21,0,7,2,1,1,SRES13,"Commerce, Science, and Transportation",82,83,HI,,,,,,
116,321,14435,"Markey, Edward J. (Ed)",2,5,100,1/9/19,1/3/21,0,7,2,1,1,SRES13,"Commerce, Science, and Transportation",3,82,MA,,,,,,
116,321,29924,"Udall, Tom",2,6,100,1/9/19,1/3/21,0,5,2,1,0,SRES13,"Commerce, Science, and Transportation",66,82,NM,Announced retirement at end of Congress,,,,,
116,321,20923,"Peters, Gary",2,7,100,1/9/19,1/3/21,0,5,2,1,1,SRES13,"Commerce, Science, and Transportation",23,82,MI,,,,,,
116,321,29940,"Baldwin, Tammy",2,8,100,1/9/19,1/3/21,0,3,2,1,1,SRES13,"Commerce, Science, and Transportation",25,81,WI,,,,,,
116,321,21325,"Duckworth, Tammy",2,9,100,1/9/19,1/3/21,0,3,2,1,1,SRES13,"Commerce, Science, and Transportation",21,83,IL,,,,,,
116,321,40702,"Tester, Jon",2,10,100,1/9/19,1/3/21,0,3,2,1,1,SRES13,"Commerce, Science, and Transportation",64,81,MT,,,,,,
116,321,21300,"Sinema, Kyrsten",2,11,100,1/9/19,1/3/21,0,1,2,1,1,SRES13,"Commerce, Science, and Transportation",61,81,AZ,,,,,,
116,321,21743,"Rosen, Jacky",2,12,100,1/9/19,1/3/21,0,1,2,1,1,SRES13,"Commerce, Science, and Transportation",65,81,NV,,,,,,
116,321,29534,"Wicker, Roger F.",1,1,200,1/9/19,1/3/21,11,12,2,1,1,SRES12,"Commerce, Science, and Transportation",46,81,MS,,,,,,
116,321,29754,"Thune, John",1,2,200,1/9/19,1/3/21,0,13,2,1,1,SRES12,"Commerce, Science, and Transportation",37,83,SD,,,,,,
116,321,29735,"Blunt, Roy",1,3,200,1/9/19,1/3/21,0,9,2,1,1,SRES12,"Commerce, Science, and Transportation",34,83,MO,,,,,,
116,321,41304,"Cruz, Ted",1,4,200,1/9/19,1/3/21,0,7,2,1,1,SRES12,"Commerce, Science, and Transportation",49,81,TX,,,,,,
116,321,41302,"Fischer, Deb",1,5,200,1/9/19,1/3/21,0,7,2,1,1,SRES12,"Commerce, Science, and Transportation",35,81,NE,,,,,,
116,321,29722,"Moran, Jerry",1,6,200,1/9/19,1/3/21,0,5,2,1,1,SRES12,"Commerce, Science, and Transportation",32,83,KS,,,,,,
116,321,41500,"Sullivan, Daniel",1,7,200,1/9/19,1/3/21,0,5,2,1,1,SRES12,"Commerce, Science, and Transportation",81,82,AK,,,,,,
116,321,21112,"Gardner, Cory",1,8,200,1/9/19,1/3/21,0,5,2,1,0,SRES12,"Commerce, Science, and Transportation",62,82,CO,,,,,,
116,321,20351,"Blackburn, Marsha",1,9,200,1/9/19,1/3/21,0,1,2,1,1,SRES12,"Commerce, Science, and Transportation",54,81,TN,,,,,,
116,321,20146,"Capito, Shelley M.",1,10,200,1/9/19,1/3/21,0,3,2,1,1,SRES12,"Commerce, Science, and Transportation",56,82,WV,,,,,,
116,321,41110,"Lee, Mike",1,11,200,1/9/19,1/3/21,0,3,2,1,1,SRES12,"Commerce, Science, and Transportation",67,83,UT,,,,,,
116,321,41111,"Johnson, Ron",1,12,200,1/9/19,1/3/21,0,7,2,1,1,SRES12,"Commerce, Science, and Transportation",25,82,WI,,,,,,
116,321,21133,"Young, Todd",1,13,200,1/9/19,1/3/21,0,3,2,1,1,SRES12,"Commerce, Science, and Transportation",22,83,IN,,,,,,
116,321,41903,"Scott, Richard",1,14,200,1/9/19,1/3/21,0,1,2,1,1,SRES12,"Commerce, Science, and Transportation",43,81,FL,,,,,,
116,330,40915,"Manchin, Joe",2,1,100,1/9/19,1/3/21,21,9,2,1,1,SRES13,Energy and Natural Resources,56,81,WV,,,,,,
116,330,39310,"Cantwell, Maria",2,2,100,1/9/19,1/3/21,0,19,2,1,1,SRES13,Energy and Natural Resources,73,81,WA,,,,,,
116,330,14871,"Wyden, Ron",2,3,100,1/9/19,1/3/21,0,24,2,1,1,SRES13,Energy and Natural Resources,72,83,OR,,,,,,
116,330,29147,"Sanders, Bernard",2,4,328,1/9/19,1/3/21,0,13,2,1,1,SRES13,Energy and Natural Resources,6,81,VT,,,,,,
116,330,29732,"Stabenow, Deborah Ann",2,5,100,1/9/19,1/3/21,0,11,2,1,2,SRES13,Energy and Natural Resources,23,81,MI,,,,,,
116,330,20930,"Heinrich, Martin",2,6,100,1/9/19,1/3/21,0,7,2,1,1,SRES13,Energy and Natural Resources,66,81,NM,,,,,,
116,330,20713,"Hirono, Mazie",2,7,100,1/9/19,1/3/21,0,5,2,1,1,SRES13,Energy and Natural Resources,82,81,HI,,,,,,
116,330,41300,"King, Angus S.",2,8,328,1/9/19,1/3/21,0,5,2,1,1,SRES13,Energy and Natural Resources,2,81,ME,,,,,,
116,330,41700,"Cortez Masto, Catherine",2,9,100,1/9/19,1/3/21,0,3,2,1,1,SRES13,Energy and Natural Resources,65,83,NV,,,,,,
116,330,40300,"Murkowski, Lisa",1,1,200,1/9/19,1/3/21,11,17,2,1,1,SRES12,Energy and Natural Resources,81,83,AK,,,,,,
116,330,40707,"Barrasso, John A.",1,2,200,1/9/19,1/3/21,0,13,2,1,1,SRES12,Energy and Natural Resources,68,81,WY,,,,,,
116,330,40902,"Risch, James",1,3,200,1/9/19,1/3/21,0,11,2,1,1,SRES12,Energy and Natural Resources,63,82,ID,,,,,,
116,330,41110,"Lee, Mike",1,4,200,1/9/19,1/3/21,0,9,2,1,1,SRES12,Energy and Natural Resources,67,83,UT,,,,,,
116,330,21338,"Daines, Steve",1,5,200,1/9/19,1/3/21,0,5,2,1,1,SRES12,Energy and Natural Resources,64,82,MT,,,,,,
116,330,20919,"Cassidy, Bill",1,6,200,1/9/19,1/3/21,0,5,2,1,1,SRES12,Energy and Natural Resources,45,82,LA,,,,,,
116,330,21112,"Gardner, Cory",1,7,200,1/9/19,1/3/21,0,5,2,1,0,SRES12,Energy and Natural Resources,62,82,CO,,,,,,
116,330,41707,"Hyde-Smith, Cindy",1,8,200,1/9/19,1/3/21,0,1,2,1,1,SRES12,Energy and Natural Resources,46,82,MS,,,,,,
116,330,21501,"McSally, Martha",1,9,200,1/9/19,1/3/21,0,1,2,1,0,SRES12,Energy and Natural Resources,61,83,AZ,,,,,,
116,330,40304,"Alexander, Lamar",1,10,200,1/9/19,1/3/21,0,7,4,1,0,SRES12,Energy and Natural Resources,54,82,TN,Announced retirement at end of Congress,,,,,
116,330,41107,"Hoeven, John",1,11,200,1/9/19,1/3/21,0,9,2,1,1,SRES12,Energy and Natural Resources,36,83,ND,,,,,,
116,332,15015,"Carper, Thomas Richard",2,1,100,1/9/19,1/3/21,0,19,2,1,1,SRES13,Environment and Public Works,11,81,DE,,,,,,
116,332,15408,"Cardin, Benjamin L.",2,2,100,1/9/19,1/3/21,0,13,2,1,1,SRES13,Environment and Public Works,52,81,MD,,,,,,
116,332,29147,"Sanders, Bernard",2,3,328,1/9/19,1/3/21,0,13,2,1,1,SRES13,Environment and Public Works,6,81,VT,,,,,,
116,332,40704,"Whitehouse, Sheldon",2,4,100,1/9/19,1/3/21,0,13,2,1,1,SRES13,Environment and Public Works,5,83,RI,,,,,,
116,332,40908,"Merkley, Jeff",2,5,100,1/9/19,1/3/21,0,11,2,1,1,SRES13,Environment and Public Works,72,82,OR,,,,,,
116,332,20735,"Gillibrand, Kirsten E.",2,6,100,1/9/19,1/3/21,0,11,2,1,2,SRES13,Environment and Public Works,13,81,NY,,,,,,
116,332,41308,"Booker, Cory",2,7,100,1/9/19,1/3/21,0,7,2,1,2,SRES13,Environment and Public Works,12,82,NJ,,,,,,
116,332,14435,"Markey, Edward J. (Ed)",2,8,100,1/9/19,1/3/21,0,7,2,1,1,SRES13,Environment and Public Works,3,82,MA,,,,,,
116,332,21325,"Duckworth, Tammy",2,9,100,1/9/19,1/3/21,0,3,2,1,1,SRES13,Environment and Public Works,21,83,IL,,,,,,
116,332,20330,"Van Hollen, Chris",2,10,100,1/9/19,1/3/21,0,3,2,1,2,SRES13,Environment and Public Works,52,83,MD,,,,,,
116,332,40707,"Barrasso, John A.",1,1,200,1/9/19,1/3/21,11,13,2,1,2,SRES12,Environment and Public Works,68,81,WY,,,,,,
116,332,15424,"Inhofe, James M.",1,2,200,1/9/19,1/3/21,0,23,2,1,1,SRES12,Environment and Public Works,53,82,OK,,,,,,
116,332,20146,"Capito, Shelley M.",1,3,200,1/9/19,1/3/21,0,5,2,1,1,SRES12,Environment and Public Works,56,82,WV,,,,,,
116,332,21350,"Cramer, Kevin ",1,4,200,1/9/19,1/3/21,0,1,2,1,1,SRES12,Environment and Public Works,36,81,ND,,,,,,
116,332,41900,"Braun, Mike",1,5,200,1/9/19,1/3/21,0,1,2,1,2,SRES12,Environment and Public Works,22,81,IN,,,,,,
116,332,41505,"Rounds, Mike",1,6,200,1/9/19,1/3/21,0,5,2,1,2,SRES12,Environment and Public Works,37,82,SD,,,,,,
116,332,41500,"Sullivan, Daniel",1,7,200,1/9/19,1/3/21,0,3,2,1,1,SRES12,Environment and Public Works,81,82,AK,,,,,,
116,332,20101,"Boozman, John",1,8,200,1/9/19,1/3/21,0,7,2,1,1,SRES12,Environment and Public Works,42,83,AR,,,,,,
116,332,29534,"Wicker, Roger F.",1,9,200,1/9/19,1/3/21,0,7,2,1,1,SRES12,Environment and Public Works,46,81,MS,,,,,,
116,332,94659,"Shelby, Richard C.",1,10,200,1/9/19,1/3/21,0,3,2,1,1,SRES12,Environment and Public Works,41,83,AL,,,,,,
116,332,41502,"Ernst, Joni",1,11,200,1/9/19,1/3/21,0,3,2,1,1,SRES12,Environment and Public Works,31,82,IA,,,,,,
116,336,14871,"Wyden, Ron",2,1,100,1/9/19,1/3/21,0,15,2,1,1,SRES13,Finance,72,83,OR,,,,,,
116,336,29732,"Stabenow, Deborah Ann",2,2,100,1/9/19,1/3/21,0,13,2,1,1,SRES13,Finance,23,81,MI,,,,,,
116,336,39310,"Cantwell, Maria",2,3,100,1/9/19,1/3/21,0,13,2,1,1,SRES13,Finance,73,81,WA,,,,,,
116,336,29373,"Menendez, Robert",2,4,100,1/9/19,1/3/21,0,11,2,1,1,SRES13,Finance,12,81,NJ,,,,,,
116,336,15015,"Carper, Thomas Richard",2,5,100,1/9/19,1/3/21,0,11,2,1,1,SRES13,Finance,11,81,DE,,,,,,
116,336,15408,"Cardin, Benjamin L.",2,6,100,1/9/19,1/3/21,0,9,2,1,1,SRES13,Finance,52,81,MD,,,,,,
116,336,29389,"Brown, Sherrod",2,7,100,1/9/19,1/3/21,0,7,2,1,1,SRES13,Finance,24,81,OH,,,,,,
116,336,40910,"Bennet, Michael",2,8,100,1/9/19,1/3/21,0,7,2,1,1,SRES13,Finance,62,83,CO,,,,,,
116,336,40703,"Casey, Robert P., Jr.",2,9,100,1/9/19,1/3/21,0,7,2,1,1,SRES13,Finance,14,81,PA,,,,,,
116,336,40909,"Warner, Mark",2,10,100,1/9/19,1/3/21,0,7,2,1,1,SRES13,Finance,40,82,VA,,,,,,
116,336,40704,"Whitehouse, Sheldon",2,11,100,1/9/19,1/3/21,0,1,2,1,1,SRES13,Finance,5,83,RI,,,,,,
116,336,41702,"Hassan, Margaret (Maggie)",2,12,100,1/9/19,1/3/21,0,1,2,1,1,SRES13,Finance,4,83,NH,,,,,,
116,336,41700,"Cortez Masto, Catherine",2,13,100,1/9/19,1/3/21,0,1,2,1,1,SRES13,Finance,65,83,NV,,,,,,
116,336,14226,"Grassley, Charles E.",1,1,200,1/9/19,1/3/21,11,29,4,1,1,SRES12,Finance,31,83,IA,,,,,,
116,336,29345,"Crapo, Michael Dean",1,2,200,1/9/19,1/3/21,0,15,2,1,1,SRES12,Finance,63,83,ID,,,,,,
116,336,14852,"Roberts, Pat",1,3,200,1/9/19,1/3/21,0,13,2,1,0,SRES12,Finance,32,82,KS,Announced retirement at end of Congress,,,,,
116,336,49706,"Enzi, Michael B.",1,4,200,1/9/19,1/3/21,0,7,4,1,0,SRES12,Finance,68,82,WY,Announced retirement at end of Congress,,,,,
116,336,40305,"Cornyn, John",1,5,200,1/9/19,1/3/21,0,11,2,1,1,SRES12,Finance,49,81,TX,,,,,,
116,336,29754,"Thune, John",1,6,200,1/9/19,1/3/21,0,9,2,1,1,SRES12,Finance,37,83,SD,,,,,,
116,336,29548,"Burr, Richard",1,7,200,1/9/19,1/3/21,0,9,2,1,1,SRES12,Finance,47,83,NC,,,,,,
116,336,29909,"Isakson, Johnny",1,8,200,1/9/19,12/31/19,0,7,2,8,0,SRES12,Finance,44,83,GA,"Resigned as of December 31, 2019",,,,,
116,336,29386,"Portman, Rob",1,9,200,1/9/19,1/3/21,0,7,2,1,1,SRES12,Finance,24,83,OH,,,,,,
116,336,29935,"Toomey, Patrick J.",1,10,200,1/9/19,1/3/21,0,7,2,1,1,SRES12,Finance,14,83,PA,,,,,,
116,336,21173,"Scott, Tim",1,11,200,1/9/19,1/3/21,0,5,2,1,1,SRES12,Finance,48,83,SC,,,,,,
116,336,20919,"Cassidy, Bill",1,12,200,1/9/19,1/3/21,0,3,2,1,1,SRES12,Finance,45,82,LA,,,,,,
116,336,21166,"Lankford, James",1,13,200,1/9/19,1/3/21,0,1,2,1,1,SRES12,Finance,53,83,OK,,,,,,
116,336,21338,"Daines, Steve ",1,14,200,1/9/19,1/3/21,0,1,2,1,1,SRES12,Finance,64,82,MT,,,,,,
116,336,21133,"Young, Todd",1,15,200,1/9/19,1/3/21,0,1,2,1,1,SRES12,Finance,22,83,IN,,,,,,
116,336,41503,"Sasse, Ben",6,1,200,1/6/20,1/3/21,0,1,2,1,1,SRES464,Finance,35,82,NE,Replaced Isakson's seat on the committee ,,,,,
116,338,29373,"Menendez, Robert",2,1,100,1/9/19,1/3/21,21,13,2,1,1,SRES13,Foreign Relations,12,81,NJ,,,,,,
116,338,15408,"Cardin, Benjamin L.",2,2,100,1/9/19,1/3/21,0,13,2,1,1,SRES13,Foreign Relations,52,81,MD,,,,,,
116,338,40906,"Shaheen, Jeanne",2,3,100,1/9/19,1/3/21,0,11,2,1,1,SRES13,Foreign Relations,4,82,NH,,,,,,
116,338,40916,"Coons, Christopher",2,4,100,1/9/19,1/3/21,0,9,2,1,1,SRES13,Foreign Relations,11,82,DE,,,,,,
116,338,29924,"Udall, Tom",2,5,100,1/9/19,1/3/21,0,9,2,1,0,SRES13,Foreign Relations,66,82,NM,Announced retirement at end of Congress,,,,,
116,338,20707,"Murphy, Christopher",2,6,100,1/9/19,1/3/21,0,7,2,1,1,SRES13,Foreign Relations,1,81,CT,,,,,,
116,338,41305,"Kaine, Timothy",2,7,100,1/9/19,1/3/21,0,7,2,1,1,SRES13,Foreign Relations,40,81,VA,,,,,,
116,338,14435,"Markey, Edward J. (Ed)",2,8,100,1/9/19,1/3/21,0,7,2,1,1,SRES13,Foreign Relations,3,82,MA,,,,,,
116,338,40908,"Merkley, Jeff",2,9,100,1/9/19,1/3/21,0,3,2,1,1,SRES13,Foreign Relations,72,82,OR,,,,,,
116,338,41308,"Booker, Cory",2,10,100,1/9/19,1/3/21,0,3,2,1,1,SRES13,Foreign Relations,12,82,NJ,,,,,,
116,338,40902,"Risch, James",1,1,200,1/9/19,1/3/21,11,11,2,1,1,SRES12,Foreign Relations,63,82,ID,,,,,,
116,338,41102,"Rubio, Marco",1,2,200,1/9/19,1/3/21,0,9,2,1,1,SRES12,Foreign Relations,43,83,FL,,,,,,
116,338,41111,"Johnson, Ron",1,3,200,1/9/19,1/3/21,0,7,2,1,1,SRES12,Foreign Relations,25,82,WI,,,,,,
116,338,21112,"Gardner, Cory",1,4,200,1/9/19,1/3/21,0,5,2,1,0,SRES12,Foreign Relations,62,82,CO,,,,,,
116,338,41902,"Romney, Willard Mitt (Mitt)",1,5,200,1/9/19,1/3/21,0,1,2,1,1,SRES12,Foreign Relations,67,81,UT,,,,,,
116,338,29566,"Graham, Lindsey O.",1,6,200,1/9/19,1/3/21,0,1,2,1,1,SRES12,Foreign Relations,48,82,SC,,,,,,
116,338,29909,"Isakson, Johnny",1,7,200,1/9/19,12/31/19,0,5,2,1,0,SRES12,Foreign Relations,44,83,GA,"Resigned december 31, 2019",,,,,
116,338,40707,"Barrasso, John A.",1,8,200,1/9/19,1/3/21,0,12,2,1,1,SRES12,Foreign Relations,68,81,WY,,,,,,
116,338,29386,"Portman, Rob",1,9,200,1/9/19,1/3/21,0,3,2,1,1,SRES12,Foreign Relations,24,83,OH,,,,,,
116,338,41104,"Paul, Rand",1,10,200,1/9/19,1/3/21,0,7,2,1,1,SRES12,Foreign Relations,51,83,KY,,,,,,
116,338,21133,"Young, Todd",1,11,200,1/9/19,1/3/21,0,3,2,1,1,SRES12,Foreign Relations,22,83,IN,,,,,,
116,338,41304,"Cruz, Ted",1,12,200,1/9/19,1/3/21,0,1,2,1,1,SRES12,Foreign Relations,49,81,TX,,,,,,
116,338,41501,"Perdue, David",6,1,200,1/6/20,1/3/21,0,1,2,1,0,SRES464,Foreign Relations,44,82,GA,Replaced Isakson's seat on the committee ,,,,,
116,344,20923,"Peters, Gary",2,1,100,1/9/19,1/3/21,0,5,2,1,1,SRES13,Homeland Security and Governmental Affairs,23,82,MI,,,,,,
116,344,15015,"Carper, Thomas Richard",2,2,100,1/9/19,1/3/21,0,19,2,1,1,SRES13,Homeland Security and Governmental Affairs,11,81,DE,,,,,,
116,344,41702,"Hassan, Maggie",2,3,100,1/9/19,1/3/21,0,3,2,1,1,SRES13,Homeland Security and Governmental Affairs,4,83,NH,,,,,,
116,344,41701,"Harris, Kamala",2,4,100,1/9/19,1/3/21,0,3,2,1,0,SRES13,Homeland Security and Governmental Affairs,71,83,CA,Formally resigned for her position as VP 01/18/21,,,,,
116,344,21300,"Sinema, Kyrsten",2,5,100,1/9/19,1/3/21,0,1,2,1,1,SRES13,Homeland Security and Governmental Affairs,61,81,AZ,,,,,,
116,344,21743,"Rosen, Jacky",2,6,100,1/9/19,1/3/21,0,1,2,1,1,SRES13,Homeland Security and Governmental Affairs,65,81,NV,,,,,,
116,344,41111,"Johnson, Ron",1,1,200,1/9/19,1/3/21,0,5,2,1,1,SRES12,Homeland Security and Governmental Affairs,25,83,WI,,,,,,
116,344,29386,"Portman, Rob",1,2,200,1/9/19,1/3/21,0,9,2,1,1,SRES12,Homeland Security and Governmental Affairs,24,83,OH,,,,,,
116,344,41104,"Paul, Rand",1,3,200,1/9/19,1/3/21,0,9,2,1,1,SRES12,Homeland Security and Governmental Affairs,51,83,KY,,,,,,
116,344,21166,"Lankford, James",1,4,200,1/9/19,1/3/21,0,5,2,1,1,SRES12,Homeland Security and Governmental Affairs,53,83,OK,,,,,,
116,344,41902,"Romney, Willard Mitt (Mitt)",1,5,200,1/9/19,1/3/21,0,1,2,1,1,SRES12,Homeland Security and Governmental Affairs,67,81,UT,,,,,,
116,344,41903,"Scott, Richard",1,6,200,1/9/19,1/3/21,0,1,2,1,1,SRES12,Homeland Security and Governmental Affairs,43,81,FL,,,,,,
116,344,49706,"Enzi, Michael B.",1,7,200,1/9/19,1/3/21,0,3,2,1,0,SRES12,Homeland Security and Governmental Affairs,68,82,WY,Announced retirement at end of Congress,,,,,
116,344,41901,"Hawley, Joshua David",1,8,200,1/9/19,1/3/21,0,1,2,1,1,SRES12,Homeland Security and Governmental Affairs,34,81,MO,,,,,,
116,358,49300,"Feinstein, Dianne",2,1,100,1/9/19,1/3/21,0,27,2,1,1,SRES13,Judiciary,71,81,CA,,,,,,
116,358,14307,"Leahy, Patrick J.",2,2,100,1/9/19,1/3/21,0,41,2,1,1,SRES13,Judiciary,6,83,VT,,,,,,
116,358,15021,"Durbin, Richard J.",2,3,100,1/9/19,1/3/21,0,19,2,1,1,SRES13,Judiciary,21,82,IL,,,,,,
116,358,40704,"Whitehouse, Sheldon",2,4,100,1/9/19,1/3/21,0,13,2,1,1,SRES13,Judiciary,5,83,RI,,,,,,
116,358,40700,"Klobuchar, Amy",2,5,100,1/9/19,1/3/21,0,11,2,1,1,SRES13,Judiciary,33,81,MN,,,,,,
116,358,40916,"Coons, Christopher",2,6,100,1/9/19,1/3/21,0,9,2,1,1,SRES13,Judiciary,11,82,DE,,,,,,
116,358,41101,"Blumenthal, Richard",2,7,100,1/9/19,1/3/21,0,9,2,1,1,SRES13,Judiciary,1,83,CT,,,,,,
116,358,20713,"Hirono, Mazie",2,8,100,1/9/19,1/3/21,0,1,2,1,1,SRES13,Judiciary,82,81,HI,,,,,,
116,358,41308,"Booker, Cory",2,9,100,1/9/19,1/3/21,0,1,2,1,1,SRES13,Judiciary,12,82,NJ,,,,,,
116,358,41701,"Harris, Kamala",2,10,100,1/9/19,1/3/21,0,1,2,1,0,SRES13,Judiciary,71,83,CA,Formally resigned for her position as VP 01/18/21,,,,,
116,358,29566,"Graham, Lindsey O.",1,1,200,1/9/19,1/3/21,0,17,2,1,1,SRES12,Judiciary,48,82,SC,,,,,,
116,358,14226,"Grassley, Charles E.",1,2,200,1/9/19,1/3/21,0,39,2,1,1,SRES12,Judiciary,31,83,IA,,,,,,
116,358,40305,"Cornyn, John",1,3,200,1/9/19,1/3/21,0,17,2,1,1,SRES12,Judiciary,49,81,TX,,,,,,
116,358,41110,"Lee, Mike",1,4,200,1/9/19,1/3/21,0,9,2,1,1,SRES12,Judiciary,67,83,UT,,,,,,
116,358,41304,"Cruz, Ted",1,5,200,1/9/19,1/3/21,0,7,2,1,1,SRES12,Judiciary,49,81,TX,,,,,,
116,358,41503,"Sasse, Ben",1,6,200,1/9/19,1/3/21,0,3,2,1,1,SRES12,Judiciary,35,82,NE,,,,,,
116,358,41901,"Hawley, Joshua David",1,7,200,1/9/19,1/3/21,0,1,2,1,1,SRES12,Judiciary,34,81,MO,,,,,,
116,358,41504,"Tillis, Thom",1,8,200,1/9/19,1/3/21,0,5,2,1,1,SRES12,Judiciary,47,82,NC,,,,,,
116,358,41502,"Ernst, Joni",1,9,200,1/9/19,1/3/21,0,1,2,1,2,SRES12,Judiciary,31,82,IA,,,,,,
116,358,29345,"Crapo, Michael Dean",1,10,200,1/9/19,1/3/21,0,3,2,1,2,SRES12,Judiciary,63,83,ID,,,,,,
116,358,41703,"Kennedy, John N.",1,11,200,1/9/19,1/3/21,0,3,2,1,1,SRES12,Judiciary,45,83,LA,,,,,,
116,358,20351,"Blackburn, Marsha",1,12,200,1/9/19,1/3/21,0,1,2,1,1,SRES12,Judiciary,54,81,TN,,,,,,
116,362,49308,"Murray, Patty",2,1,100,1/9/19,1/3/21,0,23,2,1,1,SRES13,"Health, Education, Labor, and Pensions",73,83,WA,,,,,,
116,362,29147,"Sanders, Bernard",2,2,328,1/9/19,1/3/21,0,13,2,1,1,SRES13,"Health, Education, Labor, and Pensions",6,81,VT,,,,,,
116,362,40703,"Casey, Robert P., Jr.",2,3,100,1/9/19,1/3/21,0,11,2,1,1,SRES13,"Health, Education, Labor, and Pensions",14,81,PA,,,,,,
116,362,29940,"Baldwin, Tammy",2,4,100,1/9/19,1/3/21,0,7,2,1,1,SRES13,"Health, Education, Labor, and Pensions",25,81,WI,,,,,,
116,362,20707,"Murphy, Christopher",2,5,100,1/9/19,1/3/21,0,7,2,1,1,SRES13,"Health, Education, Labor, and Pensions",1,81,CT,,,,,,
116,362,41301,"Warren, Elizabeth",2,6,100,1/9/19,1/3/21,0,7,2,1,2,SRES13,"Health, Education, Labor, and Pensions",3,81,MA,,,,,,
116,362,41305,"Kaine, Timothy",2,7,100,1/9/19,1/3/21,0,3,2,1,1,SRES13,"Health, Education, Labor, and Pensions",40,81,VA,,,,,,
116,362,41702,"Hassan, Maggie",2,8,100,1/9/19,1/3/21,0,3,2,1,1,SRES13,"Health, Education, Labor, and Pensions",4,83,NH,,,,,,
116,362,41706,"Smith, Tina",2,9,100,1/9/19,1/3/21,0,3,2,1,1,SRES13,"Health, Education, Labor, and Pensions",33,82,MN,,,,,,
116,362,41705,"Jones, Gordon Douglas (Doug)",2,10,100,1/9/19,1/3/21,0,3,2,1,0,SRES13,"Health, Education, Labor, and Pensions",41,82,AL,,,,,,
116,362,21743,"Rosen, Jacky",2,11,100,1/9/19,1/3/21,0,1,2,1,1,SRES13,"Health, Education, Labor, and Pensions",65,81,NV,,,,,,
116,362,40304,"Alexander, Lamar",1,1,200,1/9/19,1/3/21,0,17,2,1,0,SRES12,"Health, Education, Labor, and Pensions",54,82,TN,Announced retirement at end of Congress,,,,,
116,362,49706,"Enzi, Michael B.",1,2,200,1/9/19,1/3/21,0,23,2,1,0,SRES12,"Health, Education, Labor, and Pensions",68,82,WY,Announced retirement at end of Congress,,,,,
116,362,29548,"Burr, Richard",1,3,200,1/9/19,1/3/21,0,15,2,1,1,SRES12,"Health, Education, Labor, and Pensions",47,83,NC,,,,,,
116,362,29909,"Isakson, Johnny",1,4,200,1/9/19,12/31/19,0,15,2,1,0,SRES12,"Health, Education, Labor, and Pensions",44,83,GA,"Resigned december 31, 2019",,,,,
116,362,41104,"Paul, Rand",1,5,200,1/9/19,1/3/21,0,9,2,1,1,SRES12,"Health, Education, Labor, and Pensions",51,83,KY,,,,,,
116,362,49703,"Collins, Susan",1,6,200,1/9/19,1/3/21,0,5,2,1,1,SRES12,"Health, Education, Labor, and Pensions",2,82,ME,,,,,,
116,362,20919,"Cassidy, Bill",1,7,200,1/9/19,1/3/21,0,5,2,1,1,SRES12,"Health, Education, Labor, and Pensions",45,82,LA,,,,,,
116,362,14852,"Roberts, Pat",1,8,200,1/9/19,1/3/21,0,19,2,1,0,SRES12,"Health, Education, Labor, and Pensions",32,82,KS,Announced retirement at end of Congress,,,,,
116,362,40300,"Murkowski, Lisa",1,9,200,1/9/19,1/3/21,0,13,2,1,1,SRES12,"Health, Education, Labor, and Pensions",81,83,AK,,,,,,
116,362,21173,"Scott, Tim",1,10,200,1/9/19,1/3/21,0,7,2,1,1,SRES12,"Health, Education, Labor, and Pensions",48,83,SC,,,,,,
116,362,41902,"Romney, Willard Mitt (Mitt)",1,11,200,1/9/19,1/3/21,0,1,2,1,1,SRES12,"Health, Education, Labor, and Pensions",67,81,UT,,,,,,
116,362,41900,"Braun, Mike",1,12,200,1/9/19,1/3/21,0,1,2,1,1,SRES12,"Health, Education, Labor, and Pensions",22,81,IN,,,,,,
116,362,41904,"Loeffler, Kelly",6,1,200,1/6/20,1/3/21,0,1,2,1,0,SRES464,"Health, Education, Labor, and Pensions",44,83,GA,Replaced Isakson's seat on the committee ,,,,,
116,380,40700,"Klobuchar, Amy",2,1,100,1/9/19,1/3/21,21,7,2,1,1,SRES13,Rules and Administration,33,81,MN,,,,,,
116,380,49300,"Feinstein, Dianne",2,2,100,1/9/19,1/3/21,0,27,2,1,1,SRES13,Rules and Administration,71,81,CA,,,,,,
116,380,14858,"Schumer, Charles Ellis (Chuck)",2,3,100,1/9/19,1/3/21,0,21,2,1,1,SRES13,Rules and Administration,13,83,NY,,,,,,
116,380,15021,"Durbin, Richard J.",2,4,100,1/9/19,1/3/21,0,19,2,1,2,SRES13,Rules and Administration,21,82,IL,,,,,,
116,380,29924,"Udall, Tom",2,5,100,1/9/19,1/3/21,0,11,2,1,0,SRES13,Rules and Administration,66,82,NM,Announced retirement at end of Congress,,,,,
116,380,40909,"Warner, Mark",2,6,100,1/9/19,1/3/21,0,11,2,1,1,SRES13,Rules and Administration,40,82,VA,,,,,,
116,380,14307,"Leahy, Patrick J.",2,7,100,1/9/19,1/3/21,0,9,2,1,1,SRES13,Rules and Administration,6,83,VT,,,,,,
116,380,41300,"King, Angus S.",3,8,328,1/9/19,1/3/21,0,7,2,1,1,SRES13,Rules and Administration,2,81,ME,,,,,,
116,380,41700,"Cortez Masto, Catherine",2,9,100,1/9/19,1/3/21,0,3,2,1,2,SRES13,Rules and Administration,65,83,NV,,,,,,
116,380,29735,"Blunt, Roy",1,1,200,1/9/19,1/3/21,11,9,2,1,1,SRES12,Rules and Administration,34,83,MO,,,,,,
116,380,14921,"McConnell, Mitch",1,2,200,1/9/19,1/3/21,0,31,2,1,1,SRES12,Rules and Administration,51,82,KY,,,,,,
116,380,40304,"Alexander, Lamar",1,3,200,1/9/19,1/3/21,0,13,2,1,0,SRES12,Rules and Administration,54,82,TN,Announced retirement at end of Congress,,,,,
116,380,14852,"Roberts, Pat",1,4,200,1/9/19,1/3/21,0,11,2,1,0,SRES12,Rules and Administration,32,82,KS,Announced retirement at end of Congress,,,,,
116,380,94659,"Shelby, Richard C.",1,5,200,1/9/19,1/3/21,0,9,2,1,1,SRES12,Rules and Administration,41,83,AL,,,,,,
116,380,41304,"Cruz, Ted",1,6,200,1/9/19,1/3/21,0,7,2,1,1,SRES12,Rules and Administration,49,81,TX,,,,,,
116,380,20146,"Capito, Shelley M.",1,7,200,1/9/19,1/3/21,0,5,2,1,1,SRES12,Rules and Administration,56,82,WV,,,,,,
116,380,29534,"Wicker, Roger F.",1,8,200,1/9/19,1/3/21,0,5,2,1,1,SRES12,Rules and Administration,46,81,MS,,,,,,
116,380,41302,"Fischer, Deb",1,9,200,1/9/19,1/3/21,0,3,2,1,1,SRES12,Rules and Administration,35,81,NE,,,,,,
116,380,41707,"Hyde-Smith, Cindy",1,10,200,1/9/19,1/3/21,0,3,2,1,1,SRES12,Rules and Administration,46,82,MS,,,,,,
116,384,15408,"Cardin, Benjamin L.",2,1,100,1/9/19,1/3/21,0,13,2,1,1,SRES13,Small Business and Entrepreneurship,52,81,MD,,,,,,
116,384,39310,"Cantwell, Maria",2,2,100,1/9/19,1/3/21,0,19,2,1,1,SRES13,Small Business and Entrepreneurship,73,81,WA,,,,,,
116,384,40906,"Shaheen, Jeanne",2,3,100,1/9/19,1/3/21,21,11,2,1,1,SRES13,Small Business and Entrepreneurship,4,82,NH,,,,,,
116,384,14435,"Markey, Edward J. (Ed)",2,4,100,1/9/19,1/3/21,0,7,2,1,1,SRES13,Small Business and Entrepreneurship,3,82,MA,,,,,,
116,384,41308,"Booker, Cory",2,5,100,1/9/19,1/3/21,0,7,2,1,1,SRES13,Small Business and Entrepreneurship,12,82,NJ,,,,,,
116,384,40916,"Coons, Christopher",2,6,100,1/9/19,1/3/21,0,5,2,1,1,SRES13,Small Business and Entrepreneurship,11,82,DE,,,,,,
116,384,20713,"Hirono, Mazie",2,7,100,1/9/19,1/3/21,0,5,2,1,1,SRES13,Small Business and Entrepreneurship,82,81,HI,,,,,,
116,384,21325,"Duckworth, Tammy",2,8,100,1/9/19,1/3/21,0,3,2,1,1,SRES13,Small Business and Entrepreneurship,21,83,IL,,,,,,
116,384,21743,"Rosen, Jacky",2,9,100,1/9/19,1/3/21,0,1,2,1,1,SRES13,Small Business and Entrepreneurship,65,81,NV,,,,,,
116,384,41102,"Rubio, Marco",1,1,200,1/9/19,1/3/21,11,9,2,1,1,SRES12,Small Business and Entrepreneurship,43,83,FL,,,,,,
116,384,40902,"Risch, James",1,2,200,1/9/19,1/3/21,0,11,2,1,1,SRES12,Small Business and Entrepreneurship,63,82,ID,,,,,,
116,384,41104,"Paul, Rand",1,3,200,1/9/19,1/3/21,0,9,2,1,1,SRES12,Small Business and Entrepreneurship,51,83,KY,,,,,,
116,384,21173,"Scott, Tim",1,4,200,1/9/19,1/3/21,0,7,2,1,1,SRES12,Small Business and Entrepreneurship,48,83,SC,,,,,,
116,384,41502,"Ernst, Joni",1,5,200,1/9/19,1/3/21,0,5,2,1,1,SRES12,Small Business and Entrepreneurship,31,82,IA,,,,,,
116,384,15424,"Inhofe, James M.",1,6,200,1/9/19,1/3/21,0,3,2,1,1,SRES12,Small Business and Entrepreneurship,53,82,OK,,,,,,
116,384,21133,"Young, Todd",1,7,200,1/9/19,1/3/21,0,3,2,1,1,SRES12,Small Business and Entrepreneurship,22,83,IN,,,,,,
116,384,41703,"Kennedy, John N.",1,8,200,1/9/19,1/3/21,0,3,2,1,1,SRES12,Small Business and Entrepreneurship,45,83,LA,,,,,,
116,384,41902,"Romney, Willard Mitt (Mitt)",1,9,200,1/9/19,1/3/21,0,1,2,1,2,SRES12,Small Business and Entrepreneurship,67,81,UT,,,,,,
116,384,41901,"Hawley, Joshua David",1,10,200,1/9/19,1/3/21,0,1,2,1,1,SRES12,Small Business and Entrepreneurship,34,81,MO,,,,,,
116,388,40702,"Tester, Jon",2,1,100,1/9/19,1/3/21,21,13,2,1,1,SRES13,Veterans' Affairs,64,81,MT,,,,,,
116,388,49308,"Murray, Patty",2,2,100,1/9/19,1/3/21,0,25,2,1,1,SRES13,Veterans' Affairs,73,83,WA,,,,,,
116,388,29147,"Sanders, Bernard",2,3,328,1/9/19,1/3/21,0,13,2,1,1,SRES13,Veterans' Affairs,6,81,VT,,,,,,
116,388,29389,"Brown, Sherrod",2,4,100,1/9/19,1/3/21,0,13,2,1,1,SRES13,Veterans' Affairs,24,81,OH,,,,,,
116,388,41101,"Blumenthal, Richard",2,5,100,1/9/19,1/3/21,0,7,2,1,1,SRES13,Veterans' Affairs,1,83,CT,,,,,,
116,388,20713,"Hirono, Mazie",2,6,100,1/9/19,1/3/21,0,7,2,1,1,SRES13,Veterans' Affairs,82,81,HI,,,,,,
116,388,40915,"Manchin, Joe",2,7,100,1/9/19,1/3/21,0,5,2,1,1,SRES13,Veterans' Affairs,56,81,WV,,,,,,
116,388,21300,"Sinema, Kyrsten",2,8,100,1/9/19,1/3/21,0,1,2,1,1,SRES13,Veterans' Affairs,61,81,AZ,,,,,,
116,388,29909,"Isakson, Johnny",1,1,200,1/9/19,12/31/19,11,15,2,1,0,SRES12,Veterans' Affairs,44,83,GA,"Resigned december 31, 2019",,,,,
116,388,29722,"Moran, Jerry",1,2,200,1/9/19,1/3/21,0,9,2,1,1,SRES12,Veterans' Affairs,32,83,KS,,,,,,
116,388,20101,"Boozman, John",1,3,200,1/9/19,1/3/21,0,9,2,1,1,SRES12,Veterans' Affairs,42,83,AR,,,,,,
116,388,20919,"Cassidy, Bill",1,4,200,1/9/19,1/3/21,0,5,2,1,1,SRES12,Veterans' Affairs,45,82,LA,,,,,,
116,388,41505,"Rounds, Mike",1,5,200,1/9/19,1/3/21,0,5,2,1,1,SRES12,Veterans' Affairs,37,82,SD,,,,,,
116,388,41504,"Tillis, Thom",1,6,200,1/9/19,1/3/21,0,5,2,1,1,SRES12,Veterans' Affairs,47,82,NC,,,,,,
116,388,41500,"Sullivan, Daniel",1,7,200,1/9/19,1/3/21,0,5,2,1,1,SRES12,Veterans' Affairs,81,82,AK,,,,,,
116,388,20351,"Blackburn, Marsha",1,8,200,1/9/19,1/3/21,0,1,2,1,1,SRES12,Veterans' Affairs,54,81,TN,,,,,,
116,388,21350,"Cramer, Kevin",1,9,200,1/9/19,1/3/21,0,1,2,1,1,SRES12,Veterans' Affairs,36,81,ND,,,,,,
116,388,41904,"Loeffler, Kelly",6,1,200,1/6/20,1/3/21,0,1,2,1,0,SRES464,Veterans' Affairs,44,83,GA,Replaced Isakson's seat on the committee,,,,,
116,419,40703,"Casey, Robert P., Jr.",2,1,100,1/9/19,1/3/21,21,13,2,1,1,SRES13,Aging (Special Committee),14,81,PA,,,,,,
116,419,20735,"Gillibrand, Kirsten E.",2,2,100,1/9/19,1/3/21,0,11,2,1,1,SRES13,Aging (Special Committee),13,81,NY,,,,,,
116,419,41101,"Blumenthal, Richard",2,3,100,1/9/19,1/3/21,0,9,2,1,1,SRES13,Aging (Special Committee),1,83,CT,,,,,,
116,419,41301,"Warren, Elizabeth",2,4,100,1/9/19,1/3/21,0,7,2,1,1,SRES13,Aging (Special Committee),3,81,MA,,,,,,
116,419,41705,"Jones, Gordon Douglas (Doug)",2,5,100,1/9/19,1/3/21,0,3,2,1,0,SRES13,Aging (Special Committee),41,82,AL,,,,,,
116,419,21300,"Sinema, Kyrsten",2,6,100,1/9/19,1/3/21,0,1,2,1,2,SRES13,Aging (Special Committee),61,81,AZ,,,,,,
116,419,21743,"Rosen, Jacky",2,7,100,1/9/19,1/3/21,0,1,2,1,1,SRES13,Aging (Special Committee),65,81,NV,,,,,,
116,419,49703,"Collins, Susan",1,1,200,1/9/19,1/3/21,11,23,2,1,1,SRES12,Aging (Special Committee),2,82,ME,,,,,,
116,419,21173,"Scott, Tim",1,2,200,1/9/19,1/3/21,0,7,2,1,1,SRES12,Aging (Special Committee),48,83,SC,,,,,,
116,419,29548,"Burr, Richard",1,3,200,1/9/19,1/3/21,0,3,2,1,1,SRES12,Aging (Special Committee),47,83,NC,,,,,,
116,419,21501,"McSally, Martha",1,4,200,1/9/19,1/3/21,0,1,2,1,0,SRES12,Aging (Special Committee),61,83,AZ,,,,,,
116,419,41102,"Rubio, Marco",1,5,200,1/9/19,1/3/21,0,3,2,1,1,SRES12,Aging (Special Committee),43,83,FL,,,,,,
116,419,41901,"Hawley, Joshua David",1,6,200,1/9/19,1/3/21,0,1,2,1,2,SRES12,Aging (Special Committee),34,81,MO,,,,,,
116,419,41900,"Braun, Mike",1,7,200,1/9/19,1/3/21,0,1,2,1,1,SRES12,Aging (Special Committee),22,81,IN,,,,,,
116,419,41903,"Scott, Richard",1,8,200,1/9/19,1/3/21,0,1,2,1,1,SRES12,Aging (Special Committee),43,81,FL,,,,,,
116,432,40909,"Warner, Mark",2,1,100,1/9/19,1/3/21,81,9,2,1,1,SRES13,Intelligence (Select Committee),40,82,VA,,,,,,
116,432,49300,"Feinstein, Dianne",2,2,100,1/9/19,1/3/21,0,19,2,1,1,SRES13,Intelligence (Select Committee),71,81,CA,,,,,,
116,432,14871,"Wyden, Ron",2,3,100,1/9/19,1/3/21,0,19,2,1,1,SRES13,Intelligence (Select Committee),72,83,OR,,,,,,
116,432,20930,"Heinrich, Martin",2,4,100,1/9/19,1/3/21,0,7,2,1,1,SRES13,Intelligence (Select Committee),66,81,NM,,,,,,
116,432,41300,"King, Angus S.",2,5,328,1/9/19,1/3/21,0,7,2,1,1,SRES13,Intelligence (Select Committee),2,81,ME,,,,,,
116,432,41701,"Harris, Kamala",2,6,100,1/9/19,1/3/21,0,3,2,1,0,SRES13,Intelligence (Select Committee),71,83,CA,Formally resigned for her position as VP 01/18/21,,,,,
116,432,40910,"Bennet, Michael ",2,7,100,1/9/19,1/3/21,0,1,2,1,1,SRES13,Intelligence (Select Committee),62,83,CO,,,,,,
116,432,29142,"Reed, Jack",2,8,100,1/9/19,1/3/21,0,3,2,1,1,SRES13,Intelligence (Select Committee),5,82,RI,Ex officio appointment,,,,,
116,432,14858,"Schumer, Charles Ellis (Chuck)",2,9,100,1/9/19,1/3/21,0,1,2,1,1,SRES13,Intelligence (Select Committee),13,83,NY,Ex officio appointment,,,,,
116,432,29548,"Burr, Richard",1,1,200,1/9/19,1/3/21,11,13,2,1,1,SRES12,Intelligence (Select Committee),47,83,NC,,,,,,
116,432,40902,"Risch, James",1,2,200,1/9/19,1/3/21,0,11,2,1,1,SRES12,Intelligence (Select Committee),63,82,ID,,,,,,
116,432,41102,"Rubio, Marco",1,3,200,1/9/19,1/3/21,0,11,2,1,1,SRES12,Intelligence (Select Committee),43,83,FL,,,,,,
116,432,49703,"Collins, Susan",1,4,200,1/9/19,1/3/21,0,7,2,1,1,SRES12,Intelligence (Select Committee),2,82,ME,,,,,,
116,432,29735,"Blunt, Roy",1,5,200,1/9/19,1/3/21,0,5,2,1,1,SRES12,Intelligence (Select Committee),34,83,MO,,,,,,
116,432,21301,"Cotton, Tom",1,6,200,1/9/19,1/3/21,0,5,2,1,1,SRES12,Intelligence (Select Committee),42,82,AR,,,,,,
116,432,40305,"Cornyn, John",1,7,200,1/9/19,1/3/21,0,3,2,1,1,SRES12,Intelligence (Select Committee),49,81,TX,,,,,,
116,432,41503,"Sasse, Ben",1,8,200,1/9/19,1/3/21,0,1,2,1,1,SRES12,Intelligence (Select Committee),35,82,NE,,,,,,
116,434,40916,"Coons, Christopher",2,1,100,1/9/19,1/3/21,81,5,2,1,1,SRES13,Ethics (Select Committee),2,82,DE,,,,,,
116,434,41112,"Schatz, Brian E.",2,2,100,1/9/19,1/3/21,0,5,2,1,1,SRES13,Ethics (Select Committee),82,83,HI,,,,,,
116,434,40906,"Shaheen, Jeanne",2,3,100,1/9/19,1/3/21,0,3,2,1,1,SRES13,Ethics (Select Committee),4,82,NH,,,,,,
116,434,29909,"Isakson, Johnny",1,1,200,1/9/19,12/31/19,11,13,2,1,0,SRES12,Ethics (Select Committee),44,83,GA,"Resigned december 31, 2019",,,,,
116,434,14852,"Roberts, Pat",1,2,200,1/9/19,1/3/21,0,23,2,1,0,SRES12,Ethics (Select Committee),32,82,KS,Announced retirement at end of Congress,,,,,
116,434,40902,"Risch, James",1,3,200,1/9/19,1/3/21,0,11,2,1,1,SRES12,Ethics (Select Committee),63,82,ID,,,,,,
116,434,21166,"Lankford, James",6,1,200,12/19/19,1/3/21,0,1,2,1,1,SRES459,Ethics (Select Committee),53,83,OK,Replaced Isakson's seat on the committee 12/19/2019,,,,,
116,435,29924,"Udall, Tom",2,1,100,1/9/19,1/3/21,81,11,2,1,0,SRES13,Indian Affairs (Select Committee),66,82,NM,Announced retirement at end of Congress,,,,,
116,435,39310,"Cantwell, Maria",2,2,100,1/9/19,1/3/21,0,19,2,1,1,SRES13,Indian Affairs (Select Committee),73,81,WA,,,,,,
116,435,40702,"Tester, Jon",2,3,100,1/9/19,1/3/21,0,11,2,1,1,SRES13,Indian Affairs (Select Committee),64,81,MT,,,,,,
116,435,41112,"Schatz, Brian E.",2,4,100,1/9/19,1/3/21,0,7,2,1,1,SRES13,Indian Affairs (Select Committee),82,83,HI,,,,,,
116,435,41700,"Cortez Masto, Catherine",2,5,100,1/9/19,1/3/21,0,3,2,1,1,SRES13,Indian Affairs (Select Committee),65,83,NV,,,,,,
116,435,41706,"Smith, Tina",2,6,100,1/9/19,1/3/21,0,3,2,1,1,SRES13,Indian Affairs (Select Committee),33,82,MN,,,,,,
116,435,41107,"Hoeven, John",1,1,200,1/9/19,1/3/21,11,9,2,1,1,SRES12,Indian Affairs (Select Committee),36,83,ND,,,,,,
116,435,40707,"Barrasso, John A.",1,2,200,1/9/19,1/3/21,0,13,2,1,2,SRES12,Indian Affairs (Select Committee),68,81,WY,,,,,,
116,435,40300,"Murkowski, Lisa",1,3,200,1/9/19,1/3/21,0,17,2,1,1,SRES12,Indian Affairs (Select Committee),81,83,AK,,,,,,
116,435,21166,"Lankford, James",1,4,200,1/9/19,1/3/21,0,5,2,1,1,SRES12,Indian Affairs (Select Committee),53,83,OK,,,,,,
116,435,21338,"Daines, Steve",1,5,200,1/9/19,1/3/21,0,3,2,1,1,SRES12,Indian Affairs (Select Committee),64,82,MT,,,,,,
116,435,21501,"McSally, Martha",1,6,200,1/9/19,1/3/21,0,1,2,1,0,SRES12,Indian Affairs (Select Committee),61,83,AZ,,,,,,
116,435,29722,"Moran, Jerry",1,7,200,1/9/19,1/3/21,0,5,2,1,1,SRES12,Indian Affairs (Select Committee),32,83,KS,,,,,,
116,500,40700,"Klobuchar, Amy",2,1,100,2/28/19,1/3/21,0,3,2,1,,SRES86,Library (Joint),33,82,MN,,,,,,
116,500,14307,"Leahy, Patrick J.",2,2,100,2/28/19,1/3/21,0,9,2,1,,SRES86,Library (Joint),6,83,VT,,,,,,
116,500,29735,"Blunt, Roy",1,1,200,2/28/19,1/3/21,11,7,2,1,,SRES86,Library (Joint),34,81,MO,,,,,,
116,500,14852,"Roberts, Pat",1,2,200,2/28/19,1/3/21,0,7,2,1,0,SRES86,Library (Joint),32,83,KS,Announced retirement at end of Congress,,,,,
116,500,94659,"Shelby, Richard C.",1,3,200,2/28/19,1/3/21,0,3,2,1,,SRES86,Library (Joint),41,83,AL,,,,,,
116,501,29735,"Blunt, Roy",1,1,200,2/28/19,1/3/21,11,3,2,1,,SRES86,Printing (Joint),34,81,MO,,,,,,
116,501,14852,"Roberts, Pat",1,2,200,2/28/19,1/3/21,0,7,2,1,0,SRES86,Printing (Joint),32,82,KS,Announced retirement at end of Congress,,,,,
116,501,29534,"Wicker, Roger F.",1,3,200,2/28/19,1/3/21,0,3,2,1,,SRES86,Printing (Joint),46,83,MS,,,,,,
116,501,40700,"Klobuchar, Amy",2,1,100,2/28/19,1/3/21,21,3,2,1,,SRES86,Printing (Joint),33,82,MN,,,,,,
116,501,29924,"Udall, Tom",2,2,100,2/28/19,1/3/21,0,11,2,1,0,SRES86,Printing (Joint),66,81,NM,Announced retirement at end of Congress,,,,,
116,507,20930,"Heinrich, Martin",2,1,100,1/9/19,1/3/21,21,7,2,1,1,SRES13,Economic (Joint Committee),66,81,NM,,,,,,
116,507,40700,"Klobuchar, Amy",2,2,100,1/9/19,1/3/21,0,13,2,1,1,SRES13,Economic (Joint Committee),33,81,MN,,,,,,
116,507,20923,"Peters, Gary",2,3,100,1/9/19,1/3/21,0,5,2,1,2,SRES13,Economic (Joint Committee),23,82,MI,,,,,,
116,507,41702,"Hassan, Maggie",2,4,100,1/9/19,1/3/21,0,3,2,1,1,SRES13,Economic (Joint Committee),4,83,NH,,,,,,
116,507,41110,"Lee, Mike",1,1,200,1/9/19,1/3/21,81,9,2,1,1,SRES12,Economic (Joint Committee),67,83,UT,,,,,,
116,507,21301,"Cotton, Tom",1,2,200,1/9/19,1/3/21,0,5,2,1,1,SRES12,Economic (Joint Committee),42,82,AR,,,,,,
116,507,41503,"Sasse, Ben",1,3,200,1/9/19,1/6/20,0,5,2,2,2,SRES12,Economic (Joint Committee),35,82,NE,,,,,,
116,507,29386,"Portman, Rob",1,4,200,1/9/19,1/3/21,0,3,2,1,1,SRES12,Economic (Joint Committee),24,83,OH,,,,,,
116,507,20919,"Cassidy, Bill",1,5,200,1/9/19,1/3/21,0,5,2,1,1,SRES12,Economic (Joint Committee),45,82,LA,,,,,,
116,507,41304,"Cruz, Ted",1,6,200,1/9/19,1/3/21,0,5,2,1,1,SRES12,Economic (Joint Committee),49,81,TX,,,,,,
116,507,41904,"Loeffler, Kelly",6,1,200,1/6/20,1/3/21,0,1,2,1,0,SRES464,Economic (Joint Committee),44,83,GA,"Replaced Sasse, who moved to another committee",,,,,
116,503,14871,"Wyden, Ron",2,1,100,2/6/19,1/3/21,21,7,2,1,,S1023,Taxation (Joint),72,83,OR,,,,,,
116,503,29732,"Stabenow, Deborah Ann",2,2,100,2/6/19,1/3/21,0,5,2,1,1,S1023,Taxation (Joint),23,81,MI,,,,,,
116,503,14226,"Grassley, Charles E.",1,1,200,2/6/19,1/3/21,0,11,2,1,1,S1023,Taxation (Joint),31,83,IA,,,,,,
116,503,29345,"Crapo, Michael Dean",1,2,200,2/6/19,1/3/21,0,3,2,1,1,S1023,Taxation (Joint),63,83,ID,,,,,,
116,503,49706,"Enzi, Michael B.",1,3,200,2/6/19,1/3/21,0,1,2,1,0,S1023,Taxation (Joint),68,82,WY,Announced retirement at end of Congress,,,,,
116,662,15021,"Durbin, Richard J.",2,1,100,1/3/19,1/3/21,64,11,2,1,1,,Minority whip,21,82,IL,,,,,,
116,662,14858,"Schumer, Charles Ellis (Chuck)",2,1,100,1/3/19,1/3/21,61,3,2,1,1,,Minority leader,13,83,NY,,,,,,
116,662,29754,"Thune, John",1,1,200,1/3/19,1/3/21,51,1,2,1,,,Majority whip,37,83,SD,,,,,,
116,662,14921,"McConnell, Mitch",1,1,200,1/3/19,1/3/21,41,12,2,1,1,,Majority leader,51,82,KY,,,,,,
117,305,29732,"Stabenow, Deborah Ann",1,1,100,2/3/21,,11,21,2,,,SRES28,"Agriculture, Nutrition, and Forestry",23,81,MI,,,,,,
117,305,14307,"Leahy, Patrick J.",1,2,100,2/3/21,,0,47,2,,,SRES28,"Agriculture, Nutrition, and Forestry",6,83,VT,,,,,,
117,305,29389,"Brown, Sherrod",1,3,100,2/3/21,,0,15,2,,,SRES28,"Agriculture, Nutrition, and Forestry",24,81,OH,,,,,,
117,305,40700,"Klobuchar, Amy",1,4,100,2/3/21,,0,15,2,,,SRES28,"Agriculture, Nutrition, and Forestry",33,81,MN,,,,,,
117,305,40910,"Bennet, Michael",1,5,100,2/3/21,,0,13,2,,,SRES28,"Agriculture, Nutrition, and Forestry",62,83,CO,,,,,,
117,305,20735,"Gillibrand, Kirsten E.",1,6,100,2/3/21,,0,13,2,,,SRES28,"Agriculture, Nutrition, and Forestry",13,81,NY,,,,,,
117,305,41706,"Smith, Tina",1,7,100,2/3/21,,0,5,2,,,SRES28,"Agriculture, Nutrition, and Forestry",33,82,MN,,,,,,
117,305,15021,"Durbin, Richard J.",1,8,100,2/3/21,,0,1,2,,,SRES28,"Agriculture, Nutrition, and Forestry",21,82,IL,,,,,,
117,305,41308,"Booker, Cory",1,9,100,2/3/21,,0,1,2,,,SRES28,"Agriculture, Nutrition, and Forestry",12,82,NJ,,,,,,
117,305,20932,"Luján, Ben Ray ",1,10,100,2/3/21,,0,1,2,,,SRES28,"Agriculture, Nutrition, and Forestry",66,82,NM,,,,,,
117,305,42105,"Warnock, Raphael",1,11,100,2/3/21,,0,1,2,,,SRES28,"Agriculture, Nutrition, and Forestry",44,83,GA,,,,,,
117,305,20101,"Boozman, John",2,1,200,2/3/21,,21,11,2,,,SRES32,"Agriculture, Nutrition, and Forestry",42,83,AR,,,,,,
117,305,14921,"McConnell, Mitch",2,2,200,2/3/21,,0,36,2,,,SRES32,"Agriculture, Nutrition, and Forestry",51,82,KY,,,,,,
117,305,41107,"Hoeven, John",2,3,200,2/3/21,,0,11,2,,,SRES32,"Agriculture, Nutrition, and Forestry",36,83,ND,,,,,,
117,305,41502,"Ernst, Joni",2,4,200,2/3/21,,0,7,2,,,SRES32,"Agriculture, Nutrition, and Forestry",31,82,IA,,,,,,
117,305,41707,"Hyde-Smith, Cindy",2,5,200,2/3/21,,0,3,2,,,SRES32,"Agriculture, Nutrition, and Forestry",46,82,MS,,,,,,
117,305,21734,"Marshall, Roger",2,6,200,2/3/21,,0,1,2,,,SRES32,"Agriculture, Nutrition, and Forestry",32,82,KS,,,,,,
117,305,42102,"Tuberville, Tommy",2,7,200,2/3/21,,0,1,2,,,SRES32,"Agriculture, Nutrition, and Forestry",41,83,AL,,,,,,
117,305,14226,"Grassley, Charles E.",2,8,200,2/3/21,,0,19,2,,,SRES32,"Agriculture, Nutrition, and Forestry",31,83,IA,,,,,,
117,305,29754,"Thune, John",2,9,200,2/3/21,,0,15,2,,,SRES32,"Agriculture, Nutrition, and Forestry",37,83,SD,,,,,,
117,305,41302,"Fischer, Deb",2,10,200,2/3/21,,0,3,2,,,SRES32,"Agriculture, Nutrition, and Forestry",35,81,NE,,,,,,
117,305,41900,"Braun, Michael",2,11,200,2/3/21,,0,3,2,,,SRES32,"Agriculture, Nutrition, and Forestry",22,81,IN,,,,,,
117,306,14307,"Leahy, Patrick J.",1,1,100,2/3/21,,11,43,2,,,SRES28,Appropriations,6,83,VT,,,,,,
117,306,49308,"Murray, Patty",1,2,100,2/3/21,,0,29,2,,,SRES28,Appropriations,73,83,WA,,,,,,
117,306,49300,"Feinstein, Dianne",1,3,100,2/3/21,,0,23,4,,,SRES28,Appropriations,71,81,CA,,,,,,
117,306,15021,"Durbin, Richard J.",1,4,100,2/3/21,,0,23,2,,,SRES28,Appropriations,21,82,IL,,,,,,
117,306,29142,"Reed, Jack",1,5,100,2/3/21,,0,15,5,,,SRES28,Appropriations,5,82,RI,,,,,,
117,306,40702,"Tester, Jon",1,6,100,2/3/21,,0,7,2,,,SRES28,Appropriations,64,81,MT,,,,,,
117,306,40906,"Shaheen, Jeanne",1,7,100,2/3/21,,0,9,2,,,SRES28,Appropriations,4,82,NH,,,,,,
117,306,40908,"Merkley, Jeff",1,8,100,2/3/21,,0,9,2,,,SRES28,Appropriations,72,82,OR,,,,,,
117,306,40916,"Coons, Christopher",1,9,100,2/3/21,,0,9,2,,,SRES28,Appropriations,11,82,DE,,,,,,
117,306,41112,"Schatz, Brian E.",1,10,100,2/3/21,,0,7,2,,,SRES28,Appropriations,82,83,HI,,,,,,
117,306,29940,"Baldwin, Tammy",1,11,100,2/3/21,,0,7,2,,,SRES28,Appropriations,25,81,WI,,,,,,
117,306,20707,"Murphy, Christopher",1,12,100,2/3/21,,0,7,2,,,SRES28,Appropriations,1,81,CT,,,,,,
117,306,40915,"Manchin, Joe",1,13,100,2/3/21,,0,5,2,,,SRES28,Appropriations,56,81,WV,,,,,,
117,306,20330,"Van Hollen, Chris",1,14,100,2/3/21,,0,5,2,,,SRES28,Appropriations,52,83,MD,,,,,,
117,306,20930,"Heinrich, Martin",1,15,100,2/3/21,,0,1,2,,,SRES28,Appropriations,66,81,NM,,,,,,
117,306,94659,"Shelby, Richard C.",2,1,200,2/3/21,,21,27,2,,,SRES32,Appropriations,41,82,AL,,,,,,
117,306,14921,"McConnell, Mitch",2,2,200,2/3/21,,0,29,2,,,SRES32,Appropriations,51,83,KY,,,,,,
117,306,49703,"Collins, Susan",2,3,200,2/3/21,,0,13,2,,,SRES32,Appropriations,2,82,ME,,,,,,
117,306,40300,"Murkowski, Lisa",2,4,200,2/3/21,,0,13,2,,,SRES32,Appropriations,81,83,AK,,,,,,
117,306,29566,"Graham, Lindsey O.",2,5,200,2/3/21,,0,11,2,,,SRES32,Appropriations,48,82,SC,,,,,,
117,306,29735,"Blunt, Roy",2,6,200,2/3/21,,0,11,2,,,SRES32,Appropriations,34,83,MO,,,,,,
117,306,29722,"Moran, Jerry",2,7,200,2/3/21,,0,11,2,,,SRES32,Appropriations,32,83,KS,,,,,,
117,306,41107,"Hoeven, John",2,8,200,2/3/21,,0,11,2,,,SRES32,Appropriations,36,83,ND,,,,,,
117,306,20101,"Boozman, John",2,9,200,2/3/21,,0,9,2,,,SRES32,Appropriations,42,83,AR,,,,,,
117,306,20146,"Capito, Shelley M.",2,10,200,2/3/21,,0,7,2,,,SRES32,Appropriations,56,82,WV,,,,,,
117,306,41703,"Kennedy, John N.",2,11,200,2/3/21,,0,5,2,,,SRES32,Appropriations,45,83,LA,,,,,,
117,306,41707,"Hyde-Smith, Cindy",2,12,200,2/3/21,,0,5,2,,,SRES32,Appropriations,46,82,MS,,,,,,
117,306,41900,"Braun, Michael",2,13,200,2/3/21,,0,1,2,,,SRES32,Appropriations,22,81,IN,,,,,,
117,306,42100,"Hagerty, Bill",2,14,200,2/3/21,,0,1,2,,,SRES32,Appropriations,54,82,TN,,,,,,
117,306,41102,"Rubio, Marco",2,15,200,2/3/21,,0,5,2,,,SRES32,Appropriations,43,83,FL,,,,,,
117,308,29142,"Reed, Jack",1,1,100,2/3/21,,11,23,2,,,SRES28,Armed Services,5,82,RI,,,,,,
117,308,40906,"Shaheen, Jeanne",1,2,100,2/3/21,,0,11,2,,,SRES28,Armed Services,4,82,NH,,,,,,
117,308,20735,"Gillibrand, Kirsten E.",1,3,100,2/3/21,,0,11,2,,,SRES28,Armed Services,13,81,NY,,,,,,
117,308,41101,"Blumenthal, Richard",1,4,100,2/3/21,,0,11,2,,,SRES28,Armed Services,1,83,CT,,,,,,
117,308,20713,"Hirono, Mazie",1,5,100,2/3/21,,0,9,2,,,SRES28,Armed Services,82,81,HI,,,,,,
117,308,41305,"Kaine, Timothy",1,6,100,2/3/21,,0,9,2,,,SRES28,Armed Services,40,81,VA,,,,,,
117,308,41300,"King, Angus S.",1,7,100,2/3/21,,0,9,2,,,SRES28,Armed Services,2,81,ME,,,,,,
117,308,41301,"Warren, Elizabeth",1,8,100,2/3/21,,0,5,2,,,SRES28,Armed Services,3,81,MA,,,,,,
117,308,20923,"Peters, Gary",1,9,100,2/3/21,,0,5,2,,,SRES28,Armed Services,23,82,MI,,,,,,
117,308,40915,"Manchin, Joe ",1,10,100,2/3/21,,0,3,2,,,SRES28,Armed Services,56,81,WV,,,,,,
117,308,21325,"Duckworth, Tammy",1,11,100,2/3/21,,0,3,2,,,SRES28,Armed Services,21,83,IL,,,,,,
117,308,21743,"Rosen, Jacky",1,12,100,2/3/21,,0,1,2,,,SRES28,Armed Services,65,81,NV,,,,,,
117,308,41905,"Kelly, Mark",1,13,100,2/3/21,,0,1,2,,,SRES28,Armed Services,61,83,AZ,,,,,,
117,308,15424,"Inhofe, James M.",2,1,200,2/3/21,,21,27,2,,,SRES32,Armed Services,53,82,OK,,,,,,
117,308,29534,"Wicker, Roger F.",2,2,200,2/3/21,,0,14,2,,,SRES32,Armed Services,46,81,MS,,,,,,
117,308,41302,"Fischer, Deb",2,3,200,2/3/21,,0,9,2,,,SRES32,Armed Services,35,81,NE,,,,,,
117,308,21301,"Cotton, Tom",2,4,200,2/3/21,,0,7,2,,,SRES32,Armed Services,42,82,AR,,,,,,
117,308,41505,"Rounds, Mike",2,5,200,2/3/21,,0,7,2,,,SRES32,Armed Services,37,82,SD,,,,,,
117,308,41502,"Ernst, Joni",2,6,200,2/3/21,,0,7,2,,,SRES32,Armed Services,31,82,IA,,,,,,
117,308,41504,"Tillis, Thom",2,7,200,2/3/21,,0,7,2,,,SRES32,Armed Services,47,82,NC,,,,,,
117,308,41500,"Sullivan, Daniel",2,8,200,2/3/21,,0,7,2,,,SRES32,Armed Services,81,82,AK,,,,,,
117,308,21350,"Cramer, Kevin",2,9,200,2/3/21,,0,3,2,,,SRES32,Armed Services,36,81,ND,,,,,,
117,308,41903,"Scott, Richard",2,10,200,2/3/21,,0,3,2,,,SRES32,Armed Services,43,81,FL,,,,,,
117,308,20351,"Blackburn, Marsha",2,11,200,2/3/21,,0,3,2,,,SRES32,Armed Services,54,81,TN,,,,,,
117,308,41901,"Hawley, Joshua David",2,12,200,2/3/21,,0,3,2,,,SRES32,Armed Services,34,81,MO,,,,,,
117,308,42102,"Tuberville, Tommy",2,13,200,2/3/21,,0,1,2,,,SRES32,Armed Services,41,83,AL,,,,,,
117,314,29389,"Brown, Sherrod",1,1,100,2/3/21,,11,15,2,,,SRES28,"Banking, Housing, and Urban Affairs",24,81,OH,,,,,,
117,314,29142,"Reed, Jack",1,2,100,2/3/21,,0,25,2,,,SRES28,"Banking, Housing, and Urban Affairs",5,82,RI,,,,,,
117,314,29373,"Menendez, Robert",1,3,100,2/3/21,,0,17,2,,,SRES28,"Banking, Housing, and Urban Affairs",12,81,NJ,,,,,,
117,314,40702,"Tester, Jon",1,4,100,2/3/21,,0,15,2,,,SRES28,"Banking, Housing, and Urban Affairs",64,81,MT,,,,,,
117,314,40909,"Warner, Mark",1,5,100,2/3/21,,0,13,2,,,SRES28,"Banking, Housing, and Urban Affairs",40,82,VA,,,,,,
117,314,41301,"Warren, Elizabeth",1,6,100,2/3/21,,0,9,2,,,SRES28,"Banking, Housing, and Urban Affairs",3,81,MA,,,,,,
117,314,20330,"Van Hollen, Chris",1,7,100,2/3/21,,0,5,2,,,SRES28,"Banking, Housing, and Urban Affairs",52,83,MD,,,,,,
117,314,41700,"Cortez Masto, Catherine",1,8,100,2/3/21,,0,5,2,,,SRES28,"Banking, Housing, and Urban Affairs",65,83,NV,,,,,,
117,314,41706,"Smith, Tina",1,9,100,2/3/21,,0,3,2,,,SRES28,"Banking, Housing, and Urban Affairs",33,82,MN,,,,,,
117,314,21300,"Sinema, Kyrsten",1,10,100,2/3/21,,0,3,2,,,SRES28,"Banking, Housing, and Urban Affairs",61,81,AZ,,,,,,
117,314,42101,"Hickenlooper, John",1,11,100,2/3/21,,0,1,2,,,SRES28,"Banking, Housing, and Urban Affairs",62,82,CO,,,,,,
117,314,42105,"Warnock, Raphael",1,12,100,2/3/21,,0,1,2,,,SRES28,"Banking, Housing, and Urban Affairs",44,83,GA,,,,,,
117,314,29935,"Toomey, Patrick J.",2,1,200,2/3/21,,21,11,2,,,SRES32,"Banking, Housing, and Urban Affairs",14,83,PA,,,,,,
117,314,94659,"Shelby, Richard C.",2,2,200,2/3/21,,0,35,2,,,SRES32,"Banking, Housing, and Urban Affairs",41,83,AL,,,,,,
117,314,29345,"Crapo, Michael Dean",2,3,200,2/3/21,,0,23,2,,,SRES32,"Banking, Housing, and Urban Affairs",63,83,ID,,,,,,
117,314,21173,"Scott, Tim",2,4,200,2/3/21,,0,7,2,,,SRES32,"Banking, Housing, and Urban Affairs",48,83,SC,,,,,,
117,314,41505,"Rounds, Mike",2,5,200,2/3/21,,0,7,2,,,SRES32,"Banking, Housing, and Urban Affairs",37,82,SD,,,,,,
117,314,41504,"Tillis, Thom",2,6,200,2/3/21,,0,5,2,,,SRES32,"Banking, Housing, and Urban Affairs",47,82,NC,,,,,,
117,314,41703,"Kennedy, John N.",2,7,200,2/3/21,,0,5,2,,,SRES32,"Banking, Housing, and Urban Affairs",45,83,LA,,,,,,
117,314,42100,"Hagerty, Bill",2,8,200,2/3/21,,0,1,2,,,SRES32,"Banking, Housing, and Urban Affairs",54,82,TN,,,,,,
117,314,20953,"Lummis, Cynthia",2,9,200,2/3/21,,0,1,2,,,SRES32,"Banking, Housing, and Urban Affairs",68,82,WY,,,,,,
117,314,29722,"Moran, Jerry",2,10,200,2/3/21,,0,5,2,,,SRES32,"Banking, Housing, and Urban Affairs",32,83,KS,,,,,,
117,314,21350,"Cramer, Kevin",2,11,200,2/3/21,,0,3,2,,,SRES32,"Banking, Housing, and Urban Affairs",36,81,ND,,,,,,
117,314,21338,"Daines, Steve",2,12,200,2/3/21,,0,1,2,,,SRES32,"Banking, Housing, and Urban Affairs",64,82,MT,,,,,,
117,316,29147,"Sanders, Bernard",1,1,328,2/3/21,,11,15,2,,,SRES28,Budget,6,81,VT,,,,,,
117,316,49308,"Murray, Patty",1,2,100,2/3/21,,0,29,2,,,SRES28,Budget,73,83,WA,,,,,,
117,316,14871,"Wyden, Ron",1,3,100,2/3/21,,0,26,2,,,SRES28,Budget,72,83,OR,,,,,,
117,316,29732,"Stabenow, Deborah Ann",1,4,100,2/3/21,,0,21,2,,,SRES28,Budget,23,81,MI,,,,,,
117,316,40704,"Whitehouse, Sheldon",1,5,100,2/3/21,,0,15,2,,,SRES28,Budget,5,83,RI,,,,,,
117,316,40909,"Warner, Mark",1,6,100,2/3/21,,0,13,2,,,SRES28,Budget,40,82,VA,,,,,,
117,316,40908,"Merkley, Jeff",1,7,100,2/3/21,,0,13,2,,,SRES28,Budget,72,82,OR,,,,,,
117,316,41305,"Kaine, Timothy",1,8,100,2/3/21,,0,9,2,,,SRES28,Budget,40,81,VA,,,,,,
117,316,20330,"Van Hollen, Chris",1,9,100,2/3/21,,0,3,2,,,SRES28,Budget,52,83,MD,,,,,,
117,316,20932,"Luján, Ben Ray ",1,10,100,2/3/21,,0,1,2,,,SRES28,Budget,66,82,NM,,,,,,
117,316,42104,"Padilla, Alejandro (Alex)",1,11,100,2/3/21,,0,1,2,,,SRES28,Budget,71,83,CA,,,,,,
117,316,29566,"Graham, Lindsey O.",2,1,200,2/3/21,,21,17,2,,,SRES32,Budget,48,82,SC,,,,,,
117,316,14226,"Grassley, Charles E.",2,2,200,2/3/21,,0,41,2,,,SRES32,Budget,31,83,IA,,,,,,
117,316,29345,"Crapo, Michael Dean",2,3,200,2/3/21,,0,19,2,,,SRES32,Budget,63,83,ID,,,,,,
117,316,29935,"Toomey, Patrick J.",2,4,200,2/3/21,,0,11,2,,,SRES32,Budget,14,83,PA,,,,,,
117,316,41111,"Johnson, Ron",2,5,200,2/3/21,,0,11,2,,,SRES32,Budget,25,83,WI,,,,,,
117,316,41903,"Scott, Richard",2,6,200,2/3/21,,0,3,2,,,SRES32,Budget,43,81,FL,,,,,,
117,316,41503,"Sasse, Ben",2,7,200,2/3/21,,0,1,2,,,SRES32,Budget,35,82,NE,,,,,,
117,316,41703,"Kennedy, John N.",2,8,200,2/3/21,,0,5,2,,,SRES32,Budget,45,83,LA,,,,,,
117,316,21350,"Cramer, Kevin ",2,9,100,2/3/21,,0,3,2,,,SRES28,Budget,36,81,ND,,,,,,
117,321,39310,"Cantwell, Maria",1,1,100,2/3/21,,11,19,2,,,SRES28,"Commerce, Science, and Transportation",73,81,WA,,,,,,
117,321,40700,"Klobuchar, Amy",1,2,100,2/3/21,,0,15,2,,,SRES28,"Commerce, Science, and Transportation",33,81,MN,,,,,,
117,321,41101,"Blumenthal, Richard",1,3,100,2/3/21,,0,9,2,,,SRES28,"Commerce, Science, and Transportation",1,83,CT,,,,,,
117,321,41112,"Schatz, Brian E.",1,4,100,2/3/21,,0,9,2,,,SRES28,"Commerce, Science, and Transportation",82,83,HI,,,,,,
117,321,14435,"Markey, Edward J. (Ed)",1,5,100,2/3/21,,0,9,2,,,SRES28,"Commerce, Science, and Transportation",3,82,MA,,,,,,
117,321,20923,"Peters, Gary",1,6,100,2/3/21,,0,7,2,,,SRES28,"Commerce, Science, and Transportation",23,82,MI,,,,,,
117,321,29940,"Baldwin, Tammy",1,7,100,2/3/21,,0,5,2,,,SRES28,"Commerce, Science, and Transportation",25,81,WI,,,,,,
117,321,21325,"Duckworth, Tammy",1,8,100,2/3/21,,0,5,2,,,SRES28,"Commerce, Science, and Transportation",21,83,IL,,,,,,
117,321,40702,"Tester, Jon",1,9,100,2/3/21,,0,5,2,,,SRES28,"Commerce, Science, and Transportation",64,81,MT,,,,,,
117,321,21300,"Sinema, Kyrsten",1,10,100,2/3/21,,0,3,2,,,SRES28,"Commerce, Science, and Transportation",61,81,AZ,,,,,,
117,321,21743,"Rosen, Jacky",1,11,100,2/3/21,,0,3,2,,,SRES28,"Commerce, Science, and Transportation",65,81,NV,,,,,,
117,321,20932,"Luján, Ben Ray ",1,12,100,2/3/21,,0,1,2,,,SRES28,"Commerce, Science, and Transportation",66,82,NM,,,,,,
117,321,42101,"Hickenlooper, John",1,13,100,2/3/21,,0,1,2,,,SRES28,"Commerce, Science, and Transportation",62,82,CO,,,,,,
117,321,42105,"Warnock, Raphael",1,14,100,2/3/21,,0,1,2,,,SRES28,"Commerce, Science, and Transportation",44,83,GA,,,,,,
117,321,29534,"Wicker, Roger F.",2,1,200,2/3/21,,21,14,2,,,SRES32,"Commerce, Science, and Transportation",46,81,MS,,,,,,
117,321,29754,"Thune, John",2,2,200,2/3/21,,0,15,2,,,SRES32,"Commerce, Science, and Transportation",37,83,SD,,,,,,
117,321,29735,"Blunt, Roy",2,3,200,2/3/21,,0,11,2,,,SRES32,"Commerce, Science, and Transportation",34,83,MO,,,,,,
117,321,41304,"Cruz, Ted",2,4,200,2/3/21,,0,9,2,,,SRES32,"Commerce, Science, and Transportation",49,81,TX,,,,,,
117,321,41302,"Fischer, Deb",2,5,200,2/3/21,,0,9,2,,,SRES32,"Commerce, Science, and Transportation",35,81,NE,,,,,,
117,321,29722,"Moran, Jerry",2,6,200,2/3/21,,0,7,2,,,SRES32,"Commerce, Science, and Transportation",32,83,KS,,,,,,
117,321,41500,"Sullivan, Daniel",2,7,200,2/3/21,,0,7,2,,,SRES32,"Commerce, Science, and Transportation",81,82,AK,,,,,,
117,321,20351,"Blackburn, Marsha",2,8,200,2/3/21,,0,3,2,,,SRES32,"Commerce, Science, and Transportation",54,81,TN,,,,,,
117,321,21133,"Young, Todd",2,9,200,2/3/21,,0,5,2,,,SRES32,"Commerce, Science, and Transportation",22,83,IN,,,,,,
117,321,41110,"Lee, Mike",2,10,200,2/3/21,,0,5,2,,,SRES32,"Commerce, Science, and Transportation",67,83,UT,,,,,,
117,321,41111,"Johnson, Ron",2,11,200,2/3/21,,0,9,2,,,SRES32,"Commerce, Science, and Transportation",25,82,WI,,,,,,
117,321,20146,"Capito, Shelley M.",2,12,200,2/3/21,,0,5,2,,,SRES32,"Commerce, Science, and Transportation",56,82,WV,,,,,,
117,321,41903,"Scott, Richard",2,13,200,2/3/21,,0,3,2,,,SRES32,"Commerce, Science, and Transportation",43,81,FL,,,,,,
117,321,20953,"Lummis, Cynthia",2,14,200,2/3/21,,0,1,2,,,SRES32,"Commerce, Science, and Transportation",68,82,WY,,,,,,
117,330,40915,"Manchin, Joe",1,1,100,2/3/21,,11,11,2,,,SRES28,Energy and Natural Resources,56,81,WV,,,,,,
117,330,14871,"Wyden, Ron",1,2,100,2/3/21,,0,26,2,,,SRES28,Energy and Natural Resources,72,83,OR,,,,,,
117,330,39310,"Cantwell, Maria",1,3,100,2/3/21,,0,21,2,,,SRES28,Energy and Natural Resources,73,81,WA,,,,,,
117,330,29147,"Sanders, Bernard",1,4,328,2/3/21,,0,15,2,,,SRES28,Energy and Natural Resources,6,81,VT,,,,,,
117,330,20930,"Heinrich, Martin",1,5,100,2/3/21,,0,9,2,,,SRES28,Energy and Natural Resources,66,81,NM,,,,,,
117,330,20713,"Hirono, Mazie",1,6,100,2/3/21,,0,7,2,,,SRES28,Energy and Natural Resources,82,81,HI,,,,,,
117,330,41300,"King, Angus S.",1,7,328,2/3/21,,0,7,2,,,SRES28,Energy and Natural Resources,2,81,ME,,,,,,
117,330,41700,"Cortez Masto, Catherine",1,8,100,2/3/21,,0,5,2,,,SRES28,Energy and Natural Resources,65,83,NV,,,,,,
117,330,41905,"Kelly, Mark",1,9,100,2/3/21,,0,1,2,,,SRES28,Energy and Natural Resources,61,83,AZ,,,,,,
117,330,42101,"Hickenlooper, John",1,10,100,2/3/21,,0,1,2,,,SRES28,Energy and Natural Resources,62,82,CO,,,,,,
117,330,40707,"Barrasso, John A.",2,1,200,2/3/21,,21,15,2,,,SRES32,Energy and Natural Resources,68,81,WY,,,,,,
117,330,40902,"Risch, James",2,2,200,2/3/21,,0,13,2,,,SRES32,Energy and Natural Resources,63,82,ID,,,,,,
117,330,41110,"Lee, Mike",2,3,200,2/3/21,,0,11,2,,,SRES32,Energy and Natural Resources,67,83,UT,,,,,,
117,330,21338,"Daines, Steve",2,4,200,2/3/21,,0,7,2,,,SRES32,Energy and Natural Resources,64,82,MT,,,,,,
117,330,40300,"Murkowski, Lisa",2,5,200,2/3/21,,0,19,2,,,SRES32,Energy and Natural Resources,81,83,AK,,,,,,
117,330,41107,"Hoeven, John",2,6,200,2/3/21,,0,11,2,,,SRES32,Energy and Natural Resources,36,83,ND,,,,,,
117,330,21166,"Lankford, James",2,7,200,2/3/21,,0,1,2,,,SRES32,Energy and Natural Resources,53,83,OK,,,,,,
117,330,20919,"Cassidy, Bill",2,8,200,2/3/21,,0,7,2,,,SRES32,Energy and Natural Resources,45,82,LA,,,,,,
117,330,41707,"Hyde-Smith, Cindy",2,9,200,2/3/21,,0,3,2,,,SRES32,Energy and Natural Resources,46,82,MS,,,,,,
117,330,21734,"Marshall, Roger",2,10,200,2/3/21,,0,1,2,,,SRES32,Energy and Natural Resources,32,82,KS,,,,,,
117,332,15015,"Carper, Thomas Richard",1,1,100,2/3/21,,11,21,2,,,SRES28,Environment and Public Works,11,81,DE,,,,,,
117,332,15408,"Cardin, Benjamin L.",1,2,100,2/3/21,,0,15,2,,,SRES28,Environment and Public Works,52,81,MD,,,,,,
117,332,29147,"Sanders, Bernard",1,3,328,2/3/21,,0,15,2,,,SRES28,Environment and Public Works,6,81,VT,,,,,,
117,332,40704,"Whitehouse, Sheldon",1,4,100,2/3/21,,0,15,2,,,SRES28,Environment and Public Works,5,83,RI,,,,,,
117,332,40908,"Merkley, Jeff",1,5,100,2/3/21,,0,13,2,,,SRES28,Environment and Public Works,72,82,OR,,,,,,
117,332,14435,"Markey, Edward J. (Ed)",1,6,100,2/3/21,,0,9,2,,,SRES28,Environment and Public Works,3,82,MA,,,,,,
117,332,21325,"Duckworth, Tammy",1,7,100,2/3/21,,0,5,2,,,SRES28,Environment and Public Works,21,83,IL,,,,,,
117,332,29732,"Stabenow, Deborah Ann",1,8,100,2/3/21,,0,1,2,,,SRES28,Environment and Public Works,23,81,MI,,,,,,
117,332,41905,"Kelly, Mark",1,9,100,2/3/21,,0,1,2,,,SRES28,Environment and Public Works,61,83,AZ,,,,,,
117,332,42104,"Padilla, Alejandro (Alex)",1,10,100,2/3/21,,0,1,2,,,SRES28,Environment and Public Works,71,83,CA,,,,,,
117,332,20146,"Capito, Shelley M.",2,1,200,2/3/21,,21,7,2,,,SRES32,Environment and Public Works,56,82,WV,,,,,,
117,332,15424,"Inhofe, James M.",2,2,200,2/3/21,,0,25,2,,,SRES32,Environment and Public Works,53,82,OK,,,,,,
117,332,21350,"Cramer, Kevin ",2,3,200,2/3/21,,0,3,2,,,SRES32,Environment and Public Works,36,81,ND,,,,,,
117,332,20953,"Lummis, Cynthia",2,4,200,2/3/21,,0,1,2,,,SRES32,Environment and Public Works,68,82,WY,,,,,,
117,332,94659,"Shelby, Richard C.",2,5,200,2/3/21,,0,5,2,,,SRES32,Environment and Public Works,41,83,AL,,,,,,
117,332,20101,"Boozman, John",2,6,200,2/3/21,,0,9,2,,,SRES32,Environment and Public Works,42,83,AR,,,,,,
117,332,29534,"Wicker, Roger F.",2,7,200,2/3/21,,0,9,2,,,SRES32,Environment and Public Works,46,81,MS,,,,,,
117,332,41500,"Sullivan, Daniel",2,8,200,2/3/21,,0,5,2,,,SRES32,Environment and Public Works,81,82,AK,,,,,,
117,332,29566,"Graham, Lindsey O.",2,9,200,2/3/21,,0,1,2,,,SRES32,Environment and Public Works,48,82,SC,,,,,,
117,332,41502,"Ernst, Joni",2,9,200,2/3/21,,0,5,2,,,SRES32,Environment and Public Works,31,82,IA,,,,,,
117,336,14871,"Wyden, Ron",1,1,100,2/3/21,,11,17,2,,,SRES28,Finance,72,83,OR,,,,,,
117,336,29732,"Stabenow, Deborah Ann",1,2,100,2/3/21,,0,15,2,,,SRES28,Finance,23,81,MI,,,,,,
117,336,39310,"Cantwell, Maria",1,3,100,2/3/21,,0,15,2,,,SRES28,Finance,73,81,WA,,,,,,
117,336,29373,"Menendez, Robert",1,4,100,2/3/21,,0,13,2,,,SRES28,Finance,12,81,NJ,,,,,,
117,336,15015,"Carper, Thomas Richard",1,5,100,2/3/21,,0,13,2,,,SRES28,Finance,11,81,DE,,,,,,
117,336,15408,"Cardin, Benjamin L.",1,6,100,2/3/21,,0,11,2,,,SRES28,Finance,52,81,MD,,,,,,
117,336,29389,"Brown, Sherrod",1,7,100,2/3/21,,0,9,2,,,SRES28,Finance,24,81,OH,,,,,,
117,336,40910,"Bennet, Michael",1,8,100,2/3/21,,0,9,2,,,SRES28,Finance,62,83,CO,,,,,,
117,336,40703,"Casey, Robert P., Jr.",1,9,100,2/3/21,,0,9,2,,,SRES28,Finance,14,81,PA,,,,,,
117,336,40909,"Warner, Mark",1,10,100,2/3/21,,0,9,2,,,SRES28,Finance,40,82,VA,,,,,,
117,336,40704,"Whitehouse, Sheldon",1,11,100,2/3/21,,0,3,2,,,SRES28,Finance,5,83,RI,,,,,,
117,336,41702,"Hassan, Margaret (Maggie)",1,12,100,2/3/21,,0,3,2,,,SRES28,Finance,4,83,NH,,,,,,
117,336,41700,"Cortez Masto, Catherine",1,13,100,2/3/21,,0,3,2,,,SRES28,Finance,65,83,NV,,,,,,
117,336,41301,"Warren, Elizabeth",1,14,100,2/3/21,,0,1,2,,,SRES28,Finance,3,81,MA,,,,,,
117,336,29345,"Crapo, Michael Dean",2,1,200,2/3/21,,21,17,2,,,SRES32,Finance,63,83,ID,,,,,,
117,336,14226,"Grassley, Charles E.",2,2,200,2/3/21,,0,31,4,,,SRES32,Finance,31,83,IA,,,,,,
117,336,40305,"Cornyn, John",2,3,200,2/3/21,,0,13,2,,,SRES32,Finance,49,81,TX,,,,,,
117,336,29754,"Thune, John",2,4,200,2/3/21,,0,11,2,,,SRES32,Finance,37,83,SD,,,,,,
117,336,29548,"Burr, Richard",2,5,200,2/3/21,,0,11,2,,,SRES32,Finance,47,83,NC,,,,,,
117,336,29386,"Portman, Rob",2,6,200,2/3/21,,0,9,2,,,SRES32,Finance,24,83,OH,,,,,,
117,336,29935,"Toomey, Patrick J.",2,7,200,2/3/21,,0,9,2,,,SRES32,Finance,14,83,PA,,,,,,
117,336,21173,"Scott, Tim",2,8,200,2/3/21,,0,7,2,,,SRES32,Finance,48,83,SC,,,,,,
117,336,20919,"Cassidy, Bill",2,9,200,2/3/21,,0,5,2,,,SRES32,Finance,45,82,LA,,,,,,
117,336,21166,"Lankford, James",2,10,200,2/3/21,,0,3,2,,,SRES32,Finance,53,83,OK,,,,,,
117,336,21338,"Daines, Steve ",2,11,200,2/3/21,,0,3,2,,,SRES32,Finance,64,82,MT,,,,,,
117,336,21133,"Young, Todd",2,12,200,2/3/21,,0,3,2,,,SRES32,Finance,22,83,IN,,,,,,
117,336,41503,"Sasse, Ben",2,13,200,2/3/21,,0,3,2,,,SRES32,Finance,35,82,NE,,,,,,
117,336,40707,"Barrasso, John A.",2,14,200,2/3/21,,0,1,2,,,SRES32,Finance,68,81,WY,,,,,,
117,338,29373,"Menendez, Robert",1,1,100,2/3/21,,11,15,2,,,SRES28,Foreign Relations,12,81,NJ,,,,,,
117,338,15408,"Cardin, Benjamin L.",1,2,100,2/3/21,,0,15,2,,,SRES28,Foreign Relations,52,81,MD,,,,,,
117,338,40906,"Shaheen, Jeanne",1,3,100,2/3/21,,0,13,2,,,SRES28,Foreign Relations,4,82,NH,,,,,,
117,338,40916,"Coons, Christopher",1,4,100,2/3/21,,0,11,2,,,SRES28,Foreign Relations,11,82,DE,,,,,,
117,338,20707,"Murphy, Christopher",1,5,100,2/3/21,,0,9,2,,,SRES28,Foreign Relations,1,81,CT,,,,,,
117,338,41305,"Kaine, Timothy",1,6,100,2/3/21,,0,9,2,,,SRES28,Foreign Relations,40,81,VA,,,,,,
117,338,14435,"Markey, Edward J. (Ed)",1,7,100,2/3/21,,0,9,2,,,SRES28,Foreign Relations,3,82,MA,,,,,,
117,338,40908,"Merkley, Jeff",1,8,100,2/3/21,,0,5,2,,,SRES28,Foreign Relations,72,82,OR,,,,,,
117,338,41308,"Booker, Cory",1,9,100,2/3/21,,0,5,2,,,SRES28,Foreign Relations,12,82,NJ,,,,,,
117,338,41112,"Schatz, Brian E.",1,10,100,2/3/21,,0,1,2,,,SRES28,Foreign Relations,82,83,HI,,,,,,
117,338,20330,"Van Hollen, Chris",1,11,100,2/3/21,,0,1,2,,,SRES28,Foreign Relations,52,83,MD,,,,,,
117,338,40902,"Risch, James",2,1,200,2/3/21,,21,13,2,,,SRES32,Foreign Relations,63,82,ID,,,,,,
117,338,41102,"Rubio, Marco",2,2,200,2/3/21,,0,11,2,,,SRES32,Foreign Relations,43,83,FL,,,,,,
117,338,41111,"Johnson, Ron",2,3,200,2/3/21,,0,9,2,,,SRES32,Foreign Relations,25,82,WI,,,,,,
117,338,41902,"Romney, Willard Mitt (Mitt)",2,4,200,2/3/21,,0,3,2,,,SRES32,Foreign Relations,67,81,UT,,,,,,
117,338,29386,"Portman, Rob",2,5,200,2/3/21,,0,5,2,,,SRES32,Foreign Relations,24,83,OH,,,,,,
117,338,41104,"Paul, Rand",2,6,200,2/3/21,,0,9,2,,,SRES32,Foreign Relations,51,83,KY,,,,,,
117,338,21133,"Young, Todd",2,7,200,2/3/21,,0,5,2,,,SRES32,Foreign Relations,22,83,IN,,,,,,
117,338,40707,"Barrasso, John A.",2,8,200,2/3/21,,0,14,2,,,SRES32,Foreign Relations,68,81,WY,,,,,,
117,338,41304,"Cruz, Ted",2,9,200,2/3/21,,0,3,2,,,SRES32,Foreign Relations,49,81,TX,,,,,,
117,338,41505,"Rounds, Mike",2,10,200,2/3/21,,0,1,2,,,SRES32,Foreign Relations,37,82,SD,,,,,,
117,338,42100,"Hagerty, Bill",2,11,200,2/3/21,,0,1,2,,,SRES32,Foreign Relations,54,82,TN,,,,,,
117,344,20923,"Peters, Gary",1,1,100,2/3/21,,11,7,2,,,SRES28,Homeland Security and Governmental Affairs,23,82,MI,,,,,,
117,344,15015,"Carper, Thomas Richard",1,2,100,2/3/21,,0,21,2,,,SRES28,Homeland Security and Governmental Affairs,11,81,DE,,,,,,
117,344,41702,"Hassan, Maggie",1,3,100,2/3/21,,0,5,2,,,SRES28,Homeland Security and Governmental Affairs,4,83,NH,,,,,,
117,344,21300,"Sinema, Kyrsten",1,4,100,2/3/21,,0,3,2,,,SRES28,Homeland Security and Governmental Affairs,61,81,AZ,,,,,,
117,344,21743,"Rosen, Jacky",1,5,100,2/3/21,,0,3,2,,,SRES28,Homeland Security and Governmental Affairs,65,81,NV,,,,,,
117,344,42104,"Padilla, Alejandro (Alex)",1,6,100,2/3/21,,0,1,2,,,SRES28,Homeland Security and Governmental Affairs,71,83,CA,,,,,,
117,344,42103,"Ossoff, Jon",1,7,100,2/3/21,,0,1,2,,,SRES28,Homeland Security and Governmental Affairs,44,82,GA,,,,,,
117,344,29386,"Portman, Rob",2,1,200,2/3/21,,21,11,2,,,SRES32,Homeland Security and Governmental Affairs,24,83,OH,,,,,,
117,344,41111,"Johnson, Ron",2,2,200,2/3/21,,0,7,2,,,SRES32,Homeland Security and Governmental Affairs,25,83,WI,,,,,,
117,344,41104,"Paul, Rand",2,3,200,2/3/21,,0,11,2,,,SRES32,Homeland Security and Governmental Affairs,51,83,KY,,,,,,
117,344,21166,"Lankford, James",2,4,200,2/3/21,,0,7,2,,,SRES32,Homeland Security and Governmental Affairs,53,83,OK,,,,,,
117,344,41902,"Romney, Willard Mitt (Mitt)",2,5,200,2/3/21,,0,3,2,,,SRES32,Homeland Security and Governmental Affairs,67,81,UT,,,,,,
117,344,41903,"Scott, Richard",2,6,200,2/3/21,,0,3,2,,,SRES32,Homeland Security and Governmental Affairs,43,81,FL,,,,,,
117,344,41901,"Hawley, Joshua David",2,7,200,2/3/21,,0,3,2,,,SRES32,Homeland Security and Governmental Affairs,34,81,MO,,,,,,
117,358,15021,"Durbin, Richard J.",1,1,100,2/3/21,,11,21,2,,,SRES28,Judiciary,21,82,IL,,,,,,
117,358,14307,"Leahy, Patrick J.",1,2,100,2/3/21,,0,43,2,,,SRES28,Judiciary,6,83,VT,,,,,,
117,358,49300,"Feinstein, Dianne",1,3,100,2/3/21,,0,29,2,,,SRES28,Judiciary,71,81,CA,,,,,,
117,358,40704,"Whitehouse, Sheldon",1,4,100,2/3/21,,0,15,2,,,SRES28,Judiciary,5,83,RI,,,,,,
117,358,40700,"Klobuchar, Amy",1,5,100,2/3/21,,0,13,2,,,SRES28,Judiciary,33,81,MN,,,,,,
117,358,40916,"Coons, Christopher",1,6,100,2/3/21,,0,11,2,,,SRES28,Judiciary,11,82,DE,,,,,,
117,358,41101,"Blumenthal, Richard",1,7,100,2/3/21,,0,11,2,,,SRES28,Judiciary,1,83,CT,,,,,,
117,358,20713,"Hirono, Mazie",1,8,100,2/3/21,,0,3,2,,,SRES28,Judiciary,82,81,HI,,,,,,
117,358,41308,"Booker, Cory",1,9,100,2/3/21,,0,3,2,,,SRES28,Judiciary,12,82,NJ,,,,,,
117,358,42104,"Padilla, Alejandro (Alex)",1,10,100,2/3/21,,0,1,2,,,SRES28,Judiciary,71,83,CA,,,,,,
117,358,42103,"Ossoff, Jon",1,11,100,2/3/21,,0,1,2,,,SRES28,Judiciary,44,82,GA,,,,,,
117,358,14226,"Grassley, Charles E.",2,1,200,2/3/21,,21,41,2,,,SRES32,Judiciary,31,83,IA,,,,,,
117,358,29566,"Graham, Lindsey O.",2,2,200,2/3/21,,0,19,2,,,SRES32,Judiciary,48,82,SC,,,,,,
117,358,40305,"Cornyn, John",2,3,200,2/3/21,,0,19,2,,,SRES32,Judiciary,49,81,TX,,,,,,
117,358,41110,"Lee, Mike",2,4,200,2/3/21,,0,11,2,,,SRES32,Judiciary,67,83,UT,,,,,,
117,358,41304,"Cruz, Ted",2,5,200,2/3/21,,0,9,2,,,SRES32,Judiciary,49,81,TX,,,,,,
117,358,41503,"Sasse, Ben",2,6,200,2/3/21,,0,5,2,,,SRES32,Judiciary,35,82,NE,,,,,,
117,358,41901,"Hawley, Joshua David",2,7,200,2/3/21,,0,3,2,,,SRES32,Judiciary,34,81,MO,,,,,,
117,358,21301,"Cotton, Tom",2,8,200,2/3/21,,0,1,2,,,SRES32,Judiciary,42,82,AR,,,,,,
117,358,41703,"Kennedy, John N.",2,9,200,2/3/21,,0,5,2,,,SRES32,Judiciary,45,83,LA,,,,,,
117,358,41504,"Tillis, Thom",2,10,200,2/3/21,,0,7,2,,,SRES32,Judiciary,47,82,NC,,,,,,
117,358,20351,"Blackburn, Marsha",2,11,200,2/3/21,,0,3,2,,,SRES32,Judiciary,54,81,TN,,,,,,
117,362,49308,"Murray, Patty",1,1,100,2/3/21,,11,25,2,,,SRES28,"Health, Education, Labor, and Pensions",73,83,WA,,,,,,
117,362,29147,"Sanders, Bernard",1,2,328,2/3/21,,0,15,2,,,SRES28,"Health, Education, Labor, and Pensions",6,81,VT,,,,,,
117,362,40703,"Casey, Robert P., Jr.",1,3,100,2/3/21,,0,13,2,,,SRES28,"Health, Education, Labor, and Pensions",14,81,PA,,,,,,
117,362,29940,"Baldwin, Tammy",1,4,100,2/3/21,,0,9,2,,,SRES28,"Health, Education, Labor, and Pensions",25,81,WI,,,,,,
117,362,20707,"Murphy, Christopher",1,5,100,2/3/21,,0,9,2,,,SRES28,"Health, Education, Labor, and Pensions",1,81,CT,,,,,,
117,362,41305,"Kaine, Timothy",1,6,100,2/3/21,,0,5,2,,,SRES28,"Health, Education, Labor, and Pensions",40,81,VA,,,,,,
117,362,41702,"Hassan, Maggie",1,7,100,2/3/21,,0,5,2,,,SRES28,"Health, Education, Labor, and Pensions",4,83,NH,,,,,,
117,362,41706,"Smith, Tina",1,8,100,2/3/21,,0,5,2,,,SRES28,"Health, Education, Labor, and Pensions",33,82,MN,,,,,,
117,362,21743,"Rosen, Jacky",1,9,100,2/3/21,,0,3,2,,,SRES28,"Health, Education, Labor, and Pensions",65,81,NV,,,,,,
117,362,20932,"Luján, Ben Ray ",1,10,100,2/3/21,,0,1,2,,,SRES28,"Health, Education, Labor, and Pensions",66,82,NM,,,,,,
117,362,42101,"Hickenlooper, John",1,11,100,2/3/21,,0,1,2,,,SRES28,"Health, Education, Labor, and Pensions",62,82,CO,,,,,,
117,362,29548,"Burr, Richard",2,1,200,2/3/21,,21,17,2,,,SRES32,"Health, Education, Labor, and Pensions",47,83,NC,,,,,,
117,362,41104,"Paul, Rand",2,2,200,2/3/21,,0,11,2,,,SRES32,"Health, Education, Labor, and Pensions",51,83,KY,,,,,,
117,362,49703,"Collins, Susan",2,3,200,2/3/21,,0,7,2,,,SRES32,"Health, Education, Labor, and Pensions",2,82,ME,,,,,,
117,362,20919,"Cassidy, Bill",2,4,200,2/3/21,,0,7,2,,,SRES32,"Health, Education, Labor, and Pensions",45,82,LA,,,,,,
117,362,40300,"Murkowski, Lisa",2,5,200,2/3/21,,0,15,2,,,SRES32,"Health, Education, Labor, and Pensions",81,83,AK,,,,,,
117,362,41900,"Braun, Mike",2,6,200,2/3/21,,0,3,2,,,SRES32,"Health, Education, Labor, and Pensions",22,81,IN,,,,,,
117,362,21734,"Marshall, Roger",2,7,200,2/3/21,,0,1,2,,,SRES32,"Health, Education, Labor, and Pensions",32,82,KS,,,,,,
117,362,21173,"Scott, Tim",2,8,200,2/3/21,,0,9,2,,,SRES32,"Health, Education, Labor, and Pensions",48,83,SC,,,,,,
117,362,41902,"Romney, Willard Mitt (Mitt)",2,9,200,2/3/21,,0,3,2,,,SRES32,"Health, Education, Labor, and Pensions",67,81,UT,,,,,,
117,362,42102,"Tuberville, Tommy",2,10,200,2/3/21,,0,1,2,,,SRES32,"Health, Education, Labor, and Pensions",41,83,AL,,,,,,
117,362,29722,"Moran, Jerry",2,11,200,2/3/21,,0,1,2,,,SRES32,"Health, Education, Labor, and Pensions",32,83,KS,,,,,,
117,380,40700,"Klobuchar, Amy",1,1,100,2/3/21,,11,9,2,,,SRES28,Rules and Administration,33,81,MN,,,,,,
117,380,49300,"Feinstein, Dianne",1,2,100,2/3/21,,0,29,2,,,SRES28,Rules and Administration,71,81,CA,,,,,,
117,380,14858,"Schumer, Charles Ellis (Chuck)",1,3,100,2/3/21,,0,23,2,,,SRES28,Rules and Administration,13,83,NY,,,,,,
117,380,40909,"Warner, Mark",1,4,100,2/3/21,,0,13,2,,,SRES28,Rules and Administration,40,82,VA,,,,,,
117,380,14307,"Leahy, Patrick J.",1,5,100,2/3/21,,0,11,2,,,SRES28,Rules and Administration,6,83,VT,,,,,,
117,380,41300,"King, Angus S.",1,6,328,2/3/21,,0,9,2,,,SRES28,Rules and Administration,2,81,ME,,,,,,
117,380,40908,"Merkley, Jeff",1,7,100,2/3/21,,0,1,2,,,SRES28,Rules and Administration,72,82,OR,,,,,,
117,380,42104,"Padilla, Alejandro (Alex)",1,8,100,2/3/21,,0,1,2,,,SRES28,Rules and Administration,71,83,CA,,,,,,
117,380,42103,"Ossoff, Jon",1,9,100,2/3/21,,0,1,2,,,SRES28,Rules and Administration,44,82,GA,,,,,,
117,380,29735,"Blunt, Roy",2,1,200,2/3/21,,21,11,2,,,SRES32,Rules and Administration,34,83,MO,,,,,,
117,380,14921,"McConnell, Mitch",2,2,200,2/3/21,,0,33,2,,,SRES32,Rules and Administration,51,82,KY,,,,,,
117,380,94659,"Shelby, Richard C.",2,3,200,2/3/21,,0,11,2,,,SRES32,Rules and Administration,41,83,AL,,,,,,
117,380,41304,"Cruz, Ted",2,4,200,2/3/21,,0,9,2,,,SRES32,Rules and Administration,49,81,TX,,,,,,
117,380,20146,"Capito, Shelley M.",2,5,200,2/3/21,,0,7,2,,,SRES32,Rules and Administration,56,82,WV,,,,,,
117,380,29534,"Wicker, Roger F.",2,6,200,2/3/21,,0,7,2,,,SRES32,Rules and Administration,46,81,MS,,,,,,
117,380,41302,"Fischer, Deb",2,7,200,2/3/21,,0,5,2,,,SRES32,Rules and Administration,35,81,NE,,,,,,
117,380,41707,"Hyde-Smith, Cindy",2,8,200,2/3/21,,0,5,2,,,SRES32,Rules and Administration,46,82,MS,,,,,,
117,380,42100,"Hagerty, Bill",2,9,200,2/3/21,,0,1,2,,,SRES32,Rules and Administration,54,82,TN,,,,,,
117,384,15408,"Cardin, Benjamin L.",1,1,100,2/3/21,,11,15,2,,,SRES28,Small Business and Entrepreneurship,52,81,MD,,,,,,
117,384,39310,"Cantwell, Maria",1,2,100,2/3/21,,0,21,2,,,SRES28,Small Business and Entrepreneurship,73,81,WA,,,,,,
117,384,40906,"Shaheen, Jeanne",1,3,100,2/3/21,,0,13,2,,,SRES28,Small Business and Entrepreneurship,4,82,NH,,,,,,
117,384,14435,"Markey, Edward J. (Ed)",1,4,100,2/3/21,,0,9,2,,,SRES28,Small Business and Entrepreneurship,3,82,MA,,,,,,
117,384,41308,"Booker, Cory",1,5,100,2/3/21,,0,9,2,,,SRES28,Small Business and Entrepreneurship,12,82,NJ,,,,,,
117,384,40916,"Coons, Christopher",1,6,100,2/3/21,,0,7,2,,,SRES28,Small Business and Entrepreneurship,11,82,DE,,,,,,
117,384,20713,"Hirono, Mazie",1,7,100,2/3/21,,0,7,2,,,SRES28,Small Business and Entrepreneurship,82,81,HI,,,,,,
117,384,21325,"Duckworth, Tammy",1,8,100,2/3/21,,0,5,2,,,SRES28,Small Business and Entrepreneurship,21,83,IL,,,,,,
117,384,21743,"Rosen, Jacky",1,9,100,2/3/21,,0,3,2,,,SRES28,Small Business and Entrepreneurship,65,81,NV,,,,,,
117,384,42101,"Hickenlooper, John",1,10,100,2/3/21,,0,1,2,,,SRES28,Small Business and Entrepreneurship,62,82,CO,,,,,,
117,384,41104,"Paul, Rand",2,1,200,2/3/21,,21,11,2,,,SRES32,Small Business and Entrepreneurship,51,83,KY,,,,,,
117,384,41102,"Rubio, Marco",2,2,200,2/3/21,,0,11,2,,,SRES32,Small Business and Entrepreneurship,43,83,FL,,,,,,
117,384,40902,"Risch, James",2,3,200,2/3/21,,0,13,2,,,SRES32,Small Business and Entrepreneurship,63,82,ID,,,,,,
117,384,21173,"Scott, Tim",2,4,200,2/3/21,,0,9,2,,,SRES32,Small Business and Entrepreneurship,48,83,SC,,,,,,
117,384,41502,"Ernst, Joni",2,5,200,2/3/21,,0,7,2,,,SRES32,Small Business and Entrepreneurship,31,82,IA,,,,,,
117,384,15424,"Inhofe, James M.",2,6,200,2/3/21,,0,5,2,,,SRES32,Small Business and Entrepreneurship,53,82,OK,,,,,,
117,384,21133,"Young, Todd",2,7,200,2/3/21,,0,5,2,,,SRES32,Small Business and Entrepreneurship,22,83,IN,,,,,,
117,384,41703,"Kennedy, John N.",2,8,200,2/3/21,,0,5,2,,,SRES32,Small Business and Entrepreneurship,45,83,LA,,,,,,
117,384,41901,"Hawley, Joshua David",2,9,200,2/3/21,,0,3,2,,,SRES32,Small Business and Entrepreneurship,34,81,MO,,,,,,
117,384,21734,"Marshall, Roger",2,10,200,2/3/21,,0,1,2,,,SRES32,Small Business and Entrepreneurship,32,82,KS,,,,,,
117,388,40702,"Tester, Jon",1,1,100,2/3/21,,11,15,2,,,SRES28,Veterans' Affairs,64,81,MT,,,,,,
117,388,49308,"Murray, Patty",1,2,100,2/3/21,,0,27,2,,,SRES28,Veterans' Affairs,73,83,WA,,,,,,
117,388,29147,"Sanders, Bernard",1,3,328,2/3/21,,0,15,2,,,SRES28,Veterans' Affairs,6,81,VT,,,,,,
117,388,29389,"Brown, Sherrod",1,4,100,2/3/21,,0,15,2,,,SRES28,Veterans' Affairs,24,81,OH,,,,,,
117,388,41101,"Blumenthal, Richard",1,5,100,2/3/21,,0,9,2,,,SRES28,Veterans' Affairs,1,83,CT,,,,,,
117,388,20713,"Hirono, Mazie",1,6,100,2/3/21,,0,9,2,,,SRES28,Veterans' Affairs,82,81,HI,,,,,,
117,388,40915,"Manchin, Joe",1,7,100,2/3/21,,0,7,2,,,SRES28,Veterans' Affairs,56,81,WV,,,,,,
117,388,21300,"Sinema, Kyrsten",1,8,100,2/3/21,,0,3,2,,,SRES28,Veterans' Affairs,61,81,AZ,,,,,,
117,388,41702,"Hassan, Margaret (Maggie)",1,9,100,2/3/21,,0,1,2,,,SRES28,Veterans' Affairs,4,83,NH,,,,,,
117,388,29722,"Moran, Jerry",2,1,200,2/3/21,,21,11,2,,,SRES32,Veterans' Affairs,32,83,KS,,,,,,
117,388,20101,"Boozman, John",2,2,200,2/3/21,,0,11,2,,,SRES32,Veterans' Affairs,42,83,AR,,,,,,
117,388,20919,"Cassidy, Bill",2,3,200,2/3/21,,0,7,2,,,SRES32,Veterans' Affairs,45,82,LA,,,,,,
117,388,41505,"Rounds, Mike",2,4,200,2/3/21,,0,7,2,,,SRES32,Veterans' Affairs,37,82,SD,,,,,,
117,388,41504,"Tillis, Thom",2,5,200,2/3/21,,0,7,2,,,SRES32,Veterans' Affairs,47,82,NC,,,,,,
117,388,41500,"Sullivan, Daniel",2,6,200,2/3/21,,0,7,2,,,SRES32,Veterans' Affairs,81,82,AK,,,,,,
117,388,20351,"Blackburn, Marsha",2,7,200,2/3/21,,0,3,2,,,SRES32,Veterans' Affairs,54,81,TN,,,,,,
117,388,21350,"Cramer, Kevin",2,8,200,2/3/21,,0,3,2,,,SRES32,Veterans' Affairs,36,81,ND,,,,,,
117,388,42102,"Tuberville, Tommy",2,9,200,2/3/21,,0,1,2,,,SRES32,Veterans' Affairs,41,83,AL,,,,,,
117,419,40703,"Casey, Robert P., Jr.",1,1,100,2/3/21,,11,15,2,,,SRES28,Aging (Special Committee),14,81,PA,,,,,,
117,419,20735,"Gillibrand, Kirsten E.",1,2,100,2/3/21,,0,13,2,,,SRES28,Aging (Special Committee),13,81,NY,,,,,,
117,419,41101,"Blumenthal, Richard",1,3,100,2/3/21,,0,11,2,,,SRES28,Aging (Special Committee),1,83,CT,,,,,,
117,419,41301,"Warren, Elizabeth",1,4,100,2/3/21,,0,9,2,,,SRES28,Aging (Special Committee),3,81,MA,,,,,,
117,419,21743,"Rosen, Jacky",1,5,100,2/3/21,,0,3,2,,,SRES28,Aging (Special Committee),65,81,NV,,,,,,
117,419,41905,"Kelly, Mark",1,6,100,2/3/21,,0,1,2,,,SRES28,Aging (Special Committee),61,83,AZ,,,,,,
117,419,42105,"Warnock, Raphael",1,7,100,2/3/21,,0,1,2,,,SRES28,Aging (Special Committee),44,83,GA,,,,,,
117,419,21173,"Scott, Tim",2,1,200,2/3/21,,21,9,2,,,SRES32,Aging (Special Committee),48,83,SC,,,,,,
117,419,49703,"Collins, Susan",2,2,200,2/3/21,,0,25,2,,,SRES32,Aging (Special Committee),2,82,ME,,,,,,
117,419,29548,"Burr, Richard",2,3,200,2/3/21,,0,5,2,,,SRES32,Aging (Special Committee),47,83,NC,,,,,,
117,419,41102,"Rubio, Marco",2,4,200,2/3/21,,0,5,2,,,SRES32,Aging (Special Committee),43,83,FL,,,,,,
117,419,41900,"Braun, Mike",2,5,200,2/3/21,,0,3,2,,,SRES32,Aging (Special Committee),22,81,IN,,,,,,
117,419,41903,"Scott, Richard",2,6,200,2/3/21,,0,3,2,,,SRES32,Aging (Special Committee),43,81,FL,,,,,,
117,419,41110,"Lee, Mike",2,7,200,2/3/21,,0,1,2,,,SRES32,Aging (Special Committee),67,83,UT,,,,,,
117,432,40909,"Warner, Mark",1,1,100,2/3/21,,81,11,2,,,SRES28,Intelligence (Select Committee),40,82,VA,,,,,,
117,432,49300,"Feinstein, Dianne",1,2,100,2/3/21,,0,21,2,,,SRES28,Intelligence (Select Committee),71,81,CA,,,,,,
117,432,14871,"Wyden, Ron",1,3,100,2/3/21,,0,21,2,,,SRES28,Intelligence (Select Committee),72,83,OR,,,,,,
117,432,20930,"Heinrich, Martin",1,4,100,2/3/21,,0,9,2,,,SRES28,Intelligence (Select Committee),66,81,NM,,,,,,
117,432,41300,"King, Angus S.",1,5,328,2/3/21,,0,9,2,,,SRES28,Intelligence (Select Committee),2,81,ME,,,,,,
117,432,40910,"Bennet, Michael ",1,6,100,2/3/21,,0,3,2,,,SRES28,Intelligence (Select Committee),62,83,CO,,,,,,
117,432,29142,"Reed, Jack",1,7,100,2/3/21,,0,5,2,,,SRES28,Intelligence (Select Committee),5,82,RI,,,,,,
117,432,14858,"Schumer, Charles Ellis (Chuck)",1,8,100,2/3/21,,0,3,2,,,SRES28,Intelligence (Select Committee),13,83,NY,,,,,,
117,432,41102,"Rubio, Marco",2,1,200,2/3/21,,21,13,2,,,SRES32,Intelligence (Select Committee),43,83,FL,,,,,,
117,432,29548,"Burr, Richard",2,2,200,2/3/21,,0,15,2,,,SRES32,Intelligence (Select Committee),47,83,NC,,,,,,
117,432,40902,"Risch, James",2,3,200,2/3/21,,0,13,2,,,SRES32,Intelligence (Select Committee),63,82,ID,,,,,,
117,432,49703,"Collins, Susan",2,4,200,2/3/21,,0,9,2,,,SRES32,Intelligence (Select Committee),2,82,ME,,,,,,
117,432,29735,"Blunt, Roy",2,5,200,2/3/21,,0,7,2,,,SRES32,Intelligence (Select Committee),34,83,MO,,,,,,
117,432,21301,"Cotton, Tom",2,6,200,2/3/21,,0,7,2,,,SRES32,Intelligence (Select Committee),42,82,AR,,,,,,
117,432,40305,"Cornyn, John",2,7,200,2/3/21,,0,5,2,,,SRES32,Intelligence (Select Committee),49,81,TX,,,,,,
117,432,41503,"Sasse, Ben",2,8,200,2/3/21,,0,3,2,,,SRES32,Intelligence (Select Committee),35,82,NE,,,,,,
117,434,40916,"Coons, Christopher",1,1,100,2/3/21,,81,7,2,,,SRES28,Ethics (Select Committee),2,82,DE,,,,,,
117,434,41112,"Schatz, Brian E.",1,2,100,2/3/21,,0,7,2,,,SRES28,Ethics (Select Committee),82,83,HI,,,,,,
117,434,40906,"Shaheen, Jeanne",1,3,100,2/3/21,,0,5,2,,,SRES28,Ethics (Select Committee),4,82,NH,,,,,,
117,434,21166,"Lankford, James",1,1,200,2/3/21,,0,3,2,,,SRES32,Ethics (Select Committee),53,83,OK,,,,,,
117,434,40902,"Risch, James",2,2,200,2/3/21,,0,13,2,,,SRES32,Ethics (Select Committee),63,82,ID,,,,,,
117,434,41302,"Fischer, Deb",2,3,200,2/3/21,,0,1,2,,,SRES32,Ethics (Select Committee),35,81,NE,,,,,,
117,435,39310,"Cantwell, Maria",1,2,100,2/3/21,,11,21,2,,,SRES28,Indian Affairs (Select Committee),73,81,WA,,,,,,
117,435,40702,"Tester, Jon",1,3,100,2/3/21,,0,13,2,,,SRES28,Indian Affairs (Select Committee),64,81,MT,,,,,,
117,435,41112,"Schatz, Brian E.",1,1,100,2/3/21,,0,9,2,,,SRES28,Indian Affairs (Select Committee),82,83,HI,,,,,,
117,435,41700,"Cortez Masto, Catherine",1,4,100,2/3/21,,0,5,2,,,SRES28,Indian Affairs (Select Committee),65,83,NV,,,,,,
117,435,41706,"Smith, Tina",1,5,100,2/3/21,,0,5,2,,,SRES28,Indian Affairs (Select Committee),33,82,MN,,,,,,
117,435,20932,"Luján, Ben Ray ",1,6,100,2/3/21,,0,1,2,,,SRES28,Indian Affairs (Select Committee),66,82,NM,,,,,,
117,435,41107,"Hoeven, John",2,2,200,2/3/21,,21,11,2,,,SRES32,Indian Affairs (Select Committee),36,83,ND,,,,,,
117,435,40300,"Murkowski, Lisa",2,1,200,2/3/21,,0,19,2,,,SRES32,Indian Affairs (Select Committee),81,83,AK,,,,,,
117,435,21166,"Lankford, James",2,3,200,2/3/21,,0,7,2,,,SRES32,Indian Affairs (Select Committee),53,83,OK,,,,,,
117,435,21338,"Daines, Steve",2,4,200,2/3/21,,0,5,2,,,SRES32,Indian Affairs (Select Committee),64,82,MT,,,,,,
117,435,41505,"Rounds, Mike",2,5,200,2/3/21,,0,1,2,,,SRES32,Indian Affairs (Select Committee),37,82,SD,,,,,,
117,435,29722,"Moran, Jerry",2,6,200,2/3/21,,0,7,2,,,SRES32,Indian Affairs (Select Committee),32,83,KS,,,,,,
117,507,20930,"Heinrich, Martin",1,1,100,2/3/21,,11,9,2,,,SRES28,Economic (Joint Committee),66,81,NM,,,,,,
117,507,40700,"Klobuchar, Amy",1,2,100,2/3/21,,0,15,2,,,SRES28,Economic (Joint Committee),33,81,MN,,,,,,
117,507,41702,"Hassan, Maggie",1,3,100,2/3/21,,0,5,2,,,SRES28,Economic (Joint Committee),4,83,NH,,,,,,
117,507,41905,"Kelly, Mark",1,4,100,2/3/21,,0,1,2,,,SRES28,Economic (Joint Committee),61,83,AZ,,,,,,
117,507,42105,"Warnock, Raphael",1,5,100,2/3/21,,0,1,2,,,SRES28,Economic (Joint Committee),44,83,GA,,,,,,
117,507,41110,"Lee, Mike",2,1,200,2/3/21,,81,11,2,,,SRES32,Economic (Joint Committee),67,83,UT,,,,,,
117,507,21301,"Cotton, Tom",2,2,200,2/3/21,,0,7,2,,,SRES32,Economic (Joint Committee),42,82,AR,,,,,,
117,507,29386,"Portman, Rob",2,3,200,2/3/21,,0,5,2,,,SRES32,Economic (Joint Committee),24,83,OH,,,,,,
117,507,20919,"Cassidy, Bill",2,4,200,2/3/21,,0,7,2,,,SRES32,Economic (Joint Committee),45,82,LA,,,,,,
117,507,41304,"Cruz, Ted",2,5,200,2/3/21,,0,7,2,,,SRES32,Economic (Joint Committee),49,81,TX,,,,,,
117,500,40700,"Klobuchar, Amy",1,1,100,,,0,5,2,,,,Library (Joint),33,82,MN,,,,,,
117,500,14307,"Leahy, Patrick J.",1,2,100,,,0,11,2,,,,Library (Joint),6,83,VT,,,,,,
117,500,29735,"Blunt, Roy",2,1,200,,,11,9,2,,,,Library (Joint),34,81,MO,,,,,,
117,500,94659,"Shelby, Richard C.",2,2,200,,,0,5,2,,,,Library (Joint),41,83,AL,,,,,,
117,501,29735,"Blunt, Roy",2,1,200,,,21,5,2,,,,Printing (Joint),34,81,MO,,,,,,
117,501,29534,"Wicker, Roger F.",2,2,200,,,0,5,2,,,,Printing (Joint),46,83,MS,,,,,,
117,501,40700,"Klobuchar, Amy",1,1,100,,,11,5,2,,,,Printing (Joint),33,82,MN,,,,,,
117,662,29754,"Thune, John",1,2,200,,,51,,2,,,,Minority whip,37,83,SD,,,,,,
117,662,14921,"McConnell, Mitch",1,1,200,,,41,,2,,,,Minority leader,51,82,KY,,,,,,
117,662,15021,"Durbin, Richard J.",1,,100,,,64,,2,,,,Majority whip,21,82,IL,,,,,,
117,662,14858,"Schumer, Charles Ellis (Chuck)",1,,100,,,61,,2,,,,Majority leader,13,83,NY,,,,,,