row_index,ticker,description,trade_date,underlying,option_type,strike,expiration,raw_type,occ_symbol
9653,MSFT,CALL OPTIONS; STRIKE PRICE $320; EXPIRES 6/18/2026,2025-04-04,MSFT,C,320.0,2026-06-18,call,MSFT260618C00320000
11719,MSFT,CALL OPTIONS; STRIKE PRICE $325; EXPIRES 6/18/2026,2025-02-14,MSFT,C,325.0,2026-06-18,call,MSFT260618C00325000
11722,MSFT,CALL OPTIONS; STRIKE PRICE $240; EXPIRES 12/19/2025,2025-02-14,MSFT,C,240.0,2025-12-19,call,MSFT251219C00240000
11723,MSFT,CALL OPTIONS; STRIKE PRICE $235; EXPIRES 1/16/2026,2025-02-14,MSFT,C,235.0,2026-01-16,call,MSFT260116C00235000
11726,MSFT,CALL OPTIONS; STRIKE PRICE $325; EXPIRES 6/18/2026,2025-02-14,MSFT,C,325.0,2026-06-18,call,MSFT260618C00325000
11727,MSFT,CALL OPTIONS; STRIKE PRICE $240; EXPIRES 12/19/2025,2025-02-14,MSFT,C,240.0,2025-12-19,call,MSFT251219C00240000
11736,MSFT,CALL OPTIONS; STRIKE PRICE $230; EXPIRES 1/16/2026,2025-02-14,MSFT,C,230.0,2026-01-16,call,MSFT260116C00230000
11737,MSFT,CALL OPTIONS; STRIKE PRICE $320; EXPIRES 6/18/2026,2025-02-14,MSFT,C,320.0,2026-06-18,call,MSFT260618C00320000
12743,TEM,PURCHASED 50 CALL OPTIONS WITH A STRIKE PRICE OF $20 AND AN EXPIRATION DATE OF 1/16/26.,2025-01-14,TEM,C,20.0,2026-01-16,call,TEM260116C00020000
12751,VST,PURCHASED 50 CALL OPTIONS WITH A STRIKE PRICE OF $50 AND AN EXPIRATION DATE OF 1/16/26.,2025-01-14,VST,C,50.0,2026-01-16,call,VST260116C00050000
12752,NVDA,PURCHASED 50 CALL OPTIONS WITH A STRIKE PRICE OF $80 AND AN EXPIRATION DATE OF 1/16/26.,2025-01-14,NVDA,C,80.0,2026-01-16,call,NVDA260116C00080000
12755,AMZN,PURCHASED 50 CALL OPTIONS WITH A STRIKE PRICE OF $150 AND AN EXPIRATION DATE OF 1/16/26.,2025-01-14,AMZN,C,150.0,2026-01-16,call,AMZN260116C00150000
12759,GOOGL,PURCHASED 50 CALL OPTIONS WITH A STRIKE PRICE OF $150 AND AN EXPIRATION DATE OF 1/16/26.,2025-01-14,GOOGL,C,150.0,2026-01-16,call,GOOGL260116C00150000
12841,BRK.B,CALL BERKSHIRE CL B NEW $300 EXP 01/17/25 CLASS B,2025-01-13,BRK.B,C,300.0,2025-01-17,call,BRK.B250117C00300000
12856,BRK.B,CALL BERKSHIRE CL B NEW $300 EXP 01/17/25 CLASS B,2025-01-13,BRK.B,C,300.0,2025-01-17,call,BRK.B250117C00300000
13123,PANW,"EXERCISED 140 CALL OPTIONS PURCHASED 2/12/24 & 2/21/24 (14,000 SHARES) AT A STRIKE PRICE OF $100 WITH AN",2024-12-20,PANW,C,100.0,2024-02-21,call,PANW240221C00100000
13126,MSFT,CALL OPTIONS; STRIKE PRICE $240; EXPIRES 12/19/2025,2024-12-20,MSFT,C,240.0,2025-12-19,call,MSFT251219C00240000
13129,MSFT,CALL OPTIONS; STRIKE PRICE $230; EXPIRES 1/16/2026,2024-12-20,MSFT,C,230.0,2026-01-16,call,MSFT260116C00230000
13134,MSFT,CALL OPTIONS; STRIKE PRICE $240; EXPIRES 9/19/2025,2024-12-20,MSFT,C,240.0,2025-09-19,call,MSFT250919C00240000
13135,MSFT,CALL OPTIONS; STRIKE PRICE $230; EXPIRES 1/16/2026,2024-12-20,MSFT,C,230.0,2026-01-16,call,MSFT260116C00230000
13136,MSFT,CALL OPTIONS; STRIKE PRICE $230; EXPIRES 12/19/2025,2024-12-20,MSFT,C,230.0,2025-12-19,call,MSFT251219C00230000
13138,MSFT,CALL OPTIONS; STRIKE PRICE $235; EXPIRES 1/16/2026,2024-12-20,MSFT,C,235.0,2026-01-16,call,MSFT260116C00235000
13139,MSFT,CALL OPTIONS; STRIKE PRICE $230; EXPIRES 9/19/2025,2024-12-20,MSFT,C,230.0,2025-09-19,call,MSFT250919C00230000
13140,MSFT,CALL OPTIONS; STRIKE PRICE $225; EXPIRES 12/19/2025,2024-12-20,MSFT,C,225.0,2025-12-19,call,MSFT251219C00225000
13451,MSFT,CALL OPTIONS; STRIKE PRICE $230; EXPIRES 6/20/2025,2024-11-19,MSFT,C,230.0,2025-06-20,call,MSFT250620C00230000
13462,MSFT,CALL OPTIONS; STRIKE PRICE $235; EXPIRES 6/20/2025,2024-11-19,MSFT,C,235.0,2025-06-20,call,MSFT250620C00235000
13467,MSFT,CALL OPTIONS; STRIKE PRICE $240; EXPIRES 6/20/2025,2024-11-19,MSFT,C,240.0,2025-06-20,call,MSFT250620C00240000
13504,MSFT,CALL OPTIONS; STRIKE PRICE $230; EXPIRES 9/19/2025,2024-11-19,MSFT,C,230.0,2025-09-19,call,MSFT250919C00230000
13553,MSFT,CALL OPTIONS; STRIKE PRICE $240; EXPIRES 9/19/2025,2024-11-19,MSFT,C,240.0,2025-09-19,call,MSFT250919C00240000
15394,MSFT,CALL OPTIONS; STRIKE PRICE $225; EXPIRES 12/19/2025,2024-08-12,MSFT,C,225.0,2025-12-19,call,MSFT251219C00225000
16698,AVGO,PURCHASED 20 CALL OPTIONS WITH A STRIKE PRICE OF $800 AND AN EXPIRATION DATE OF 6/20/25.,2024-06-24,AVGO,C,800.0,2025-06-20,call,AVGO250620C00800000
17606,MSFT,CALL OPTIONS; STRIKE PRICE $225; EXPIRES 06/20/2025,2024-05-14,MSFT,C,225.0,2025-06-20,call,MSFT250620C00225000
17609,MSFT,CALL OPTIONS; STRIKE PRICE $225; EXPIRES 12/19/2025,2024-05-14,MSFT,C,225.0,2025-12-19,call,MSFT251219C00225000
17614,MSFT,CALL OPTIONS; STRIKE PRICE $230; EXPIRES 12/19/2025,2024-05-14,MSFT,C,230.0,2025-12-19,call,MSFT251219C00230000
17616,MSFT,CALL OPTIONS; STRIKE PRICE $220; EXPIRES 06/20/2025,2024-05-14,MSFT,C,220.0,2025-06-20,call,MSFT250620C00220000
17643,CLF,Option Type: Call Strike price: $17.00  Expires: 06/21/2024,2024-05-10,CLF,C,17.0,2024-06-21,call,CLF240621C00017000
17652,CLF,Option Type: Call Strike price: $17.00  Expires: 06/21/2024,2024-05-10,CLF,C,17.0,2024-06-21,call,CLF240621C00017000
17654,CLF,Option Type: Call Strike price: $17.00  Expires: 06/21/2024,2024-05-10,CLF,C,17.0,2024-06-21,call,CLF240621C00017000
17655,GILD,Option Type: Put Strike price: $70.00  Expires: 11/15/2024,2024-05-10,GILD,P,70.0,2024-11-15,put,GILD241115P00070000
17657,CLF,Option Type: Put Strike price: $17.00  Expires: 01/17/2025,2024-05-10,CLF,P,17.0,2025-01-17,put,CLF250117P00017000
17660,CLF,Option Type: Call Strike price: $20.00  Expires: 07/19/2024,2024-05-10,CLF,C,20.0,2024-07-19,call,CLF240719C00020000
17661,GILD,Option Type: Put Strike price: $70.00  Expires: 11/15/2024,2024-05-10,GILD,P,70.0,2024-11-15,put,GILD241115P00070000
17662,ARKK,Option Type: Put Strike price: $45.00  Expires: 09/20/2024,2024-05-10,ARKK,P,45.0,2024-09-20,put,ARKK240920P00045000
17663,GILD,Option Type: Put Strike price: $70.00  Expires: 11/15/2024,2024-05-10,GILD,P,70.0,2024-11-15,put,GILD241115P00070000
17670,CLF,Option Type: Call Strike price: $20.00  Expires: 01/17/2025,2024-05-10,CLF,C,20.0,2025-01-17,call,CLF250117C00020000
17677,CLF,Option Type: Call Strike price: $17.00  Expires: 06/21/2024,2024-05-10,CLF,C,17.0,2024-06-21,call,CLF240621C00017000
17690,KEY,Option Type: Put Strike price: $15.00  Expires: 09/20/2024,2024-05-09,KEY,P,15.0,2024-09-20,put,KEY240920P00015000
17700,GOLD,Option Type: Put Strike price: $17.00  Expires: 01/17/2025,2024-05-08,GOLD,P,17.0,2025-01-17,put,GOLD250117P00017000
17702,GOLD,Option Type: Put Strike price: $17.00  Expires: 01/17/2025,2024-05-08,GOLD,P,17.0,2025-01-17,put,GOLD250117P00017000
17705,ADBE,Option Type: Put Strike price: $500.00  Expires: 12/20/2024,2024-05-08,ADBE,P,500.0,2024-12-20,put,ADBE241220P00500000
17717,XBI,Option Type: Put Strike price: $90.00  Expires: 10/18/2024,2024-05-08,XBI,P,90.0,2024-10-18,put,XBI241018P00090000
17721,XBI,Option Type: Call Strike price: $100.00  Expires: 10/18/2024,2024-05-08,XBI,C,100.0,2024-10-18,call,XBI241018C00100000
17723,CVX,Option Type: Put Strike price: $145.00  Expires: 09/20/2024,2024-05-07,CVX,P,145.0,2024-09-20,put,CVX240920P00145000
17725,FITB,Option Type: Call Strike price: $30.00  Expires: 05/17/2024,2024-05-07,FITB,C,30.0,2024-05-17,call,FITB240517C00030000
17726,CLF,Option Type: Call Strike price: $20.00  Expires: 06/21/2024,2024-05-07,CLF,C,20.0,2024-06-21,call,CLF240621C00020000
17727,GOLD,Option Type: Call Strike price: $20.00  Expires: 01/17/2025,2024-05-07,GOLD,C,20.0,2025-01-17,call,GOLD250117C00020000
17729,ARKK,Option Type: Call Strike price: $51.00  Expires: 12/20/2024,2024-05-07,ARKK,C,51.0,2024-12-20,call,ARKK241220C00051000
17730,CCJ,Option Type: Put Strike price: $45.00  Expires: 09/20/2024,2024-05-07,CCJ,P,45.0,2024-09-20,put,CCJ240920P00045000
17734,CLF,Option Type: Call Strike price: $20.00  Expires: 11/15/2024,2024-05-07,CLF,C,20.0,2024-11-15,call,CLF241115C00020000
17870,PYPL,Option Type: Put Strike price: $75.00  Expires: 06/21/2024,2024-04-30,PYPL,P,75.0,2024-06-21,put,PYPL240621P00075000
17900,LSCC,Option Type: Put Strike price: $75.00  Expires: 01/17/2025,2024-04-29,LSCC,P,75.0,2025-01-17,put,LSCC250117P00075000
17907,LSCC,Option Type: Put Strike price: $75.00  Expires: 01/17/2025,2024-04-29,LSCC,P,75.0,2025-01-17,put,LSCC250117P00075000
17912,LSCC,Option Type: Put Strike price: $70.00  Expires: 09/20/2024,2024-04-29,LSCC,P,70.0,2024-09-20,put,LSCC240920P00070000
17918,LSCC,Option Type: Put Strike price: $70.00  Expires: 09/20/2024,2024-04-29,LSCC,P,70.0,2024-09-20,put,LSCC240920P00070000
17919,CLX,Option Type: Put Strike price: $135.00  Expires: 06/21/2024,2024-04-29,CLX,P,135.0,2024-06-21,put,CLX240621P00135000
17923,SWKS,Option Type: Put Strike price: $100.00  Expires: 11/15/2024,2024-04-29,SWKS,P,100.0,2024-11-15,put,SWKS241115P00100000
17924,CCL,Option Type: Put Strike price: $17.50  Expires: 06/21/2024,2024-04-29,CCL,P,17.5,2024-06-21,put,CCL240621P00017500
17925,QCOM,Option Type: Put Strike price: $150.00  Expires: 12/20/2024,2024-04-29,QCOM,P,150.0,2024-12-20,put,QCOM241220P00150000
17929,QCOM,Option Type: Put Strike price: $155.00  Expires: 12/20/2024,2024-04-29,QCOM,P,155.0,2024-12-20,put,QCOM241220P00155000
17937,CVX,Option Type: Call Strike price: $160.00  Expires: 06/21/2024,2024-04-29,CVX,C,160.0,2024-06-21,call,CVX240621C00160000
18191,KMB,Option Type: Put Strike price: $115.00  Expires: 06/21/2024,2024-04-18,KMB,P,115.0,2024-06-21,put,KMB240621P00115000
18378,SWKS,Option Type: Put Strike price: $100.00  Expires: 11/15/2024,2024-04-05,SWKS,P,100.0,2024-11-15,put,SWKS241115P00100000
18383,AMAT,Option Type: Put Strike price: $135.00  Expires: 09/20/2024,2024-04-04,AMAT,P,135.0,2024-09-20,put,AMAT240920P00135000
18390,AMAT,Option Type: Put Strike price: $180.00  Expires: 01/17/2025,2024-04-04,AMAT,P,180.0,2025-01-17,put,AMAT250117P00180000
18402,AMAT,Option Type: Put Strike price: $175.00  Expires: 01/17/2025,2024-04-04,AMAT,P,175.0,2025-01-17,put,AMAT250117P00175000
18417,CCJ,Option Type: Put Strike price: $45.00  Expires: 09/20/2024,2024-04-03,CCJ,P,45.0,2024-09-20,put,CCJ240920P00045000
18418,MCHP,Option Type: Put Strike price: $80.00  Expires: 10/18/2024,2024-04-03,MCHP,P,80.0,2024-10-18,put,MCHP241018P00080000
18420,GILD,Option Type: Put Strike price: $70.00  Expires: 11/15/2024,2024-04-03,GILD,P,70.0,2024-11-15,put,GILD241115P00070000
18421,MCHP,Option Type: Put Strike price: $80.00  Expires: 10/18/2024,2024-04-03,MCHP,P,80.0,2024-10-18,put,MCHP241018P00080000
18429,ABBV,Option Type: Put Strike price: $130.00  Expires: 09/20/2024,2024-04-03,ABBV,P,130.0,2024-09-20,put,ABBV240920P00130000
18431,LSCC,Option Type: Put Strike price: $75.00  Expires: 01/17/2025,2024-04-03,LSCC,P,75.0,2025-01-17,put,LSCC250117P00075000
18436,BMY,Option Type: Put Strike price: $50.00  Expires: 06/21/2024,2024-04-03,BMY,P,50.0,2024-06-21,put,BMY240621P00050000
18439,LSCC,Option Type: Put Strike price: $70.00  Expires: 09/20/2024,2024-04-03,LSCC,P,70.0,2024-09-20,put,LSCC240920P00070000
18844,ADBE,Option Type: Put Strike price: $500.00  Expires: 12/20/2024,2024-03-13,ADBE,P,500.0,2024-12-20,put,ADBE241220P00500000
18852,ADBE,Option Type: Put Strike price: $500.00  Expires: 12/20/2024,2024-03-13,ADBE,P,500.0,2024-12-20,put,ADBE241220P00500000
18864,ADBE,Option Type: Put Strike price: $500.00  Expires: 12/20/2024,2024-03-13,ADBE,P,500.0,2024-12-20,put,ADBE241220P00500000
18866,ADBE,Option Type: Put Strike price: $500.00  Expires: 12/20/2024,2024-03-13,ADBE,P,500.0,2024-12-20,put,ADBE241220P00500000
18869,QCOM,Option Type: Put Strike price: $155.00  Expires: 12/20/2024,2024-03-13,QCOM,P,155.0,2024-12-20,put,QCOM241220P00155000
18917,AMAT,Option Type: Put Strike price: $175.00  Expires: 01/17/2025,2024-03-08,AMAT,P,175.0,2025-01-17,put,AMAT250117P00175000
19034,QCOM,Option Type: Put Strike price: $150.00  Expires: 12/20/2024,2024-02-27,QCOM,P,150.0,2024-12-20,put,QCOM241220P00150000
19092,PANW,PURCHASED 20 CALL OPTIONS WITH A STRIKE PRICE OF $200 AND AN EXPIRATION DATE OF 1/17/25.,2024-02-21,PANW,C,200.0,2025-01-17,call,PANW250117C00200000
19139,AMAT,Option Type: Put Strike price: $180.00  Expires: 01/17/2025,2024-02-16,AMAT,P,180.0,2025-01-17,put,AMAT250117P00180000
19183,MSFT,CALL OPTIONS; STRIKE PRICE $225; EXPIRES 06/20/2025,2024-02-13,MSFT,C,225.0,2025-06-20,call,MSFT250620C00225000
19196,MSFT,CALL OPTIONS; STRIKE PRICE $170; EXPIRES 01/17/2025,2024-02-13,MSFT,C,170.0,2025-01-17,call,MSFT250117C00170000
19249,MSFT,CALL OPTIONS; STRIKE PRICE $240; EXPIRES 06/20/2025,2024-02-13,MSFT,C,240.0,2025-06-20,call,MSFT250620C00240000
19269,MSFT,CALL OPTIONS; STRIKE PRICE $170; EXPIRES 01/17/2025,2024-02-13,MSFT,C,170.0,2025-01-17,call,MSFT250117C00170000
19291,MSFT,CALL OPTIONS; STRIKE PRICE $230; EXPIRES 06/20/2025,2024-02-12,MSFT,C,230.0,2025-06-20,call,MSFT250620C00230000
19292,PANW,PURCHASED 50 CALL OPTIONS WITH A STRIKE PRICE OF $200 AND AN EXPIRATION DATE OF 1/17/25.,2024-02-12,PANW,C,200.0,2025-01-17,call,PANW250117C00200000
19295,ILMN,"THE TERMS OF THE CALL ARE A STRIKE PRICE OF $138, AND AN EXPIRATION OF 03/08/2024.",2024-02-12,ILMN,C,138.0,2024-03-08,call,ILMN240308C00138000
19297,MSFT,CALL OPTIONS; STRIKE PRICE $165; EXPIRES 01/17/2025,2024-02-12,MSFT,C,165.0,2025-01-17,call,MSFT250117C00165000
19299,MSFT,CALL OPTIONS; STRIKE PRICE $165; EXPIRES 01/17/2025,2024-02-12,MSFT,C,165.0,2025-01-17,call,MSFT250117C00165000
19301,MSFT,CALL OPTIONS; STRIKE PRICE $170; EXPIRES 01/17/2025,2024-02-12,MSFT,C,170.0,2025-01-17,call,MSFT250117C00170000
19303,MSFT,CALL OPTIONS; STRIKE PRICE $220; EXPIRES 06/20/2025,2024-02-12,MSFT,C,220.0,2025-06-20,call,MSFT250620C00220000
19304,MSFT,CALL OPTIONS; STRIKE PRICE $165; EXPIRES 01/17/2025,2024-02-12,MSFT,C,165.0,2025-01-17,call,MSFT250117C00165000
19309,MSFT,CALL OPTIONS; STRIKE PRICE $165; EXPIRES 01/17/2025,2024-02-12,MSFT,C,165.0,2025-01-17,call,MSFT250117C00165000
19310,MSFT,CALL OPTIONS; STRIKE PRICE $235; EXPIRES 06/20/2025,2024-02-12,MSFT,C,235.0,2025-06-20,call,MSFT250620C00235000
19311,MSFT,CALL OPTIONS; STRIKE PRICE $225; EXPIRES 06/20/2025,2024-02-12,MSFT,C,225.0,2025-06-20,call,MSFT250620C00225000
19313,KEY,Option Type: Put Strike price: $15.00  Expires: 09/20/2024,2024-02-12,KEY,P,15.0,2024-09-20,put,KEY240920P00015000
19528,INTC,Option Type: Put Strike price: $45.00  Expires: 12/20/2024,2024-01-24,INTC,P,45.0,2024-12-20,put,INTC241220P00045000
19625,CLF,Option Type: Call Strike price: $20.00  Expires: 11/15/2024,2024-01-22,CLF,C,20.0,2024-11-15,call,CLF241115C00020000
19626,CLF,Option Type: Put Strike price: $17.00  Expires: 01/17/2025,2024-01-22,CLF,P,17.0,2025-01-17,put,CLF250117P00017000
19627,CLF,Option Type: Call Strike price: $20.00  Expires: 11/15/2024,2024-01-22,CLF,C,20.0,2024-11-15,call,CLF241115C00020000
19631,CLF,Option Type: Put Strike price: $17.00  Expires: 01/17/2025,2024-01-22,CLF,P,17.0,2025-01-17,put,CLF250117P00017000
19640,CLF,Option Type: Put Strike price: $17.00  Expires: 01/17/2025,2024-01-22,CLF,P,17.0,2025-01-17,put,CLF250117P00017000
19682,PG,Option Type: Put Strike price: $150.00  Expires: 01/19/2024,2024-01-19,PG,P,150.0,2024-01-19,put,PG240119P00150000
19981,AAPL,Option Type: Put Strike price: $165.00  Expires: 03/15/2024,2024-01-10,AAPL,P,165.0,2024-03-15,put,AAPL240315P00165000
20324,CVX,Option Type: Call Strike price: $160.00  Expires: 06/21/2024,2023-12-18,CVX,C,160.0,2024-06-21,call,CVX240621C00160000
20330,GOLD,Option Type: Call Strike price: $20.00  Expires: 01/17/2025,2023-12-18,GOLD,C,20.0,2025-01-17,call,GOLD250117C00020000
20332,CVX,Option Type: Put Strike price: $145.00  Expires: 09/20/2024,2023-12-18,CVX,P,145.0,2024-09-20,put,CVX240920P00145000
20333,GOLD,Option Type: Put Strike price: $17.00  Expires: 01/17/2025,2023-12-18,GOLD,P,17.0,2025-01-17,put,GOLD250117P00017000
20428,DVA,Option Type: Put Strike price: $100.00  Expires: 07/19/2024,2023-12-12,DVA,P,100.0,2024-07-19,put,DVA240719P00100000
20753,NVDA,PURCHASED 50 CALL OPTIONS WITH A STRIKE PRICE OF $120 AND AN EXPIRATION DATE OF 12/20/24.,2023-11-22,NVDA,C,120.0,2024-12-20,call,NVDA241220C00120000
20761,MDLZ,Option Type: Put Strike price: $70.00  Expires: 01/19/2024,2023-11-22,MDLZ,P,70.0,2024-01-19,put,MDLZ240119P00070000
20767,CLF,Option Type: Call Strike price: $20.00  Expires: 07/19/2024,2023-11-21,CLF,C,20.0,2024-07-19,call,CLF240719C00020000
20773,ABBV,Option Type: Put Strike price: $130.00  Expires: 09/20/2024,2023-11-20,ABBV,P,130.0,2024-09-20,put,ABBV240920P00130000
20809,BMY,Option Type: Put Strike price: $50.00  Expires: 06/21/2024,2023-11-16,BMY,P,50.0,2024-06-21,put,BMY240621P00050000
20815,MCHP,Option Type: Put Strike price: $80.00  Expires: 10/18/2024,2023-11-15,MCHP,P,80.0,2024-10-18,put,MCHP241018P00080000
20818,AMAT,Option Type: Put Strike price: $135.00  Expires: 09/20/2024,2023-11-15,AMAT,P,135.0,2024-09-20,put,AMAT240920P00135000
20825,MSFT,CALL OPTIONS; STRIKE PRICE $170; EXPIRES 01/17/2025,2023-11-14,MSFT,C,170.0,2025-01-17,call,MSFT250117C00170000
20826,MSFT,CALL OPTIONS; STRIKE PRICE $160; EXPIRES 06/21/2024,2023-11-14,MSFT,C,160.0,2024-06-21,call,MSFT240621C00160000
20827,OXY,Option Type: Put Strike price: $60.00  Expires: 05/17/2024,2023-11-14,OXY,P,60.0,2024-05-17,put,OXY240517P00060000
20829,MSFT,CALL OPTIONS; STRIKE PRICE $170; EXPIRES 06/21/2024,2023-11-14,MSFT,C,170.0,2024-06-21,call,MSFT240621C00170000
20830,MSFT,CALL OPTIONS; STRIKE PRICE $165; EXPIRES 01/17/2025,2023-11-14,MSFT,C,165.0,2025-01-17,call,MSFT250117C00165000
20835,OXY,Option Type: Call Strike price: $65.00  Expires: 06/21/2024,2023-11-14,OXY,C,65.0,2024-06-21,call,OXY240621C00065000
20964,MSFT,Option Type: Put Strike price: $305.00  Expires: 09/20/2024,2023-11-09,MSFT,P,305.0,2024-09-20,put,MSFT240920P00305000
20965,CLF,Option Type: Call Strike price: $20.00  Expires: 01/17/2025,2023-11-09,CLF,C,20.0,2025-01-17,call,CLF250117C00020000
20983,X,Option Type: Put Strike price: $20.00  Expires: 06/21/2024,2023-11-07,X,P,20.0,2024-06-21,put,X240621P00020000
21423,CLF,Option Type: Call Strike price: $17.00  Expires: 06/21/2024,2023-10-31,CLF,C,17.0,2024-06-21,call,CLF240621C00017000
21490,CLX,Option Type: Put Strike price: $135.00  Expires: 06/21/2024,2023-10-31,CLX,P,135.0,2024-06-21,put,CLX240621P00135000
21495,KMB,Option Type: Put Strike price: $115.00  Expires: 06/21/2024,2023-10-31,KMB,P,115.0,2024-06-21,put,KMB240621P00115000
21533,CLF,Option Type: Call Strike price: $17.00  Expires: 06/21/2024,2023-10-31,CLF,C,17.0,2024-06-21,call,CLF240621C00017000
21812,TXN,Option Type: Put Strike price: $150.00  Expires: 06/21/2024,2023-10-17,TXN,P,150.0,2024-06-21,put,TXN240621P00150000
21814,TXN,Option Type: Put Strike price: $150.00  Expires: 06/21/2024,2023-10-17,TXN,P,150.0,2024-06-21,put,TXN240621P00150000
21816,TSLA,Option Type: Put Strike price: $190.00  Expires: 12/15/2023,2023-10-17,TSLA,P,190.0,2023-12-15,put,TSLA231215P00190000
21818,TXN,Option Type: Put Strike price: $180.00  Expires: 06/21/2024,2023-10-17,TXN,P,180.0,2024-06-21,put,TXN240621P00180000
21823,KO,Option Type: Put Strike price: $60.00  Expires: 12/15/2023,2023-10-17,KO,P,60.0,2023-12-15,put,KO231215P00060000
21828,TXN,Option Type: Put Strike price: $180.00  Expires: 06/21/2024,2023-10-17,TXN,P,180.0,2024-06-21,put,TXN240621P00180000
21830,KO,Option Type: Put Strike price: $60.00  Expires: 12/15/2023,2023-10-17,KO,P,60.0,2023-12-15,put,KO231215P00060000
21832,AMAT,Option Type: Put Strike price: $140.00  Expires: 04/19/2024,2023-10-17,AMAT,P,140.0,2024-04-19,put,AMAT240419P00140000
21841,TSLA,Option Type: Put Strike price: $190.00  Expires: 12/15/2023,2023-10-17,TSLA,P,190.0,2023-12-15,put,TSLA231215P00190000
21843,TXN,Option Type: Put Strike price: $150.00  Expires: 06/21/2024,2023-10-17,TXN,P,150.0,2024-06-21,put,TXN240621P00150000
21847,TSLA,Option Type: Put Strike price: $190.00  Expires: 12/15/2023,2023-10-17,TSLA,P,190.0,2023-12-15,put,TSLA231215P00190000
21848,AMAT,Option Type: Put Strike price: $140.00  Expires: 04/19/2024,2023-10-17,AMAT,P,140.0,2024-04-19,put,AMAT240419P00140000
21961,LPX,Option Type: Put Strike price: $52.50  Expires: 06/21/2024,2023-10-11,LPX,P,52.5,2024-06-21,put,LPX240621P00052500
21963,LPX,Option Type: Call Strike price: $70.00  Expires: 05/17/2024,2023-10-11,LPX,C,70.0,2024-05-17,call,LPX240517C00070000
21970,TXN,Option Type: Put Strike price: $150.00  Expires: 06/21/2024,2023-10-11,TXN,P,150.0,2024-06-21,put,TXN240621P00150000
21979,X,Option Type: Call Strike price: $25.00  Expires: 06/21/2024,2023-10-11,X,C,25.0,2024-06-21,call,X240621C00025000
21982,TXN,Option Type: Call Strike price: $180.00  Expires: 04/19/2024,2023-10-11,TXN,C,180.0,2024-04-19,call,TXN240419C00180000
22775,PARA,Option Type: Call Strike price: $17.50  Expires: 06/21/2024,2023-09-18,PARA,C,17.5,2024-06-21,call,PARA240621C00017500
22779,LPX,Option Type: Call Strike price: $70.00  Expires: 05/17/2024,2023-09-18,LPX,C,70.0,2024-05-17,call,LPX240517C00070000
22789,FITB,Option Type: Call Strike price: $30.00  Expires: 05/17/2024,2023-09-18,FITB,C,30.0,2024-05-17,call,FITB240517C00030000
22790,TXN,Option Type: Call Strike price: $180.00  Expires: 04/19/2024,2023-09-18,TXN,C,180.0,2024-04-19,call,TXN240419C00180000
22867,QCOM,Option Type: Call Strike price: $125.00  Expires: 03/15/2024,2023-09-13,QCOM,C,125.0,2024-03-15,call,QCOM240315C00125000
22875,QCOM,Option Type: Put Strike price: $110.00  Expires: 06/21/2024,2023-09-13,QCOM,P,110.0,2024-06-21,put,QCOM240621P00110000
22891,INTC,Option Type: Call Strike price: $45.00  Expires: 04/19/2024,2023-09-13,INTC,C,45.0,2024-04-19,call,INTC240419C00045000
23300,QCOM,Option Type: Call Strike price: $125.00  Expires: 03/15/2024,2023-09-01,QCOM,C,125.0,2024-03-15,call,QCOM240315C00125000
23598,INTC,Option Type: Put Strike price: $30.00  Expires: 09/15/2023,2023-08-18,INTC,P,30.0,2023-09-15,put,INTC230915P00030000
23628,MSFT,CALL OPTIONS; STRIKE PRICE $165; EXPIRES 01/19/2024,2023-08-15,MSFT,C,165.0,2024-01-19,call,MSFT240119C00165000
23633,MSFT,CALL OPTIONS; STRIKE PRICE $170; EXPIRES 06/21/2024,2023-08-15,MSFT,C,170.0,2024-06-21,call,MSFT240621C00170000
23639,MSFT,CALL OPTIONS; STRIKE PRICE $160; EXPIRES 03/15/2024,2023-08-15,MSFT,C,160.0,2024-03-15,call,MSFT240315C00160000
23641,MSFT,CALL OPTIONS; STRIKE PRICE $170; EXPIRES 06/21/2024,2023-08-15,MSFT,C,170.0,2024-06-21,call,MSFT240621C00170000
23668,F,Option Type: Call Strike price: $14.35  Expires: 06/21/2024,2023-08-14,F,C,14.35,2024-06-21,call,F240621C00014350
24097,CCL,Option Type: Put Strike price: $17.50  Expires: 06/21/2024,2023-07-27,CCL,P,17.5,2024-06-21,put,CCL240621P00017500
24109,CLF,Option Type: Call Strike price: $18.00  Expires: 10/20/2023,2023-07-25,CLF,C,18.0,2023-10-20,call,CLF231020C00018000
24122,PG,Option Type: Put Strike price: $145.00  Expires: 06/21/2024,2023-07-24,PG,P,145.0,2024-06-21,put,PG240621P00145000
24168,TXN,Option Type: Put Strike price: $180.00  Expires: 06/21/2024,2023-07-19,TXN,P,180.0,2024-06-21,put,TXN240621P00180000
24314,LPX,Option Type: Put Strike price: $77.50  Expires: 02/16/2024,2023-07-13,LPX,P,77.5,2024-02-16,put,LPX240216P00077500
24828,CC,"THE TERMS OF THE CALL ARE A STRIKE PRICE OF $36, AND AN EXPIRATION OF 08/11/2023 FILING ID #20023340",2023-07-06,CC,C,36.0,2023-08-11,call,CC230811C00036000
24830,AMZN,"THE TERMS OF THE CALL ARE A STRIKE PRICE OF $29, AND AN EXPIRATION OF 08/11/2023",2023-07-06,AMZN,C,29.0,2023-08-11,call,AMZN230811C00029000
24994,CLF,Option Type: Call Strike price: $17.00  Expires: 09/15/2023,2023-06-29,CLF,C,17.0,2023-09-15,call,CLF230915C00017000
25339,X,Option Type: Put Strike price: $23.00  Expires: 06/21/2024,2023-06-14,X,P,23.0,2024-06-21,put,X240621P00023000
25349,X,Option Type: Call Strike price: $25.00  Expires: 06/21/2024,2023-06-14,X,C,25.0,2024-06-21,call,X240621C00025000
25366,CCL,Option Type: Put Strike price: $15.00  Expires: 01/19/2024,2023-06-13,CCL,P,15.0,2024-01-19,put,CCL240119P00015000
25368,TSLA,Option Type: Put Strike price: $190.00  Expires: 12/15/2023,2023-06-13,TSLA,P,190.0,2023-12-15,put,TSLA231215P00190000
25374,CCL,Option Type: Put Strike price: $15.00  Expires: 01/19/2024,2023-06-13,CCL,P,15.0,2024-01-19,put,CCL240119P00015000
25393,CVX,Option Type: Put Strike price: $155.00  Expires: 06/16/2023,2023-06-12,CVX,P,155.0,2023-06-16,put,CVX230616P00155000
25394,DVA,Option Type: Put Strike price: $92.50  Expires: 01/19/2024,2023-06-12,DVA,P,92.5,2024-01-19,put,DVA240119P00092500
25432,COF,Option Type: Put Strike price: $110.00  Expires: 01/19/2024,2023-06-09,COF,P,110.0,2024-01-19,put,COF240119P00110000
25449,X,Option Type: Put Strike price: $20.00  Expires: 06/21/2024,2023-06-08,X,P,20.0,2024-06-21,put,X240621P00020000
25521,CVX,Option Type: Put Strike price: $150.00  Expires: 12/15/2023,2023-06-05,CVX,P,150.0,2023-12-15,put,CVX231215P00150000
25524,QCOM,Option Type: Call Strike price: $125.00  Expires: 10/20/2023,2023-06-05,QCOM,C,125.0,2023-10-20,call,QCOM231020C00125000
25562,BX,"THE TERMS OF THE CALL ARE A STRIKE PRICE OF $89, AND AN EXPIRATION OF 07/14/2023",2023-06-01,BX,C,89.0,2023-07-14,call,BX230714C00089000
25704,CLF,Option Type: Call Strike price: $17.00  Expires: 06/21/2024,2023-05-25,CLF,C,17.0,2024-06-21,call,CLF240621C00017000
25729,CLF,Option Type: Call Strike price: $18.00  Expires: 01/19/2024,2023-05-25,CLF,C,18.0,2024-01-19,call,CLF240119C00018000
25730,CLF,Option Type: Call Strike price: $17.00  Expires: 06/21/2024,2023-05-25,CLF,C,17.0,2024-06-21,call,CLF240621C00017000
25745,V,Option Type: Put Strike price: $210.00  Expires: 09/15/2023,2023-05-24,V,P,210.0,2023-09-15,put,V230915P00210000
25747,V,Option Type: Put Strike price: $210.00  Expires: 09/15/2023,2023-05-24,V,P,210.0,2023-09-15,put,V230915P00210000
25809,PYPL,Option Type: Put Strike price: $75.00  Expires: 06/21/2024,2023-05-23,PYPL,P,75.0,2024-06-21,put,PYPL240621P00075000
25925,PYPL,Option Type: Put Strike price: $55.00  Expires: 06/21/2024,2023-05-23,PYPL,P,55.0,2024-06-21,put,PYPL240621P00055000
25955,PYPL,Option Type: Call Strike price: $77.50  Expires: 06/21/2024,2023-05-23,PYPL,C,77.5,2024-06-21,call,PYPL240621C00077500
25983,OXY,Option Type: Call Strike price: $65.00  Expires: 11/17/2023,2023-05-22,OXY,C,65.0,2023-11-17,call,OXY231117C00065000
26050,AAPL,Option Type: Put Strike price: $165.00  Expires: 03/15/2024,2023-05-19,AAPL,P,165.0,2024-03-15,put,AAPL240315P00165000
26065,OXY,Option Type: Put Strike price: $57.50  Expires: 11/17/2023,2023-05-19,OXY,P,57.5,2023-11-17,put,OXY231117P00057500
26068,OXY,Option Type: Put Strike price: $57.50  Expires: 11/17/2023,2023-05-19,OXY,P,57.5,2023-11-17,put,OXY231117P00057500
26107,X,Option Type: Put Strike price: $20.00  Expires: 10/20/2023,2023-05-19,X,P,20.0,2023-10-20,put,X231020P00020000
26125,CLF,Option Type: Call Strike price: $19.00  Expires: 01/19/2024,2023-05-18,CLF,C,19.0,2024-01-19,call,CLF240119C00019000
26131,F,Option Type: Call Strike price: $14.35  Expires: 06/21/2024,2023-05-17,F,C,14.35,2024-06-21,call,F240621C00014350
26132,CLF,Option Type: Call Strike price: $20.00  Expires: 06/21/2024,2023-05-17,CLF,C,20.0,2024-06-21,call,CLF240621C00020000
26136,CLX,Option Type: Put Strike price: $155.00  Expires: 01/19/2024,2023-05-17,CLX,P,155.0,2024-01-19,put,CLX240119P00155000
26138,CLF,Option Type: Call Strike price: $20.00  Expires: 06/21/2024,2023-05-17,CLF,C,20.0,2024-06-21,call,CLF240621C00020000
26140,CLX,Option Type: Put Strike price: $155.00  Expires: 01/19/2024,2023-05-17,CLX,P,155.0,2024-01-19,put,CLX240119P00155000
26164,MSFT,CALL OPTIONS; STRIKE PRICE $160; EXPIRES 01/19/2024,2023-05-16,MSFT,C,160.0,2024-01-19,call,MSFT240119C00160000
26169,MSFT,CALL OPTIONS; STRIKE PRICE $160; EXPIRES 06/21/2024,2023-05-15,MSFT,C,160.0,2024-06-21,call,MSFT240621C00160000
26172,MSFT,CALL OPTIONS; STRIKE PRICE $155; EXPIRES 01/19/2024,2023-05-15,MSFT,C,155.0,2024-01-19,call,MSFT240119C00155000
26173,MSFT,CALL OPTIONS; STRIKE PRICE $165; EXPIRES 01/19/2024,2023-05-15,MSFT,C,165.0,2024-01-19,call,MSFT240119C00165000
26175,MSFT,CALL OPTIONS; STRIKE PRICE $165; EXPIRES 08/18/2023,2023-05-15,MSFT,C,165.0,2023-08-18,call,MSFT230818C00165000
26176,MSFT,CALL OPTIONS; STRIKE PRICE $160; EXPIRES 01/19/2024,2023-05-15,MSFT,C,160.0,2024-01-19,call,MSFT240119C00160000
26177,MSFT,CALL OPTIONS; STRIKE PRICE $160; EXPIRES 09/15/2023,2023-05-15,MSFT,C,160.0,2023-09-15,call,MSFT230915C00160000
26350,X,Option Type: Put Strike price: $20.00  Expires: 06/21/2024,2023-05-08,X,P,20.0,2024-06-21,put,X240621P00020000
26353,CLX,Option Type: Put Strike price: $160.00  Expires: 10/20/2023,2023-05-08,CLX,P,160.0,2023-10-20,put,CLX231020P00160000
26358,PG,Option Type: Put Strike price: $150.00  Expires: 01/19/2024,2023-05-08,PG,P,150.0,2024-01-19,put,PG240119P00150000
26360,GOLD,Option Type: Put Strike price: $19.00  Expires: 12/15/2023,2023-05-08,GOLD,P,19.0,2023-12-15,put,GOLD231215P00019000
26369,PG,Option Type: Put Strike price: $150.00  Expires: 01/19/2024,2023-05-08,PG,P,150.0,2024-01-19,put,PG240119P00150000
26370,GOLD,Option Type: Call Strike price: $22.00  Expires: 12/15/2023,2023-05-08,GOLD,C,22.0,2023-12-15,call,GOLD231215C00022000
26373,CLX,Option Type: Put Strike price: $160.00  Expires: 10/20/2023,2023-05-08,CLX,P,160.0,2023-10-20,put,CLX231020P00160000
26374,PG,Option Type: Put Strike price: $150.00  Expires: 01/19/2024,2023-05-08,PG,P,150.0,2024-01-19,put,PG240119P00150000
26544,CLF,Option Type: Put Strike price: $15.00  Expires: 01/19/2024,2023-04-28,CLF,P,15.0,2024-01-19,put,CLF240119P00015000
26553,CLF,Option Type: Call Strike price: $17.00  Expires: 06/21/2024,2023-04-28,CLF,C,17.0,2024-06-21,call,CLF240621C00017000
26554,CLF,Option Type: Call Strike price: $17.00  Expires: 06/21/2024,2023-04-28,CLF,C,17.0,2024-06-21,call,CLF240621C00017000
26570,CLF,Option Type: Call Strike price: $17.00  Expires: 01/19/2024,2023-04-28,CLF,C,17.0,2024-01-19,call,CLF240119C00017000
26597,CLF,Option Type: Call Strike price: $17.00  Expires: 06/21/2024,2023-04-28,CLF,C,17.0,2024-06-21,call,CLF240621C00017000
26768,CLF,Option Type: Put Strike price: $16.00  Expires: 01/19/2024,2023-04-24,CLF,P,16.0,2024-01-19,put,CLF240119P00016000
26779,CLF,Option Type: Call Strike price: $18.00  Expires: 01/19/2024,2023-04-24,CLF,C,18.0,2024-01-19,call,CLF240119C00018000
26787,CLF,Option Type: Put Strike price: $16.00  Expires: 01/19/2024,2023-04-24,CLF,P,16.0,2024-01-19,put,CLF240119P00016000
26852,OXY,Option Type: Put Strike price: $60.00  Expires: 06/21/2024,2023-04-18,OXY,P,60.0,2024-06-21,put,OXY240621P00060000
26911,KMB,Option Type: Put Strike price: $135.00  Expires: 10/20/2023,2023-04-14,KMB,P,135.0,2023-10-20,put,KMB231020P00135000
26924,MRO,Option Type: Put Strike price: $25.00  Expires: 09/15/2023,2023-04-14,MRO,P,25.0,2023-09-15,put,MRO230915P00025000
26978,PARA,Option Type: Put Strike price: $20.00  Expires: 09/15/2023,2023-04-10,PARA,P,20.0,2023-09-15,put,PARA230915P00020000
26984,KR,Option Type: Put Strike price: $48.00  Expires: 10/20/2023,2023-04-10,KR,P,48.0,2023-10-20,put,KR231020P00048000
27031,MDLZ,Option Type: Put Strike price: $70.00  Expires: 01/19/2024,2023-04-10,MDLZ,P,70.0,2024-01-19,put,MDLZ240119P00070000
27086,HPQ,Option Type: Put Strike price: $29.00  Expires: 11/17/2023,2023-04-10,HPQ,P,29.0,2023-11-17,put,HPQ231117P00029000
27299,TSLA,Option Type: Put Strike price: $190.00  Expires: 12/15/2023,2023-04-04,TSLA,P,190.0,2023-12-15,put,TSLA231215P00190000
27303,TXN,Option Type: Put Strike price: $180.00  Expires: 10/20/2023,2023-04-03,TXN,P,180.0,2023-10-20,put,TXN231020P00180000
27306,MSFT,Option Type: Put Strike price: $250.00  Expires: 11/17/2023,2023-04-03,MSFT,P,250.0,2023-11-17,put,MSFT231117P00250000
27662,CLF,Option Type: Put Strike price: $18.00  Expires: 10/20/2023,2023-03-21,CLF,P,18.0,2023-10-20,put,CLF231020P00018000
27665,CLF,Option Type: Call Strike price: $21.00  Expires: 10/20/2023,2023-03-21,CLF,C,21.0,2023-10-20,call,CLF231020C00021000
27670,TSM,Option Type: Put Strike price: $75.00  Expires: 09/15/2023,2023-03-21,TSM,P,75.0,2023-09-15,put,TSM230915P00075000
28162,CLF,Option Type: Put Strike price: $20.00  Expires: 10/20/2023,2023-03-03,CLF,P,20.0,2023-10-20,put,CLF231020P00020000
28380,BX,"THE TERMS OF THE CALL ARE A STRIKE PRICE OF $89, AND AN EXPIRATION OF 04/6/2023.",2023-02-24,BX,C,89.0,2023-04-06,call,BX230406C00089000
28388,AAP,"THE TERMS OF THE CALL ARE A STRIKE PRICE OF $139, WITH AN EXPIRATION OF 04/06/23.",2023-02-24,AAP,C,139.0,2023-04-06,call,AAP230406C00139000
28390,AAP,"THE TERMS OF THE CALL ARE A STRIKE PRICE OF $140, AND AN EXPIRATION OF 4/06/2023.",2023-02-24,AAP,C,140.0,2023-04-06,call,AAP230406C00140000
28598,MSFT,CALL OPTIONS; STRIKE PRICE $155; EXPIRES 09/15/23,2023-02-14,MSFT,C,155.0,2023-09-15,call,MSFT230915C00155000
28599,MSFT,CALL OPTIONS; STRIKE PRICE $155; EXPIRES 01/19/24,2023-02-14,MSFT,C,155.0,2024-01-19,call,MSFT240119C00155000
28628,MSFT,CALL OPTIONS; STRIKE PRICE $165; EXPIRES 08/18/23,2023-02-13,MSFT,C,165.0,2023-08-18,call,MSFT230818C00165000
28634,MSFT,CALL OPTIONS; STRIKE PRICE $165; EXPIRES 06/16/23,2023-02-13,MSFT,C,165.0,2023-06-16,call,MSFT230616C00165000
28639,MSFT,CALL OPTIONS; STRIKE PRICE $160; EXPIRES 09/15/23,2023-02-13,MSFT,C,160.0,2023-09-15,call,MSFT230915C00160000
28642,MSFT,CALL OPTIONS; STRIKE PRICE $155; EXPIRES 07/21/23,2023-02-13,MSFT,C,155.0,2023-07-21,call,MSFT230721C00155000
28654,MSFT,CALL OPTIONS; STRIKE PRICE $155; EXPIRES 09/15/23,2023-02-13,MSFT,C,155.0,2023-09-15,call,MSFT230915C00155000
28655,MSFT,CALL OPTIONS; STRIKE PRICE $155; EXPIRES 09/15/23,2023-02-13,MSFT,C,155.0,2023-09-15,call,MSFT230915C00155000
29257,RBLX,100 CALL OPTIONS PURCHASED 12/20/21 WITH A STRIKE PRICE OF $100 AND AN EXPIRATION DATE OF 1/20/23 EXPIRED,2023-01-20,RBLX,C,100.0,2023-01-20,call,RBLX230120C00100000
29284,CLF,Option Type: Put Strike price: $19.00  Expires: 07/21/2023,2023-01-18,CLF,P,19.0,2023-07-21,put,CLF230721P00019000
29291,CLF,Option Type: Call Strike price: $23.00  Expires: 07/21/2023,2023-01-18,CLF,C,23.0,2023-07-21,call,CLF230721C00023000
29363,CLF,Option Type: Put Strike price: $20.00  Expires: 06/16/2023,2023-01-12,CLF,P,20.0,2023-06-16,put,CLF230616P00020000
29488,V,Option Type: Put Strike price: $210.00  Expires: 09/15/2023,2023-01-11,V,P,210.0,2023-09-15,put,V230915P00210000
29498,KO,Option Type: Put Strike price: $60.00  Expires: 12/15/2023,2023-01-11,KO,P,60.0,2023-12-15,put,KO231215P00060000
29499,TXN,Option Type: Put Strike price: $170.00  Expires: 07/21/2023,2023-01-11,TXN,P,170.0,2023-07-21,put,TXN230721P00170000
29508,AAPL,Option Type: Put Strike price: $125.00  Expires: 09/15/2023,2023-01-11,AAPL,P,125.0,2023-09-15,put,AAPL230915P00125000
29647,CLF,Option Type: Call Strike price: $20.00  Expires: 07/21/2023,2023-01-05,CLF,C,20.0,2023-07-21,call,CLF230721C00020000
29654,CLF,Option Type: Call Strike price: $20.00  Expires: 07/21/2023,2023-01-05,CLF,C,20.0,2023-07-21,call,CLF230721C00020000
29656,CLF,Option Type: Call Strike price: $18.00  Expires: 04/21/2023,2023-01-05,CLF,C,18.0,2023-04-21,call,CLF230421C00018000
29661,CLF,Option Type: Call Strike price: $20.00  Expires: 06/16/2023,2023-01-05,CLF,C,20.0,2023-06-16,call,CLF230616C00020000
29666,X,Option Type: Put Strike price: $23.00  Expires: 01/20/2023,2023-01-05,X,P,23.0,2023-01-20,put,X230120P00023000
29676,MSFT,CALL OPTIONS; STRIKE PRICE $150; EXPIRES 06/16/23,2023-01-04,MSFT,C,150.0,2023-06-16,call,MSFT230616C00150000
29678,MSFT,CALL OPTIONS; STRIKE PRICE $160; EXPIRES 03/17/23,2023-01-04,MSFT,C,160.0,2023-03-17,call,MSFT230317C00160000
29683,MSFT,CALL OPTIONS; STRIKE PRICE $155; EXPIRES 09/15/23,2023-01-04,MSFT,C,155.0,2023-09-15,call,MSFT230915C00155000
29685,MSFT,CALL OPTIONS; STRIKE PRICE $150; EXPIRES 06/16/23,2023-01-04,MSFT,C,150.0,2023-06-16,call,MSFT230616C00150000
29688,MSFT,CALL OPTIONS; STRIKE PRICE $165; EXPIRES 06/16/23,2023-01-04,MSFT,C,165.0,2023-06-16,call,MSFT230616C00165000
29689,MSFT,CALL OPTIONS; STRIKE PRICE $155; EXPIRES 07/21/23,2023-01-04,MSFT,C,155.0,2023-07-21,call,MSFT230721C00155000
29842,CRM,SOLD 130 CALL OPTIONS PURCHASED 12/20/21 WITH A STRIKE PRICE OF $210 AND AN EXPIRATION DATE OF 1/20/23.,2022-12-20,CRM,C,210.0,2023-01-20,call,CRM230120C00210000
30093,GNRC,CALL OPTIONS; STRIKE PRICE $102; EXPIRES 12/16/2022,2022-12-12,GNRC,C,102.0,2022-12-16,call,GNRC221216C00102000
30136,KMB,Option Type: Put Strike price: $135.00  Expires: 04/21/2023,2022-12-09,KMB,P,135.0,2023-04-21,put,KMB230421P00135000
30138,PYPL,Option Type: Put Strike price: $100.00  Expires: 01/19/2024,2022-12-09,PYPL,P,100.0,2024-01-19,put,PYPL240119P00100000
30143,CLX,Option Type: Put Strike price: $140.00  Expires: 05/19/2023,2022-12-09,CLX,P,140.0,2023-05-19,put,CLX230519P00140000
30147,PG,Option Type: Put Strike price: $145.00  Expires: 06/16/2023,2022-12-09,PG,P,145.0,2023-06-16,put,PG230616P00145000
30148,PG,Option Type: Put Strike price: $150.00  Expires: 07/21/2023,2022-12-09,PG,P,150.0,2023-07-21,put,PG230721P00150000
30428,QCOM,Option Type: Put Strike price: $140.00  Expires: 09/15/23,2022-12-02,QCOM,P,140.0,2023-09-15,put,QCOM230915P00140000
30583,SYK,"THE TERMS OF THE CALL ARE A STRIKE PRICE OF $240, AND AN EXPIRATION OF 12/30/2022.",2022-11-29,SYK,C,240.0,2022-12-30,call,SYK221230C00240000
30595,SYK,"THE TERMS OF THE CALL ARE A STRIKE PRICE OF $240, AND AN EXPIRATION OF 12/30/2022.",2022-11-28,SYK,C,240.0,2022-12-30,call,SYK221230C00240000
30613,TSM,Option Type: Put Strike price: $75.00  Expires: 09/15/2023,2022-11-23,TSM,P,75.0,2023-09-15,put,TSM230915P00075000
30618,TSM,Option Type: Put Strike price: $75.00  Expires: 09/15/2023,2022-11-23,TSM,P,75.0,2023-09-15,put,TSM230915P00075000
30621,MSFT,Option Type: Put Strike price: $225.00  Expires: 09/15/2023,2022-11-23,MSFT,P,225.0,2023-09-15,put,MSFT230915P00225000
30623,MSFT,Option Type: Call Strike price: $265.00  Expires: 04/21/2023,2022-11-23,MSFT,C,265.0,2023-04-21,call,MSFT230421C00265000
30632,INTC,Option Type: Put Strike price: $30.00  Expires: 09/15/2023,2022-11-22,INTC,P,30.0,2023-09-15,put,INTC230915P00030000
30709,DIS,"THE TERMS OF THE CALL ARE A STRIKE PRICE OF $95, AND AN EXPIRATION OF 12/16/2022.",2022-11-16,DIS,C,95.0,2022-12-16,call,DIS221216C00095000
30867,X,Option Type: Call Strike price: $25.00  Expires: 04/21/2023,2022-11-08,X,C,25.0,2023-04-21,call,X230421C00025000
30915,PYPL,Option Type: Put Strike price: $100.00  Expires: 01/19/2024,2022-11-08,PYPL,P,100.0,2024-01-19,put,PYPL240119P00100000
30917,PYPL,Option Type: Put Strike price: $100.00  Expires: 01/19/2024,2022-11-08,PYPL,P,100.0,2024-01-19,put,PYPL240119P00100000
30918,PYPL,Option Type: Put Strike price: $100.00  Expires: 01/19/2024,2022-11-08,PYPL,P,100.0,2024-01-19,put,PYPL240119P00100000
30997,DASH,CALL OPTIONS; STRIKE PRICE $50; EXPIRES 11/4/2022,2022-11-03,DASH,C,50.0,2022-11-04,call,DASH221104C00050000
31355,META,CALL OPTIONS; STRIKE PRICE $102; EXPIRES 11/11/2022,2022-11-01,META,C,102.0,2022-11-11,call,META221111C00102000
31388,MSFT,Option Type: Short Sale Strike price: $245.00  Expires: 06/16/2023,2022-10-28,MSFT,P,245.0,2023-06-16,short sale,MSFT230616P00245000
31394,MSFT,Option Type: Short Sale Strike price: $245.00  Expires: 06/16/2023,2022-10-28,MSFT,P,245.0,2023-06-16,short sale,MSFT230616P00245000
31395,MSFT,Option Type: Short Sale Strike price: $245.00  Expires: 06/16/2023,2022-10-28,MSFT,P,245.0,2023-06-16,short sale,MSFT230616P00245000
31431,SYK,"THE TERMS OF THE CALL ARE A STRIKE PRICE OF $240, AND AN EXPIRATION OF 11/25/2022.",2022-10-25,SYK,C,240.0,2022-11-25,call,SYK221125C00240000
31456,SYK,"THE TERMS OF THE CALL ARE A STRIKE PRICE OF $240, AND AN EXPIRATION OF 11/25/2022.",2022-10-24,SYK,C,240.0,2022-11-25,call,SYK221125C00240000
31517,DASH,CALL OPTIONS; STRIKE PRICE $50; EXPIRES 10/28/22,2022-10-20,DASH,C,50.0,2022-10-28,call,DASH221028C00050000
31521,SQ,CALL OPTIONS; STRIKE PRICE $61; EXPIRES 10/28/22,2022-10-20,SQ,C,61.0,2022-10-28,call,SQ221028C00061000
31578,PYPL,CALL OPTIONS; STRIKE PRICE $94; EXPIRES 11/04/22,2022-10-17,PYPL,C,94.0,2022-11-04,call,PYPL221104C00094000
31601,ABNB,CALL OPTIONS; STRIKE PRICE $118; EXPIRES 10/21/22,2022-10-13,ABNB,C,118.0,2022-10-21,call,ABNB221021C00118000
31724,MS,"THE TERMS OF THE CALL ARE A STRIKE PRICE OF $80, AND AN EXPIRATION OF 11/11/2022.",2022-10-07,MS,C,80.0,2022-11-11,call,MS221111C00080000
31732,X,Option Type: Short Sale Strike price: $20.00  Expires: 06/16/2023,2022-10-06,X,P,20.0,2023-06-16,short sale,X230616P00020000
31735,X,Option Type: Short Sale Strike price: $20.00  Expires: 06/16/2023,2022-10-06,X,P,20.0,2023-06-16,short sale,X230616P00020000
31736,XOM,Option Type: Short Sale Strike price: $100.00  Expires: 06/16/2023,2022-10-06,XOM,P,100.0,2023-06-16,short sale,XOM230616P00100000
31742,CVX,Option Type: Short Sale Strike price: $155.00  Expires: 06/16/2023,2022-10-06,CVX,P,155.0,2023-06-16,short sale,CVX230616P00155000
31805,OXY,Option Type: Short Sale Strike price: $60.00  Expires: 05/19/2023,2022-10-04,OXY,P,60.0,2023-05-19,short sale,OXY230519P00060000
31806,OXY,Option Type: Short Sale Strike price: $60.00  Expires: 05/19/2023,2022-10-04,OXY,P,60.0,2023-05-19,short sale,OXY230519P00060000
31807,MRO,Option Type: Short Sale Strike price: $23.00  Expires: 04/21/2023,2022-10-04,MRO,P,23.0,2023-04-21,short sale,MRO230421P00023000
31809,OXY,Option Type: Short Sale Strike price: $60.00  Expires: 05/19/2023,2022-10-04,OXY,P,60.0,2023-05-19,short sale,OXY230519P00060000
31810,OXY,Option Type: Short Sale Strike price: $60.00  Expires: 05/19/2023,2022-10-04,OXY,P,60.0,2023-05-19,short sale,OXY230519P00060000
31813,GNRC,CALL OPTIONS; STRIKE PRICE $210; EXPIRES 10/21/22,2022-10-03,GNRC,C,210.0,2022-10-21,call,GNRC221021C00210000
31820,ABNB,CALL OPTIONS; STRIKE PRICE $110; EXPIRES 10/07/22,2022-10-03,ABNB,C,110.0,2022-10-07,call,ABNB221007C00110000
32019,SQ,CALL OPTIONS; STRIKE PRICE $63; EXPIRES 10/07/22,2022-09-28,SQ,C,63.0,2022-10-07,call,SQ221007C00063000
32024,DASH,CALL OPTIONS; STRIKE PRICE $57; EXPIRES 10/07/22,2022-09-28,DASH,C,57.0,2022-10-07,call,DASH221007C00057000
32144,MSFT,Option Type: Short Sale Strike price: $265.00  Expires: 04/21/2023,2022-09-20,MSFT,P,265.0,2023-04-21,short sale,MSFT230421P00265000
32145,ABNB,CALL OPTIONS; STRIKE PRICE $126; EXPIRES 09/30/22,2022-09-20,ABNB,C,126.0,2022-09-30,call,ABNB220930C00126000
32149,GNRC,CALL OPTIONS; STRIKE PRICE $200; EXPIRES 11/18/22,2022-09-20,GNRC,C,200.0,2022-11-18,call,GNRC221118C00200000
32151,X,Option Type: Short Sale Strike price: $24.00  Expires: 04/21/2023,2022-09-20,X,P,24.0,2023-04-21,short sale,X230421P00024000
32176,NVDA,SOLD 50 CALL OPTIONS PURCHASED 7/23/21 WITH A STRIKE PRICE OF $100 AND AN EXPIRATION DATE OF 9/16/22.,2022-09-16,NVDA,C,100.0,2022-09-16,call,NVDA220916C00100000
32177,DIS,50 CALL OPTIONS PURCHASED 12/17/21 WITH A STRIKE PRICE OF $130 AND AN EXPIRATION DATE OF 9/16/22 EXPIRED WITH,2022-09-16,DIS,C,130.0,2022-09-16,call,DIS220916C00130000
32180,MU,SOLD 100 CALL OPTIONS PURCHASED 12/21/21 WITH A STRIKE PRICE OF $50 AND AN EXPIRATION DATE OF 9/16/22.,2022-09-16,MU,C,50.0,2022-09-16,call,MU220916C00050000
32201,PYPL,CALL OPTIONS; STRIKE PRICE $101; EXPIRES 09/23/22,2022-09-15,PYPL,C,101.0,2022-09-23,call,PYPL220923C00101000
32275,F,Option Type: Put Strike price: $17.00  Expires: 09/16/2022,2022-09-12,F,P,17.0,2022-09-16,put,F220916P00017000
32285,F,Option Type: Put Strike price: $17.00  Expires: 09/16/2022,2022-09-12,F,P,17.0,2022-09-16,put,F220916P00017000
32289,F,Option Type: Short Sale Strike price: $17.00  Expires: 06/16/2023,2022-09-12,F,P,17.0,2023-06-16,short sale,F230616P00017000
32325,SQ,CALL OPTIONS; STRIKE PRICE $75; EXPIRES 09/16/22,2022-09-08,SQ,C,75.0,2022-09-16,call,SQ220916C00075000
32397,ABNB,CALL OPTIONS; STRIKE PRICE $120; EXPIRES 09/16/22,2022-09-07,ABNB,C,120.0,2022-09-16,call,ABNB220916C00120000
32844,MRO,Option Type: Put Strike price: $20.00  Expires: 09/16/2022,2022-08-18,MRO,P,20.0,2022-09-16,put,MRO220916P00020000
32868,MSFT,CALL OPTIONS; STRIKE PRICE $150; EXPIRES 06/16/23,2022-08-17,MSFT,C,150.0,2023-06-16,call,MSFT230616C00150000
32916,X,Option Type: Put Strike price: $20.00  Expires: 09/16/2022,2022-08-12,X,P,20.0,2022-09-16,put,X220916P00020000
32942,MSFT,CALL OPTIONS; STRIKE PRICE $150; EXPIRES 01/20/23,2022-08-11,MSFT,C,150.0,2023-01-20,call,MSFT230120C00150000
32943,MSFT,CALL OPTIONS; STRIKE PRICE $150; EXPIRES 06/16/23,2022-08-11,MSFT,C,150.0,2023-06-16,call,MSFT230616C00150000
32945,MSFT,CALL OPTIONS; STRIKE PRICE $160; EXPIRES 03/17/23,2022-08-11,MSFT,C,160.0,2023-03-17,call,MSFT230317C00160000
32948,MSFT,CALL OPTIONS; STRIKE PRICE $160; EXPIRES 03/17/23,2022-08-11,MSFT,C,160.0,2023-03-17,call,MSFT230317C00160000
32952,MSFT,CALL OPTIONS; STRIKE PRICE $155; EXPIRES 06/16/23,2022-08-11,MSFT,C,155.0,2023-06-16,call,MSFT230616C00155000
32953,MSFT,CALL OPTIONS; STRIKE PRICE $155; EXPIRES 01/20/23,2022-08-11,MSFT,C,155.0,2023-01-20,call,MSFT230120C00155000
32955,MSFT,CALL OPTIONS; STRIKE PRICE $150; EXPIRES 01/20/23,2022-08-11,MSFT,C,150.0,2023-01-20,call,MSFT230120C00150000
32956,MSFT,CALL OPTIONS; STRIKE PRICE $155; EXPIRES 06/16/23,2022-08-11,MSFT,C,155.0,2023-06-16,call,MSFT230616C00155000
32957,MSFT,CALL OPTIONS; STRIKE PRICE $150; EXPIRES 01/20/23,2022-08-11,MSFT,C,150.0,2023-01-20,call,MSFT230120C00150000
32958,MSFT,CALL OPTIONS; STRIKE PRICE $145; EXPIRES 01/20/23,2022-08-11,MSFT,C,145.0,2023-01-20,call,MSFT230120C00145000
32960,MSFT,CALL OPTIONS; STRIKE PRICE $150; EXPIRES 06/16/23,2022-08-11,MSFT,C,150.0,2023-06-16,call,MSFT230616C00150000
32981,SQ,CALL OPTIONS; STRIKE PRICE $92; EXPIRES 08/19/22,2022-08-10,SQ,C,92.0,2022-08-19,call,SQ220819C00092000
33032,ABNB,CALL OPTIONS; STRIKE PRICE $125; EXPIRES 08/19/22,2022-08-10,ABNB,C,125.0,2022-08-19,call,ABNB220819C00125000
33178,PYPL,Option Type: Short Sale Strike price: $125.00  Expires: 06/16/2023,2022-08-03,PYPL,P,125.0,2023-06-16,short sale,PYPL230616P00125000
33193,CLF,Option Type: Short Sale Strike price: $22.00  Expires: 06/16/2023,2022-08-03,CLF,P,22.0,2023-06-16,short sale,CLF230616P00022000
33223,DASH,CALL OPTIONS; STRIKE PRICE $88; EXPIRES 08/05/22,2022-08-03,DASH,C,88.0,2022-08-05,call,DASH220805C00088000
33276,SQ,CALL OPTIONS; STRIKE PRICE $85; EXPIRES 08/05/22,2022-08-01,SQ,C,85.0,2022-08-05,call,SQ220805C00085000
33372,ABNB,CALL OPTIONS; STRIKE PRICE $120; EXPIRES 08/05/22,2022-07-29,ABNB,C,120.0,2022-08-05,call,ABNB220805C00120000
33541,SYK,"THE TERMS OF THE CALL ARE A STRIKE PRICE OF $215, AND AN EXPIRATION OF 08/26/2022.",2022-07-22,SYK,C,215.0,2022-08-26,call,SYK220826C00215000
33551,SQ,CALL OPTIONS; STRIKE PRICE $70; EXPIRES 07/22/22,2022-07-22,SQ,C,70.0,2022-07-22,call,SQ220722C00070000
33566,SYK,"THE TERMS OF THE CALL ARE A STRIKE PRICE OF $215, AND AN EXPIRATION OF 08/26/2022.",2022-07-22,SYK,C,215.0,2022-08-26,call,SYK220826C00215000
33942,DASH,CALL OPTIONS; STRIKE PRICE $80; EXPIRES 07/15/22,2022-07-05,DASH,C,80.0,2022-07-15,call,DASH220715C00080000
34049,QCOM,Option Type: Short Sale Strike price: $135.00  Expires: 06/16/2023,2022-06-28,QCOM,P,135.0,2023-06-16,short sale,QCOM230616P00135000
34191,DASH,CALL OPTIONS; STRIKE PRICE $75; EXPIRES 07/01/22,2022-06-23,DASH,C,75.0,2022-07-01,call,DASH220701C00075000
34206,X,Option Type: Short Sale Strike price: $22.00  Expires: 09/16/2022,2022-06-22,X,P,22.0,2022-09-16,short sale,X220916P00022000
34207,GOLD,Option Type: Call Strike price: $27.00  Expires: 01/20/2023,2022-06-22,GOLD,C,27.0,2023-01-20,call,GOLD230120C00027000
34243,SYK,"THE TERMS OF THE CALL ARE A STRIKE PRICE OF $210, AND AN EXPIRATION OF 07/15/2022.",2022-06-21,SYK,C,210.0,2022-07-15,call,SYK220715C00210000
34313,AAPL,SOLD 50 CALL OPTIONS WITH A STRIKE PRICE OF $100 AND AN EXPIRATION DATE OF 6/17/22.,2022-06-17,AAPL,C,100.0,2022-06-17,call,AAPL220617C00100000
34393,NVDA,"EXERCISED 200 CALL OPTIONS (20,000 SHARES) EXPIRING 6/17/22 AT A STRIKE PRICE OF $100.",2022-06-17,NVDA,C,100.0,2022-06-17,call,NVDA220617C00100000
34605,NVDA,Option Type: Short Sale Strike price: $150.00  Expires: 03/17/2023,2022-06-15,NVDA,P,150.0,2023-03-17,short sale,NVDA230317P00150000
34608,PYPL,Option Type: Put Strike price: $220.00  Expires: 06/17/2022,2022-06-15,PYPL,P,220.0,2022-06-17,put,PYPL220617P00220000
34628,PYPL,Option Type: Short Sale Strike price: $150.00  Expires: 09/15/2023,2022-06-15,PYPL,P,150.0,2023-09-15,short sale,PYPL230915P00150000
34629,NVDA,Option Type: Put Strike price: $180.00  Expires: 06/17/2022,2022-06-15,NVDA,P,180.0,2022-06-17,put,NVDA220617P00180000
34630,QCOM,Option Type: Put Strike price: $130.00  Expires: 06/17/2022,2022-06-15,QCOM,P,130.0,2022-06-17,put,QCOM220617P00130000
34639,AMZN,"THE TERMS OF THE CALL ARE A STRIKE PRICE OF $103, AND AN EXPIRATION OF 07/15/2022.",2022-06-14,AMZN,C,103.0,2022-07-15,call,AMZN220715C00103000
34671,META,CALL OPTIONS; STRIKE PRICE $190; EXPIRES 07/22/22,2022-06-13,META,C,190.0,2022-07-22,call,META220722C00190000
34684,GNRC,CALL OPTIONS; STRIKE PRICE $300; EXPIRES 07/15/22,2022-06-10,GNRC,C,300.0,2022-07-15,call,GNRC220715C00300000
34721,META,CALL OPTIONS; STRIKE PRICE $200; EXPIRES 07/15/22,2022-06-10,META,C,200.0,2022-07-15,call,META220715C00200000
34754,FB,CALL OPTIONS; STRIKE PRICE $200; EXPIRES 07/01/22,2022-06-08,FB,C,200.0,2022-07-01,call,FB220701C00200000
34758,NVDA,Option Type: Short Sale Strike price: $150.00  Expires: 12/16/2022,2022-06-08,NVDA,P,150.0,2022-12-16,short sale,NVDA221216P00150000
34774,SQ,CALL OPTIONS; STRIKE PRICE $91; EXPIRES 07/17/22,2022-06-07,SQ,C,91.0,2022-07-17,call,SQ220717C00091000
34805,FB,CALL OPTIONS; STRIKE PRICE $200; EXPIRES 07/01/22,2022-06-03,FB,C,200.0,2022-07-01,call,FB220701C00200000
34843,GNRC,CALL OPTIONS; STRIKE PRICE $230; EXPIRES 06/17/22,2022-06-02,GNRC,C,230.0,2022-06-17,call,GNRC220617C00230000
34845,GNRC,CALL OPTIONS; STRIKE PRICE $250; EXPIRES 06/17/22,2022-06-02,GNRC,C,250.0,2022-06-17,call,GNRC220617C00250000
34876,FB,CALL OPTIONS; STRIKE PRICE $210; EXPIRES 07/01/22,2022-06-01,FB,C,210.0,2022-07-01,call,FB220701C00210000
34890,X,Option Type: Put Strike price: $23.00  Expires: 01/20/2023,2022-05-31,X,P,23.0,2023-01-20,put,X230120P00023000
34894,X,Option Type: Call Strike price: $30.00  Expires: 01/20/2023,2022-05-31,X,C,30.0,2023-01-20,call,X230120C00030000
34926,SQ,CALL OPTIONS; STRIKE PRICE $86; EXPIRES 06/03/22,2022-05-26,SQ,C,86.0,2022-06-03,call,SQ220603C00086000
34927,ABNB,CALL OPTIONS; STRIKE PRICE $118; EXPIRES 06/03/22,2022-05-26,ABNB,C,118.0,2022-06-03,call,ABNB220603C00118000
34947,GNRC,CALL OPTIONS; STRIKE PRICE $270; EXPIRES 06/17/22,2022-05-25,GNRC,C,270.0,2022-06-17,call,GNRC220617C00270000
34960,MSFT,PURCHASED 40 CALL OPTIONS WITH A STRIKE PRICE OF $180 AND AN EXPIRATION DATE OF 6/16/23.,2022-05-24,MSFT,C,180.0,2023-06-16,call,MSFT230616C00180000
34967,SYK,"THE TERMS OF THE CALL ARE A STRIKE PRICE OF $250, AND AN EXPIRATION OF 06/17/2022.",2022-05-24,SYK,C,250.0,2022-06-17,call,SYK220617C00250000
34970,MSFT,PURCHASED 10 CALL OPTIONS WITH A STRIKE PRICE OF $180 AND AN EXPIRATION DATE OF 6/16/23.,2022-05-24,MSFT,C,180.0,2023-06-16,call,MSFT230616C00180000
34976,AAPL,PURCHASED 50 CALL OPTIONS WITH A STRIKE PRICE OF $80 AND AN EXPIRATION DATE OF 6/16/23.,2022-05-24,AAPL,C,80.0,2023-06-16,call,AAPL230616C00080000
34994,SYK,"THE TERMS OF THE CALL ARE A STRIKE PRICE OF $250, AND AN EXPIRATION OF 06/17/2022.",2022-05-23,SYK,C,250.0,2022-06-17,call,SYK220617C00250000
35065,GNRC,CALL OPTIONS; STRIKE PRICE $210; EXPIRES 06/17/22,2022-05-23,GNRC,C,210.0,2022-06-17,call,GNRC220617C00210000
35313,FB,CALL OPTIONS; STRIKE PRICE $175; EXPIRES 05/20/22,2022-05-20,FB,C,175.0,2022-05-20,call,FB220520C00175000
35420,SQ,CALL OPTIONS; STRIKE PRICE $90; EXPIRES 05/20/22,2022-05-13,SQ,C,90.0,2022-05-20,call,SQ220520C00090000
35425,AAPL,PURCHASED 100 CALL OPTIONS WITH A STRIKE PRICE OF $80 AND AN EXPIRATION DATE OF 3/17/23.,2022-05-13,AAPL,C,80.0,2023-03-17,call,AAPL230317C00080000
35482,GNRC,CALL OPTIONS; STRIKE PRICE $210; EXPIRES 06/17/22,2022-05-11,GNRC,C,210.0,2022-06-17,call,GNRC220617C00210000
36394,PYPL,Option Type: Call Strike price: $135.00  Expires: 09/16/2022,2022-04-28,PYPL,C,135.0,2022-09-16,call,PYPL220916C00135000
36395,PYPL,Option Type: Short Sale Strike price: $125.00  Expires: 06/16/2023,2022-04-28,PYPL,P,125.0,2023-06-16,short sale,PYPL230616P00125000
36399,FB,CALL OPTIONS; STRIKE PRICE $175; EXPIRES 05/20/22,2022-04-27,FB,C,175.0,2022-05-20,call,FB220520C00175000
36600,GNRC,CALL OPTIONS; STRIKE PRICE $230; EXPIRES 06/17/22,2022-04-21,GNRC,C,230.0,2022-06-17,call,GNRC220617C00230000
36666,SYK,"THE TERMS OF THE CALL ARE A STRIKE PRICE OF $270, AND AN EXPIRATION OF 05/20/2022.",2022-04-18,SYK,C,270.0,2022-05-20,call,SYK220520C00270000
36668,SYK,"THE TERMS OF THE CALL ARE A STRIKE PRICE OF $280, AND AN EXPIRATION OF 05/20/2022.",2022-04-18,SYK,C,280.0,2022-05-20,call,SYK220520C00280000
36672,PYPL,CALL OPTIONS; STRIKE PRICE $110; EXPIRES 05/06/22,2022-04-18,PYPL,C,110.0,2022-05-06,call,PYPL220506C00110000
36690,GNRC,CALL OPTIONS; STRIKE PRICE $250; EXPIRES 06/17/22,2022-04-14,GNRC,C,250.0,2022-06-17,call,GNRC220617C00250000
36839,GNRC,CALL OPTIONS; STRIKE PRICE $280; EXPIRES 06/17/22,2022-04-11,GNRC,C,280.0,2022-06-17,call,GNRC220617C00280000
36912,FB,CALL OPTIONS; STRIKE PRICE $225; EXPIRES 05/20/22,2022-04-06,FB,C,225.0,2022-05-20,call,FB220520C00225000
36918,SQ,CALL OPTIONS; STRIKE PRICE $125; EXPIRES 05/20/22,2022-04-06,SQ,C,125.0,2022-05-20,call,SQ220520C00125000
36972,FB,CALL OPTIONS; STRIKE PRICE $245; EXPIRES 04/14/22,2022-04-04,FB,C,245.0,2022-04-14,call,FB220414C00245000
37139,GOLD,Option Type: Short Sale Strike price: $27.00  Expires: 01/20/2023,2022-03-23,GOLD,P,27.0,2023-01-20,short sale,GOLD230120P00027000
37147,GOLD,Option Type: Short Sale Strike price: $23.00  Expires: 01/20/2023,2022-03-23,GOLD,P,23.0,2023-01-20,short sale,GOLD230120P00023000
37150,MSFT,Option Type: Short Sale Strike price: $265.00  Expires: 10/21/2022,2022-03-22,MSFT,P,265.0,2022-10-21,short sale,MSFT221021P00265000
37151,NU,Option Type: Short Sale Strike price: $9.00  Expires: 12/16/22,2022-03-22,NU,P,9.0,2022-12-16,short sale,NU221216P00009000
37153,GNRC,CALL OPTIONS; STRIKE PRICE $350; EXPIRES 04/14/22,2022-03-22,GNRC,C,350.0,2022-04-14,call,GNRC220414C00350000
37161,SCCO,Option Type: Put Strike price: $55.00  Expires: 06/17/2022,2022-03-22,SCCO,P,55.0,2022-06-17,put,SCCO220617P00055000
37168,SYK,"THE TERMS OF THE CALL ARE A STRIKE PRICE OF $280, AND AN EXPIRATION OF 04/14/2022.",2022-03-21,SYK,C,280.0,2022-04-14,call,SYK220414C00280000
37179,SYK,"THE TERMS OF THE CALL ARE A STRIKE PRICE OF $280, AND AN EXPIRATION OF 04/14/2022.",2022-03-21,SYK,C,280.0,2022-04-14,call,SYK220414C00280000
37201,TSLA,"EXERCISED 25 CALL OPTIONS (2,500 SHARES) EXPIRING 3/18/22 AT A STRIKE PRICE OF $500.",2022-03-17,TSLA,C,500.0,2022-03-18,call,TSLA220318C00500000
37210,NFLX,CALL OPTIONS; STRIKE PRICE $355; EXPIRES 04/22/22,2022-03-17,NFLX,C,355.0,2022-04-22,call,NFLX220422C00355000
37280,SQ,CALL OPTIONS; STRIKE PRICE $116; EXPIRES 03/18/22,2022-03-16,SQ,C,116.0,2022-03-18,call,SQ220318C00116000
37435,NFLX,CALL OPTIONS; STRIKE PRICE $355; EXPIRES 04/22/22,2022-03-11,NFLX,C,355.0,2022-04-22,call,NFLX220422C00355000
37494,SQ,CALL OPTIONS; STRIKE PRICE $116; EXPIRES 03/11/22,2022-03-09,SQ,C,116.0,2022-03-11,call,SQ220311C00116000
37752,GNRC,CALL OPTIONS; STRIKE PRICE $340; EXPIRES 03/18/22,2022-02-25,GNRC,C,340.0,2022-03-18,call,GNRC220318C00340000
37757,SQ,CALL OPTIONS; STRIKE PRICE $126; EXPIRES 03/04/22,2022-02-25,SQ,C,126.0,2022-03-04,call,SQ220304C00126000
37762,GNRC,CALL OPTIONS; STRIKE PRICE $310; EXPIRES 03/18/22,2022-02-25,GNRC,C,310.0,2022-03-18,call,GNRC220318C00310000
37880,GNRC,CALL OPTIONS; STRIKE PRICE $290; EXPIRES 02/18/22,2022-02-18,GNRC,C,290.0,2022-02-18,call,GNRC220218C00290000
37885,Z,CALL OPTIONS; STRIKE PRICE $60; EXPIRES 02/18/22,2022-02-18,Z,C,60.0,2022-02-18,call,Z220218C00060000
37912,ARKK,Option Type: Short Sale Strike price: $65.00  Expires: 09/16/2022,2022-02-17,ARKK,P,65.0,2022-09-16,short sale,ARKK220916P00065000
37941,ARKK,Option Type: Short Sale Strike price: $65.00  Expires: 09/16/2022,2022-02-17,ARKK,P,65.0,2022-09-16,short sale,ARKK220916P00065000
38077,FB,CALL OPTIONS; STRIKE PRICE $230; EXPIRES 02/25/22,2022-02-15,FB,C,230.0,2022-02-25,call,FB220225C00230000
38100,PYPL,CALL OPTIONS; STRIKE PRICE $118; EXPIRES 02/25/22,2022-02-15,PYPL,C,118.0,2022-02-25,call,PYPL220225C00118000
38136,GNRC,CALL OPTIONS; STRIKE PRICE $290; EXPIRES 02/18/22,2022-02-15,GNRC,C,290.0,2022-02-18,call,GNRC220218C00290000
38282,MSFT,CALL OPTIONS; STRIKE PRICE $155; EXPIRES 1/20/2023,2022-02-10,MSFT,C,155.0,2023-01-20,call,MSFT230120C00155000
38284,MSFT,CALL OPTIONS; STRIKE PRICE $160; EXPIRES 9/16/2022,2022-02-10,MSFT,C,160.0,2022-09-16,call,MSFT220916C00160000
38285,GNRC,CALL OPTIONS; STRIKE PRICE $310; EXPIRES 03/18/22,2022-02-10,GNRC,C,310.0,2022-03-18,call,GNRC220318C00310000
38297,MSFT,CALL OPTIONS; STRIKE PRICE $150; EXPIRES 9/16/2022,2022-02-10,MSFT,C,150.0,2022-09-16,call,MSFT220916C00150000
38300,X,Option Type: Short Sale Strike price: $27.00  Expires: 09/16/2022,2022-02-10,X,P,27.0,2022-09-16,short sale,X220916P00027000
38302,MSFT,CALL OPTIONS; STRIKE PRICE $145; EXPIRES 1/20/2023,2022-02-10,MSFT,C,145.0,2023-01-20,call,MSFT230120C00145000
38304,X,Option Type: Short Sale Strike price: $22.00  Expires: 09/16/2022,2022-02-10,X,P,22.0,2022-09-16,short sale,X220916P00022000
38305,MSFT,CALL OPTIONS; STRIKE PRICE $145; EXPIRES 9/16/2022,2022-02-10,MSFT,C,145.0,2022-09-16,call,MSFT220916C00145000
38308,ROKU,CALL OPTIONS; STRIKE PRICE $170; EXPIRES 02/25/22,2022-02-10,ROKU,C,170.0,2022-02-25,call,ROKU220225C00170000
38312,X,Option Type: Short Sale Strike price: $27.00  Expires: 09/16/2022,2022-02-10,X,P,27.0,2022-09-16,short sale,X220916P00027000
38314,MSFT,CALL OPTIONS; STRIKE PRICE $150; EXPIRES 1/20/2023,2022-02-10,MSFT,C,150.0,2023-01-20,call,MSFT230120C00150000
38319,PYPL,Option Type: Short Sale Strike price: $135.00  Expires: 09/16/2022,2022-02-09,PYPL,P,135.0,2022-09-16,short sale,PYPL220916P00135000
38320,SQ,CALL OPTIONS; STRIKE PRICE $125; EXPIRES 02/25/22,2022-02-09,SQ,C,125.0,2022-02-25,call,SQ220225C00125000
38330,PYPL,Option Type: Short Sale Strike price: $140.00  Expires: 09/16/2022,2022-02-09,PYPL,P,140.0,2022-09-16,short sale,PYPL220916P00140000
38339,GNRC,CALL OPTIONS; STRIKE PRICE $270; EXPIRES 03/18/22,2022-02-09,GNRC,C,270.0,2022-03-18,call,GNRC220318C00270000
38340,PYPL,Option Type: Short Sale Strike price: $140.00  Expires: 09/16/2022,2022-02-09,PYPL,P,140.0,2022-09-16,short sale,PYPL220916P00140000
38361,BABA,CALL OPTIONS; STRIKE PRICE $119; EXPIRES 02/11/22,2022-02-07,BABA,C,119.0,2022-02-11,call,BABA220211C00119000
38368,ECOM,Option Type: Short Sale Strike price: $22.50  Expires: 09/16/2022,2022-02-07,ECOM,P,22.5,2022-09-16,short sale,ECOM220916P00022500
38376,ECOM,Option Type: Short Sale Strike price: $22.50  Expires: 09/16/2022,2022-02-07,ECOM,P,22.5,2022-09-16,short sale,ECOM220916P00022500
38378,ECOM,Option Type: Short Sale Strike price: $22.50  Expires: 09/16/2022,2022-02-07,ECOM,P,22.5,2022-09-16,short sale,ECOM220916P00022500
38384,ECOM,Option Type: Short Sale Strike price: $22.50  Expires: 09/16/2022,2022-02-07,ECOM,P,22.5,2022-09-16,short sale,ECOM220916P00022500
38414,NFLX,CALL OPTIONS; STRIKE PRICE $400; EXPIRES 03/04/22,2022-02-03,NFLX,C,400.0,2022-03-04,call,NFLX220304C00400000
38434,SQ,CALL OPTIONS; STRIKE PRICE $135; EXPIRES 03/11/22,2022-02-02,SQ,C,135.0,2022-03-11,call,SQ220311C00135000
38440,PYPL,CALL OPTIONS; STRIKE PRICE $155; EXPIRES 03/18/22,2022-02-02,PYPL,C,155.0,2022-03-18,call,PYPL220318C00155000
38452,MSFT,Option Type: Short Sale Strike price: $265.00  Expires: 09/16/2022,2022-02-01,MSFT,P,265.0,2022-09-16,short sale,MSFT220916P00265000
38455,FB,CALL OPTIONS; STRIKE PRICE $340; EXPIRES 02/25/22,2022-02-01,FB,C,340.0,2022-02-25,call,FB220225C00340000
38456,CLF,Option Type: Short Sale Strike price: $22.00  Expires: 01/20/2023,2022-02-01,CLF,P,22.0,2023-01-20,short sale,CLF230120P00022000
38462,MRO,Option Type: Short Sale Strike price: $20.00  Expires: 09/16/2022,2022-02-01,MRO,P,20.0,2022-09-16,short sale,MRO220916P00020000
38465,F,Option Type: Short Sale Strike price: $20.00  Expires: 01/20/2023,2022-02-01,F,P,20.0,2023-01-20,short sale,F230120P00020000
38467,MRO,Option Type: Short Sale Strike price: $20.00  Expires: 09/16/2022,2022-02-01,MRO,P,20.0,2022-09-16,short sale,MRO220916P00020000
38468,X,Option Type: Short Sale Strike price: $20.00  Expires: 09/16/2022,2022-02-01,X,P,20.0,2022-09-16,short sale,X220916P00020000
38722,SYK,"THE TERMS OF THE CALL ARE A STRIKE PRICE OF $270, AND AN EXPIRATION OF 2/18/22.",2022-01-27,SYK,C,270.0,2022-02-18,call,SYK220218C00270000
38729,FB,CALL OPTIONS; STRIKE PRICE $340; EXPIRES 02/25/22,2022-01-26,FB,C,340.0,2022-02-25,call,FB220225C00340000
38782,MSFT,CALL OPTIONS; STRIKE PRICE $145; EXPIRES 9/16/2022,2022-01-25,MSFT,C,145.0,2022-09-16,call,MSFT220916C00145000
38825,DIS,"EXERCISED 100 CALL OPTIONS (10,000 SHARES) EXPIRING 1/21/22 AT A STRIKE PRICE OF $100.",2022-01-21,DIS,C,100.0,2022-01-21,call,DIS220121C00100000
38845,AXP,"EXERCISED 50 CALL OPTIONS (5,000 SHARES) EXPIRING 1/21/22 AT A STRIKE PRICE OF $80.",2022-01-21,AXP,C,80.0,2022-01-21,call,AXP220121C00080000
38858,AAPL,"EXERCISED 100 CALL OPTIONS (10,000 SHARES) EXPIRING 1/21/22 AT A STRIKE PRICE OF $100.",2022-01-21,AAPL,C,100.0,2022-01-21,call,AAPL220121C00100000
38866,SQ,CALL OPTIONS; STRIKE PRICE $145; EXPIRES 03/18/22,2022-01-21,SQ,C,145.0,2022-03-18,call,SQ220318C00145000
38897,GNRC,CALL OPTIONS; STRIKE PRICE $270; EXPIRES 03/18/22,2022-01-21,GNRC,C,270.0,2022-03-18,call,GNRC220318C00270000
38910,PYPL,"EXERCISED 50 CALL OPTIONS (5,000 SHARES) EXPIRING 1/21/22 AT A STRIKE PRICE OF $100.",2022-01-21,PYPL,C,100.0,2022-01-21,call,PYPL220121C00100000
38918,RIVN,CALL OPTIONS; STRIKE PRICE $100; EXPIRES 03/18/22,2022-01-21,RIVN,C,100.0,2022-03-18,call,RIVN220318C00100000
39164,BABA,Option Type: Put Strike price: $230.00  Expires: 09/16/2022,2022-01-14,BABA,P,230.0,2022-09-16,put,BABA220916P00230000
39170,CLF,Option Type: Call Strike price: $23.00  Expires: 07/15/2022,2022-01-14,CLF,C,23.0,2022-07-15,call,CLF220715C00023000
39187,QCOM,Option Type: Short Sale Strike price: $165.00  Expires: 01/20/2023,2022-01-14,QCOM,P,165.0,2023-01-20,short sale,QCOM230120P00165000
39192,BABA,Option Type: Put Strike price: $245.00  Expires: 01/21/2022,2022-01-14,BABA,P,245.0,2022-01-21,put,BABA220121P00245000
39193,BABA,Option Type: Put Strike price: $230.00  Expires: 09/16/2022,2022-01-14,BABA,P,230.0,2022-09-16,put,BABA220916P00230000
39225,QCOM,Option Type: Short Sale Strike price: $170.00  Expires: 07/15/2022,2022-01-14,QCOM,P,170.0,2022-07-15,short sale,QCOM220715P00170000
39227,CLF,Option Type: Call Strike price: $23.00  Expires: 01/21/2022,2022-01-14,CLF,C,23.0,2022-01-21,call,CLF220121C00023000
39262,X,Option Type: Short Sale Strike price: $25.00  Expires: 06/17/2022,2022-01-13,X,P,25.0,2022-06-17,short sale,X220617P00025000
39281,INTC,Option Type: Short Sale Strike price: $55.00  Expires: 01/20/2023,2022-01-12,INTC,P,55.0,2023-01-20,short sale,INTC230120P00055000
39472,BABA,CALL OPTIONS; STRIKE PRICE $126; EXPIRES 01/07/22,2022-01-07,BABA,C,126.0,2022-01-07,call,BABA220107C00126000
39539,INTC,Option Type: Short Sale Strike price: $52.50  Expires: 09/16/2022,2022-01-05,INTC,P,52.5,2022-09-16,short sale,INTC220916P00052500
39541,INTC,Option Type: Short Sale Strike price: $52.50  Expires: 09/16/2022,2022-01-05,INTC,P,52.5,2022-09-16,short sale,INTC220916P00052500
39545,GNRC,CALL OPTIONS; STRIKE PRICE $320; EXPIRES 2/18/22,2022-01-04,GNRC,C,320.0,2022-02-18,call,GNRC220218C00320000
39547,CLF,Option Type: Short Sale Strike price: $22.00  Expires: 07/15/2022,2022-01-04,CLF,P,22.0,2022-07-15,short sale,CLF220715P00022000
39549,GNRC,CALL OPTIONS; STRIKE PRICE $320; EXPIRES 2/18/22,2022-01-04,GNRC,C,320.0,2022-02-18,call,GNRC220218C00320000
39556,GNRC,CALL OPTIONS; STRIKE PRICE $320; EXPIRES 02/18/22,2022-01-04,GNRC,C,320.0,2022-02-18,call,GNRC220218C00320000
39559,Z,CALL OPTIONS; STRIKE PRICE $60; EXPIRES 02/18/22,2022-01-04,Z,C,60.0,2022-02-18,call,Z220218C00060000
39568,SSYS,Option Type: Short Sale Strike price: $25.00  Expires: 06/17/2022,2022-01-03,SSYS,P,25.0,2022-06-17,short sale,SSYS220617P00025000
39569,SSYS,Option Type: Short Sale Strike price: $25.00  Expires: 06/17/2022,2022-01-03,SSYS,P,25.0,2022-06-17,short sale,SSYS220617P00025000
39570,SSYS,Option Type: Short Sale Strike price: $25.00  Expires: 06/17/2022,2022-01-03,SSYS,P,25.0,2022-06-17,short sale,SSYS220617P00025000
39571,SSYS,Option Type: Short Sale Strike price: $25.00  Expires: 06/17/2022,2022-01-03,SSYS,P,25.0,2022-06-17,short sale,SSYS220617P00025000
39617,QQQ,Option Type: Put Strike price: $285.00  Expires: 03/18/2022,2021-12-29,QQQ,P,285.0,2022-03-18,put,QQQ220318P00285000
39620,PYPL,Option Type: Short Sale Strike price: $185.00  Expires: 09/16/2022,2021-12-29,PYPL,P,185.0,2022-09-16,short sale,PYPL220916P00185000
39683,ECOM,Option Type: Short Sale Strike price: $25.00  Expires: 06/17/2022,2021-12-27,ECOM,P,25.0,2022-06-17,short sale,ECOM220617P00025000
39696,ECOM,Option Type: Short Sale Strike price: $25.00  Expires: 06/17/2022,2021-12-23,ECOM,P,25.0,2022-06-17,short sale,ECOM220617P00025000
39712,ECOM,Option Type: Short Sale Strike price: $25.00  Expires: 06/17/2022,2021-12-23,ECOM,P,25.0,2022-06-17,short sale,ECOM220617P00025000
39734,CLF,Option Type: Put Strike price: $17.00  Expires: 01/21/2022,2021-12-23,CLF,P,17.0,2022-01-21,put,CLF220121P00017000
39747,Z,CALL OPTIONS; STRIKE PRICE $60; EXPIRES 12/31/21 FILING ID #20020152,2021-12-22,Z,C,60.0,2021-12-31,call,Z211231C00060000
39759,Z,CALL OPTIONS; STRIKE PRICE $60; EXPIRES 12/31/21,2021-12-22,Z,C,60.0,2021-12-31,call,Z211231C00060000
39761,Z,CALL OPTIONS; STRIKE PRICE $60; EXPIRES 12/31/21,2021-12-22,Z,C,60.0,2021-12-31,call,Z211231C00060000
39786,MU,PURCHASED 100 CALL OPTIONS WITH A STRIKE PRICE OF $50 AND AN EXPIRATION DATE OF 9/16/22.,2021-12-21,MU,C,50.0,2022-09-16,call,MU220916C00050000
39836,SYK,"THE TERMS OF THE CALL ARE A STRIKE PRICE OF $270, AND AN EXPIRATION OF 1/22/22.",2021-12-21,SYK,C,270.0,2022-01-22,call,SYK220122C00270000
39840,SYK,"THE TERMS OF THE CALL ARE A STRIKE PRICE OF $270, AND AN EXPIRATION OF 1/21/22. FILING ID #20019995",2021-12-21,SYK,C,270.0,2022-01-21,call,SYK220121C00270000
39878,GNRC,CALL OPTIONS; STRIKE PRICE $340; EXPIRES 2/18/22,2021-12-20,GNRC,C,340.0,2022-02-18,call,GNRC220218C00340000
39880,CRM,PURCHASED 100 CALL OPTIONS WITH A STRIKE PRICE OF $210 AND AN EXPIRATION DATE OF 1/20/23.,2021-12-20,CRM,C,210.0,2023-01-20,call,CRM230120C00210000
39920,CRM,PURCHASED 30 CALL OPTIONS WITH A STRIKE PRICE OF $210 AND AN EXPIRATION DATE OF 1/20/23.,2021-12-20,CRM,C,210.0,2023-01-20,call,CRM230120C00210000
39924,RBLX,PURCHASED 100 CALL OPTIONS WITH A STRIKE PRICE OF $100 AND AN EXPIRATION DATE OF 1/20/23.,2021-12-20,RBLX,C,100.0,2023-01-20,call,RBLX230120C00100000
39935,GOOG,PURCHASED 10 CALL OPTIONS WITH A STRIKE PRICE OF $2000 AND AN EXPIRATION DATE OF 9/16/22.,2021-12-17,GOOG,C,2000.0,2022-09-16,call,GOOG220916C02000000
39944,DIS,PURCHASED 50 CALL OPTIONS WITH A STRIKE PRICE OF $130 AND AN EXPIRATION DATE OF 9/16/22.,2021-12-17,DIS,C,130.0,2022-09-16,call,DIS220916C00130000
39952,TWTR,PURCHASED 18 PUT OPTIONS WITH A STRIKE PRICE OF $55 AND AN EXPIRATION DATE OF 12/17/21,2021-12-16,TWTR,P,55.0,2021-12-17,put,TWTR211217P00055000
39967,TWTR,SOLD 18 PUT OPTIONS WITH A STRIKE PRICE OF $55 AND AN EXPIRATION DATE OF 12/17/21,2021-12-16,TWTR,P,55.0,2021-12-17,put,TWTR211217P00055000
40364,Z,CALL OPTIONS; STRIKE PRICE $57; EXPIRES 12/3/21,2021-12-03,Z,C,57.0,2021-12-03,call,Z211203C00057000
40409,GNRC,CALL OPTIONS; STRIKE PRICE $420; EXPIRES 01/21/22,2021-11-29,GNRC,C,420.0,2022-01-21,call,GNRC220121C00420000
40418,Z,CALL OPTIONS; STRIKE PRICE $60; EXPIRES 12/31/21,2021-11-29,Z,C,60.0,2021-12-31,call,Z211231C00060000
40467,FB,CALL OPTIONS; STRIKE PRICE $357.50; EXPIRES 12/03/21,2021-11-24,FB,C,357.5,2021-12-03,call,FB211203C00357500
40483,SYK,"THE TERMS OF THE CALL ARE A STRIKE PRICE OF $270, AND AN EXPIRATION OF 12/17/21.",2021-11-23,SYK,C,270.0,2021-12-17,call,SYK211217C00270000
40485,Z,CALL OPTIONS; STRIKE PRICE $57; EXPIRES 12/3/21,2021-11-23,Z,C,57.0,2021-12-03,call,Z211203C00057000
40496,MSFT,Option Type: Put Strike price: $210.00  Expires: 03/18/2022,2021-11-22,MSFT,P,210.0,2022-03-18,put,MSFT220318P00210000
40499,OXY,Option Type: Short Sale Strike price: $29.00  Expires: 06/17/2022,2021-11-22,OXY,P,29.0,2022-06-17,short sale,OXY220617P00029000
40500,ECOM,Option Type: Short Sale Strike price: $25.00  Expires: 06/17/2022,2021-11-22,ECOM,P,25.0,2022-06-17,short sale,ECOM220617P00025000
40501,AAPL,Option Type: Put Strike price: $102.50  Expires: 06/17/2022,2021-11-22,AAPL,P,102.5,2022-06-17,put,AAPL220617P00102500
40512,GNRC,CALL OPTIONS; STRIKE PRICE $470; EXPIRES 12/17/21,2021-11-19,GNRC,C,470.0,2021-12-17,call,GNRC211217C00470000
40549,PYPL,Option Type: Short Sale Strike price: $185.00  Expires: 01/20/2023,2021-11-17,PYPL,P,185.0,2023-01-20,short sale,PYPL230120P00185000
40552,PYPL,Option Type: Short Sale Strike price: $185.00  Expires: 01/20/2023,2021-11-17,PYPL,P,185.0,2023-01-20,short sale,PYPL230120P00185000
40554,PYPL,Option Type: Short Sale Strike price: $185.00  Expires: 01/20/2023,2021-11-17,PYPL,P,185.0,2023-01-20,short sale,PYPL230120P00185000
40579,MSFT,CALL OPTIONS; STRIKE PRICE $145; EXPIRES 3/18/2022,2021-11-15,MSFT,C,145.0,2022-03-18,call,MSFT220318C00145000
40583,MSFT,CALL OPTIONS; STRIKE PRICE $145; EXPIRES 9/16/2022,2021-11-15,MSFT,C,145.0,2022-09-16,call,MSFT220916C00145000
40587,MSFT,CALL OPTIONS; STRIKE PRICE $150; EXPIRES 9/16/2022,2021-11-15,MSFT,C,150.0,2022-09-16,call,MSFT220916C00150000
40591,MSFT,CALL OPTIONS; STRIKE PRICE $160; EXPIRES 9/16/2022,2021-11-15,MSFT,C,160.0,2022-09-16,call,MSFT220916C00160000
40593,MSFT,CALL OPTIONS; STRIKE PRICE $150; EXPIRES 3/18/2022,2021-11-15,MSFT,C,150.0,2022-03-18,call,MSFT220318C00150000
40597,MSFT,CALL OPTIONS; STRIKE PRICE $160; EXPIRES 1/21/2022,2021-11-15,MSFT,C,160.0,2022-01-21,call,MSFT220121C00160000
40621,GNRC,CALL OPTIONS; STRIKE PRICE $430; EXPIRES 1/21/22,2021-11-15,GNRC,C,430.0,2022-01-21,call,GNRC220121C00430000
40638,ADBE,Option Type: Put Strike price: $400.00  Expires: 01/21/2022,2021-11-12,ADBE,P,400.0,2022-01-21,put,ADBE220121P00400000
40731,CLF,Option Type: Short Sale Strike price: $22.00  Expires: 01/20/2023,2021-11-08,CLF,P,22.0,2023-01-20,short sale,CLF230120P00022000
40734,BABA,CALL OPTIONS; STRIKE PRICE $170; EXPIRES 11/19/21,2021-11-08,BABA,C,170.0,2021-11-19,call,BABA211119C00170000
40737,CLF,Option Type: Call Strike price: $27.00  Expires: 01/20/2023,2021-11-08,CLF,C,27.0,2023-01-20,call,CLF230120C00027000
40757,CLF,Option Type: Call Strike price: $27.00  Expires: 01/20/2023,2021-11-08,CLF,C,27.0,2023-01-20,call,CLF230120C00027000
40785,F,Option Type: Short Sale Strike price: $17.00  Expires: 09/16/2022,2021-11-05,F,P,17.0,2022-09-16,short sale,F220916P00017000
40786,F,Option Type: Short Sale Strike price: $17.00  Expires: 09/16/2022,2021-11-05,F,P,17.0,2022-09-16,short sale,F220916P00017000
40793,SSYS,Option Type: Short Sale Strike price: $40.00  Expires: 03/18/2022,2021-11-04,SSYS,P,40.0,2022-03-18,short sale,SSYS220318P00040000
40805,FB,CALL OPTIONS; STRIKE PRICE $355; EXPIRES 11/19/21,2021-11-04,FB,C,355.0,2021-11-19,call,FB211119C00355000
40822,GNRC,CALL OPTIONS; STRIKE PRICE $450; EXPIRES 12/17/21,2021-11-03,GNRC,C,450.0,2021-12-17,call,GNRC211217C00450000
40898,SCCO,Option Type: Short Sale Strike price: $55.00  Expires: 06/17/2022,2021-11-02,SCCO,P,55.0,2022-06-17,short sale,SCCO220617P00055000
40955,SCCO,Option Type: Short Sale Strike price: $55.00  Expires: 06/17/2022,2021-11-02,SCCO,P,55.0,2022-06-17,short sale,SCCO220617P00055000
40962,SCCO,Option Type: Call Strike price: $65.00  Expires: 06/17/2022,2021-11-02,SCCO,C,65.0,2022-06-17,call,SCCO220617C00065000
40971,Z,CALL OPTIONS; STRIKE PRICE $85; EXPIRES 12/17/21,2021-11-02,Z,C,85.0,2021-12-17,call,Z211217C00085000
41057,Z,CALL OPTIONS; STRIKE PRICE $84; EXPIRES 11/12/21,2021-10-28,Z,C,84.0,2021-11-12,call,Z211112C00084000
41132,QCOM,Option Type: Put Strike price: $130.00  Expires: 06/17/2022,2021-10-26,QCOM,P,130.0,2022-06-17,put,QCOM220617P00130000
41174,X,Option Type: Put Strike price: $22.00  Expires: 06/17/2022,2021-10-21,X,P,22.0,2022-06-17,put,X220617P00022000
41200,FB,FORMERLY KNOWN AS FACEBOOK INC CL A - CALL OPTIONS; STRIKE PRICE $360; EXPIRES 10/29/21,2021-10-19,FB,C,360.0,2021-10-29,call,FB211029C00360000
41201,SYK,THE TERMS OF THE CALL ARE A STRIKE PRICE OF $280 AND AN EXPIRATION DATE 12/17/21.,2021-10-19,SYK,C,280.0,2021-12-17,call,SYK211217C00280000
41217,CALX,Option Type: Put Strike price: $55.00  Expires: 11/18/2022,2021-10-18,CALX,P,55.0,2022-11-18,put,CALX221118P00055000
41222,CALX,Option Type: Put Strike price: $55.00  Expires: 11/18/2022,2021-10-18,CALX,P,55.0,2022-11-18,put,CALX221118P00055000
41223,X,Option Type: Call Strike price: $25.00  Expires: 06/17/2022,2021-10-18,X,C,25.0,2022-06-17,call,X220617C00025000
41232,INTC,Option Type: Call Strike price: $60.00  Expires: 06/17/2022,2021-10-18,INTC,C,60.0,2022-06-17,call,INTC220617C00060000
41233,CALX,Option Type: Put Strike price: $55.00  Expires: 11/18/2022,2021-10-18,CALX,P,55.0,2022-11-18,put,CALX221118P00055000
41260,GNRC,CALL OPTIONS; STRIKE PRICE $400; EXPIRES 11/19/21,2021-10-15,GNRC,C,400.0,2021-11-19,call,GNRC211119C00400000
41262,GNRC,CALL OPTIONS; STRIKE PRICE $400; EXPIRES 11/19/21,2021-10-15,GNRC,C,400.0,2021-11-19,call,GNRC211119C00400000
41263,SYK,THE TERMS OF THE CALL ARE A STRIKE PRICE OF $270 AND AN EXPIRATION DATE 11/19/21.,2021-10-14,SYK,C,270.0,2021-11-19,call,SYK211119C00270000
41438,Z,CALL OPTIONS; STRIKE PRICE $84; EXPIRES 11/12/21,2021-10-04,Z,C,84.0,2021-11-12,call,Z211112C00084000
41478,GNRC,CALL OPTIONS; STRIKE PRICE $400; EXPIRES 11/19/21,2021-10-01,GNRC,C,400.0,2021-11-19,call,GNRC211119C00400000
41496,GNRC,CALL OPTIONS; STRIKE PRICE $400; EXPIRES 11/19/21,2021-09-30,GNRC,C,400.0,2021-11-19,call,GNRC211119C00400000
41742,X,Option Type: Call Strike price: $25.00  Expires: 06/17/2022,2021-09-20,X,C,25.0,2022-06-17,call,X220617C00025000
41868,BABA,Option Type: Short Sale Strike price: $230.00  Expires: 09/16/2022,2021-09-13,BABA,P,230.0,2022-09-16,short sale,BABA220916P00230000
41870,BABA,Option Type: Short Sale Strike price: $230.00  Expires: 09/16/2022,2021-09-13,BABA,P,230.0,2022-09-16,short sale,BABA220916P00230000
41873,BABA,Option Type: Short Sale Strike price: $230.00  Expires: 09/16/2022,2021-09-13,BABA,P,230.0,2022-09-16,short sale,BABA220916P00230000
41876,BABA,Option Type: Put Strike price: $230.00  Expires: 09/17/2021,2021-09-13,BABA,P,230.0,2021-09-17,put,BABA210917P00230000
41931,ECOM,Option Type: Put Strike price: $25.00  Expires: 09/17/2021,2021-09-03,ECOM,P,25.0,2021-09-17,put,ECOM210917P00025000
42040,CALX,Option Type: Put Strike price: $40.00  Expires: 11/18/2022,2021-08-30,CALX,P,40.0,2022-11-18,put,CALX221118P00040000
42043,ECOM,Option Type: Put Strike price: $25.00  Expires: 03/18/2022,2021-08-30,ECOM,P,25.0,2022-03-18,put,ECOM220318P00025000
42050,ECOM,Option Type: Put Strike price: $25.00  Expires: 03/18/2022,2021-08-30,ECOM,P,25.0,2022-03-18,put,ECOM220318P00025000
42060,CALX,Option Type: Put Strike price: $40.00  Expires: 10/15/2021,2021-08-27,CALX,P,40.0,2021-10-15,put,CALX211015P00040000
42139,NFLX,CALL OPTIONS; STRIKE PRICE $525; EXPIRES 08/20/21,2021-08-19,NFLX,C,525.0,2021-08-20,call,NFLX210820C00525000
42198,MSFT,CALL OPTIONS; STRIKE PRICE $150; EXPIRES 3/18/22,2021-08-16,MSFT,C,150.0,2022-03-18,call,MSFT220318C00150000
42202,MSFT,CALL OPTIONS; STRIKE PRICE $150; EXPIRES 3/18/22,2021-08-16,MSFT,C,150.0,2022-03-18,call,MSFT220318C00150000
42203,MSFT,CALL OPTIONS; STRIKE PRICE $150; EXPIRES 9/17/21,2021-08-16,MSFT,C,150.0,2021-09-17,call,MSFT210917C00150000
42205,MSFT,CALL OPTIONS; STRIKE PRICE $150; EXPIRES 11/19/21,2021-08-16,MSFT,C,150.0,2021-11-19,call,MSFT211119C00150000
42208,MSFT,CALL OPTIONS; STRIKE PRICE $145; EXPIRES 10/15/21,2021-08-16,MSFT,C,145.0,2021-10-15,call,MSFT211015C00145000
42209,MSFT,CALL OPTIONS; STRIKE PRICE $145; EXPIRES 3/18/22,2021-08-16,MSFT,C,145.0,2022-03-18,call,MSFT220318C00145000
42216,MSFT,CALL OPTIONS; STRIKE PRICE $150; EXPIRES 10/15/21,2021-08-16,MSFT,C,150.0,2021-10-15,call,MSFT211015C00150000
42218,MSFT,CALL OPTIONS; STRIKE PRICE $160; EXPIRES 9/17/21,2021-08-16,MSFT,C,160.0,2021-09-17,call,MSFT210917C00160000
42219,MSFT,CALL OPTIONS; STRIKE PRICE $150; EXPIRES 3/18/22,2021-08-16,MSFT,C,150.0,2022-03-18,call,MSFT220318C00150000
42223,MSFT,CALL OPTIONS; STRIKE PRICE $160; EXPIRES 1/21/22,2021-08-16,MSFT,C,160.0,2022-01-21,call,MSFT220121C00160000
42309,INTC,Option Type: Put Strike price: $52.50  Expires: 06/17/2022,2021-08-10,INTC,P,52.5,2022-06-17,put,INTC220617P00052500
42460,OXY,Option Type: Put Strike price: $25.00  Expires: 02/18/2022,2021-08-02,OXY,P,25.0,2022-02-18,put,OXY220218P00025000
42472,OXY,Option Type: Call Strike price: $31.00  Expires: 02/18/2022,2021-08-02,OXY,C,31.0,2022-02-18,call,OXY220218C00031000
42491,F,Option Type: Put Strike price: $15.00  Expires: 03/18/2022,2021-07-30,F,P,15.0,2022-03-18,put,F220318P00015000
42499,AA,Option Type: Put Strike price: $25.00  Expires: 10/15/2021,2021-07-29,AA,P,25.0,2021-10-15,put,AA211015P00025000
42511,Z,CALL OPTIONS; STRIKE PRICE $114; EXPIRES 8/6/21,2021-07-28,Z,C,114.0,2021-08-06,call,Z210806C00114000
42521,NVDA,Option Type: Put Strike price: $180.00  Expires: 06/17/2022,2021-07-28,NVDA,P,180.0,2022-06-17,put,NVDA220617P00180000
42613,NVDA,PURCHASED 50 CALL OPTIONS WITH A STRIKE PRICE OF $100 AND AN EXPIRATION DATE OF 9/16/22.,2021-07-23,NVDA,C,100.0,2022-09-16,call,NVDA220916C00100000
42638,CLF,Option Type: Put Strike price: $20.00  Expires: 01/21/2022,2021-07-21,CLF,P,20.0,2022-01-21,put,CLF220121P00020000
42640,CLF,Option Type: Put Strike price: $20.00  Expires: 01/21/2022,2021-07-21,CLF,P,20.0,2022-01-21,put,CLF220121P00020000
42645,CLF,Option Type: Call Strike price: $23.00  Expires: 01/21/2022,2021-07-21,CLF,C,23.0,2022-01-21,call,CLF220121C00023000
42646,CLF,Option Type: Put Strike price: $20.00  Expires: 01/21/2022,2021-07-21,CLF,P,20.0,2022-01-21,put,CLF220121P00020000
42652,CLF,Option Type: Call Strike price: $20.00  Expires: 01/21/2022,2021-07-20,CLF,C,20.0,2022-01-21,call,CLF220121C00020000
42659,CLF,Option Type: Call Strike price: $20.00  Expires: 01/21/2022,2021-07-20,CLF,C,20.0,2022-01-21,call,CLF220121C00020000
42704,GNRC,CALL OPTIONS; STRIKE PRICE $430; EXPIRES 8/20/21,2021-07-16,GNRC,C,430.0,2021-08-20,call,GNRC210820C00430000
42712,NFLX,CALL OPTIONS; STRIKE PRICE $525; EXPIRES 08/20/21,2021-07-16,NFLX,C,525.0,2021-08-20,call,NFLX210820C00525000
42722,BABA,Option Type: Put Strike price: $245.00  Expires: 01/21/2022,2021-07-14,BABA,P,245.0,2022-01-21,put,BABA220121P00245000
42731,BABA,Option Type: Put Strike price: $250.00  Expires: 07/16/2021,2021-07-14,BABA,P,250.0,2021-07-16,put,BABA210716P00250000
42859,QQQ,Option Type: Put Strike price: $262.00  Expires: 09/17/2021,2021-07-06,QQQ,P,262.0,2021-09-17,put,QQQ210917P00262000
42969,INTC,Option Type: Put Strike price: $55.00  Expires: 01/21/2022,2021-07-01,INTC,P,55.0,2022-01-21,put,INTC220121P00055000
42991,ADP,Option Type: Put Strike price: $175.00  Expires: 08/20/2021,2021-06-30,ADP,P,175.0,2021-08-20,put,ADP210820P00175000
43056,OXY,Option Type: Put Strike price: $25.00  Expires: 08/20/2021,2021-06-25,OXY,P,25.0,2021-08-20,put,OXY210820P00025000
43092,AAPL,Option Type: Put Strike price: $102.50  Expires: 06/17/2022,2021-06-23,AAPL,P,102.5,2022-06-17,put,AAPL220617P00102500
43103,MSFT,Option Type: Put Strike price: $210.00  Expires: 03/18/2022,2021-06-23,MSFT,P,210.0,2022-03-18,put,MSFT220318P00210000
43148,MSFT,CALL OPTIONS; STRIKE PRICE $150; EXPIRES 9/17/2021,2021-06-22,MSFT,C,150.0,2021-09-17,call,MSFT210917C00150000
43199,GOOGL,"EXERCISED 40 CALL OPTIONS (4,000 SHARES) EXPIRING 6/18/21 AT A STRIKE PRICE OF $1200.",2021-06-18,GOOGL,C,1200.0,2021-06-18,call,GOOGL210618C01200000
43355,GNRC,"CALL OPTIONS, STRIKE PRICE $370, EXPIRES 7/16/21",2021-06-08,GNRC,C,370.0,2021-07-16,call,GNRC210716C00370000
43403,FB,"CALL OPTIONS, STRIKE PRICE $350, EXPIRES 6/18/21",2021-06-04,FB,C,350.0,2021-06-18,call,FB210618C00350000
43465,NVDA,PURCHASED 50 CALL OPTIONS WITH A STRIKE PRICE OF $400 AND AN EXPIRATION DATE OF 6/17/22.,2021-06-03,NVDA,C,400.0,2022-06-17,call,NVDA220617C00400000
43507,GNRC,"CALL OPTIONS, STRIKE PRICE $300, EXPIRES 6/18/21",2021-06-01,GNRC,C,300.0,2021-06-18,call,GNRC210618C00300000
43509,QCOM,Option Type: Put Strike price: $130.00  Expires: 06/17/2022,2021-06-01,QCOM,P,130.0,2022-06-17,put,QCOM220617P00130000
43576,GNRC,"CALL OPTIONS, STRIKE PRICE $290, EXPIRES 6/18/21 FILING ID #20018852",2021-05-27,GNRC,C,290.0,2021-06-18,call,GNRC210618C00290000
43578,GNRC,"CALL OPTIONS, STRIKE PRICE $290, EXPIRES 6/18/21",2021-05-27,GNRC,C,290.0,2021-06-18,call,GNRC210618C00290000
43674,AAPL,PURCHASED 50 CALL OPTIONS WITH A STRIKE PRICE OF $100 AND AN EXPIRATION DATE OF 6/17/22.,2021-05-21,AAPL,C,100.0,2022-06-17,call,AAPL220617C00100000
43676,AMZN,"PURCHASED 20 CALL OPTIONS WITH A STRIKE PRICE OF $3,000 AND AN EXPIRATION DATE OF 6/17/22.",2021-05-21,AMZN,C,3000.0,2022-06-17,call,AMZN220617C03000000
43756,MSFT,CALL OPTIONS; STRIKE PRICE $150; EXPIRES 11/19/2021,2021-05-18,MSFT,C,150.0,2021-11-19,call,MSFT211119C00150000
43759,MSFT,CALL OPTIONS; STRIKE PRICE $150; EXPIRES 10/15/2021,2021-05-18,MSFT,C,150.0,2021-10-15,call,MSFT211015C00150000
43760,MSFT,CALL OPTIONS; STRIKE PRICE $160; EXPIRES 06/18/2021,2021-05-18,MSFT,C,160.0,2021-06-18,call,MSFT210618C00160000
43761,MSFT,CALL OPTIONS; STRIKE PRICE $150; EXPIRES 11/19/2021,2021-05-18,MSFT,C,150.0,2021-11-19,call,MSFT211119C00150000
43762,MSFT,CALL OPTIONS; STRIKE PRICE $160; EXPIRES 9/17/2021,2021-05-18,MSFT,C,160.0,2021-09-17,call,MSFT210917C00160000
43770,MSFT,CALL OPTIONS; STRIKE PRICE $150; EXPIRES 9/17/2021,2021-05-18,MSFT,C,150.0,2021-09-17,call,MSFT210917C00150000
43780,MSFT,CALL OPTIONS; STRIKE PRICE $145; EXPIRES 7/16/2021,2021-05-18,MSFT,C,145.0,2021-07-16,call,MSFT210716C00145000
43791,MSFT,CALL OPTIONS; STRIKE PRICE $145; EXPIRES 10/15/2021,2021-05-18,MSFT,C,145.0,2021-10-15,call,MSFT211015C00145000
43793,MSFT,CALL OPTIONS; STRIKE PRICE $150; EXPIRES 06/18/2021,2021-05-18,MSFT,C,150.0,2021-06-18,call,MSFT210618C00150000
43864,GNRC,"CALL OPTIONS, STRIKE PRICE $290, EXPIRES 6/18/21",2021-05-12,GNRC,C,290.0,2021-06-18,call,GNRC210618C00290000
43889,GNRC,"CALL OPTIONS, STRIKE PRICE $290, EXPIRES 6/18/21",2021-05-12,GNRC,C,290.0,2021-06-18,call,GNRC210618C00290000
43943,GNRC,"CALL OPTIONS, STRIKE PRICE $300, EXPIRES 6/18/21",2021-05-10,GNRC,C,300.0,2021-06-18,call,GNRC210618C00300000
43962,ROKU,"CALL OPTIONS, STRIKE PRICE $280, EXPIRES 6/18/21",2021-05-07,ROKU,C,280.0,2021-06-18,call,ROKU210618C00280000
43988,X,Option Type: Call Strike price: $29.00  Expires: 10/15/2021,2021-05-06,X,C,29.0,2021-10-15,call,X211015C00029000
43990,X,Option Type: Call Strike price: $29.00  Expires: 10/15/2021,2021-05-06,X,C,29.0,2021-10-15,call,X211015C00029000
43994,X,Option Type: Put Strike price: $24.00  Expires: 10/15/2021,2021-05-06,X,P,24.0,2021-10-15,put,X211015P00024000
43996,X,Option Type: Call Strike price: $29.00  Expires: 10/15/2021,2021-05-06,X,C,29.0,2021-10-15,call,X211015C00029000
43999,ROKU,"CALL OPTIONS, STRIKE PRICE $280, EXPIRES 6/18/21",2021-05-06,ROKU,C,280.0,2021-06-18,call,ROKU210618C00280000
44001,X,Option Type: Call Strike price: $29.00  Expires: 10/15/2021,2021-05-06,X,C,29.0,2021-10-15,call,X211015C00029000
44141,GNRC,"CALL OPTIONS, STRIKE PRICE $360, EXPIRES 5/21/21",2021-04-29,GNRC,C,360.0,2021-05-21,call,GNRC210521C00360000
44154,FB,"CALL OPTIONS, STRIKE PRICE $345, EXPIRES 5/21/21",2021-04-29,FB,C,345.0,2021-05-21,call,FB210521C00345000
44177,CALX,Option Type: Put Strike price: $40.00  Expires: 01/21/2022,2021-04-27,CALX,P,40.0,2022-01-21,put,CALX220121P00040000
44179,CALX,Option Type: Put Strike price: $40.00  Expires: 01/21/2022,2021-04-27,CALX,P,40.0,2022-01-21,put,CALX220121P00040000
44186,CALX,Option Type: Put Strike price: $40.00  Expires: 01/21/2022,2021-04-27,CALX,P,40.0,2022-01-21,put,CALX220121P00040000
44191,QQQ,Option Type: Put Strike price: $285.00  Expires: 03/18/2022,2021-04-26,QQQ,P,285.0,2022-03-18,put,QQQ220318P00285000
44205,GNRC,"CALL OPTIONS, STRIKE PRICE $360, EXPIRES 5/21/21",2021-04-23,GNRC,C,360.0,2021-05-21,call,GNRC210521C00360000
44252,ECOM,Option Type: Call Strike price: $30.00  Expires: 12/17/2021,2021-04-21,ECOM,C,30.0,2021-12-17,call,ECOM211217C00030000
44262,CSX,Option Type: Put Strike price: $80.00  Expires: 08/20/2021,2021-04-21,CSX,P,80.0,2021-08-20,put,CSX210820P00080000
44274,MSFT,Option Type: Put Strike price: $205.00  Expires: 07/16/2021,2021-04-20,MSFT,P,205.0,2021-07-16,put,MSFT210716P00205000
44281,FB,Option Type: Put Strike price: $225.00  Expires: 07/16/2021,2021-04-20,FB,P,225.0,2021-07-16,put,FB210716P00225000
44310,ECOM,Option Type: Put Strike price: $25.00  Expires: 09/17/2021,2021-04-19,ECOM,P,25.0,2021-09-17,put,ECOM210917P00025000
44311,CLF,Option Type: Call Strike price: $20.00  Expires: 01/21/2022,2021-04-19,CLF,C,20.0,2022-01-21,call,CLF220121C00020000
44330,CLF,Option Type: Put Strike price: $17.00  Expires: 01/21/2022,2021-04-19,CLF,P,17.0,2022-01-21,put,CLF220121P00017000
44344,ECOM,Option Type: Call Strike price: $30.00  Expires: 12/17/2021,2021-04-16,ECOM,C,30.0,2021-12-17,call,ECOM211217C00030000
44395,ADBE,Option Type: Put Strike price: $400.00  Expires: 01/21/2022,2021-04-14,ADBE,P,400.0,2022-01-21,put,ADBE220121P00400000
44427,SSYS,Option Type: Put Strike price: $22.50  Expires: 01/21/2022,2021-04-12,SSYS,P,22.5,2022-01-21,put,SSYS220121P00022500
44507,CALX,Option Type: Put Strike price: $40.00  Expires: 01/21/2022,2021-04-08,CALX,P,40.0,2022-01-21,put,CALX220121P00040000
44509,OXY,Option Type: Call Strike price: $29.00  Expires: 11/19/2021,2021-04-07,OXY,C,29.0,2021-11-19,call,OXY211119C00029000
44511,OXY,Option Type: Put Strike price: $25.00  Expires: 11/19/2021,2021-04-07,OXY,P,25.0,2021-11-19,put,OXY211119P00025000
44521,OXY,Option Type: Call Strike price: $29.00  Expires: 11/19/2021,2021-04-07,OXY,C,29.0,2021-11-19,call,OXY211119C00029000
44522,CALX,Option Type: Put Strike price: $40.00  Expires: 10/15/2021,2021-04-07,CALX,P,40.0,2021-10-15,put,CALX211015P00040000
44531,ROKU,"CALL OPTIONS, STRIKE PRICE $330, EXPIRES 4/16/21 FILING ID #20018638",2021-04-06,ROKU,C,330.0,2021-04-16,call,ROKU210416C00330000
44538,ROKU,"CALL OPTIONS, STRIKE PRICE $300, EXPIRES 4/30/21",2021-04-06,ROKU,C,300.0,2021-04-30,call,ROKU210430C00300000
44555,INTC,Option Type: Put Strike price: $60.00  Expires: 10/15/2021,2021-04-05,INTC,P,60.0,2021-10-15,put,INTC211015P00060000
44569,EA,Option Type: Put Strike price: $115.00  Expires: 06/18/2021,2021-04-05,EA,P,115.0,2021-06-18,put,EA210618P00115000
44571,INTC,Option Type: Put Strike price: $50.00  Expires: 07/16/2021,2021-04-05,INTC,P,50.0,2021-07-16,put,INTC210716P00050000
44577,PYPL,Option Type: Put Strike price: $220.00  Expires: 06/17/2022,2021-04-01,PYPL,P,220.0,2022-06-17,put,PYPL220617P00220000
44601,PYPL,Option Type: Put Strike price: $220.00  Expires: 06/17/2022,2021-04-01,PYPL,P,220.0,2022-06-17,put,PYPL220617P00220000
44612,GNRC,"CALL OPTIONS, STRIKE PRICE $350, EXPIRES 4/16/21",2021-03-31,GNRC,C,350.0,2021-04-16,call,GNRC210416C00350000
44617,SQ,"CALL OPTIONS, STRIKE PRICE $220, EXPIRES 4/9/21",2021-03-31,SQ,C,220.0,2021-04-09,call,SQ210409C00220000
44719,ROKU,"CALL OPTIONS, STRIKE PRICE $300, EXPIRES 4/30/21",2021-03-26,ROKU,C,300.0,2021-04-30,call,ROKU210430C00300000
44766,SQ,"CALL OPTIONS, STRIKE PRICE $220, EXPIRES 4/9/21",2021-03-24,SQ,C,220.0,2021-04-09,call,SQ210409C00220000
44777,ROKU,"CALL OPTIONS, STRIKE PRICE $130, EXPIRES 4/16/21",2021-03-24,ROKU,C,130.0,2021-04-16,call,ROKU210416C00130000
44807,FB,"CALL OPTIONS, STRIKE PRICE $287.50, EXPIRES 3/26/21",2021-03-23,FB,C,287.5,2021-03-26,call,FB210326C00287500
44846,MSFT,"EXERCISED 150 CALL OPTIONS (15,000 SHARES) EXPIRING 3/19/2021 AT A STRIKE PRICE OF $130.",2021-03-19,MSFT,C,130.0,2021-03-19,call,MSFT210319C00130000
44849,MSFT,"EXERCISED 100 CALL OPTIONS (10,000 SHARES) EXPIRING 3/19/2021 AT A STRIKE PRICE OF $140.",2021-03-19,MSFT,C,140.0,2021-03-19,call,MSFT210319C00140000
44941,AA,Option Type: Call Strike price: $26.00  Expires: 10/15/2021,2021-03-16,AA,C,26.0,2021-10-15,call,AA211015C00026000
44962,AA,Option Type: Put Strike price: $25.00  Expires: 10/15/2021,2021-03-16,AA,P,25.0,2021-10-15,put,AA211015P00025000
44977,FB,"CALL OPTIONS, STRIKE PRICE $287.50, EXPIRES 3/26/21",2021-03-15,FB,C,287.5,2021-03-26,call,FB210326C00287500
45032,CLF,Option Type: Call Strike price: $20.00  Expires: 07/16/2021,2021-03-12,CLF,C,20.0,2021-07-16,call,CLF210716C00020000
45033,CLF,Option Type: Put Strike price: $16.00  Expires: 07/16/2021,2021-03-12,CLF,P,16.0,2021-07-16,put,CLF210716P00016000
45064,ADP,Option Type: Put Strike price: $175.00  Expires: 08/20/2021,2021-03-11,ADP,P,175.0,2021-08-20,put,ADP210820P00175000
45121,AAPL,"CALL OPTIONS, STRIKE PRICE $126, EXPIRES 3/19/21",2021-03-09,AAPL,C,126.0,2021-03-19,call,AAPL210319C00126000
45329,FB,"CALL OPTIONS, STRIKE PRICE $277.50, EXPIRES 03/12/21.",2021-02-26,FB,C,277.5,2021-03-12,call,FB210312C00277500
45483,SQ,"CALL OPTIONS, STRIKE PRICE $270, EXPIRES 03/05/21.",2021-02-22,SQ,C,270.0,2021-03-05,call,SQ210305C00270000
45521,ADBE,Option Type: Put Strike price: $405.00  Expires: 06/18/2021,2021-02-19,ADBE,P,405.0,2021-06-18,put,ADBE210618P00405000
45669,OXY,Option Type: Call Strike price: $30.00  Expires: 08/20/2021,2021-02-16,OXY,C,30.0,2021-08-20,call,OXY210820C00030000
45795,OXY,Option Type: Call Strike price: $30.00  Expires: 08/20/2021,2021-02-16,OXY,C,30.0,2021-08-20,call,OXY210820C00030000
45798,OXY,Option Type: Put Strike price: $25.00  Expires: 08/20/2021,2021-02-16,OXY,P,25.0,2021-08-20,put,OXY210820P00025000
45804,OXY,Option Type: Call Strike price: $30.00  Expires: 08/20/2021,2021-02-16,OXY,C,30.0,2021-08-20,call,OXY210820C00030000
45808,OXY,Option Type: Call Strike price: $30.00  Expires: 08/20/2021,2021-02-16,OXY,C,30.0,2021-08-20,call,OXY210820C00030000
45841,MSFT,CALL OPTIONS; STRIKE PRICE $145; EXPIRES 07/16/2021.,2021-02-12,MSFT,C,145.0,2021-07-16,call,MSFT210716C00145000
45842,MSFT,CALL OPTIONS; STRIKE PRICE $160; EXPIRES 02/19/2021.,2021-02-12,MSFT,C,160.0,2021-02-19,call,MSFT210219C00160000
45848,MSFT,CALL OPTIONS; STRIKE PRICE $160; EXPIRES 06/18/2021.,2021-02-12,MSFT,C,160.0,2021-06-18,call,MSFT210618C00160000
45877,MSFT,CALL OPTIONS; STRIKE PRICE $150; EXPIRES 06/18/2021.,2021-02-12,MSFT,C,150.0,2021-06-18,call,MSFT210618C00150000
45881,MSFT,CALL OPTIONS; STRIKE PRICE $160; EXPIRES 06/18/2021.,2021-02-12,MSFT,C,160.0,2021-06-18,call,MSFT210618C00160000
45889,MSFT,CALL OPTIONS; STRIKE PRICE $150; EXPIRES 03/19/2021.,2021-02-12,MSFT,C,150.0,2021-03-19,call,MSFT210319C00150000
45895,MSFT,CALL OPTIONS; STRIKE PRICE $145; EXPIRES 03/19/2021.,2021-02-12,MSFT,C,145.0,2021-03-19,call,MSFT210319C00145000
45927,ECOM,Option Type: Call Strike price: $30.00  Expires: 09/17/2021,2021-02-11,ECOM,C,30.0,2021-09-17,call,ECOM210917C00030000
45955,ECOM,Option Type: Put Strike price: $25.00  Expires: 09/17/2021,2021-02-10,ECOM,P,25.0,2021-09-17,put,ECOM210917P00025000
45956,ECOM,Option Type: Put Strike price: $25.00  Expires: 09/17/2021,2021-02-10,ECOM,P,25.0,2021-09-17,put,ECOM210917P00025000
45962,ECOM,Option Type: Call Strike price: $30.00  Expires: 09/17/2021,2021-02-10,ECOM,C,30.0,2021-09-17,call,ECOM210917C00030000
45965,ECOM,Option Type: Put Strike price: $25.00  Expires: 09/17/2021,2021-02-10,ECOM,P,25.0,2021-09-17,put,ECOM210917P00025000
45966,ECOM,Option Type: Put Strike price: $25.00  Expires: 09/17/2021,2021-02-10,ECOM,P,25.0,2021-09-17,put,ECOM210917P00025000
45982,GNRC,"CALL OPTIONS, STRIKE PRICE $310, EXPIRES 03/19/21. FILING ID #20018308",2021-02-09,GNRC,C,310.0,2021-03-19,call,GNRC210319C00310000
45988,VEEV,Option Type: Put Strike price: $240.00  Expires: 03/19/2021,2021-02-09,VEEV,P,240.0,2021-03-19,put,VEEV210319P00240000
46033,F,Option Type: Put Strike price: $11.00  Expires: 09/17/2021,2021-02-08,F,P,11.0,2021-09-17,put,F210917P00011000
46076,SSYS,Option Type: Put Strike price: $45.00  Expires: 09/17/2021,2021-02-04,SSYS,P,45.0,2021-09-17,put,SSYS210917P00045000
46078,SSYS,Option Type: Put Strike price: $45.00  Expires: 09/17/2021,2021-02-04,SSYS,P,45.0,2021-09-17,put,SSYS210917P00045000
46089,BABA,"CALL OPTIONS, STRIKE PRICE $280, EXPIRES 2/12/21.",2021-02-03,BABA,C,280.0,2021-02-12,call,BABA210212C00280000
46091,MSFT,Option Type: Put Strike price: $185.00  Expires: 04/16/2021,2021-02-03,MSFT,P,185.0,2021-04-16,put,MSFT210416P00185000
46106,CSX,Option Type: Put Strike price: $80.00  Expires: 08/20/2021,2021-02-02,CSX,P,80.0,2021-08-20,put,CSX210820P00080000
46130,FB,"CALL OPTIONS, STRIKE PRICE $280, EXPIRES 02/12/21.",2021-02-02,FB,C,280.0,2021-02-12,call,FB210212C00280000
46203,PYPL,"CALL OPTION, $247.50, EXP. 2/5/21",2021-01-28,PYPL,C,247.5,2021-02-05,call,PYPL210205C00247500
46277,BABA,Option Type: Put Strike price: $230.00  Expires: 09/17/2021,2021-01-25,BABA,P,230.0,2021-09-17,put,BABA210917P00230000
46368,CLF,Option Type: Put Strike price: $15.00  Expires: 07/16/2021,2021-01-21,CLF,P,15.0,2021-07-16,put,CLF210716P00015000
46591,QQQ,Option Type: Put Strike price: $262.00  Expires: 09/17/2021,2021-01-13,QQQ,P,262.0,2021-09-17,put,QQQ210917P00262000
46732,AA,Option Type: Call Strike price: $26.00  Expires: 07/16/2021,2021-01-06,AA,C,26.0,2021-07-16,call,AA210716C00026000
46740,AA,Option Type: Put Strike price: $22.00  Expires: 01/21/2022,2021-01-06,AA,P,22.0,2022-01-21,put,AA220121P00022000
46742,AA,Option Type: Put Strike price: $22.00  Expires: 01/21/2021,2021-01-06,AA,P,22.0,2021-01-21,put,AA210121P00022000
46753,FB,Option Type: Put Strike price: $225.00  Expires: 07/16/2021,2021-01-05,FB,P,225.0,2021-07-16,put,FB210716P00225000
46786,INTC,Option Type: Put Strike price: $50.00  Expires: 07/16/2021,2021-01-04,INTC,P,50.0,2021-07-16,put,INTC210716P00050000
46797,INTC,Option Type: Put Strike price: $50.00  Expires: 07/16/2021,2021-01-04,INTC,P,50.0,2021-07-16,put,INTC210716P00050000
46805,INTC,Option Type: Put Strike price: $50.00  Expires: 07/16/2021,2021-01-04,INTC,P,50.0,2021-07-16,put,INTC210716P00050000
46836,INTC,Option Type: Put Strike price: $50.00  Expires: 07/16/2021,2021-01-04,INTC,P,50.0,2021-07-16,put,INTC210716P00050000
46963,DIS,PURCHASED 100 CALL OPTIONS WITH A STRIKE PRICE OF $100 AND AN EXPIRATION DATE OF 1/21/22.,2020-12-22,DIS,C,100.0,2022-01-21,call,DIS220121C00100000
46974,AAPL,PURCHASED 100 CALL OPTIONS WITH A STRIKE PRICE OF $100 AND AN EXPIRATION DATE OF 1/21/22.,2020-12-22,AAPL,C,100.0,2022-01-21,call,AAPL220121C00100000
46994,TSLA,PURCHASED 25 CALL OPTIONS WITH A STRIKE PRICE OF $500 AND AN EXPIRATION DATE OF 3/18/22.,2020-12-22,TSLA,C,500.0,2022-03-18,call,TSLA220318C00500000
47184,FB,"CALL OPTION, $300, EXP. 1/29/21",2020-12-14,FB,C,300.0,2021-01-29,call,FB210129C00300000
47765,MSFT,CALL OPTIONS; STRIKE PRICE $160; EXPIRES 2/19/2021,2020-11-17,MSFT,C,160.0,2021-02-19,call,MSFT210219C00160000
47767,MSFT,CALL OPTIONS; STRIKE PRICE $145; EXPIRES 1/15/2021,2020-11-17,MSFT,C,145.0,2021-01-15,call,MSFT210115C00145000
47772,MSFT,CALL OPTIONS; STRIKE PRICE $150; EXPIRES 1/15/2021,2020-11-17,MSFT,C,150.0,2021-01-15,call,MSFT210115C00150000
47784,MSFT,CALL OPTIONS; STRIKE PRICE $150; EXPIRES 06/18/2021,2020-11-17,MSFT,C,150.0,2021-06-18,call,MSFT210618C00150000
47790,MSFT,CALL OPTIONS; STRIKE PRICE $145; EXPIRES 12/18/2020,2020-11-17,MSFT,C,145.0,2020-12-18,call,MSFT201218C00145000
47794,MSFT,CALL OPTIONS; STRIKE PRICE $160; EXPIRES 1/15/2021,2020-11-17,MSFT,C,160.0,2021-01-15,call,MSFT210115C00160000
47804,MSFT,CALL OPTIONS; STRIKE PRICE $150; EXPIRES 3/19/2021,2020-11-17,MSFT,C,150.0,2021-03-19,call,MSFT210319C00150000
51051,PYPL,PURCHASED 50 CALL OPTIONS WITH A STRIKE PRICE OF $100 AND AN EXPIRATION DATE OF 1/21/2022.,2020-06-24,PYPL,C,100.0,2022-01-21,call,PYPL220121C00100000
51055,AXP,PURCHASED 50 CALL OPTIONS WITH A STRIKE PRICE OF $80 AND AN EXPIRATION DATE OF 1/21/2022.,2020-06-24,AXP,C,80.0,2022-01-21,call,AXP220121C00080000
51122,HUYA,"CALL OPTION, $18, EXP. 06/19/2020",2020-06-19,HUYA,C,18.0,2020-06-19,call,HUYA200619C00018000
51143,AAPL,SOLD 100 CALL OPTIONS WITH A STRIKE PRICE OF $145 AND AN EXPIRATION DATE OF 6/19/2020.,2020-06-18,AAPL,C,145.0,2020-06-19,call,AAPL200619C00145000
51145,CRM,"EXERCISED 100 CALL OPTIONS (10,000 SHARES) EXPIRING 6/19/2020 AT A STRIKE PRICE OF $140.",2020-06-18,CRM,C,140.0,2020-06-19,call,CRM200619C00140000
51149,NFLX,"EXERCISED 50 CALL OPTIONS (5,000 SHARES) EXPIRING 6/19/2020 AT A STRIKE PRICE OF $250.",2020-06-18,NFLX,C,250.0,2020-06-19,call,NFLX200619C00250000
51222,HUYA,"CALL OPTION, $18, EXP. 06/19/2020 FILING ID #20016934",2020-06-11,HUYA,C,18.0,2020-06-19,call,HUYA200619C00018000
53354,DIA,"CALL OPTION, $240; EXP. 4/17/20",2020-04-10,DIA,C,240.0,2020-04-17,call,DIA200417C00240000
53371,DIA,"CALL OPTION, $220, EXP. 04/09/2020",2020-04-09,DIA,C,220.0,2020-04-09,call,DIA200409C00220000
53417,DIA,"CALL OPTION, $225, EXP. 02/07/2020",2020-04-08,DIA,C,225.0,2020-02-07,call,DIA200207C00225000
53447,VMC,Option Type: Put Strike price: $120.00  Expires: 05/15/2020,2020-04-07,VMC,P,120.0,2020-05-15,put,VMC200515P00120000
53449,AIZ,Option Type: Put Strike price: $125.00  Expires: 09/18/2020,2020-04-07,AIZ,P,125.0,2020-09-18,put,AIZ200918P00125000
53456,KO,Option Type: Put Strike price: $50.00  Expires: 05/15/2020,2020-04-07,KO,P,50.0,2020-05-15,put,KO200515P00050000
53466,MRK,Option Type: Put Strike price: $77.50  Expires: 09/18/2020,2020-04-07,MRK,P,77.5,2020-09-18,put,MRK200918P00077500
53471,BP,Option Type: Put Strike price: $30.00  Expires: 11/20/2020,2020-04-07,BP,P,30.0,2020-11-20,put,BP201120P00030000
53479,LLY,Option Type: Put Strike price: $100.00  Expires: 07/17/2020,2020-04-07,LLY,P,100.0,2020-07-17,put,LLY200717P00100000
53487,PANW,Option Type: Put Strike price: $150.00  Expires: 09/18/2020,2020-04-07,PANW,P,150.0,2020-09-18,put,PANW200918P00150000
53488,CSCO,Option Type: Put Strike price: $45.00  Expires: 07/17/2020,2020-04-07,CSCO,P,45.0,2020-07-17,put,CSCO200717P00045000
53489,PG,Option Type: Put Strike price: $110.00  Expires: 06/19/2020,2020-04-07,PG,P,110.0,2020-06-19,put,PG200619P00110000
53493,DIS,Option Type: Put Strike price: $120.00  Expires: 04/17/2020,2020-04-07,DIS,P,120.0,2020-04-17,put,DIS200417P00120000
53507,CAT,Option Type: Put Strike price: $125.00  Expires: 06/19/2020,2020-04-07,CAT,P,125.0,2020-06-19,put,CAT200619P00125000
53508,CMCSA,Option Type: Put Strike price: $42.50  Expires: 04/17/2020,2020-04-07,CMCSA,P,42.5,2020-04-17,put,CMCSA200417P00042500
53528,CMCSA,Option Type: Put Strike price: $42.50  Expires: 07/17/2020,2020-04-07,CMCSA,P,42.5,2020-07-17,put,CMCSA200717P00042500
53531,TJX,Option Type: Put Strike price: $55.00  Expires: 07/17/2020,2020-04-07,TJX,P,55.0,2020-07-17,put,TJX200717P00055000
53548,AIZ,Option Type: Put Strike price: $100.00  Expires: 01/15/2021,2020-04-07,AIZ,P,100.0,2021-01-15,put,AIZ210115P00100000
53579,DAL,Option Type: Put Strike price: $55.00  Expires: 06/19/2020,2020-04-07,DAL,P,55.0,2020-06-19,put,DAL200619P00055000
53594,CR,Option Type: Put Strike price: $55.00  Expires: 09/18/2020,2020-04-07,CR,P,55.0,2020-09-18,put,CR200918P00055000
53606,CVX,Option Type: Put Strike price: $105.00  Expires: 06/19/2020,2020-04-07,CVX,P,105.0,2020-06-19,put,CVX200619P00105000
53632,AMGN,Option Type: Put Strike price: $180.00  Expires: 10/16/2020,2020-04-07,AMGN,P,180.0,2020-10-16,put,AMGN201016P00180000
53634,DFS,Option Type: Put Strike price: $72.50  Expires: 04/17/2020,2020-04-07,DFS,P,72.5,2020-04-17,put,DFS200417P00072500
53643,ADM,Option Type: Put Strike price: $42.00  Expires: 06/19/2020,2020-04-07,ADM,P,42.0,2020-06-19,put,ADM200619P00042000
53644,CTSH,Option Type: Put Strike price: $55.00  Expires: 04/17/2020,2020-04-07,CTSH,P,55.0,2020-04-17,put,CTSH200417P00055000
53654,PGR,Option Type: Put Strike price: $65.00  Expires: 08/21/2020,2020-04-07,PGR,P,65.0,2020-08-21,put,PGR200821P00065000
53656,ABBV,Option Type: Put Strike price: $80.00  Expires: 08/21/2020,2020-04-07,ABBV,P,80.0,2020-08-21,put,ABBV200821P00080000
53658,RTX,Option Type: Put Strike price: $125.00  Expires: 06/19/2020,2020-04-07,RTX,P,125.0,2020-06-19,put,RTX200619P00125000
53660,AFL,Option Type: Put Strike price: $50.00  Expires: 08/21/2020,2020-04-07,AFL,P,50.0,2020-08-21,put,AFL200821P00050000
53663,DD,Option Type: Put Strike price: $47.50  Expires: 07/17/2020,2020-04-07,DD,P,47.5,2020-07-17,put,DD200717P00047500
53667,AIG,Option Type: Put Strike price: $50.00  Expires: 05/15/2020,2020-04-07,AIG,P,50.0,2020-05-15,put,AIG200515P00050000
53670,AIG,Option Type: Put Strike price: $40.00  Expires: 08/21/2020,2020-04-07,AIG,P,40.0,2020-08-21,put,AIG200821P00040000
53678,DFS,Option Type: Put Strike price: $72.50  Expires: 07/17/2020,2020-04-07,DFS,P,72.5,2020-07-17,put,DFS200717P00072500
53683,DAL,Option Type: Put Strike price: $52.50  Expires: 09/18/2020,2020-04-07,DAL,P,52.5,2020-09-18,put,DAL200918P00052500
53687,ETN,Option Type: Put Strike price: $75.00  Expires: 04/17/2020,2020-04-07,ETN,P,75.0,2020-04-17,put,ETN200417P00075000
53690,CVX,Option Type: Put Strike price: $92.50  Expires: 09/18/2020,2020-04-07,CVX,P,92.5,2020-09-18,put,CVX200918P00092500
53695,CVS,Option Type: Put Strike price: $57.50  Expires: 05/15/2020,2020-04-07,CVS,P,57.5,2020-05-15,put,CVS200515P00057500
53705,CTSH,Option Type: Put Strike price: $55.00  Expires: 07/17/2020,2020-04-07,CTSH,P,55.0,2020-07-17,put,CTSH200717P00055000
53715,HIG,Option Type: Put Strike price: $45.00  Expires: 09/18/2020,2020-04-07,HIG,P,45.0,2020-09-18,put,HIG200918P00045000
53718,CR,Option Type: Put Strike price: $80.00  Expires: 06/19/2020,2020-04-07,CR,P,80.0,2020-06-19,put,CR200619P00080000
53722,K,Option Type: Put Strike price: $60.00  Expires: 09/18/2020,2020-04-07,K,P,60.0,2020-09-18,put,K200918P00060000
53725,BABA,Option Type: Put Strike price: $175.00  Expires: 07/17/2020,2020-04-07,BABA,P,175.0,2020-07-17,put,BABA200717P00175000
53727,DD,Option Type: Put Strike price: $62.50  Expires: 04/17/2020,2020-04-07,DD,P,62.5,2020-04-17,put,DD200417P00062500
53731,BP,Option Type: Put Strike price: $35.00  Expires: 06/19/2020,2020-04-07,BP,P,35.0,2020-06-19,put,BP200619P00035000
53732,ADM,Option Type: Put Strike price: $30.00  Expires: 01/15/2021,2020-04-07,ADM,P,30.0,2021-01-15,put,ADM210115P00030000
53739,EMR,Option Type: Put Strike price: $67.50  Expires: 09/18/2020,2020-04-07,EMR,P,67.5,2020-09-18,put,EMR200918P00067500
53746,ABBV,Option Type: Put Strike price: $65.00  Expires: 05/15/2020,2020-04-07,ABBV,P,65.0,2020-05-15,put,ABBV200515P00065000
53758,CL,Option Type: Put Strike price: $62.50  Expires: 05/15/2020,2020-04-07,CL,P,62.5,2020-05-15,put,CL200515P00062500
53769,PRU,Option Type: Put Strike price: $87.50  Expires: 06/19/2020,2020-04-07,PRU,P,87.5,2020-06-19,put,PRU200619P00087500
53773,ABT,Option Type: Put Strike price: $72.50  Expires: 06/19/2020,2020-04-07,ABT,P,72.5,2020-06-19,put,ABT200619P00072500
53779,TRV,Option Type: Put Strike price: $125.00  Expires: 04/17/2020,2020-04-07,TRV,P,125.0,2020-04-17,put,TRV200417P00125000
53781,CAH,Option Type: Put Strike price: $47.50  Expires: 06/19/2020,2020-04-07,CAH,P,47.5,2020-06-19,put,CAH200619P00047500
53785,GS,Option Type: Put Strike price: $215.00  Expires: 06/19/2020,2020-04-07,GS,P,215.0,2020-06-19,put,GS200619P00215000
53791,EMR,Option Type: Put Strike price: $50.00  Expires: 01/15/2021,2020-04-07,EMR,P,50.0,2021-01-15,put,EMR210115P00050000
53793,CAT,Option Type: Put Strike price: $120.00  Expires: 08/21/2020,2020-04-07,CAT,P,120.0,2020-08-21,put,CAT200821P00120000
53795,AFL,Option Type: Put Strike price: $45.00  Expires: 05/15/2020,2020-04-07,AFL,P,45.0,2020-05-15,put,AFL200515P00045000
53801,UL,Option Type: Put Strike price: $55.00  Expires: 08/21/2020,2020-04-07,UL,P,55.0,2020-08-21,put,UL200821P00055000
54967,MSFT,CALL OPTIONS; STRIKE PRICE $140; EXPIRES 12/18/2020,2020-03-20,MSFT,C,140.0,2020-12-18,call,MSFT201218C00140000
54983,MSFT,CALL OPTIONS; STRIKE PRICE $145; EXPIRES 01/15/2021,2020-03-20,MSFT,C,145.0,2021-01-15,call,MSFT210115C00145000
55001,MSFT,CALL OPTIONS; STRIKE PRICE $150; EXPIRES 03/19/2021,2020-03-20,MSFT,C,150.0,2021-03-19,call,MSFT210319C00150000
55223,ADM,Option Type: Put Strike price: $30.00  Expires: 01/15/2021,2020-03-18,ADM,P,30.0,2021-01-15,put,ADM210115P00030000
55556,DIA,"CALL OPTION, $220, EXP. 04/09/2020",2020-03-13,DIA,C,220.0,2020-04-09,call,DIA200409C00220000
55594,MSFT,CALL OPTIONS; STRIKE PRICE $145; EXPIRES 01/15/2021,2020-03-12,MSFT,C,145.0,2021-01-15,call,MSFT210115C00145000
55597,MSFT,CALL OPTIONS; STRIKE PRICE $145; EXPIRES 01/15/2021,2020-03-12,MSFT,C,145.0,2021-01-15,call,MSFT210115C00145000
55603,MSFT,CALL OPTIONS; STRIKE PRICE $140; EXPIRES 09/18/2020,2020-03-12,MSFT,C,140.0,2020-09-18,call,MSFT200918C00140000
55606,DIA,"CALL OPTION, $220, EXP. 04/09/2020",2020-03-12,DIA,C,220.0,2020-04-09,call,DIA200409C00220000
55608,MSFT,CALL OPTIONS; STRIKE PRICE $135; EXPIRES 09/18/2020,2020-03-12,MSFT,C,135.0,2020-09-18,call,MSFT200918C00135000
55613,MSFT,CALL OPTIONS; STRIKE PRICE $170; EXPIRES 12/18/2020,2020-03-12,MSFT,C,170.0,2020-12-18,call,MSFT201218C00170000
55615,MSFT,CALL OPTIONS; STRIKE PRICE $145; EXPIRES 01/15/2021,2020-03-12,MSFT,C,145.0,2021-01-15,call,MSFT210115C00145000
55618,MSFT,CALL OPTIONS; STRIKE PRICE $160; EXPIRES 01/15/2021,2020-03-12,MSFT,C,160.0,2021-01-15,call,MSFT210115C00160000
55627,MSFT,CALL OPTIONS; STRIKE PRICE $135; EXPIRES 12/18/2020,2020-03-12,MSFT,C,135.0,2020-12-18,call,MSFT201218C00135000
55641,MSFT,CALL OPTIONS; STRIKE PRICE $150; EXPIRES 01/15/2021,2020-03-12,MSFT,C,150.0,2021-01-15,call,MSFT210115C00150000
55648,MSFT,CALL OPTIONS; STRIKE PRICE $135; EXPIRES 09/18/2020,2020-03-12,MSFT,C,135.0,2020-09-18,call,MSFT200918C00135000
55650,MSFT,CALL OPTIONS; STRIKE PRICE $145; EXPIRES 03/19/2021,2020-03-12,MSFT,C,145.0,2021-03-19,call,MSFT210319C00145000
55651,MSFT,CALL OPTIONS; STRIKE PRICE $135; EXPIRES 12/18/2020,2020-03-12,MSFT,C,135.0,2020-12-18,call,MSFT201218C00135000
55668,MSFT,CALL OPTIONS; STRIKE PRICE $150; EXPIRES 03/19/2021,2020-03-12,MSFT,C,150.0,2021-03-19,call,MSFT210319C00150000
55787,CR,Option Type: Put Strike price: $55.00  Expires: 09/18/2020,2020-03-09,CR,P,55.0,2020-09-18,put,CR200918P00055000
55788,HIG,Option Type: Put Strike price: $45.00  Expires: 09/18/2020,2020-03-09,HIG,P,45.0,2020-09-18,put,HIG200918P00045000
55811,AIZ,Option Type: Put Strike price: $100.00  Expires: 01/15/2021,2020-03-09,AIZ,P,100.0,2021-01-15,put,AIZ210115P00100000
55817,DIA,"CALL OPTION, $240, EXP. 04/17/2020",2020-03-09,DIA,C,240.0,2020-04-17,call,DIA200417C00240000
55837,EMR,Option Type: Put Strike price: $50.00  Expires: 01/15/2021,2020-03-09,EMR,P,50.0,2021-01-15,put,EMR210115P00050000
55855,MSFT,CALL OPTIONS; STRIKE PRICE $170; EXPIRES 12/18/2020,2020-03-06,MSFT,C,170.0,2020-12-18,call,MSFT201218C00170000
55856,MSFT,CALL OPTIONS; STRIKE PRICE $135; EXPIRES 07/17/2020,2020-03-06,MSFT,C,135.0,2020-07-17,call,MSFT200717C00135000
55865,XOM,"EXXON MOBIL CORPORATION (XOM), STRIKE PRICE $60, EXP 05/15/2020, CALL OPTION",2020-03-06,XOM,C,60.0,2020-05-15,call,XOM200515C00060000
55867,DIA,"CALL OPTION, $258, EXP. 04/17/2020 FILING ID #20016320",2020-03-06,DIA,C,258.0,2020-04-17,call,DIA200417C00258000
55870,MSFT,CALL OPTIONS; STRIKE PRICE $140; EXPIRES 09/18/2020,2020-03-06,MSFT,C,140.0,2020-09-18,call,MSFT200918C00140000
55875,MSFT,CALL OPTIONS; STRIKE PRICE $135; EXPIRES 06/19/2020,2020-03-06,MSFT,C,135.0,2020-06-19,call,MSFT200619C00135000
55878,MSFT,CALL OPTIONS; STRIKE PRICE $135; EXPIRES 07/17/2020,2020-03-06,MSFT,C,135.0,2020-07-17,call,MSFT200717C00135000
55883,MSFT,CALL OPTIONS; STRIKE PRICE $150; EXPIRES 01/15/2021,2020-03-06,MSFT,C,150.0,2021-01-15,call,MSFT210115C00150000
55891,MSFT,CALL OPTIONS; STRIKE PRICE $145; EXPIRES 12/18/2020,2020-03-06,MSFT,C,145.0,2020-12-18,call,MSFT201218C00145000
56014,DIA,"PUT OPTION, $270; EXP. 4/3/20",2020-03-05,DIA,P,270.0,2020-04-03,put,DIA200403P00270000
56022,DIA,"CALL OPTION, $260, EXP. 04/03/2020",2020-03-05,DIA,C,260.0,2020-04-03,call,DIA200403C00260000
56041,QQQ,"CALL OPTION, $204; EXP. 4/17/20",2020-03-04,QQQ,C,204.0,2020-04-17,call,QQQ200417C00204000
56049,DIA,"CALL OPTION, $250, EXP. 04/17/2020",2020-03-04,DIA,C,250.0,2020-04-17,call,DIA200417C00250000
56050,CVX,Option Type: Put Strike price: $92.50  Expires: 09/18/2020,2020-03-04,CVX,P,92.5,2020-09-18,put,CVX200918P00092500
56053,PANW,Option Type: Put Strike price: $150.00  Expires: 09/18/2020,2020-03-04,PANW,P,150.0,2020-09-18,put,PANW200918P00150000
56056,AIG,Option Type: Put Strike price: $40.00  Expires: 08/21/2020,2020-03-04,AIG,P,40.0,2020-08-21,put,AIG200821P00040000
56066,BP,Option Type: Put Strike price: $30.00  Expires: 11/20/2020,2020-03-04,BP,P,30.0,2020-11-20,put,BP201120P00030000
56070,AMGN,Option Type: Put Strike price: $180.00  Expires: 10/16/2020,2020-03-04,AMGN,P,180.0,2020-10-16,put,AMGN201016P00180000
56072,DIA,"PUT OPTION, $270; EXP. 4/03/20",2020-03-04,DIA,P,270.0,2020-04-03,put,DIA200403P00270000
56274,MSFT,PURCHASED 50 CALL OPTIONS WITH A STRIKE PRICE OF $130 AND AN EXPIRATION DATE OF 3/19/2021.,2020-02-28,MSFT,C,130.0,2021-03-19,call,MSFT210319C00130000
56278,QQQ,"CALL OPTION, $204; EXP. 4/17/20",2020-02-28,QQQ,C,204.0,2020-04-17,call,QQQ200417C00204000
56281,DIA,"CALL OPTION, $250, EXP. 04/17/2020",2020-02-28,DIA,C,250.0,2020-04-17,call,DIA200417C00250000
56373,XOM,"EXXON MOBIL CORPORATION (XOM), STRIKE PRICE $60, EXP 04/17/2020, CALL OPTION",2020-02-27,XOM,C,60.0,2020-04-17,call,XOM200417C00060000
56394,GOOGL,PURCHASED 40 CALL OPTIONS WITH A STRIKE PRICE OF $1200 AND AN EXPIRATION DATE OF 6/18/2021.,2020-02-27,GOOGL,C,1200.0,2021-06-18,call,GOOGL210618C01200000
56617,DIA,"CALL OPTION, $280, EXP. 04/17/2020",2020-02-24,DIA,C,280.0,2020-04-17,call,DIA200417C00280000
56654,K,Option Type: Put Strike price: $60.00  Expires: 09/18/2020,2020-02-21,K,P,60.0,2020-09-18,put,K200918P00060000
56661,MSFT,PURCHASED 100 CALL OPTIONS WITH A STRIKE PRICE OF $130 AND AN EXPIRATION DATE OF 3/19/2021.,2020-02-21,MSFT,C,130.0,2021-03-19,call,MSFT210319C00130000
56677,BABA,Option Type: Put Strike price: $175.00  Expires: 07/17/2020,2020-02-21,BABA,P,175.0,2020-07-17,put,BABA200717P00175000
56695,ROKU,"CALL OPTION, $120, EXP. 03/27/2020",2020-02-21,ROKU,C,120.0,2020-03-27,call,ROKU200327C00120000
56699,DD,Option Type: Put Strike price: $40.00  Expires: 07/17/2020,2020-02-21,DD,P,40.0,2020-07-17,put,DD200717P00040000
56732,MSFT,PURCHASED 100 CALL OPTIONS WITH A STRIKE PRICE OF $140 AND AN EXPIRATION DATE OF 3/19/2021.,2020-02-20,MSFT,C,140.0,2021-03-19,call,MSFT210319C00140000
56781,ABBV,Option Type: Put Strike price: $80.00  Expires: 08/01/2020,2020-02-20,ABBV,P,80.0,2020-08-01,put,ABBV200801P00080000
56857,AIZ,Option Type: Put Strike price: $125.00  Expires: 09/18/2020,2020-02-20,AIZ,P,125.0,2020-09-18,put,AIZ200918P00125000
56897,XOM,"EXXON MOBIL CORPORATION (XOM), STRIKE PRICE $65.5, EXP 04/03/2020, CALL OPTION",2020-02-19,XOM,C,65.5,2020-04-03,call,XOM200403C00065500
56926,HUYA,"CALL OPTION, $20, EXP. 03/20/2020",2020-02-18,HUYA,C,20.0,2020-03-20,call,HUYA200320C00020000
56927,ROKU,"CALL OPTION, $126, EXP. 03/27/2020",2020-02-18,ROKU,C,126.0,2020-03-27,call,ROKU200327C00126000
56959,CAT,Option Type: Put Strike price: $120.00  Expires: 08/21/2020,2020-02-14,CAT,P,120.0,2020-08-21,put,CAT200821P00120000
56979,AFL,Option Type: Put Strike price: $50.00  Expires: 08/21/2020,2020-02-14,AFL,P,50.0,2020-08-21,put,AFL200821P00050000
56987,MSFT,CALL OPTIONS; STRIKE PRICE $130; EXPIRES 02/21/2020,2020-02-13,MSFT,C,130.0,2020-02-21,call,MSFT200221C00130000
56991,MSFT,CALL OPTIONS; STRIKE PRICE $135; EXPIRES 03/20/20,2020-02-13,MSFT,C,135.0,2020-03-20,call,MSFT200320C00135000
56993,MSFT,CALL OPTIONS; STRIKE PRICE $140; EXPIRES 12/18/2020,2020-02-13,MSFT,C,140.0,2020-12-18,call,MSFT201218C00140000
56994,MSFT,CALL OPTIONS; STRIKE PRICE $170; EXPIRES 02/28/2020,2020-02-13,MSFT,C,170.0,2020-02-28,call,MSFT200228C00170000
56996,MSFT,CALL OPTIONS; STRIKE PRICE $135; EXPIRES 09/18/2020,2020-02-13,MSFT,C,135.0,2020-09-18,call,MSFT200918C00135000
56999,MSFT,CALL OPTIONS; STRIKE PRICE $135; EXPIRES 07/17/2020,2020-02-13,MSFT,C,135.0,2020-07-17,call,MSFT200717C00135000
57002,MSFT,CALL OPTIONS; STRIKE PRICE $130; EXPIRES 02/21/2020,2020-02-13,MSFT,C,130.0,2020-02-21,call,MSFT200221C00130000
57007,FB,"CALL OPTION, $215, EXP. 02/21/2020",2020-02-13,FB,C,215.0,2020-02-21,call,FB200221C00215000
57008,MSFT,CALL OPTIONS; STRIKE PRICE $130; EXPIRES 04/17/2020,2020-02-13,MSFT,C,130.0,2020-04-17,call,MSFT200417C00130000
57013,MSFT,CALL OPTIONS; STRIKE PRICE $140; EXPIRES 01/15/2021,2020-02-13,MSFT,C,140.0,2021-01-15,call,MSFT210115C00140000
57014,MSFT,CALL OPTIONS; STRIKE PRICE $130; EXPIRES 03/20/20,2020-02-13,MSFT,C,130.0,2020-03-20,call,MSFT200320C00130000
57015,MSFT,CALL OPTIONS; STRIKE PRICE $170; EXPIRES 07/17/2020,2020-02-13,MSFT,C,170.0,2020-07-17,call,MSFT200717C00170000
57016,MSFT,CALL OPTIONS; STRIKE PRICE $135; EXPIRES 07/17/2020,2020-02-13,MSFT,C,135.0,2020-07-17,call,MSFT200717C00135000
57020,MSFT,CALL OPTIONS; STRIKE PRICE $135; EXPIRES 06/19/2020,2020-02-13,MSFT,C,135.0,2020-06-19,call,MSFT200619C00135000
57024,MSFT,CALL OPTIONS; STRIKE PRICE $135; EXPIRES 12/18/2020,2020-02-13,MSFT,C,135.0,2020-12-18,call,MSFT201218C00135000
57029,MSFT,CALL OPTIONS; STRIKE PRICE $135; EXPIRES 12/18/2020,2020-02-13,MSFT,C,135.0,2020-12-18,call,MSFT201218C00135000
57030,MSFT,CALL OPTIONS; STRIKE PRICE $130; EXPIRES 03/20/20,2020-02-13,MSFT,C,130.0,2020-03-20,call,MSFT200320C00130000
57031,MSFT,CALL OPTIONS; STRIKE PRICE $130; EXPIRES 04/17/2020,2020-02-13,MSFT,C,130.0,2020-04-17,call,MSFT200417C00130000
57528,ROKU,"CALL OPTION, $130, EXP. 02/28/2020",2020-02-10,ROKU,C,130.0,2020-02-28,call,ROKU200228C00130000
57539,HUYA,"CALL OPTION, $18.5, EXP. 02/28/2020",2020-02-10,HUYA,C,18.5,2020-02-28,call,HUYA200228C00018500
57555,HUYA,"CALL OPTION, $18, EXP. 02/21/2020",2020-02-10,HUYA,C,18.0,2020-02-21,call,HUYA200221C00018000
57592,ROKU,"CALL OPTION, $125, EXP. 02/28/2020",2020-02-10,ROKU,C,125.0,2020-02-28,call,ROKU200228C00125000
57627,BYND,"CALL OPTION, $110, EXP. 02/21/2020",2020-02-07,BYND,C,110.0,2020-02-21,call,BYND200221C00110000
57658,XOM,"EXXON MOBIL CORPORATION (XOM), STRIKE PRICE $65, EXP 03/13/2020, CALL OPTION",2020-02-07,XOM,C,65.0,2020-03-13,call,XOM200313C00065000
57685,EMR,Option Type: Put Strike price: $67.50  Expires: 09/18/2020,2020-02-05,EMR,P,67.5,2020-09-18,put,EMR200918P00067500
57688,MRK,Option Type: Put Strike price: $77.50  Expires: 09/18/2020,2020-02-05,MRK,P,77.5,2020-09-18,put,MRK200918P00077500
57704,DFS,Option Type: Put Strike price: $72.50  Expires: 07/17/2020,2020-02-05,DFS,P,72.5,2020-07-17,put,DFS200717P00072500
57705,DAL,Option Type: Put Strike price: $52.50  Expires: 09/18/2020,2020-02-05,DAL,P,52.5,2020-09-18,put,DAL200918P00052500
57708,BABA,"CALL OPTION, $220; EXP. 2/21/20",2020-02-04,BABA,C,220.0,2020-02-21,call,BABA200221C00220000
57712,BABA,"CALL OPTION, $225, EXP. 02/07/2020",2020-02-04,BABA,C,225.0,2020-02-07,call,BABA200207C00225000
57787,ZBRA,"CALL OPTION, $240, EXP. 03/20/2020",2020-01-31,ZBRA,C,240.0,2020-03-20,call,ZBRA200320C00240000
57793,BYND,"CALL OPTION, $110, EXP. 02/21/2020",2020-01-31,BYND,C,110.0,2020-02-21,call,BYND200221C00110000
57821,XOM,"EXXON MOBIL CORPORATION (XOM), STRIKE PRICE $70, EXP 03/20/2020, CALL OPTION",2020-01-29,XOM,C,70.0,2020-03-20,call,XOM200320C00070000
57900,ROKU,"CALL OPTION, $125, EXP. 02/28/2020",2020-01-27,ROKU,C,125.0,2020-02-28,call,ROKU200228C00125000
57911,HUYA,"CALL OPTION, $18, EXP. 02/21/2020",2020-01-27,HUYA,C,18.0,2020-02-21,call,HUYA200221C00018000
57944,FB,"CALL OPTION, $215, EXP. 02/21/2020 FILING ID #20016151",2020-01-27,FB,C,215.0,2020-02-21,call,FB200221C00215000
57950,FB,"CALL OPTION, $215, EXP. 02/21/2020",2020-01-27,FB,C,215.0,2020-02-21,call,FB200221C00215000
57964,ROKU,"CALL OPTION, $130, EXP. 02/28/2020",2020-01-24,ROKU,C,130.0,2020-02-28,call,ROKU200228C00130000
58018,XOM,"EXXON MOBIL CORPORATION (XOM), STRIKE PRICE $70.5, EXP 02/21/2020, CALL OPTION",2020-01-21,XOM,C,70.5,2020-02-21,call,XOM200221C00070500
58024,HUYA,"CALL OPTION, $18.5; EXP. 2/28/20",2020-01-20,HUYA,C,18.5,2020-02-28,call,HUYA200228C00018500
58034,BABA,"CALL OPTION, $225, EXP. 02/07/2020",2020-01-17,BABA,C,225.0,2020-02-07,call,BABA200207C00225000
58037,FB,"CALL OPTION, $220, EXP. 02/07/2020",2020-01-17,FB,C,220.0,2020-02-07,call,FB200207C00220000
58045,BABA,"CALL OPTION, $220; EXP. 2/21/20",2020-01-17,BABA,C,220.0,2020-02-21,call,BABA200221C00220000
58049,ZBRA,"CALL OPTION, $250, EXP. 02/21/2020",2020-01-17,ZBRA,C,250.0,2020-02-21,call,ZBRA200221C00250000
58050,FB,"CALL OPTION, $220; EXP. 2/21/20",2020-01-17,FB,C,220.0,2020-02-21,call,FB200221C00220000
58056,AMZN,"SOLD 20 CALL OPTIONS WITH A STRIKE PRICE OF $1,700 AND AN EXPIRATION DATE OF 1/17/20.",2020-01-16,AMZN,C,1700.0,2020-01-17,call,AMZN200117C01700000
58058,AMZN,"SOLD 20 CALL OPTIONS WITH A STRIKE PRICE OF $1,600 AND AN EXPIRATION DATE OF 1/17/20.",2020-01-16,AMZN,C,1600.0,2020-01-17,call,AMZN200117C01600000
58063,FB,"EXERCISED 20 CALL OPTIONS (2,000 SHARES) EXPIRING 1/17/20 AT A STRIKE PRICE OF $150.",2020-01-16,FB,C,150.0,2020-01-17,call,FB200117C00150000
58065,FB,"EXERCISED 30 CALL OPTIONS (3,000 SHARES) EXPIRING 1/17/20 AT A STRIKE PRICE OF $140.",2020-01-16,FB,C,140.0,2020-01-17,call,FB200117C00140000
58070,AMZN,"EXERCISED 30 CALL OPTIONS (3,000 SHARES) EXPIRING 1/17/20 AT A STRIKE PRICE OF $1600.",2020-01-16,AMZN,C,1600.0,2020-01-17,call,AMZN200117C01600000
58151,CVX,Option Type: Put Strike price: $105.00  Expires: 06/19/2020,2020-01-14,CVX,P,105.0,2020-06-19,put,CVX200619P00105000
58156,UL,Option Type: Put Strike price: $55.00  Expires: 08/21/2020,2020-01-14,UL,P,55.0,2020-08-21,put,UL200821P00055000
58162,GS,Option Type: Put Strike price: $215.00  Expires: 06/19/2020,2020-01-14,GS,P,215.0,2020-06-19,put,GS200619P00215000
58179,CMCSA,Option Type: Put Strike price: $42.50  Expires: 07/17/2020,2020-01-14,CMCSA,P,42.5,2020-07-17,put,CMCSA200717P00042500
58185,CSCO,Option Type: Put Strike price: $45.00  Expires: 07/17/2020,2020-01-14,CSCO,P,45.0,2020-07-17,put,CSCO200717P00045000
58343,XOM,"EXXON MOBIL CORPORATION (XOM), STRIKE PRICE $73.5, EXP 02/28/2020, CALL OPTION",2020-01-10,XOM,C,73.5,2020-02-28,call,XOM200228C00073500
58350,MSFT,CALL OPTIONS; STRIKE PRICE $170; EXPIRES 02/28/2020,2020-01-09,MSFT,C,170.0,2020-02-28,call,MSFT200228C00170000
58366,BYND,"CALL OPTION, $75, EXP. 02/21/2020",2020-01-09,BYND,C,75.0,2020-02-21,call,BYND200221C00075000
58671,PRU,Option Type: Put Strike price: $87.50  Expires: 06/19/2020,2020-01-08,PRU,P,87.5,2020-06-19,put,PRU200619P00087500
58735,BYND,"CALL OPTION, $75, EXP. 02/21/2020 FILING ID #20014978",2020-01-07,BYND,C,75.0,2020-02-21,call,BYND200221C00075000
58825,XOM,"EXXON MOBIL CORPORATION (XOM), STRIKE PRICE $75.5, EXP 02/07/2020, CALL OPTION",2020-01-02,XOM,C,75.5,2020-02-07,call,XOM200207C00075500
58928,BYND,"CALL OPTION, $75, EXP. 02/21/2020",2019-12-30,BYND,C,75.0,2020-02-21,call,BYND200221C00075000
58942,BYND,"CALL OPTION, $75, EXP. 02/21/2020",2019-12-30,BYND,C,75.0,2020-02-21,call,BYND200221C00075000
59099,XOM,"EXXON MOBIL CORPORATION (XOM), STRIKE PRICE $73.5, EXP 01/24/2020, CALL OPTION",2019-12-19,XOM,C,73.5,2020-01-24,call,XOM200124C00073500
59608,XOM,"EXXON MOBIL CORPORATION (XOM), STRIKE PRICE $75, EXP 02/21/2020, CALL OPTION",2019-12-10,XOM,C,75.0,2020-02-21,call,XOM200221C00075000
59755,XOM,"EXXON MOBIL CORPORATION (XOM), STRIKE PRICE $72.5, EXP 01/10/2020, CALL OPTION",2019-12-03,XOM,C,72.5,2020-01-10,call,XOM200110C00072500
59899,XOM,"EXXON MOBIL CORPORATION (XOM), STRIKE PRICE $75, EXP 02/21/2020, CALL OPTION",2019-11-25,XOM,C,75.0,2020-02-21,call,XOM200221C00075000
60056,XOM,"EXXON MOBIL CORPORATION (XOM), STRIKE PRICE $72, EXP 12/20/2019, CALL OPTION",2019-11-19,XOM,C,72.0,2019-12-20,call,XOM191220C00072000
60093,MSFT,CALL OPTIONS; STRIKE PRICE $135; EXPIRES 12/20/2019,2019-11-18,MSFT,C,135.0,2019-12-20,call,MSFT191220C00135000
60101,MSFT,CALL OPTIONS; STRIKE PRICE $135; EXPIRES 03/20/2020,2019-11-18,MSFT,C,135.0,2020-03-20,call,MSFT200320C00135000
60103,MSFT,CALL OPTIONS; STRIKE PRICE $130; EXPIRES 04/17/2020,2019-11-18,MSFT,C,130.0,2020-04-17,call,MSFT200417C00130000
60113,MSFT,CALL OPTIONS; STRIKE PRICE $130; EXPIRES 02/21/2020,2019-11-18,MSFT,C,130.0,2020-02-21,call,MSFT200221C00130000
60116,MSFT,CALL OPTIONS; STRIKE PRICE $130; EXPIRES 12/20/2019,2019-11-18,MSFT,C,130.0,2019-12-20,call,MSFT191220C00130000
60135,MSFT,CALL OPTIONS; STRIKE PRICE $130; EXPIRES 01/17/2020,2019-11-18,MSFT,C,130.0,2020-01-17,call,MSFT200117C00130000
60332,XOM,"EXXON MOBIL CORPORATION (XOM), STRIKE PRICE $75, EXP 01/17/2020, CALL OPTION",2019-11-07,XOM,C,75.0,2020-01-17,call,XOM200117C00075000
60343,XOM,"EXXON MOBIL CORPORATION (XOM), STRIKE PRICE OF $72, EXP 11/08/19, CALL OPTION",2019-11-07,XOM,C,72.0,2019-11-08,call,XOM191108C00072000
60560,XOM,"EXXON MOBIL CORPORATION (XOM), STRIKE PRICE OF $72.5, EXP 12/20/2019, CALL OPTION",2019-10-30,XOM,C,72.5,2019-12-20,call,XOM191220C00072500
60907,XOM,"EXXON MOBIL CORPORATION (XOM), STRIKE PRICE OF $73.5, EXP 12/09/2019, CALL OPTION",2019-10-16,XOM,C,73.5,2019-12-09,call,XOM191209C00073500
60914,NFLX,"CALL OPTION, $285, EXP. 10/18/19",2019-10-16,NFLX,C,285.0,2019-10-18,call,NFLX191018C00285000
61158,XOM,"EXXON MOBIL CORPORATION (XOM), STRIKE PRICE OF $73, EXP 11/22/2019, CALL OPTION",2019-10-09,XOM,C,73.0,2019-11-22,call,XOM191122C00073000
61245,XOM,"EXXON MOBIL CORPORATION (XOM), STRIKE PRICE OF $72, EXP 11/08/2019, CALL OPTION",2019-10-03,XOM,C,72.0,2019-11-08,call,XOM191108C00072000
61257,MSFT,CALL OPTIONS; STRIKE PRICE $130; EXPIRES 01/17/2020,2019-10-02,MSFT,C,130.0,2020-01-17,call,MSFT200117C00130000
61273,MSFT,CALL OPTIONS; STRIKE PRICE $125; EXPIRES 10/18/2019,2019-10-02,MSFT,C,125.0,2019-10-18,call,MSFT191018C00125000
61425,XOM,"EXXON MOBIL CORPORATION (XOM), STRIKE PRICE $72.5, EXP 9/20/2019, CALL OPTION",2019-09-20,XOM,C,72.5,2019-09-20,call,XOM190920C00072500
61429,XOM,"EXXON MOBIL CORPORATION (XOM), STRIKE PRICE OF $77.5, EXP 11/15/2019, CALL OPTION",2019-09-20,XOM,C,77.5,2019-11-15,call,XOM191115C00077500
61441,NFLX,"CALL OPTION, $285, EXP. 10/18/19",2019-09-19,NFLX,C,285.0,2019-10-18,call,NFLX191018C00285000
61531,MSFT,CALL OPTIONS; STRIKE PRICE $130; EXPIRES 03/20/2020,2019-09-16,MSFT,C,130.0,2020-03-20,call,MSFT200320C00130000
61585,MSFT,CALL OPTIONS; STRIKE PRICE $125; EXPIRES 09/20/2019,2019-09-16,MSFT,C,125.0,2019-09-20,call,MSFT190920C00125000
61915,BYND,"CALL OPTION, $160; EXP. 10/4/19",2019-09-06,BYND,C,160.0,2019-10-04,call,BYND191004C00160000
61953,XOM,"EXXON MOBIL CORPORATION (XOM), STRIKE PRICE $72.5, EXP 10/04/2019, CALL OPTION",2019-09-03,XOM,C,72.5,2019-10-04,call,XOM191004C00072500
62061,APC,"EXXON MOBIL CORPORATION (XOM), STRIKE PRICE OF $75, EXP 10/18/2019, CALL OPTION",2019-08-23,APC,C,75.0,2019-10-18,call,APC191018C00075000
62173,XOM,"EXXON MOBIL CORPORATION (XOM), STRIKE PRICE OF $72.5, EXP 09/20/2019, CALL OPTION",2019-08-16,XOM,C,72.5,2019-09-20,call,XOM190920C00072500
62451,IWM,CALL 8/9/19 $156.50,2019-08-12,IWM,C,156.5,2019-08-09,call,IWM190809C00156500
62927,IWM,CALL 8/9/19 $156.50,2019-08-01,IWM,C,156.5,2019-08-09,call,IWM190809C00156500
63060,XOM,"EXXON MOBIL CORPORATION (XOM), STRIKE PRICE OF $78.5, EXP 09/06/2019, CALL OPTION",2019-07-26,XOM,C,78.5,2019-09-06,call,XOM190906C00078500
63114,TSLA,"CALL OPTION, $265, EXP. 8/09/19",2019-07-24,TSLA,C,265.0,2019-08-09,call,TSLA190809C00265000
63177,AMZN,PURCHASED 20 CALL OPTIONS WITH A STRIKE PRICE OF $1700 AND AN EXPIRATION DATE OF 1/17/20.,2019-07-22,AMZN,C,1700.0,2020-01-17,call,AMZN200117C01700000
63185,NFLX,PURCHASED 30 CALL OPTIONS WITH A STRIKE PRICE OF $250 AND AN EXPIRATION DATE OF 6/19/20.,2019-07-22,NFLX,C,250.0,2020-06-19,call,NFLX200619C00250000
63284,XOM,"EXXON MOBIL CORPORATION (XOM), STRIKE PRICE OF $80, EXP 09/20/2019, CALL OPTION",2019-07-17,XOM,C,80.0,2019-09-20,call,XOM190920C00080000
63304,MSFT,CALL OPTIONS; STRIKE PRICE $130; EXPIRES 07/19/2019,2019-07-16,MSFT,C,130.0,2019-07-19,call,MSFT190719C00130000
63308,MSFT,CALL OPTIONS; STRIKE PRICE $135; EXPIRES 12/20/2019,2019-07-16,MSFT,C,135.0,2019-12-20,call,MSFT191220C00135000
63311,MSFT,CALL OPTIONS; STRIKE PRICE $130; EXPIRES 12/20/2019,2019-07-16,MSFT,C,130.0,2019-12-20,call,MSFT191220C00130000
63319,MSFT,CALL OPTIONS; STRIKE PRICE $125; EXPIRES 07/19/2019,2019-07-16,MSFT,C,125.0,2019-07-19,call,MSFT190719C00125000
63554,NFLX,PURCHASED 20 CALL OPTIONS WITH A STRIKE PRICE OF $250 AND AN EXPIRATION DATE OF 6/19/20.,2019-07-05,NFLX,C,250.0,2020-06-19,call,NFLX200619C00250000
63603,TSLA,"CALL OPTION, $1245, EXP. 7/12/19",2019-07-03,TSLA,C,1245.0,2019-07-12,call,TSLA190712C01245000
63684,XOM,"EXXON MOBIL CORPORATION (XOM), STRIKE PRICE OF $81, EXP 08/02/2019, CALL OPTION",2019-06-27,XOM,C,81.0,2019-08-02,call,XOM190802C00081000
63985,IWM,"CALL, 7/19/2019, $157",2019-06-20,IWM,C,157.0,2019-07-19,call,IWM190719C00157000
63997,MSFT,CALL OPTIONS; STRIKE PRICE $140; EXPIRES 08/16/2019,2019-06-20,MSFT,C,140.0,2019-08-16,call,MSFT190816C00140000
64021,MSFT,CALL OPTIONS; STRIKE PRICE $135; EXPIRES 6/21/2019,2019-06-20,MSFT,C,135.0,2019-06-21,call,MSFT190621C00135000
64051,CRM,PURCHASED 80 CALL OPTIONS WITH A STRIKE PRICE OF $140 AND AN EXPIRATION DATE OF 6/19/20.,2019-06-18,CRM,C,140.0,2020-06-19,call,CRM200619C00140000
64085,CRM,PURCHASED 20 CALL OPTIONS WITH A STRIKE PRICE OF $140 AND AN EXPIRATION DATE OF 6/19/20.,2019-06-14,CRM,C,140.0,2020-06-19,call,CRM200619C00140000
64092,XOM,"EXXON MOBIL CORPORATION (XOM), STRIKE PRICE OF $80, EXP 08/16/2019, CALL OPTION",2019-06-14,XOM,C,80.0,2019-08-16,call,XOM190816C00080000
64151,QQQ,"CALL OPTION, $180, EXP. 6/21/19",2019-06-07,QQQ,C,180.0,2019-06-21,call,QQQ190621C00180000
64154,DIA,"CALL OPTION, $248, EXP. 6/28/19",2019-06-07,DIA,C,248.0,2019-06-28,call,DIA190628C00248000
64155,DIA,"CALL OPTION, $253, EXP. 6/28/19",2019-06-07,DIA,C,253.0,2019-06-28,call,DIA190628C00253000
64157,QQQ,"CALL OPTION, $180, EXP. 6/21/19",2019-06-07,QQQ,C,180.0,2019-06-21,call,QQQ190621C00180000
64253,HUYA,"CALL OPTION, $23, EXP. 6/14/19",2019-06-04,HUYA,C,23.0,2019-06-14,call,HUYA190614C00023000
64633,XOM,"EXXON MOBIL CORPORATION (XOM), STRIKE PRICE OF $77.5, EXP 07/19/2019, CALL OPTION",2019-06-03,XOM,C,77.5,2019-07-19,call,XOM190719C00077500
64650,MSFT,CALL OPTIONS; STRIKE PRICE $130; EXPIRES 12/20/2019,2019-05-31,MSFT,C,130.0,2019-12-20,call,MSFT191220C00130000
64660,DIA,"CALL OPTION, $248, EXP. 6/28/19",2019-05-31,DIA,C,248.0,2019-06-28,call,DIA190628C00248000
64663,MSFT,CALL OPTIONS; STRIKE PRICE $120; EXPIRES 6/21/2019,2019-05-31,MSFT,C,120.0,2019-06-21,call,MSFT190621C00120000
65000,XOM,"EXXON MOBIL CORPORATION (XOM), STRIKE PRICE OF $80.5, EXP 06/14/2019, CALL OPTION",2019-05-24,XOM,C,80.5,2019-06-14,call,XOM190614C00080500
65015,XOM,"EXXON MOBIL CORPORATION (XOM), STRIKE PRICE OF $78, EXP 06/28/2019, CALL OPTION",2019-05-24,XOM,C,78.0,2019-06-28,call,XOM190628C00078000
65041,DIA,"CALL OPTION, $253; EXP. 6/28/19",2019-05-23,DIA,C,253.0,2019-06-28,call,DIA190628C00253000
65132,MSFT,CALL OPTIONS; STRIKE PRICE $130; EXPIRES 1/17/2020,2019-05-20,MSFT,C,130.0,2020-01-17,call,MSFT200117C00130000
65139,MSFT,CALL OPTIONS; STRIKE PRICE $121; EXPIRES 5/24/2019,2019-05-20,MSFT,C,121.0,2019-05-24,call,MSFT190524C00121000
65142,QQQ,"CALL OPTION, $180, EXP. 6/21/19",2019-05-20,QQQ,C,180.0,2019-06-21,call,QQQ190621C00180000
65287,QQQ,"CALL OPTION, $181, EXP. 6/7/19",2019-05-10,QQQ,C,181.0,2019-06-07,call,QQQ190607C00181000
65385,QQQ,"CALL OPTION, $186, EXP. 6/14/19",2019-05-08,QQQ,C,186.0,2019-06-14,call,QQQ190614C00186000
65438,MSFT,CALL OPTIONS; STRIKE PRICE $120; EXPIRES 5/17/2019,2019-05-06,MSFT,C,120.0,2019-05-17,call,MSFT190517C00120000
65449,MSFT,CALL OPTIONS; STRIKE PRICE $130; EXPIRES 7/19/2019,2019-05-06,MSFT,C,130.0,2019-07-19,call,MSFT190719C00130000
65451,MSFT,CALL OPTIONS; STRIKE PRICE $125; EXPIRES 9/20/2019,2019-05-06,MSFT,C,125.0,2019-09-20,call,MSFT190920C00125000
65470,MSFT,CALL OPTIONS; STRIKE PRICE $125; EXPIRES 5/17/2019,2019-05-06,MSFT,C,125.0,2019-05-17,call,MSFT190517C00125000
65821,TSLA,"PUT OPTION, $260, EXP. 5/3/19",2019-04-26,TSLA,P,260.0,2019-05-03,put,TSLA190503P00260000
65843,MSFT,CALL OPTIONS; STRIKE PRICE $135; EXPIRES 06/21/2019,2019-04-25,MSFT,C,135.0,2019-06-21,call,MSFT190621C00135000
65878,TSLA,"CALL OPTION, $275, EXP. 5/3/19",2019-04-24,TSLA,C,275.0,2019-05-03,call,TSLA190503C00275000
65899,TSLA,"PUT OPTION, $260, EXP. 5/3/19",2019-04-24,TSLA,P,260.0,2019-05-03,put,TSLA190503P00260000
66072,MSFT,CALL OPTIONS; STRIKE PRICE 125; EXPIRES 9/20/2019,2019-04-16,MSFT,C,125.0,2019-09-20,call,MSFT190920C00125000
66085,MSFT,CALL OPTIONS; STRIKE PRICE $130; EXPIRES 7/19/2019,2019-04-16,MSFT,C,130.0,2019-07-19,call,MSFT190719C00130000
66086,MSFT,CALL OPTIONS; STRIKE PRICE $125; EXPIRES 7/19/2019,2019-04-16,MSFT,C,125.0,2019-07-19,call,MSFT190719C00125000
66094,MSFT,CALL OPTIONS; STRIKE PRICE $115; EXPIRES 04/18/2019,2019-04-16,MSFT,C,115.0,2019-04-18,call,MSFT190418C00115000
66108,MSFT,CALL OPTIONS; STRIKE PRICE $125; EXPIRES 10/18/2019,2019-04-16,MSFT,C,125.0,2019-10-18,call,MSFT191018C00125000
66109,MSFT,CALL OPTIONS; STRIKE PRICE $120; EXPIRES 6/21/2019,2019-04-16,MSFT,C,120.0,2019-06-21,call,MSFT190621C00120000
66112,MSFT,CALL OPTIONS; STRIKE PRICE $120; EXPIRES 4/26/2019,2019-04-16,MSFT,C,120.0,2019-04-26,call,MSFT190426C00120000
66246,MSFT,CALL OPTIONS; STRIKE PRICE $117; EXPIRES 4/12/2019,2019-04-09,MSFT,C,117.0,2019-04-12,call,MSFT190412C00117000
66282,MSFT,CALL OPTIONS; STRIKE PRICE $121; EXPIRES 5/24/2019,2019-04-09,MSFT,C,121.0,2019-05-24,call,MSFT190524C00121000
66349,BABA,"CALL OPTION, $180, EXP. 4/5/19",2019-04-05,BABA,C,180.0,2019-04-05,call,BABA190405C00180000
66517,BABA,"CALL OPTION, $177.50, EXP. 4/5/19",2019-04-01,BABA,C,177.5,2019-04-05,call,BABA190405C00177500
66518,TSLA,"CALL OPTION, $292.50, EXP. 4/5/19",2019-04-01,TSLA,C,292.5,2019-04-05,call,TSLA190405C00292500
67170,MSFT,CALL OPTIONS; STRIKE PRICE $118; EXPIRES 03/29/2019,2019-03-22,MSFT,C,118.0,2019-03-29,call,MSFT190329C00118000
67199,MSFT,CALL OPTION; STRIKE PRICE $125; EXPIRES 05/17/2019,2019-03-22,MSFT,C,125.0,2019-05-17,call,MSFT190517C00125000
67451,TSLA,"CALL OPTION, $277.50, EXP. 4/12/19",2019-03-15,TSLA,C,277.5,2019-04-12,call,TSLA190412C00277500
67523,XOM,"EXXON MOBIL CORPORATION (XOM), STRIKE PRICE OF $77.5, EXP 03/15/2019, CALL OPTION",2019-03-14,XOM,C,77.5,2019-03-15,call,XOM190315C00077500
67560,XOM,"EXXON MOBIL CORPORATION (XOM), STRIKE PRICE OF $84.5, EXP 07/08/2019, CALL OPTION",2019-03-14,XOM,C,84.5,2019-07-08,call,XOM190708C00084500
67587,MSFT,CALL OPTION; STRIKE PRICE $117; EXPIRES 04/12/2019,2019-03-13,MSFT,C,117.0,2019-04-12,call,MSFT190412C00117000
67597,MSFT,CALL OPTIONS; STRIKE PRICE $114; EXPIRES 03/15/2019,2019-03-13,MSFT,C,114.0,2019-03-15,call,MSFT190315C00114000
67620,MSFT,CALL OPTION; STRIKE PRICE $120; EXPIRES 06/21/2019,2019-03-12,MSFT,C,120.0,2019-06-21,call,MSFT190621C00120000
67623,MSFT,CALL OPTION; STRIKE PRICE $120; EXPIRES 04/26/2019,2019-03-12,MSFT,C,120.0,2019-04-26,call,MSFT190426C00120000
67730,XOM,"EXXON MOBIL CORPORATION (XOM), STRIKE PRICE OF $83, EXP 05/21/2019, CALL OPTION",2019-03-07,XOM,C,83.0,2019-05-21,call,XOM190521C00083000
67739,BABA,"CALL OPTION, $180, EXP. 4/05/19",2019-03-07,BABA,C,180.0,2019-04-05,call,BABA190405C00180000
67751,XOM,"EXXON MOBIL CORPORATION (XOM), STRIKE PRICE OF $76, EXP 03/08/2019, CALL OPTION",2019-03-07,XOM,C,76.0,2019-03-08,call,XOM190308C00076000
67752,BABA,"CALL OPTION, $177.50, EXP. 4/05/19",2019-03-07,BABA,C,177.5,2019-04-05,call,BABA190405C00177500
67756,XOM,"EXXON MOBIL CORPORATION (XOM), STRIKE PRICE OF $84, EXP 06/19/2019, CALL OPTION",2019-03-07,XOM,C,84.0,2019-06-19,call,XOM190619C00084000
67850,MSFT,CALL OPTION; STRIKE PRICE $120; EXPIRES 05/17/2019,2019-03-05,MSFT,C,120.0,2019-05-17,call,MSFT190517C00120000
68098,MSFT,CALL OPTION; STRIKE PRICE $118; EXPIRES 03/29/2019,2019-02-27,MSFT,C,118.0,2019-03-29,call,MSFT190329C00118000
68246,BABA,"CALL OPTION, $175, EXP. 3/1/19",2019-02-22,BABA,C,175.0,2019-03-01,call,BABA190301C00175000
68254,MSFT,CALL OPTION; STRIKE PRICE $114; EXPIRES 03/15/2019,2019-02-21,MSFT,C,114.0,2019-03-15,call,MSFT190315C00114000
68257,XOM,"EXXON MOBIL CORPORATION (XOM), STRIKE PRICE OF $82.5, EXP 06/04/2019, CALL OPTION",2019-02-21,XOM,C,82.5,2019-06-04,call,XOM190604C00082500
68265,XOM,"EXXON MOBIL CORPORATION (XOM), STRIKE PRICE OF $82.25 EXP 05/07/2019, CALL OPTION",2019-02-21,XOM,C,82.25,2019-05-07,call,XOM190507C00082250
68407,XOM,"EXXON MOBIL CORPORATION (XOM), STRIKE PRICE OF 82.5, EXP 04/18/2019, CALL OPTION",2019-02-15,XOM,C,82.5,2019-04-18,call,XOM190418C00082500
68607,XOM,"EXXON MOBIL CORPORATION (XOM), STRIKE PRICE OF 77.5, EXP 03/15/2019, CALL OPTION",2019-02-07,XOM,C,77.5,2019-03-15,call,XOM190315C00077500
68613,XOM,"EXXON MOBIL CORPORATION (XOM), STRIKE PRICE OF 75, EXP 02/08/2019, CALL OPTION",2019-02-07,XOM,C,75.0,2019-02-08,call,XOM190208C00075000
68812,MSFT,CALL OPTION; STRIKE PRICE $112; EXPIRES 03/08/2019,2019-02-04,MSFT,C,112.0,2019-03-08,call,MSFT190308C00112000
68909,BABA,"CALL OPTION, $170, EXP. 2/08/19",2019-01-30,BABA,C,170.0,2019-02-08,call,BABA190208C00170000
69013,XOM,"EXXON MOBIL CORPORATION (XOM), STRIKE PRICE OF $ 76, EXP 03/08/2019, CALL OPTION",2019-01-25,XOM,C,76.0,2019-03-08,call,XOM190308C00076000
69186,XOM,"EXXON MOBIL CORPORATION (XOM), STRIKE PRICE OF $ 76.5, EXP 02/22/2019, CALL OPTION",2019-01-18,XOM,C,76.5,2019-02-22,call,XOM190222C00076500
69204,MSFT,CALL OPTION; STRIKE PRICE $116; EXPIRES 2/22/2019,2019-01-18,MSFT,C,116.0,2019-02-22,call,MSFT190222C00116000
69348,MSFT,CALL OPTION; STRIKE PRICE $116; EXPIRES 03/01/2019.,2019-01-18,MSFT,C,116.0,2019-03-01,call,MSFT190301C00116000
69690,XOM,"EXXON MOBIL CORPORATION (XOM), STRIKE PRICE OF $ 77.5, EXP 02/15/2019, CALL OPTION",2019-01-10,XOM,C,77.5,2019-02-15,call,XOM190215C00077500
69701,MSFT,CALL OPTION; STRIKE PRICE $115; EXPIRES 2/15/2019,2019-01-10,MSFT,C,115.0,2019-02-15,call,MSFT190215C00115000
69766,DIA,"CALL OPTION, $225, EXP. 1/18/19",2019-01-08,DIA,C,225.0,2019-01-18,call,DIA190118C00225000
69771,QQQ,"CALL OPTION, $150, EXP. 1/18/19",2019-01-08,QQQ,C,150.0,2019-01-18,call,QQQ190118C00150000
69842,BABA,"CALL OPTION, $140, EXP. 1/11/19",2019-01-04,BABA,C,140.0,2019-01-11,call,BABA190111C00140000
70069,DIA,"CALL OPTION, $225, EXP. 1/18/19",2018-12-27,DIA,C,225.0,2019-01-18,call,DIA190118C00225000
70073,QQQ,"CALL OPTION, $150, EXP. 1/18/19",2018-12-27,QQQ,C,150.0,2019-01-18,call,QQQ190118C00150000
70173,BABA,"CALL OPTION, $140, EXP. 1/11/19",2018-12-21,BABA,C,140.0,2019-01-11,call,BABA190111C00140000
70384,BABA,"CALL OPTION, $140, EXP. 1/04/19",2018-12-20,BABA,C,140.0,2019-01-04,call,BABA190104C00140000
70694,MSFT,"CALL OPTIONS; STRIKE PRICE $120, EXPIRES 1/18/2019",2018-12-14,MSFT,C,120.0,2019-01-18,call,MSFT190118C00120000
71314,MSFT,CALL OPTION; STRIKE PRICE $117; EXPIRES 12/14/2018,2018-11-28,MSFT,C,117.0,2018-12-14,call,MSFT181214C00117000
71886,NFLX,"CALL OPTION, $330, EXP. 11/16/18",2018-11-09,NFLX,C,330.0,2018-11-16,call,NFLX181116C00330000
72003,NFLX,"CALL OPTION, $300, EXP. 11/16/18",2018-11-05,NFLX,C,300.0,2018-11-16,call,NFLX181116C00300000
72233,BABA,"CALL OPTION, $155, EXP. 11/9/18",2018-11-01,BABA,C,155.0,2018-11-09,call,BABA181109C00155000
72290,FB,"CALL OPTION, $162.50, EXP. 11/09/18",2018-10-31,FB,C,162.5,2018-11-09,call,FB181109C00162500
72636,NFLX,"CALL OPTION, $330, EXP. 11/16/18",2018-10-25,NFLX,C,330.0,2018-11-16,call,NFLX181116C00330000
72778,NFLX,"CALL OPTION, $300, EXP. 11/16/18",2018-10-24,NFLX,C,300.0,2018-11-16,call,NFLX181116C00300000
72780,TSLA,"CALL OPTION, $290, EXP. 11/16/18",2018-10-24,TSLA,C,290.0,2018-11-16,call,TSLA181116C00290000
73184,AMZN,PURCHASED 30 CALL OPTIONS WITH A STRIKE PRICE OF $1600 AND AN EXPIRATION DATE OF 1/17/20.,2018-10-12,AMZN,C,1600.0,2020-01-17,call,AMZN200117C01600000
73186,MSFT,CALL OPTION; STRIKE PRICE $115; EXPIRES 01/18/2019,2018-10-12,MSFT,C,115.0,2019-01-18,call,MSFT190118C00115000
73200,MSFT,CALL OPTION; STRIKE PRICE $115; EXPIRES 11/16/2018,2018-10-12,MSFT,C,115.0,2018-11-16,call,MSFT181116C00115000
73202,MSFT,CALL OPTION; STRIKE PRICE $112; EXPIRES 11/02/2018,2018-10-12,MSFT,C,112.0,2018-11-02,call,MSFT181102C00112000
73204,MSFT,CALL OPTION; STRIKE PRICE $115; EXPIRES 12/21/2018,2018-10-12,MSFT,C,115.0,2018-12-21,call,MSFT181221C00115000
73205,MSFT,"CALL OPTIONS; STRIKE PRICE $105, EXPIRES 10/19/18",2018-10-12,MSFT,C,105.0,2018-10-19,call,MSFT181019C00105000
73209,MSFT,CALL OPTION; STRIKE PRICE $114; EXPIRES 11/09/2018,2018-10-12,MSFT,C,114.0,2018-11-09,call,MSFT181109C00114000
73213,MSFT,CALL OPTION; STRIKE PRICE $113; EXPIRES 11/30/2018,2018-10-12,MSFT,C,113.0,2018-11-30,call,MSFT181130C00113000
73214,MSFT,CALL OPTION; STRIKE PRICE $115; EXPIRES 04/18/2019,2018-10-12,MSFT,C,115.0,2019-04-18,call,MSFT190418C00115000
73298,FB,PURCHASED 30 CALL OPTIONS WITH A STRIKE PRICE OF $140 AND AN EXPIRATION DATE OF 1/17/20.,2018-10-09,FB,C,140.0,2020-01-17,call,FB200117C00140000
73323,TSLA,"CALL OPTION, $300, EXP. 10/19/18",2018-10-09,TSLA,C,300.0,2018-10-19,call,TSLA181019C00300000
73328,TSLA,"CALL OPTION, $300, EXP. 10/19/18",2018-10-08,TSLA,C,300.0,2018-10-19,call,TSLA181019C00300000
73332,TSLA,"CALL OPTION, $300, EXP. 10/19/18",2018-10-08,TSLA,C,300.0,2018-10-19,call,TSLA181019C00300000
73456,TSLA,"CALL OPTION, $390, EXP. 10/26/18",2018-10-04,TSLA,C,390.0,2018-10-26,call,TSLA181026C00390000
73469,TSLA,"CALL OPTION, $320, EXP. 10/12/18",2018-10-03,TSLA,C,320.0,2018-10-12,call,TSLA181012C00320000
73683,TSLA,"CALL OPTION, $320, EXP. 10/12/18",2018-10-01,TSLA,C,320.0,2018-10-12,call,TSLA181012C00320000
73786,FB,"CALL OPTION, $165, EXP. 11/16/18",2018-09-25,FB,C,165.0,2018-11-16,call,FB181116C00165000
73945,AAPL,"EXERCISED 50 CALL OPTIONS (5,000 SHARES) EXPIRING 9/21/18 AT A STRIKE PRICE OF $140.",2018-09-20,AAPL,C,140.0,2018-09-21,call,AAPL180921C00140000
73957,AAPL,"EXERCISED 50 CALL OPTIONS (5,000 SHARES) EXPIRING 9/21/18 AT A STRIKE PRICE OF $130.",2018-09-20,AAPL,C,130.0,2018-09-21,call,AAPL180921C00130000
74177,AAPL,PURCHASED 100 CALL OPTIONS WITH A STRIKE PRICE OF $145 AND AN EXPIRATION DATE OF 6/19/20.,2018-09-11,AAPL,C,145.0,2020-06-19,call,AAPL200619C00145000
74194,NFLX,"CALL OPTION, $390,10/26/18",2018-09-10,NFLX,C,39010.0,2018-10-26,call,NFLX181026C39010000
75395,AMZN,PURCHASE OF 20 CALL OPTIONS WITH A STRIKE PRICE OF $1700 AND AN EXPIRATION DATE OF 1/17/20.,2018-07-27,AMZN,C,1700.0,2020-01-17,call,AMZN200117C01700000
75396,FB,PURCHASE OF 20 CALL OPTIONS WITH A STRIKE PRICE OF $150 AND AN EXPIRATION DATE OF 1/17/20.,2018-07-27,FB,C,150.0,2020-01-17,call,FB200117C00150000
80614,AAPL,PURCHASE OF 50 CALL OPTIONS WITH A STRIKE PRICE OF $130 AND AN EXPIRATION DATE OF 9/21/18.,2018-02-02,AAPL,C,130.0,2018-09-21,call,AAPL180921C00130000
80625,AAPL,PURCHASE OF 50 CALL OPTIONS WITH A STRIKE PRICE OF $140 AND AN EXPIRATION DATE OF 9/21/18.,2018-02-02,AAPL,C,140.0,2018-09-21,call,AAPL180921C00140000
86339,AAPL,"EXERCISED 100 CALL OPTIONS (10,000 SHARES) EXPIRING 6/16/17 AT A STRIKE PRICE OF $80",2017-06-15,AAPL,C,80.0,2017-06-16,call,AAPL170616C00080000
87167,SPY,Option Type: Put Strike price: $210.00  Expires: 06/30/2017,2017-05-09,SPY,P,210.0,2017-06-30,put,SPY170630P00210000
89906,AAPL,SALE OF 100 CALL OPTIONS WITH A STRIKE PRICE OF $90 AND AN EXPIRATION DATE OF 1/20/17,2017-01-20,AAPL,C,90.0,2017-01-20,call,AAPL170120C00090000
89931,SQ,"EXERCISED 50 CALL OPTIONS (5,000 SHARES) EXPIRING 1/20/17 AT A STRIKE PRICE OF $8",2017-01-20,SQ,C,8.0,2017-01-20,call,SQ170120C00008000
89951,AAPL,"EXERCISED 100 CALL OPTIONS (10,000 SHARES) EXPIRING 1/20/17 AT A STRIKE PRICE OF $90",2017-01-19,AAPL,C,90.0,2017-01-20,call,AAPL170120C00090000
90354,ALNY,PUT 1/20/17 ($40),2016-12-30,ALNY,P,40.0,2017-01-20,put,ALNY170120P00040000
94653,AAPL,PURCHASE OF 100 CALL OPTIONS WITH A STRIKE PRICE OF $80 AND AN EXPIRATION DATE OF 6/16/17,2016-05-17,AAPL,C,80.0,2017-06-16,call,AAPL170616C00080000
94661,SQ,PURCHASE OF 50 CALL OPTIONS WITH A STRIKE PRICE OF $8 AND AN EXPIRATION DATE OF 1/20/17,2016-05-17,SQ,C,8.0,2017-01-20,call,SQ170120C00008000
97236,DIS,"EXERCISED 100 CALL OPTIONS (10,000 SHARES) EXPIRING 1/15/16 AT A STRIKE PRICE OF $90",2016-01-15,DIS,C,90.0,2016-01-15,call,DIS160115C00090000
97286,AAPL,PURCHASE OF 200 CALL OPTIONS WITH A STRIKE PRICE OF $90 AND AN EXPIRATION DATE OF 1/20/17,2016-01-13,AAPL,C,90.0,2017-01-20,call,AAPL170120C00090000
100158,SYNA,PUT 8/21/2015 $85.00 (100 SHS),2015-07-16,SYNA,P,85.0,2015-08-21,put,SYNA150821P00085000
100165,HTZ,PURCHASE OF 258 CALL OPTIONS WITH A STRIKE PRICE OF $14 AND AN EXPIRATION DATE OF 1/15/16,2015-07-16,HTZ,C,14.0,2016-01-15,call,HTZ160115C00014000
100178,HTZ,PURCHASE OF 42 CALL OPTIONS WITH A STRIKE PRICE OF $14 AND AN EXPIRATION DATE OF 1/15/16,2015-07-15,HTZ,C,14.0,2016-01-15,call,HTZ160115C00014000
104480,PBYI,PUT PUMA BIOTECHNOLOGY $275 EXP 12/20/14,2014-09-26,PBYI,P,275.0,2014-12-20,put,PBYI141220P00275000
104595,PBYI,PUT PUMA BIOTECHNOLOGY $275 EXP 12/20/14,2014-09-10,PBYI,P,275.0,2014-12-20,put,PBYI141220P00275000
104949,PBYI,PUT PUMA BIOTECHNOLOGY $240 EXP 09/05/14,2014-07-30,PBYI,P,240.0,2014-09-05,put,PBYI140905P00240000
104951,HLF,PUT HERBALIFE LTD $65 EXP 08/01/14,2014-07-30,HLF,P,65.0,2014-08-01,put,HLF140801P00065000
106855,AAPL,PUT 4/25/14 $75 (100 SHS),2014-03-27,AAPL,P,75.0,2014-04-25,put,AAPL140425P00075000
106859,UPS,PUT 5/17/14 $97.50 (100 SHS),2014-03-27,UPS,P,97.5,2014-05-17,put,UPS140517P00097500
106866,PNRA,PUT 5/17/14 $165 (100 SHS),2014-03-27,PNRA,P,165.0,2014-05-17,put,PNRA140517P00165000
107060,GM,PUT 5/2/14 $34 (100 SHS),2014-03-19,GM,P,34.0,2014-05-02,put,GM140502P00034000
107122,FB,PUT FACEBOOK INC $75 EXP 04/19/14,2014-03-14,FB,P,75.0,2014-04-19,put,FB140419P00075000
108054,TSLA,PUT TESLA MOTORS $190 EXP 06/21/14,2014-01-27,TSLA,P,190.0,2014-06-21,put,TSLA140621P00190000
108086,GPS,CALL 2/22/2014 $39 (100SHS),2014-01-23,GPS,C,39.0,2014-02-22,call,GPS140222C00039000
108098,TSLA,PUT TESLA MOTORS $190 EXP 06/21/14,2014-01-23,TSLA,P,190.0,2014-06-21,put,TSLA140621P00190000
108099,SNI,PUT 3/22/2014 $75 (100SHS),2014-01-23,SNI,P,75.0,2014-03-22,put,SNI140322P00075000
108103,UPS,PUT 2/22/2014 $97.50 (100SHS),2014-01-23,UPS,P,97.5,2014-02-22,put,UPS140222P00097500
108106,PPL,CALL 2/22/2014 $30 (100SHS),2014-01-23,PPL,C,30.0,2014-02-22,call,PPL140222C00030000
108585,GS,PUT 2/22/2014 $170 (100SHS),2013-12-30,GS,P,170.0,2014-02-22,put,GS140222P00170000
108591,AAPL,PUT 2/22/2014 $525 (100SHS),2013-12-30,AAPL,P,525.0,2014-02-22,put,AAPL140222P00525000
108596,JPM,PUT 2/22/2014 $57.50 (100SHS),2013-12-30,JPM,P,57.5,2014-02-22,put,JPM140222P00057500
108602,SNI,PUT 2/22/2014 $80 (100SHS),2013-12-30,SNI,P,80.0,2014-02-22,put,SNI140222P00080000
108604,DGX,PUT 2/22/2014 $50 (100SHS),2013-12-30,DGX,P,50.0,2014-02-22,put,DGX140222P00050000
108611,PNC,PUT 2/22/2014 $77.50 (100SHS),2013-12-30,PNC,P,77.5,2014-02-22,put,PNC140222P00077500
108755,SLB,PUT 1/18/2014 $85 (100SHS),2013-12-19,SLB,P,85.0,2014-01-18,put,SLB140118P00085000
